{
  "nvdm": "1.0",
  "dataset": "geojson-layers/rivers",
  "scope": {
    "kind": "city",
    "id": "chennai"
  },
  "provenance": {
    "sources": [
      {
        "id": "osm-overpass",
        "title": "OpenStreetMap (Overpass API extract)",
        "publisher": "OpenStreetMap contributors",
        "license": "ODbL 1.0"
      }
    ],
    "method": "api",
    "produced_at": "2026-03-18",
    "produced_by": "scripts/fetch-rivers-osm.ts",
    "note": "A byte-identical copy ships in the chennai-rivers basin pack (public/data/basins/chennai-rivers/rivers.geojson); the projection/copy declaration is due when that pack migrates."
  },
  "type": "FeatureCollection",
  "features": [
    {
      "type": "Feature",
      "geometry": {
        "type": "MultiLineString",
        "coordinates": [
          [
            [
              79.9877142,
              13.2227377
            ],
            [
              79.9922632,
              13.2221111
            ],
            [
              79.9963831,
              13.2232809
            ],
            [
              80.0013613,
              13.2289625
            ],
            [
              80.0074552,
              13.228879
            ],
            [
              80.0131201,
              13.2307171
            ],
            [
              80.0165962,
              13.2321793
            ],
            [
              80.0245394,
              13.2316773
            ],
            [
              80.0305008,
              13.2296309
            ],
            [
              80.0356935,
              13.2279599
            ],
            [
              80.0383252,
              13.228333
            ],
            [
              80.0401138,
              13.2285865
            ],
            [
              80.0453495,
              13.2308007
            ],
            [
              80.0468086,
              13.2343516
            ],
            [
              80.0452207,
              13.2382785
            ],
            [
              80.044577,
              13.2405343
            ],
            [
              80.0451116,
              13.2433553
            ],
            [
              80.047647,
              13.2444888
            ],
            [
              80.0502379,
              13.243439
            ],
            [
              80.0528168,
              13.2403255
            ],
            [
              80.053586,
              13.2383738
            ],
            [
              80.0555444,
              13.2373278
            ],
            [
              80.0596403,
              13.2366493
            ],
            [
              80.0640177,
              13.2364404
            ],
            [
              80.0670646,
              13.2349365
            ],
            [
              80.0717853,
              13.2329313
            ],
            [
              80.075991,
              13.2323046
            ],
            [
              80.0801538,
              13.2323882
            ],
            [
              80.0834583,
              13.2329313
            ],
            [
              80.0840599,
              13.2330464
            ],
            [
              80.0848204,
              13.2329705
            ],
            [
              80.0862478,
              13.2327642
            ],
            [
              80.0869948,
              13.2324992
            ],
            [
              80.0872805,
              13.2322759
            ],
            [
              80.0885599,
              13.2312446
            ],
            [
              80.0909293,
              13.2282272
            ],
            [
              80.0918198,
              13.2278971
            ],
            [
              80.0926891,
              13.2266219
            ],
            [
              80.0954317,
              13.2263306
            ],
            [
              80.0977491,
              13.2267484
            ],
            [
              80.0995516,
              13.2286283
            ],
            [
              80.1015686,
              13.2310931
            ],
            [
              80.1041006,
              13.2335579
            ],
            [
              80.1068472,
              13.2341428
            ],
            [
              80.1118254,
              13.2333908
            ],
            [
              80.1132837,
              13.2333286
            ]
          ],
          [
            [
              79.8702452,
              13.2093835
            ],
            [
              79.8709488,
              13.2101375
            ],
            [
              79.8723864,
              13.2127069
            ],
            [
              79.873668,
              13.2155737
            ],
            [
              79.8752297,
              13.2192932
            ],
            [
              79.8763749,
              13.2203199
            ],
            [
              79.8770972,
              13.2205772
            ],
            [
              79.8779869,
              13.2205815
            ],
            [
              79.8785903,
              13.2206844
            ],
            [
              79.8797531,
              13.2212504
            ],
            [
              79.881137,
              13.2230554
            ],
            [
              79.8831657,
              13.2284699
            ],
            [
              79.8848972,
              13.2302624
            ],
            [
              79.8875844,
              13.2306365
            ],
            [
              79.8926644,
              13.2299596
            ],
            [
              79.8957608,
              13.2283037
            ],
            [
              79.8976617,
              13.2262113
            ],
            [
              79.899439,
              13.2205868
            ],
            [
              79.9021502,
              13.2157624
            ],
            [
              79.9031049,
              13.2147714
            ],
            [
              79.9068243,
              13.2139623
            ],
            [
              79.9080601,
              13.2146139
            ],
            [
              79.90952,
              13.2157384
            ],
            [
              79.9138223,
              13.2168962
            ],
            [
              79.9181174,
              13.218151
            ],
            [
              79.9199494,
              13.2192404
            ],
            [
              79.9212154,
              13.2212823
            ],
            [
              79.9237152,
              13.2246089
            ],
            [
              79.9280681,
              13.2286362
            ],
            [
              79.9379845,
              13.2326822
            ],
            [
              79.9391781,
              13.2332096
            ],
            [
              79.9409725,
              13.2332671
            ],
            [
              79.9423109,
              13.2324733
            ],
            [
              79.9424906,
              13.2313036
            ],
            [
              79.9435206,
              13.2269588
            ],
            [
              79.9444735,
              13.2246503
            ],
            [
              79.9452457,
              13.2232987
            ],
            [
              79.945664,
              13.2230172
            ],
            [
              79.9472327,
              13.2225618
            ],
            [
              79.9486631,
              13.2220549
            ],
            [
              79.9500756,
              13.2217515
            ],
            [
              79.9556933,
              13.2221082
            ],
            [
              79.9584551,
              13.2231153
            ],
            [
              79.9596302,
              13.2252116
            ],
            [
              79.9611247,
              13.2267454
            ],
            [
              79.9627006,
              13.2276235
            ],
            [
              79.9674289,
              13.2307405
            ],
            [
              79.9699426,
              13.2320468
            ],
            [
              79.9707732,
              13.2324784
            ],
            [
              79.9741612,
              13.2329161
            ],
            [
              79.9764104,
              13.2321196
            ],
            [
              79.9786967,
              13.2299792
            ],
            [
              79.9803783,
              13.2270645
            ],
            [
              79.9831744,
              13.2249535
            ],
            [
              79.9877142,
              13.2227377
            ]
          ],
          [
            [
              80.254948,
              13.2484296
            ],
            [
              80.2572198,
              13.2477634
            ],
            [
              80.2602925,
              13.248014
            ],
            [
              80.2620692,
              13.2474877
            ],
            [
              80.2642236,
              13.2461509
            ],
            [
              80.2667985,
              13.245257
            ],
            [
              80.2682318,
              13.2432518
            ],
            [
              80.2687668,
              13.2417876
            ],
            [
              80.269668,
              13.2403672
            ],
            [
              80.2711271,
              13.2390305
            ],
            [
              80.2726291,
              13.2377354
            ],
            [
              80.2727579,
              13.2364822
            ],
            [
              80.272715,
              13.2343934
            ],
            [
              80.2723717,
              13.2328477
            ],
            [
              80.2720712,
              13.23055
            ],
            [
              80.2721425,
              13.2300504
            ],
            [
              80.2722858,
              13.2290461
            ],
            [
              80.2728866,
              13.2278346
            ],
            [
              80.2728866,
              13.226247
            ],
            [
              80.2721571,
              13.2252862
            ],
            [
              80.2705263,
              13.2239075
            ],
            [
              80.2703117,
              13.2222782
            ],
            [
              80.2702403,
              13.2203084
            ],
            [
              80.2709125,
              13.2188942
            ],
            [
              80.2720283,
              13.2169724
            ],
            [
              80.2734875,
              13.2161368
            ],
            [
              80.2749037,
              13.2149252
            ],
            [
              80.2770923,
              13.2125438
            ],
            [
              80.2777761,
              13.2117722
            ],
            [
              80.2789806,
              13.210413
            ],
            [
              80.2802252,
              13.2086165
            ],
            [
              80.281298,
              13.20682
            ],
            [
              80.2816414,
              13.2047309
            ],
            [
              80.2816127,
              13.2035539
            ],
            [
              80.2815432,
              13.203349
            ],
            [
              80.2816011,
              13.2030609
            ],
            [
              80.281667,
              13.2025597
            ],
            [
              80.2815126,
              13.2007617
            ],
            [
              80.2817163,
              13.1995715
            ],
            [
              80.2835703,
              13.1977666
            ],
            [
              80.2851866,
              13.1967097
            ],
            [
              80.2864971,
              13.195736
            ],
            [
              80.2890291,
              13.194307
            ],
            [
              80.2917694,
              13.1932828
            ],
            [
              80.2928852,
              13.1923218
            ],
            [
              80.2933143,
              13.1904415
            ],
            [
              80.2934431,
              13.1883106
            ],
            [
              80.2942156,
              13.1865139
            ],
            [
              80.2955889,
              13.1850932
            ],
            [
              80.2967476,
              13.1850097
            ],
            [
              80.2984213,
              13.1858871
            ],
            [
              80.3003525,
              13.1890627
            ],
            [
              80.3022407,
              13.1927814
            ],
            [
              80.3036569,
              13.1975863
            ],
            [
              80.3046011,
              13.2000097
            ],
            [
              80.3075622,
              13.2034775
            ],
            [
              80.3096222,
              13.2056501
            ],
            [
              80.3109724,
              13.2086904
            ],
            [
              80.3122977,
              13.2126352
            ],
            [
              80.314646,
              13.2177772
            ],
            [
              80.3161695,
              13.2195349
            ],
            [
              80.3179317,
              13.2214362
            ],
            [
              80.3183974,
              13.223108
            ],
            [
              80.3183801,
              13.223449
            ],
            [
              80.3182519,
              13.2259699
            ],
            [
              80.3186862,
              13.2268156
            ],
            [
              80.3214537,
              13.2300219
            ],
            [
              80.3271297,
              13.2331954
            ],
            [
              80.3279116,
              13.2332463
            ],
            [
              80.3284585,
              13.2331163
            ],
            [
              80.3289191,
              13.2326348
            ],
            [
              80.329687,
              13.2324312
            ],
            [
              80.3304863,
              13.2325565
            ],
            [
              80.3307993,
              13.2327922
            ]
          ],
          [
            [
              80.2417509,
              13.2699921
            ],
            [
              80.243889,
              13.2677817
            ],
            [
              80.2517294,
              13.2642611
            ],
            [
              80.2538751,
              13.2617131
            ],
            [
              80.2550768,
              13.2592486
            ],
            [
              80.2550768,
              13.2540271
            ],
            [
              80.2548622,
              13.2507689
            ],
            [
              80.254948,
              13.2484296
            ]
          ],
          [
            [
              80.1132837,
              13.2333286
            ],
            [
              80.114665,
              13.234003
            ],
            [
              80.115521,
              13.2353652
            ],
            [
              80.1160446,
              13.2374791
            ],
            [
              80.1164138,
              13.2399455
            ],
            [
              80.1164138,
              13.2417
            ],
            [
              80.116725,
              13.2430577
            ],
            [
              80.1171863,
              13.2447495
            ],
            [
              80.1179588,
              13.2461281
            ],
            [
              80.1197183,
              13.247162
            ],
            [
              80.1214993,
              13.247517
            ],
            [
              80.1226151,
              13.2474753
            ],
            [
              80.1241171,
              13.2468904
            ],
            [
              80.1254582,
              13.2462743
            ],
            [
              80.1267993,
              13.2459401
            ],
            [
              80.1280439,
              13.2461281
            ],
            [
              80.1286125,
              13.245136
            ],
            [
              80.128988,
              13.2442691
            ],
            [
              80.1298463,
              13.2440498
            ],
            [
              80.1310372,
              13.2442796
            ],
            [
              80.1323676,
              13.2455119
            ],
            [
              80.1328611,
              13.2465876
            ],
            [
              80.1329008,
              13.2469279
            ],
            [
              80.1329791,
              13.2476006
            ],
            [
              80.1325071,
              13.2486449
            ],
            [
              80.1318633,
              13.2497832
            ],
            [
              80.1317024,
              13.2510364
            ],
            [
              80.1324676,
              13.2529411
            ],
            [
              80.1310085,
              13.2574107
            ],
            [
              80.131266,
              13.2593322
            ],
            [
              80.1377891,
              13.2614207
            ],
            [
              80.1423811,
              13.2607942
            ],
            [
              80.1517366,
              13.2577866
            ],
            [
              80.1543134,
              13.2574975
            ],
            [
              80.1607059,
              13.2579955
            ],
            [
              80.1664566,
              13.2599587
            ],
            [
              80.1712309,
              13.2628827
            ],
            [
              80.1734625,
              13.2651696
            ],
            [
              80.174768,
              13.2666276
            ],
            [
              80.1761447,
              13.2678638
            ],
            [
              80.178902,
              13.2692318
            ],
            [
              80.1828502,
              13.2710278
            ],
            [
              80.188043,
              13.2719885
            ],
            [
              80.1933216,
              13.2719468
            ],
            [
              80.1957678,
              13.2731163
            ],
            [
              80.1976131,
              13.2763743
            ],
            [
              80.1995443,
              13.2790892
            ],
            [
              80.2048236,
              13.2819998
            ],
            [
              80.2105306,
              13.2795904
            ],
            [
              80.2143501,
              13.2772932
            ],
            [
              80.2179121,
              13.2762907
            ],
            [
              80.221989,
              13.2760401
            ],
            [
              80.2309583,
              13.2725315
            ],
            [
              80.2357765,
              13.2735952
            ],
            [
              80.2383413,
              13.2727225
            ],
            [
              80.2409649,
              13.2708046
            ],
            [
              80.2417509,
              13.2699921
            ]
          ],
          [
            [
              79.8049899,
              13.0800273
            ],
            [
              79.8118235,
              13.0918823
            ],
            [
              79.8131308,
              13.0938503
            ],
            [
              79.8159249,
              13.0971497
            ],
            [
              79.8199244,
              13.1004258
            ],
            [
              79.8204374,
              13.1024265
            ],
            [
              79.8249435,
              13.1058958
            ],
            [
              79.8268318,
              13.10832
            ],
            [
              79.8270893,
              13.1097829
            ],
            [
              79.8271322,
              13.1137954
            ],
            [
              79.8268726,
              13.1159166
            ],
            [
              79.8257609,
              13.125002
            ],
            [
              79.8224973,
              13.12834
            ],
            [
              79.8218965,
              13.1307222
            ],
            [
              79.8213386,
              13.134609
            ],
            [
              79.8205232,
              13.1367822
            ],
            [
              79.8177337,
              13.1389136
            ],
            [
              79.8162317,
              13.1407106
            ],
            [
              79.8158454,
              13.1422151
            ],
            [
              79.8164033,
              13.1460181
            ],
            [
              79.8161478,
              13.1490743
            ],
            [
              79.8123713,
              13.1544234
            ],
            [
              79.8120309,
              13.1569288
            ],
            [
              79.813251,
              13.1589785
            ],
            [
              79.8158068,
              13.1612923
            ],
            [
              79.8201859,
              13.164282
            ],
            [
              79.823961,
              13.1666836
            ],
            [
              79.8278327,
              13.1700728
            ],
            [
              79.8313744,
              13.1708115
            ],
            [
              79.8369986,
              13.1709584
            ],
            [
              79.8398089,
              13.1726942
            ],
            [
              79.8433631,
              13.1795547
            ],
            [
              79.8425366,
              13.1808772
            ],
            [
              79.8459255,
              13.1826957
            ],
            [
              79.8500583,
              13.1819518
            ],
            [
              79.8538403,
              13.1849987
            ],
            [
              79.85616,
              13.19331
            ],
            [
              79.8633974,
              13.1990916
            ],
            [
              79.8657544,
              13.2000468
            ],
            [
              79.868803,
              13.2032855
            ],
            [
              79.8702452,
              13.2093835
            ]
          ],
          [
            [
              80.254948,
              13.2484296
            ],
            [
              80.255177,
              13.2471452
            ],
            [
              80.2545676,
              13.244363
            ],
            [
              80.2531857,
              13.2434273
            ],
            [
              80.251924,
              13.2418315
            ],
            [
              80.2519731,
              13.2407146
            ],
            [
              80.2528314,
              13.2394613
            ],
            [
              80.254033,
              13.2390018
            ],
            [
              80.2552776,
              13.2390018
            ],
            [
              80.2561788,
              13.2382499
            ],
            [
              80.2565221,
              13.2364953
            ],
            [
              80.2568225,
              13.235075
            ],
            [
              80.2581958,
              13.2343648
            ],
            [
              80.2599983,
              13.2344066
            ],
            [
              80.2612428,
              13.2337799
            ],
            [
              80.2627878,
              13.2323595
            ],
            [
              80.2637748,
              13.2309809
            ],
            [
              80.2639894,
              13.2290592
            ],
            [
              80.2642064,
              13.2271516
            ],
            [
              80.2652449,
              13.2255975
            ],
            [
              80.2664122,
              13.2248455
            ],
            [
              80.2671418,
              13.2226564
            ],
            [
              80.2702403,
              13.2203084
            ]
          ],
          [
            [
              80.2777761,
              13.2117722
            ],
            [
              80.2786235,
              13.2112618
            ],
            [
              80.2800397,
              13.2107186
            ],
            [
              80.2820138,
              13.2092146
            ],
            [
              80.2828292,
              13.2085879
            ],
            [
              80.2842884,
              13.208379
            ],
            [
              80.28549,
              13.2087132
            ],
            [
              80.2865199,
              13.2084625
            ],
            [
              80.2875499,
              13.2073763
            ],
            [
              80.2877216,
              13.2059975
            ],
            [
              80.288537,
              13.2050783
            ],
            [
              80.2892121,
              13.2045897
            ],
            [
              80.2899588,
              13.2045563
            ],
            [
              80.2905969,
              13.2050783
            ],
            [
              80.2916698,
              13.2053708
            ],
            [
              80.2939872,
              13.2049112
            ],
            [
              80.2944703,
              13.2047569
            ],
            [
              80.2993946,
              13.204953
            ],
            [
              80.3008537,
              13.2052037
            ],
            [
              80.3017549,
              13.2047023
            ],
            [
              80.3025703,
              13.2035324
            ],
            [
              80.3035144,
              13.2030729
            ],
            [
              80.3049735,
              13.20324
            ],
            [
              80.3075622,
              13.2034775
            ]
          ],
          [
            [
              80.2851866,
              13.1967097
            ],
            [
              80.2860707,
              13.1969187
            ],
            [
              80.287959,
              13.1977125
            ],
            [
              80.2901305,
              13.1996345
            ],
            [
              80.2922333,
              13.2017235
            ],
            [
              80.2941216,
              13.2037708
            ],
            [
              80.2944703,
              13.2047569
            ]
          ],
          [
            [
              79.8002887,
              13.029269
            ],
            [
              79.8020375,
              13.0298334
            ],
            [
              79.803915,
              13.0308578
            ],
            [
              79.8084211,
              13.0331991
            ],
            [
              79.8127019,
              13.0348402
            ],
            [
              79.8148477,
              13.0363244
            ],
            [
              79.8196006,
              13.0388852
            ],
            [
              79.8220682,
              13.0403903
            ],
            [
              79.8258018,
              13.0417909
            ],
            [
              79.8285055,
              13.0435155
            ],
            [
              79.8305869,
              13.0448115
            ],
            [
              79.8339987,
              13.0462748
            ],
            [
              79.836477,
              13.0483443
            ],
            [
              79.8406184,
              13.0523577
            ],
            [
              79.8409671,
              13.0524727
            ],
            [
              79.8418307,
              13.0536799
            ],
            [
              79.8434449,
              13.055119
            ]
          ],
          [
            [
              79.800236,
              13.1901798
            ],
            [
              79.8036166,
              13.1888553
            ],
            [
              79.8053941,
              13.185563
            ],
            [
              79.8052519,
              13.1824195
            ],
            [
              79.8057992,
              13.1818621
            ],
            [
              79.8078642,
              13.1789628
            ],
            [
              79.8083154,
              13.177078
            ],
            [
              79.8081262,
              13.1754907
            ],
            [
              79.807806,
              13.172869
            ],
            [
              79.8087957,
              13.1707432
            ],
            [
              79.812767,
              13.1702277
            ],
            [
              79.8177065,
              13.1719915
            ],
            [
              79.8238211,
              13.1696168
            ],
            [
              79.8278327,
              13.1700728
            ]
          ]
        ]
      },
      "properties": {
        "river_id": "kosasthalaiyar",
        "name": "Kosasthalaiyar River",
        "name_ta": "கொசஸ்தலையாறு",
        "waterway": "river",
        "length_km": 111.7,
        "osm_ids": [
          25395844,
          30777996,
          133599488,
          910151265,
          910151277,
          164799260,
          25450426,
          25450421,
          30738675,
          164799200,
          136720424
        ]
      }
    },
    {
      "type": "Feature",
      "geometry": {
        "type": "MultiLineString",
        "coordinates": [
          [
            [
              80.0000536,
              12.8467438
            ],
            [
              80.0001796,
              12.8469025
            ],
            [
              80.0001546,
              12.8492553
            ],
            [
              80.0004032,
              12.8494806
            ],
            [
              80.0009949,
              12.8497331
            ],
            [
              80.001177,
              12.849938
            ],
            [
              80.001408,
              12.8505217
            ],
            [
              80.0015656,
              12.8507367
            ],
            [
              80.0018212,
              12.8507982
            ],
            [
              80.0019192,
              12.8507845
            ],
            [
              80.0020838,
              12.8506309
            ],
            [
              80.0021818,
              12.850467
            ],
            [
              80.0024094,
              12.8504568
            ],
            [
              80.0027595,
              12.8506411
            ],
            [
              80.002938,
              12.8510234
            ],
            [
              80.0031166,
              12.8512965
            ],
            [
              80.0030991,
              12.8514467
            ],
            [
              80.0031271,
              12.8516822
            ],
            [
              80.0030606,
              12.8520611
            ],
            [
              80.0029801,
              12.8524161
            ],
            [
              80.0029801,
              12.8527029
            ],
            [
              80.0031971,
              12.8529998
            ],
            [
              80.0033512,
              12.8532593
            ],
            [
              80.0035192,
              12.8536859
            ],
            [
              80.0036908,
              12.8539249
            ],
            [
              80.0038659,
              12.8541194
            ],
            [
              80.004349,
              12.8542833
            ],
            [
              80.0046046,
              12.8545222
            ],
            [
              80.0049897,
              12.85471
            ],
            [
              80.0053679,
              12.8548704
            ],
            [
              80.0057145,
              12.8548158
            ],
            [
              80.0060611,
              12.8544335
            ],
            [
              80.0063412,
              12.8540751
            ],
            [
              80.0066843,
              12.8540034
            ],
            [
              80.0070344,
              12.8542662
            ],
            [
              80.0074301,
              12.8548021
            ],
            [
              80.0076716,
              12.8550172
            ],
            [
              80.0081478,
              12.8552459
            ],
            [
              80.0087605,
              12.855379
            ],
            [
              80.0090985,
              12.8554854
            ],
            [
              80.0095202,
              12.8559763
            ],
            [
              80.0097338,
              12.8561061
            ],
            [
              80.0102765,
              12.8565088
            ],
            [
              80.0104656,
              12.8569321
            ],
            [
              80.0108157,
              12.8574236
            ],
            [
              80.0110748,
              12.8576284
            ],
            [
              80.0112778,
              12.8576865
            ],
            [
              80.0114984,
              12.8576899
            ],
            [
              80.0116805,
              12.8577411
            ],
            [
              80.0117715,
              12.8578366
            ],
            [
              80.011775,
              12.8580039
            ],
            [
              80.011887,
              12.8581643
            ],
            [
              80.0121251,
              12.8582804
            ],
            [
              80.0122407,
              12.8584237
            ],
            [
              80.0124332,
              12.8588299
            ],
            [
              80.0125803,
              12.8591167
            ],
            [
              80.0128744,
              12.8593317
            ],
            [
              80.013179,
              12.8594546
            ],
            [
              80.0135606,
              12.8595365
            ],
            [
              80.0138022,
              12.8595433
            ],
            [
              80.0140088,
              12.8595638
            ],
            [
              80.0141488,
              12.8596833
            ],
            [
              80.0143169,
              12.8600485
            ],
            [
              80.0144289,
              12.8607175
            ],
            [
              80.0145304,
              12.8611374
            ],
            [
              80.0147965,
              12.8617006
            ],
            [
              80.0150276,
              12.8619634
            ],
            [
              80.0152202,
              12.8620453
            ],
            [
              80.0156718,
              12.8620692
            ],
            [
              80.0163755,
              12.8621477
            ],
            [
              80.0170548,
              12.8622501
            ],
            [
              80.0173244,
              12.8623662
            ],
            [
              80.0175449,
              12.8622842
            ],
            [
              80.0177235,
              12.8620282
            ],
            [
              80.0182417,
              12.86182
            ],
            [
              80.0185463,
              12.8617995
            ],
            [
              80.0187738,
              12.8618405
            ],
            [
              80.01911,
              12.8621238
            ],
            [
              80.0193866,
              12.8622842
            ],
            [
              80.0196246,
              12.8623627
            ],
            [
              80.0198837,
              12.8624617
            ],
            [
              80.0199993,
              12.8626802
            ],
            [
              80.0202058,
              12.8631171
            ],
            [
              80.0204719,
              12.8635335
            ],
            [
              80.020773,
              12.8639738
            ],
            [
              80.02085,
              12.8641752
            ],
            [
              80.0208535,
              12.8643629
            ],
            [
              80.020766,
              12.8645677
            ],
            [
              80.0206505,
              12.8646667
            ],
            [
              80.0206015,
              12.8648681
            ],
            [
              80.020731,
              12.8652743
            ],
            [
              80.0209411,
              12.8655815
            ],
            [
              80.0212562,
              12.8658375
            ],
            [
              80.022121,
              12.8661959
            ],
            [
              80.0227652,
              12.8664382
            ],
            [
              80.0232378,
              12.8666806
            ],
            [
              80.0233674,
              12.8668307
            ],
            [
              80.0233954,
              12.8670526
            ],
            [
              80.0234304,
              12.8673427
            ],
            [
              80.0235004,
              12.8676192
            ],
            [
              80.023833,
              12.8678888
            ],
            [
              80.0239836,
              12.867923
            ],
            [
              80.0243302,
              12.8678172
            ],
            [
              80.0246558,
              12.8678479
            ],
            [
              80.0250514,
              12.8679298
            ],
            [
              80.0254261,
              12.8682404
            ],
            [
              80.0262313,
              12.86865
            ],
            [
              80.026662,
              12.8688446
            ],
            [
              80.0269386,
              12.8690869
            ],
            [
              80.0274497,
              12.86922
            ],
            [
              80.0276178,
              12.86922
            ],
            [
              80.0277228,
              12.8691313
            ],
            [
              80.0279434,
              12.8690869
            ],
            [
              80.0282585,
              12.8691859
            ],
            [
              80.0285211,
              12.8694828
            ],
            [
              80.0287522,
              12.8700187
            ],
            [
              80.0290043,
              12.8702201
            ],
            [
              80.0292564,
              12.8707764
            ],
            [
              80.0295323,
              12.8710874
            ],
            [
              80.0299184,
              12.8713059
            ],
            [
              80.0306407,
              12.8709781
            ],
            [
              80.0309894,
              12.8707839
            ],
            [
              80.0312384,
              12.8707353
            ],
            [
              80.032023,
              12.8708931
            ],
            [
              80.0325211,
              12.8713302
            ],
            [
              80.0327328,
              12.8718644
            ],
            [
              80.0333431,
              12.8723257
            ],
            [
              80.0338163,
              12.8723743
            ],
            [
              80.0341525,
              12.8723257
            ],
            [
              80.0347627,
              12.8725078
            ],
            [
              80.0358088,
              12.872957
            ],
            [
              80.0362571,
              12.8729327
            ],
            [
              80.0370915,
              12.8725078
            ],
            [
              80.0378387,
              12.8725442
            ],
            [
              80.0388474,
              12.8727628
            ],
            [
              80.0391338,
              12.8731391
            ],
            [
              80.0399184,
              12.8734548
            ],
            [
              80.0402546,
              12.8736854
            ],
            [
              80.0403916,
              12.8742803
            ],
            [
              80.0404912,
              12.8748873
            ],
            [
              80.0407154,
              12.8751544
            ],
            [
              80.0411388,
              12.8751301
            ],
            [
              80.0415373,
              12.8752879
            ],
            [
              80.04216,
              12.8757614
            ],
            [
              80.0430317,
              12.8759799
            ],
            [
              80.0436419,
              12.8761499
            ],
            [
              80.0440653,
              12.8768055
            ],
            [
              80.0445759,
              12.8772789
            ],
            [
              80.0447627,
              12.877983
            ],
            [
              80.0451488,
              12.878323
            ],
            [
              80.0456843,
              12.8794641
            ],
            [
              80.0461201,
              12.8799497
            ],
            [
              80.0461077,
              12.8802654
            ],
            [
              80.0458835,
              12.880411
            ],
            [
              80.0454352,
              12.880411
            ],
            [
              80.0451612,
              12.8807024
            ],
            [
              80.0450492,
              12.8810545
            ],
            [
              80.0454228,
              12.8814551
            ],
            [
              80.0456594,
              12.8818314
            ],
            [
              80.0458213,
              12.8825841
            ],
            [
              80.0458213,
              12.8830211
            ],
            [
              80.046033,
              12.8831668
            ],
            [
              80.0466805,
              12.8830697
            ],
            [
              80.047353,
              12.8832639
            ],
            [
              80.0474526,
              12.8835796
            ],
            [
              80.0477017,
              12.8837859
            ],
            [
              80.0479632,
              12.8838588
            ],
            [
              80.0482372,
              12.8845386
            ],
            [
              80.0485485,
              12.8849392
            ],
            [
              80.0485112,
              12.8852427
            ],
            [
              80.0481127,
              12.8855098
            ],
            [
              80.0480255,
              12.885789
            ],
            [
              80.0483244,
              12.8862746
            ],
            [
              80.0484115,
              12.8871243
            ],
            [
              80.0487976,
              12.8879013
            ],
            [
              80.0490093,
              12.8888239
            ],
            [
              80.0489097,
              12.8896251
            ],
            [
              80.0488723,
              12.8901471
            ],
            [
              80.0487851,
              12.8910818
            ],
            [
              80.0490591,
              12.8920651
            ],
            [
              80.049358,
              12.8922594
            ],
            [
              80.0501052,
              12.8922472
            ],
            [
              80.0505037,
              12.8925386
            ],
            [
              80.0505411,
              12.8931455
            ],
            [
              80.0507777,
              12.893364
            ],
            [
              80.051363,
              12.8933033
            ],
            [
              80.051612,
              12.8934976
            ],
            [
              80.0514875,
              12.8939953
            ],
            [
              80.051612,
              12.8943473
            ],
            [
              80.0520604,
              12.8944323
            ],
            [
              80.052434,
              12.8940803
            ],
            [
              80.0526457,
              12.8939831
            ],
            [
              80.0529193,
              12.8940603
            ],
            [
              80.0531687,
              12.8943716
            ],
            [
              80.0534178,
              12.8943595
            ],
            [
              80.0535797,
              12.8941774
            ],
            [
              80.0546507,
              12.8942259
            ],
            [
              80.0551029,
              12.89454
            ],
            [
              80.0554127,
              12.8946083
            ],
            [
              80.055573,
              12.8947631
            ],
            [
              80.0555912,
              12.8950181
            ],
            [
              80.0560615,
              12.895124
            ],
            [
              80.057749,
              12.8950896
            ],
            [
              80.0583636,
              12.8950298
            ],
            [
              80.0585261,
              12.895608
            ],
            [
              80.0587239,
              12.8962509
            ],
            [
              80.058906,
              12.8967766
            ]
          ],
          [
            [
              80.058906,
              12.8967766
            ],
            [
              80.0588939,
              12.8973727
            ],
            [
              80.0586936,
              12.8984089
            ],
            [
              80.0586385,
              12.8988468
            ],
            [
              80.0586332,
              12.899595
            ],
            [
              80.0589011,
              12.8999651
            ],
            [
              80.0591496,
              12.9002119
            ],
            [
              80.0592342,
              12.9004931
            ],
            [
              80.0592627,
              12.9008198
            ],
            [
              80.059287,
              12.9011682
            ],
            [
              80.0593715,
              12.9017186
            ],
            [
              80.0594115,
              12.9021848
            ],
            [
              80.0593744,
              12.9025741
            ],
            [
              80.0593792,
              12.90282
            ],
            [
              80.0594263,
              12.9030388
            ],
            [
              80.0595484,
              12.9033124
            ],
            [
              80.0597951,
              12.9035014
            ],
            [
              80.0599998,
              12.9036813
            ],
            [
              80.060255,
              12.9040821
            ],
            [
              80.0604106,
              12.9044147
            ],
            [
              80.0609693,
              12.9052257
            ],
            [
              80.0615899,
              12.9055814
            ],
            [
              80.0620036,
              12.906349
            ],
            [
              80.0619178,
              12.9069095
            ],
            [
              80.0617976,
              12.9075453
            ],
            [
              80.0620723,
              12.908131
            ],
            [
              80.0624156,
              12.9089174
            ],
            [
              80.0625111,
              12.9095532
            ],
            [
              80.0621372,
              12.9100134
            ],
            [
              80.0621835,
              12.9102094
            ],
            [
              80.0628451,
              12.9104121
            ],
            [
              80.0630453,
              12.9106356
            ],
            [
              80.0639777,
              12.9125148
            ],
            [
              80.0648838,
              12.9143611
            ],
            [
              80.0650729,
              12.9148215
            ],
            [
              80.065047,
              12.9150246
            ],
            [
              80.0649324,
              12.9152231
            ],
            [
              80.0648657,
              12.9154961
            ],
            [
              80.0649275,
              12.9163475
            ],
            [
              80.0653206,
              12.917013
            ],
            [
              80.0653458,
              12.9173102
            ],
            [
              80.0652058,
              12.9176751
            ],
            [
              80.0652293,
              12.9179354
            ],
            [
              80.0656106,
              12.9186047
            ],
            [
              80.0656137,
              12.9188575
            ],
            [
              80.0656385,
              12.9191947
            ],
            [
              80.0657114,
              12.9195005
            ],
            [
              80.0658485,
              12.9198899
            ],
            [
              80.066495,
              12.9207103
            ],
            [
              80.0669609,
              12.9213178
            ],
            [
              80.0672238,
              12.9215391
            ],
            [
              80.0675684,
              12.9209965
            ],
            [
              80.0680367,
              12.9207554
            ],
            [
              80.0688585,
              12.9207898
            ],
            [
              80.0697284,
              12.9206297
            ],
            [
              80.0701129,
              12.9206013
            ],
            [
              80.0708371,
              12.920847
            ],
            [
              80.0716471,
              12.9208261
            ],
            [
              80.0722855,
              12.9213908
            ],
            [
              80.0726663,
              12.9216784
            ],
            [
              80.0730526,
              12.9216993
            ],
            [
              80.0735907,
              12.9214244
            ],
            [
              80.0741147,
              12.9215058
            ],
            [
              80.0745224,
              12.9214379
            ],
            [
              80.074678,
              12.9212496
            ],
            [
              80.0748121,
              12.920915
            ],
            [
              80.0749984,
              12.9207552
            ],
            [
              80.0753773,
              12.9206734
            ],
            [
              80.0755879,
              12.9206686
            ],
            [
              80.0757268,
              12.9207343
            ],
            [
              80.0759083,
              12.9209165
            ],
            [
              80.0760451,
              12.9211727
            ],
            [
              80.0760907,
              12.9215047
            ],
            [
              80.0759253,
              12.921734
            ],
            [
              80.0758171,
              12.9218707
            ],
            [
              80.0758842,
              12.9220355
            ],
            [
              80.0759605,
              12.9220904
            ],
            [
              80.0760459,
              12.9220989
            ],
            [
              80.0761051,
              12.9220987
            ],
            [
              80.0761669,
              12.9220928
            ],
            [
              80.0762556,
              12.9220737
            ],
            [
              80.0763332,
              12.9220456
            ],
            [
              80.0765159,
              12.921958
            ],
            [
              80.0766562,
              12.9218844
            ],
            [
              80.0767375,
              12.9218344
            ],
            [
              80.076812,
              12.9217553
            ],
            [
              80.0769752,
              12.9215207
            ],
            [
              80.0770435,
              12.9214458
            ],
            [
              80.0771087,
              12.9213909
            ],
            [
              80.0771809,
              12.9213533
            ],
            [
              80.0772765,
              12.921334
            ],
            [
              80.077354,
              12.9213329
            ],
            [
              80.0774102,
              12.9213451
            ],
            [
              80.0775074,
              12.9213895
            ],
            [
              80.0775886,
              12.9214317
            ],
            [
              80.0778234,
              12.9216093
            ],
            [
              80.0781652,
              12.9219626
            ],
            [
              80.0782921,
              12.9223562
            ],
            [
              80.078392,
              12.9224764
            ],
            [
              80.078556,
              12.9226263
            ],
            [
              80.0791385,
              12.9228077
            ],
            [
              80.0795521,
              12.9231407
            ],
            [
              80.0796779,
              12.9233568
            ],
            [
              80.0796077,
              12.9235788
            ],
            [
              80.0793373,
              12.9238789
            ],
            [
              80.0793003,
              12.9240461
            ],
            [
              80.0793663,
              12.9242097
            ],
            [
              80.0797019,
              12.9243966
            ],
            [
              80.0802114,
              12.9246478
            ],
            [
              80.0804991,
              12.9248932
            ],
            [
              80.0807867,
              12.9250042
            ],
            [
              80.0811763,
              12.9249867
            ],
            [
              80.0813801,
              12.9251794
            ],
            [
              80.0815359,
              12.9254482
            ],
            [
              80.0816738,
              12.9257052
            ],
            [
              80.0815785,
              12.9261707
            ],
            [
              80.0816564,
              12.9263715
            ],
            [
              80.0819113,
              12.9263995
            ],
            [
              80.0821453,
              12.9262569
            ],
            [
              80.0827766,
              12.9255592
            ],
            [
              80.0832501,
              12.9255007
            ],
            [
              80.0836397,
              12.9257636
            ],
            [
              80.0837296,
              12.9260615
            ],
            [
              80.0837656,
              12.9263361
            ],
            [
              80.0837656,
              12.9265406
            ],
            [
              80.0836083,
              12.9269711
            ],
            [
              80.0835438,
              12.9274285
            ],
            [
              80.0837176,
              12.9279426
            ],
            [
              80.0836037,
              12.9288714
            ],
            [
              80.0836397,
              12.9292569
            ],
            [
              80.084723,
              12.9322997
            ],
            [
              80.086225,
              12.9350602
            ],
            [
              80.0871745,
              12.9352432
            ],
            [
              80.0877619,
              12.935455
            ],
            [
              80.088478,
              12.9355883
            ],
            [
              80.0891368,
              12.9364834
            ],
            [
              80.0894265,
              12.936716
            ],
            [
              80.0898932,
              12.9367395
            ],
            [
              80.0917076,
              12.9360287
            ],
            [
              80.0929042,
              12.9351022
            ],
            [
              80.0935565,
              12.9350739
            ],
            [
              80.09413,
              12.9354785
            ],
            [
              80.0947856,
              12.9375883
            ],
            [
              80.0952458,
              12.9384481
            ],
            [
              80.0954406,
              12.9391009
            ],
            [
              80.095774,
              12.9396395
            ],
            [
              80.0961955,
              12.9398227
            ],
            [
              80.09831,
              12.9446801
            ],
            [
              80.0993371,
              12.946163
            ],
            [
              80.0995834,
              12.9471783
            ],
            [
              80.0999175,
              12.9476037
            ],
            [
              80.1002095,
              12.9482896
            ],
            [
              80.1006176,
              12.9486946
            ],
            [
              80.1008849,
              12.9499499
            ],
            [
              80.101512,
              12.9502464
            ],
            [
              80.1017785,
              12.9505489
            ],
            [
              80.101767,
              12.9511219
            ],
            [
              80.101375,
              12.9513354
            ],
            [
              80.1013635,
              12.9515826
            ],
            [
              80.1017598,
              12.9530212
            ],
            [
              80.1021129,
              12.9533465
            ],
            [
              80.1028276,
              12.9534589
            ],
            [
              80.1030319,
              12.9538683
            ],
            [
              80.1030012,
              12.955598
            ],
            [
              80.1031504,
              12.9558182
            ],
            [
              80.1036807,
              12.9560991
            ],
            [
              80.1039101,
              12.9564425
            ],
            [
              80.1040151,
              12.9582787
            ],
            [
              80.1042752,
              12.9589837
            ],
            [
              80.1046146,
              12.9596381
            ],
            [
              80.1048589,
              12.9608733
            ],
            [
              80.1052604,
              12.9618451
            ],
            [
              80.1054983,
              12.9622511
            ],
            [
              80.1059597,
              12.9623987
            ],
            [
              80.106271,
              12.9622077
            ],
            [
              80.1064093,
              12.9618369
            ],
            [
              80.1067137,
              12.9617946
            ],
            [
              80.1073316,
              12.9623537
            ],
            [
              80.1074234,
              12.9631572
            ],
            [
              80.107689,
              12.9640052
            ],
            [
              80.1080774,
              12.9645511
            ],
            [
              80.1090378,
              12.9652523
            ],
            [
              80.1100221,
              12.9654194
            ]
          ],
          [
            [
              80.1100221,
              12.9654194
            ],
            [
              80.1119345,
              12.9669807
            ],
            [
              80.1129691,
              12.9675666
            ],
            [
              80.1144324,
              12.9680428
            ],
            [
              80.114652,
              12.9683019
            ],
            [
              80.1147121,
              12.9691132
            ],
            [
              80.1152271,
              12.9706439
            ],
            [
              80.1170124,
              12.973956
            ],
            [
              80.1173666,
              12.9752058
            ],
            [
              80.1182464,
              12.9788244
            ],
            [
              80.1192681,
              12.9833227
            ],
            [
              80.1189178,
              12.9850129
            ],
            [
              80.1193816,
              12.9857918
            ],
            [
              80.1207022,
              12.9859018
            ],
            [
              80.1222765,
              12.986033
            ],
            [
              80.1242063,
              12.9869838
            ],
            [
              80.1251855,
              12.9888143
            ],
            [
              80.1266471,
              12.9901908
            ],
            [
              80.1282133,
              12.9906332
            ],
            [
              80.1334261,
              12.9906949
            ],
            [
              80.1343861,
              12.9910654
            ],
            [
              80.135464,
              12.9932717
            ],
            [
              80.1358514,
              12.9943496
            ],
            [
              80.1407523,
              12.9965895
            ],
            [
              80.1422685,
              12.9969335
            ],
            [
              80.1434283,
              12.9966726
            ],
            [
              80.1477753,
              12.9943833
            ],
            [
              80.1501807,
              12.9942831
            ],
            [
              80.1531313,
              12.9944497
            ],
            [
              80.1558439,
              12.9954967
            ],
            [
              80.1584137,
              12.9970671
            ],
            [
              80.1590525,
              12.9975106
            ],
            [
              80.1592497,
              12.9976353
            ],
            [
              80.159918,
              12.9986056
            ],
            [
              80.1605077,
              12.9992087
            ],
            [
              80.1612588,
              13.0013979
            ],
            [
              80.1612751,
              13.0014229
            ]
          ],
          [
            [
              80.1612751,
              13.0014229
            ],
            [
              80.1641855,
              13.0044866
            ]
          ],
          [
            [
              80.1641855,
              13.0044866
            ],
            [
              80.1644814,
              13.0047291
            ],
            [
              80.1651201,
              13.0053757
            ],
            [
              80.1660752,
              13.0059905
            ],
            [
              80.1662816,
              13.0060076
            ],
            [
              80.1671892,
              13.0058997
            ],
            [
              80.1679914,
              13.0059873
            ],
            [
              80.168538,
              13.0057356
            ],
            [
              80.1689677,
              13.0049415
            ],
            [
              80.1694346,
              13.0038119
            ],
            [
              80.1693455,
              13.0033057
            ],
            [
              80.1694644,
              13.0030557
            ],
            [
              80.1697879,
              13.002516
            ],
            [
              80.1704495,
              13.0022106
            ],
            [
              80.1749511,
              13.0014454
            ],
            [
              80.1774734,
              13.0017547
            ],
            [
              80.17833,
              13.0025637
            ],
            [
              80.1803288,
              13.0058474
            ],
            [
              80.1810157,
              13.0083875
            ],
            [
              80.181359,
              13.0096419
            ],
            [
              80.1819598,
              13.0112308
            ],
            [
              80.1821315,
              13.0128614
            ],
            [
              80.1820885,
              13.0149104
            ],
            [
              80.1820753,
              13.0151944
            ],
            [
              80.1820456,
              13.0158303
            ],
            [
              80.1822602,
              13.0168338
            ],
            [
              80.182861,
              13.01767
            ],
            [
              80.1841914,
              13.0182972
            ],
            [
              80.1853501,
              13.0189244
            ],
            [
              80.1866555,
              13.0194576
            ],
            [
              80.1880439,
              13.0209627
            ],
            [
              80.1890975,
              13.0226992
            ],
            [
              80.1904277,
              13.0244163
            ],
            [
              80.1911666,
              13.0253382
            ],
            [
              80.1942586,
              13.0280517
            ],
            [
              80.1968411,
              13.0288711
            ],
            [
              80.1972181,
              13.0288927
            ],
            [
              80.2000676,
              13.0288293
            ],
            [
              80.2085925,
              13.0266559
            ],
            [
              80.2109773,
              13.0247498
            ],
            [
              80.2110514,
              13.0246121
            ],
            [
              80.2115128,
              13.023561
            ],
            [
              80.2115618,
              13.0218509
            ],
            [
              80.2120176,
              13.0202155
            ],
            [
              80.2123994,
              13.0194407
            ],
            [
              80.2127164,
              13.0191372
            ],
            [
              80.2146189,
              13.01794
            ],
            [
              80.2193974,
              13.0164637
            ],
            [
              80.2225262,
              13.0159116
            ],
            [
              80.223314,
              13.0159454
            ],
            [
              80.2239156,
              13.0162175
            ],
            [
              80.2268443,
              13.0186241
            ],
            [
              80.227405,
              13.0188594
            ],
            [
              80.2284879,
              13.0188259
            ],
            [
              80.2288427,
              13.0185997
            ],
            [
              80.2297857,
              13.0172684
            ],
            [
              80.2304541,
              13.0165829
            ],
            [
              80.231527,
              13.0155376
            ],
            [
              80.2338874,
              13.0155376
            ],
            [
              80.2350461,
              13.016123
            ],
            [
              80.2361619,
              13.0190498
            ],
            [
              80.2371178,
              13.0210774
            ],
            [
              80.2384364,
              13.0234401
            ],
            [
              80.2396054,
              13.0254921
            ],
            [
              80.2403778,
              13.0260984
            ],
            [
              80.2418048,
              13.0264851
            ],
            [
              80.2433287,
              13.0262414
            ],
            [
              80.2445304,
              13.0254052
            ],
            [
              80.2449117,
              13.025047
            ],
            [
              80.2469336,
              13.0231474
            ],
            [
              80.2482137,
              13.0214538
            ],
            [
              80.2486,
              13.0207012
            ],
            [
              80.249115,
              13.0196141
            ],
            [
              80.2496205,
              13.0187006
            ],
            [
              80.2500591,
              13.016729
            ],
            [
              80.2518253,
              13.0142461
            ],
            [
              80.2564605,
              13.0147448
            ],
            [
              80.2585071,
              13.0139994
            ],
            [
              80.2606393,
              13.0139688
            ],
            [
              80.2643758,
              13.0152057
            ],
            [
              80.2667341,
              13.0156529
            ],
            [
              80.2669903,
              13.0156736
            ],
            [
              80.2671698,
              13.015668
            ],
            [
              80.2675647,
              13.0156299
            ],
            [
              80.2680125,
              13.0155323
            ],
            [
              80.2683212,
              13.0154153
            ],
            [
              80.269145,
              13.0149175
            ],
            [
              80.2695108,
              13.0147157
            ],
            [
              80.2703208,
              13.0143412
            ],
            [
              80.2708078,
              13.0141536
            ],
            [
              80.2713181,
              13.013956
            ],
            [
              80.2718457,
              13.0137646
            ],
            [
              80.2724541,
              13.0135954
            ],
            [
              80.2730533,
              13.013453
            ],
            [
              80.2735119,
              13.0133562
            ],
            [
              80.275027,
              13.0130658
            ],
            [
              80.2760632,
              13.0128788
            ],
            [
              80.2774629,
              13.0126145
            ]
          ],
          [
            [
              80.0276599,
              12.8477248
            ],
            [
              80.0278374,
              12.8480481
            ],
            [
              80.0278794,
              12.848476
            ],
            [
              80.0276272,
              12.8485762
            ],
            [
              80.0273984,
              12.8490543
            ],
            [
              80.0276599,
              12.8495733
            ],
            [
              80.0277253,
              12.8499239
            ],
            [
              80.0276506,
              12.8501288
            ],
            [
              80.0273704,
              12.8503974
            ],
            [
              80.0274311,
              12.8506433
            ],
            [
              80.0275385,
              12.8511259
            ],
            [
              80.027786,
              12.8515311
            ],
            [
              80.0279214,
              12.8518817
            ],
            [
              80.0280008,
              12.8526011
            ],
            [
              80.0282624,
              12.8531065
            ],
            [
              80.0284632,
              12.8536437
            ],
            [
              80.0288414,
              12.8539715
            ],
            [
              80.0284211,
              12.8545361
            ],
            [
              80.0280475,
              12.8553602
            ],
            [
              80.0278514,
              12.8560431
            ],
            [
              80.0278421,
              12.8566532
            ],
            [
              80.0278561,
              12.8572132
            ],
            [
              80.0279962,
              12.8576913
            ],
            [
              80.0284071,
              12.8584926
            ],
            [
              80.0284678,
              12.8592302
            ],
            [
              80.0283558,
              12.8600315
            ],
            [
              80.0285475,
              12.8615454
            ],
            [
              80.0284058,
              12.8622603
            ],
            [
              80.0281654,
              12.8628069
            ],
            [
              80.0282579,
              12.8641706
            ],
            [
              80.0283441,
              12.8649756
            ],
            [
              80.0287632,
              12.8658948
            ],
            [
              80.0297984,
              12.8670602
            ],
            [
              80.0302051,
              12.8676189
            ],
            [
              80.0304886,
              12.8681475
            ],
            [
              80.0314689,
              12.8683455
            ],
            [
              80.0317698,
              12.86829
            ],
            [
              80.0323308,
              12.868512
            ],
            [
              80.0324853,
              12.8692175
            ],
            [
              80.0325829,
              12.8699784
            ],
            [
              80.0323714,
              12.8703034
            ],
            [
              80.0320543,
              12.8705491
            ],
            [
              80.0320543,
              12.8707235
            ],
            [
              80.032023,
              12.8708931
            ]
          ],
          [
            [
              80.0808752,
              13.0004456
            ],
            [
              80.0812833,
              12.9999909
            ],
            [
              80.0817619,
              12.99942
            ],
            [
              80.0819278,
              12.9990007
            ],
            [
              80.0818448,
              12.998748
            ],
            [
              80.0816426,
              12.9984146
            ],
            [
              80.0816633,
              12.9982933
            ],
            [
              80.0818137,
              12.9982226
            ],
            [
              80.0820004,
              12.9977982
            ],
            [
              80.0821871,
              12.9976769
            ],
            [
              80.0825249,
              12.997317
            ],
            [
              80.0827315,
              12.9970252
            ],
            [
              80.0833434,
              12.9963027
            ],
            [
              80.0835145,
              12.9960248
            ],
            [
              80.0834782,
              12.995848
            ],
            [
              80.0832448,
              12.9954488
            ],
            [
              80.0832448,
              12.9951709
            ],
            [
              80.083473,
              12.995075
            ],
            [
              80.0839189,
              12.9949688
            ],
            [
              80.0841056,
              12.9948173
            ],
            [
              80.0840174,
              12.9944333
            ],
            [
              80.0838256,
              12.9938472
            ],
            [
              80.0838515,
              12.9936198
            ],
            [
              80.0842819,
              12.993342
            ],
            [
              80.0845152,
              12.9929933
            ],
            [
              80.0846656,
              12.9922051
            ],
            [
              80.08479,
              12.9916999
            ],
            [
              80.0849935,
              12.9912433
            ],
            [
              80.0853967,
              12.9907652
            ],
            [
              80.085796,
              12.9901387
            ],
            [
              80.0861253,
              12.98924
            ],
            [
              80.0861414,
              12.988704
            ],
            [
              80.0859064,
              12.9878195
            ],
            [
              80.0859064,
              12.986935
            ],
            [
              80.0860452,
              12.9857694
            ],
            [
              80.0857626,
              12.9849897
            ],
            [
              80.0857462,
              12.9844478
            ],
            [
              80.0853353,
              12.9836401
            ],
            [
              80.0849245,
              12.9820278
            ],
            [
              80.0845517,
              12.9798228
            ],
            [
              80.0844636,
              12.9788298
            ],
            [
              80.0846044,
              12.9783738
            ],
            [
              80.0855094,
              12.9780263
            ],
            [
              80.0863117,
              12.9780885
            ],
            [
              80.0875811,
              12.9778184
            ],
            [
              80.0879911,
              12.9775119
            ],
            [
              80.0887527,
              12.9770846
            ],
            [
              80.0892914,
              12.9767048
            ],
            [
              80.0898349,
              12.9763386
            ],
            [
              80.0903324,
              12.9759672
            ],
            [
              80.0908385,
              12.9756145
            ],
            [
              80.0913866,
              12.9752571
            ],
            [
              80.0928512,
              12.9746876
            ],
            [
              80.0947824,
              12.9739767
            ],
            [
              80.0973573,
              12.9725966
            ],
            [
              80.098044,
              12.9716766
            ],
            [
              80.0986448,
              12.9714675
            ],
            [
              80.1006189,
              12.971342
            ],
            [
              80.1015201,
              12.9709238
            ],
            [
              80.1026359,
              12.9703216
            ],
            [
              80.1051851,
              12.9698365
            ],
            [
              80.1067129,
              12.9694852
            ],
            [
              80.1079145,
              12.9694601
            ],
            [
              80.1088833,
              12.9692992
            ],
            [
              80.1094307,
              12.9690992
            ],
            [
              80.1101333,
              12.9685511
            ],
            [
              80.1104862,
              12.9680007
            ],
            [
              80.1111926,
              12.9675189
            ],
            [
              80.1119345,
              12.9669807
            ]
          ]
        ]
      },
      "properties": {
        "river_id": "adyar",
        "name": "Adyar River",
        "name_ta": "அடையாறு",
        "waterway": "river",
        "length_km": 57.1,
        "osm_ids": [
          8336182,
          1149490086,
          642889008,
          30128515,
          1149490087,
          642880082
        ]
      }
    },
    {
      "type": "Feature",
      "geometry": {
        "type": "MultiLineString",
        "coordinates": [
          [
            [
              80.3326277,
              13.349514
            ],
            [
              80.3329908,
              13.3490205
            ],
            [
              80.3333388,
              13.3487522
            ],
            [
              80.3335026,
              13.3487431
            ],
            [
              80.3337039,
              13.3486609
            ],
            [
              80.3341014,
              13.3482277
            ],
            [
              80.3341464,
              13.3479364
            ],
            [
              80.3341663,
              13.3471643
            ],
            [
              80.3342532,
              13.3467525
            ],
            [
              80.3347086,
              13.3456828
            ],
            [
              80.3348252,
              13.3449965
            ],
            [
              80.3348426,
              13.3431241
            ],
            [
              80.3330723,
              13.3383011
            ],
            [
              80.3320849,
              13.3372296
            ],
            [
              80.3307331,
              13.3347554
            ],
            [
              80.3294885,
              13.3300576
            ],
            [
              80.3268599,
              13.3261844
            ],
            [
              80.3234696,
              13.3142617
            ],
            [
              80.3234804,
              13.3138649
            ],
            [
              80.324285,
              13.3123928
            ],
            [
              80.3248751,
              13.3118499
            ],
            [
              80.3269672,
              13.308749
            ],
            [
              80.3275359,
              13.3074126
            ],
            [
              80.3298747,
              13.30143
            ],
            [
              80.3300357,
              13.3006991
            ],
            [
              80.3303794,
              13.2882911
            ],
            [
              80.3293495,
              13.2829449
            ],
            [
              80.3279762,
              13.2813995
            ],
            [
              80.3257875,
              13.2765127
            ],
            [
              80.3260402,
              13.2747254
            ],
            [
              80.3271399,
              13.2715286
            ],
            [
              80.3272934,
              13.2710189
            ],
            [
              80.3274105,
              13.2705162
            ],
            [
              80.3274797,
              13.2700888
            ],
            [
              80.3274761,
              13.2697544
            ],
            [
              80.327425,
              13.2694696
            ],
            [
              80.327075,
              13.2681171
            ],
            [
              80.3266887,
              13.2637312
            ],
            [
              80.3256539,
              13.2605988
            ],
            [
              80.3241996,
              13.2582175
            ],
            [
              80.3220968,
              13.253915
            ],
            [
              80.3192644,
              13.2495288
            ],
            [
              80.317419,
              13.2450173
            ],
            [
              80.3175057,
              13.2414038
            ],
            [
              80.3176679,
              13.2330972
            ],
            [
              80.3172001,
              13.2323269
            ],
            [
              80.3159357,
              13.2314232
            ],
            [
              80.3186862,
              13.2268156
            ],
            [
              80.3192661,
              13.2247341
            ],
            [
              80.3180465,
              13.2193209
            ],
            [
              80.3138198,
              13.2123859
            ],
            [
              80.311813,
              13.2080991
            ],
            [
              80.3097003,
              13.2041105
            ],
            [
              80.3080009,
              13.201963
            ],
            [
              80.3067563,
              13.2003753
            ],
            [
              80.3058551,
              13.1979854
            ],
            [
              80.3043702,
              13.1945425
            ],
            [
              80.3024219,
              13.1904227
            ],
            [
              80.2992032,
              13.185626
            ],
            [
              80.2966283,
              13.1840131
            ],
            [
              80.29537,
              13.1822209
            ],
            [
              80.294238,
              13.180469
            ],
            [
              80.2910979,
              13.1755483
            ],
            [
              80.2907816,
              13.1749288
            ],
            [
              80.2902802,
              13.1738453
            ],
            [
              80.2897652,
              13.1704188
            ],
            [
              80.2889758,
              13.1637722
            ],
            [
              80.288826,
              13.1630209
            ],
            [
              80.2875094,
              13.1604226
            ],
            [
              80.2853793,
              13.1558098
            ],
            [
              80.2845976,
              13.1541703
            ],
            [
              80.2811393,
              13.1469169
            ],
            [
              80.2779893,
              13.1403641
            ],
            [
              80.2774275,
              13.1388849
            ],
            [
              80.2749272,
              13.1308062
            ],
            [
              80.2735862,
              13.1254858
            ],
            [
              80.2733993,
              13.1248075
            ],
            [
              80.2718656,
              13.1185513
            ],
            [
              80.2704236,
              13.1129839
            ],
            [
              80.2701866,
              13.1117194
            ],
            [
              80.2701203,
              13.1108467
            ],
            [
              80.2702394,
              13.1101402
            ],
            [
              80.2721067,
              13.1068969
            ],
            [
              80.2724284,
              13.1062207
            ],
            [
              80.272787,
              13.1048034
            ],
            [
              80.272876,
              13.1041297
            ],
            [
              80.2729793,
              13.1035096
            ],
            [
              80.2737601,
              13.1006735
            ],
            [
              80.2739324,
              13.0997664
            ],
            [
              80.2739668,
              13.0991119
            ],
            [
              80.2740357,
              13.0941172
            ],
            [
              80.274139,
              13.093589
            ],
            [
              80.2743446,
              13.0931789
            ],
            [
              80.2744648,
              13.0928947
            ],
            [
              80.2741472,
              13.0918246
            ],
            [
              80.273877,
              13.0912344
            ],
            [
              80.2740632,
              13.0875951
            ],
            [
              80.2741121,
              13.0868768
            ],
            [
              80.2747304,
              13.083152
            ]
          ],
          [
            [
              80.2747304,
              13.083152
            ],
            [
              80.2749326,
              13.081869
            ]
          ],
          [
            [
              80.2749326,
              13.081869
            ],
            [
              80.2749437,
              13.081804
            ],
            [
              80.2749924,
              13.081487
            ],
            [
              80.2751416,
              13.0801397
            ],
            [
              80.2751147,
              13.079257
            ]
          ],
          [
            [
              80.2751147,
              13.079257
            ],
            [
              80.2752832,
              13.0792368
            ],
            [
              80.2754454,
              13.0792277
            ],
            [
              80.2756039,
              13.0792271
            ],
            [
              80.2757426,
              13.0792315
            ],
            [
              80.2759295,
              13.0792431
            ],
            [
              80.2779411,
              13.0793694
            ],
            [
              80.2798415,
              13.0794739
            ],
            [
              80.2802044,
              13.0794912
            ],
            [
              80.2805174,
              13.0794876
            ],
            [
              80.2807748,
              13.0794706
            ],
            [
              80.2809062,
              13.0794254
            ],
            [
              80.2810285,
              13.0793757
            ],
            [
              80.2811998,
              13.0792661
            ],
            [
              80.2813595,
              13.0791366
            ],
            [
              80.2815133,
              13.0789897
            ],
            [
              80.2816619,
              13.0788147
            ],
            [
              80.2819828,
              13.0783803
            ],
            [
              80.282412,
              13.0774188
            ],
            [
              80.2830986,
              13.0760394
            ],
            [
              80.2835707,
              13.0748271
            ],
            [
              80.2836606,
              13.0744018
            ],
            [
              80.2838711,
              13.0734058
            ],
            [
              80.2840428,
              13.0711484
            ],
            [
              80.2840428,
              13.0696853
            ]
          ],
          [
            [
              80.2840428,
              13.0696853
            ],
            [
              80.283012,
              13.0688932
            ],
            [
              80.282535,
              13.0686192
            ],
            [
              80.2825183,
              13.0681847
            ],
            [
              80.2825114,
              13.0680607
            ],
            [
              80.282508,
              13.0680023
            ],
            [
              80.2824995,
              13.0679331
            ],
            [
              80.2824921,
              13.0678729
            ],
            [
              80.2824866,
              13.0677958
            ],
            [
              80.2824798,
              13.0677445
            ],
            [
              80.282473,
              13.0676951
            ],
            [
              80.2824568,
              13.0675881
            ]
          ],
          [
            [
              80.2824568,
              13.0675881
            ],
            [
              80.2824041,
              13.067183
            ]
          ],
          [
            [
              80.2824041,
              13.067183
            ],
            [
              80.2824087,
              13.0670564
            ],
            [
              80.2824098,
              13.0669853
            ],
            [
              80.2824204,
              13.0669158
            ],
            [
              80.2824197,
              13.0668529
            ],
            [
              80.2824088,
              13.0667644
            ],
            [
              80.2823861,
              13.066685
            ],
            [
              80.2823209,
              13.0665802
            ],
            [
              80.2822339,
              13.0664714
            ],
            [
              80.2821091,
              13.066344
            ],
            [
              80.2814189,
              13.0655951
            ],
            [
              80.281247,
              13.0653662
            ],
            [
              80.2811215,
              13.0650788
            ],
            [
              80.2809584,
              13.0647778
            ],
            [
              80.2806237,
              13.0635906
            ],
            [
              80.280288,
              13.0611364
            ],
            [
              80.2802419,
              13.060404
            ],
            [
              80.2802574,
              13.0595251
            ],
            [
              80.2803809,
              13.057903
            ],
            [
              80.2803829,
              13.0564002
            ],
            [
              80.2804865,
              13.0541303
            ],
            [
              80.2804387,
              13.0537446
            ],
            [
              80.280246,
              13.0531559
            ],
            [
              80.2800572,
              13.0527797
            ],
            [
              80.2790084,
              13.0510593
            ],
            [
              80.2780745,
              13.0492846
            ],
            [
              80.2769591,
              13.0461078
            ],
            [
              80.2761868,
              13.0437838
            ],
            [
              80.2762034,
              13.0431396
            ],
            [
              80.276024,
              13.0424546
            ],
            [
              80.2757183,
              13.0419189
            ],
            [
              80.2755627,
              13.0416603
            ],
            [
              80.2754259,
              13.0415636
            ],
            [
              80.2751791,
              13.0415061
            ],
            [
              80.2749914,
              13.0414956
            ],
            [
              80.2746883,
              13.041527
            ],
            [
              80.274302,
              13.0417151
            ],
            [
              80.2738118,
              13.0418409
            ],
            [
              80.2733002,
              13.0420144
            ],
            [
              80.2726678,
              13.0421406
            ],
            [
              80.272123,
              13.0421046
            ],
            [
              80.271853,
              13.0420372
            ],
            [
              80.2713194,
              13.041859
            ],
            [
              80.2711806,
              13.0415537
            ],
            [
              80.2704635,
              13.0409714
            ],
            [
              80.2698958,
              13.0402049
            ],
            [
              80.2696307,
              13.0395648
            ],
            [
              80.2694028,
              13.0380872
            ],
            [
              80.2692817,
              13.0375617
            ],
            [
              80.2688177,
              13.0365744
            ],
            [
              80.268602,
              13.0363139
            ],
            [
              80.2684345,
              13.0361671
            ],
            [
              80.268281,
              13.0360596
            ],
            [
              80.2679593,
              13.0359254
            ],
            [
              80.2676111,
              13.035794
            ],
            [
              80.2672787,
              13.0354747
            ],
            [
              80.2665753,
              13.034594
            ],
            [
              80.2660494,
              13.0342124
            ],
            [
              80.265677,
              13.0340797
            ],
            [
              80.2649363,
              13.0337083
            ],
            [
              80.2643955,
              13.0333721
            ],
            [
              80.2636979,
              13.0327703
            ],
            [
              80.2631314,
              13.0322936
            ],
            [
              80.2618868,
              13.0310895
            ],
            [
              80.261698,
              13.0308052
            ],
            [
              80.261492,
              13.0304373
            ],
            [
              80.261183,
              13.0298101
            ],
            [
              80.2606873,
              13.028567
            ],
            [
              80.2603315,
              13.0277504
            ],
            [
              80.2605254,
              13.0274532
            ],
            [
              80.2602096,
              13.026515
            ],
            [
              80.2599025,
              13.025899
            ],
            [
              80.2593767,
              13.0254876
            ],
            [
              80.2586229,
              13.0249566
            ],
            [
              80.2578222,
              13.0245247
            ],
            [
              80.257157,
              13.024234
            ],
            [
              80.2563909,
              13.0237073
            ],
            [
              80.2554525,
              13.0232928
            ],
            [
              80.2542334,
              13.0229897
            ],
            [
              80.2534033,
              13.0225853
            ],
            [
              80.2532134,
              13.0224346
            ],
            [
              80.2526362,
              13.0219115
            ],
            [
              80.2523504,
              13.0214867
            ],
            [
              80.2521057,
              13.0210934
            ],
            [
              80.2515907,
              13.0202503
            ],
            [
              80.2511658,
              13.0196901
            ],
            [
              80.2507819,
              13.019472
            ],
            [
              80.2496205,
              13.0187006
            ],
            [
              80.2486874,
              13.018374
            ],
            [
              80.2485269,
              13.0182544
            ],
            [
              80.2484963,
              13.017981
            ],
            [
              80.2483383,
              13.0153412
            ],
            [
              80.2482621,
              13.0144466
            ],
            [
              80.248059,
              13.0125203
            ],
            [
              80.2480993,
              13.0120094
            ],
            [
              80.2482199,
              13.0117443
            ],
            [
              80.2480142,
              13.0071749
            ],
            [
              80.2479776,
              13.0056313
            ],
            [
              80.2479856,
              13.005299
            ],
            [
              80.2479658,
              13.004558
            ],
            [
              80.2479635,
              13.004344
            ],
            [
              80.2479723,
              13.0036629
            ],
            [
              80.2480712,
              13.0031549
            ],
            [
              80.2492698,
              12.9983525
            ],
            [
              80.249707,
              12.9969825
            ],
            [
              80.2502067,
              12.9950319
            ],
            [
              80.2501978,
              12.9946535
            ],
            [
              80.2510045,
              12.9917066
            ],
            [
              80.2513353,
              12.9908874
            ],
            [
              80.2519952,
              12.98845
            ],
            [
              80.2519653,
              12.9880872
            ],
            [
              80.2520739,
              12.9875439
            ],
            [
              80.2524287,
              12.9860048
            ],
            [
              80.2536181,
              12.981402
            ],
            [
              80.2537388,
              12.9797908
            ],
            [
              80.2537598,
              12.9782499
            ],
            [
              80.2536173,
              12.9771315
            ],
            [
              80.2533017,
              12.9749778
            ],
            [
              80.2526945,
              12.9716333
            ],
            [
              80.251794,
              12.9674808
            ],
            [
              80.2514677,
              12.9659763
            ],
            [
              80.2508733,
              12.9623165
            ],
            [
              80.2504608,
              12.9606372
            ],
            [
              80.2486912,
              12.9510865
            ],
            [
              80.2476345,
              12.9458069
            ],
            [
              80.2466475,
              12.9405472
            ],
            [
              80.2461836,
              12.9377468
            ],
            [
              80.2454698,
              12.9339899
            ],
            [
              80.2438241,
              12.9255834
            ],
            [
              80.2433467,
              12.9230319
            ],
            [
              80.2389801,
              12.9007782
            ],
            [
              80.2389264,
              12.9000462
            ],
            [
              80.2388138,
              12.8988958
            ],
            [
              80.2386202,
              12.8969947
            ],
            [
              80.2405634,
              12.8833974
            ],
            [
              80.2410397,
              12.8779915
            ],
            [
              80.2416284,
              12.8742012
            ],
            [
              80.2417088,
              12.8735129
            ],
            [
              80.2417299,
              12.8732622
            ],
            [
              80.2417305,
              12.8730467
            ],
            [
              80.2417133,
              12.8728185
            ],
            [
              80.2416896,
              12.8726902
            ],
            [
              80.241565,
              12.872251
            ],
            [
              80.2413955,
              12.8719273
            ],
            [
              80.2385053,
              12.8672473
            ],
            [
              80.236262,
              12.8577032
            ],
            [
              80.2348637,
              12.85342
            ],
            [
              80.2354063,
              12.8425744
            ],
            [
              80.2355733,
              12.8413534
            ],
            [
              80.2365333,
              12.8386572
            ],
            [
              80.2370238,
              12.8373141
            ],
            [
              80.2376482,
              12.8360695
            ],
            [
              80.2378657,
              12.8339044
            ],
            [
              80.2380997,
              12.8317599
            ],
            [
              80.2382139,
              12.8301289
            ],
            [
              80.237877,
              12.8284392
            ],
            [
              80.2375729,
              12.8266385
            ],
            [
              80.2380237,
              12.8237308
            ],
            [
              80.238433,
              12.8190291
            ],
            [
              80.2392705,
              12.8164416
            ],
            [
              80.2401566,
              12.8140489
            ],
            [
              80.2405697,
              12.8120559
            ],
            [
              80.2414174,
              12.807294
            ],
            [
              80.2415163,
              12.8061627
            ],
            [
              80.2413147,
              12.8055297
            ],
            [
              80.2396215,
              12.803463
            ],
            [
              80.2386536,
              12.8012736
            ],
            [
              80.2384052,
              12.7982499
            ],
            [
              80.2359162,
              12.7841995
            ],
            [
              80.2350234,
              12.7802881
            ],
            [
              80.2337152,
              12.7745568
            ],
            [
              80.2336264,
              12.7741677
            ],
            [
              80.2320503,
              12.7670192
            ],
            [
              80.2312338,
              12.7630345
            ],
            [
              80.230974,
              12.7610743
            ],
            [
              80.2303832,
              12.7558706
            ],
            [
              80.2298176,
              12.7514404
            ]
          ]
        ]
      },
      "properties": {
        "river_id": "buckingham-canal",
        "name": "Buckingham Canal",
        "name_ta": "பக்கிங்காம் கால்வாய்",
        "waterway": "canal",
        "length_km": 72.4,
        "osm_ids": [
          11268133
        ]
      }
    },
    {
      "type": "Feature",
      "geometry": {
        "type": "MultiLineString",
        "coordinates": [
          [
            [
              80.0017047,
              13.0930485
            ],
            [
              80.004623,
              13.0918196
            ],
            [
              80.0067001,
              13.0910003
            ],
            [
              80.009172,
              13.0908164
            ],
            [
              80.0099811,
              13.0908756
            ],
            [
              80.0113778,
              13.0912929
            ],
            [
              80.0128627,
              13.0915855
            ],
            [
              80.0150256,
              13.0917527
            ],
            [
              80.0173602,
              13.0915437
            ],
            [
              80.019918,
              13.0912929
            ],
            [
              80.0220809,
              13.0903733
            ],
            [
              80.0244842,
              13.0894788
            ],
            [
              80.026012,
              13.0890775
            ],
            [
              80.0280891,
              13.0890942
            ],
            [
              80.030561,
              13.0887431
            ],
            [
              80.0342689,
              13.0883836
            ],
            [
              80.0359254,
              13.0885759
            ],
            [
              80.0391698,
              13.0895122
            ],
            [
              80.0411783,
              13.0904987
            ],
            [
              80.0422597,
              13.0915437
            ],
            [
              80.0430923,
              13.0926054
            ],
            [
              80.0446201,
              13.0942356
            ],
            [
              80.0458775,
              13.0955445
            ],
            [
              80.0472551,
              13.0967101
            ],
            [
              80.0482421,
              13.0975796
            ],
            [
              80.0493568,
              13.0981595
            ],
            [
              80.0509715,
              13.0989171
            ],
            [
              80.0525019,
              13.0996441
            ],
            [
              80.053392,
              13.100238
            ],
            [
              80.0539488,
              13.101228
            ],
            [
              80.0541622,
              13.101835
            ],
            [
              80.0546907,
              13.1035338
            ],
            [
              80.0550227,
              13.1046686
            ],
            [
              80.0554776,
              13.1057971
            ],
            [
              80.0560527,
              13.1067166
            ],
            [
              80.0570569,
              13.1074021
            ],
            [
              80.0581556,
              13.1076195
            ],
            [
              80.0591169,
              13.1075108
            ],
            [
              80.0599151,
              13.1070928
            ],
            [
              80.0607476,
              13.1062819
            ],
            [
              80.0613141,
              13.1054794
            ],
            [
              80.0620008,
              13.1048358
            ],
            [
              80.06352,
              13.1037908
            ],
            [
              80.0644212,
              13.1032892
            ],
            [
              80.0660091,
              13.1027041
            ],
            [
              80.067554,
              13.1026873
            ],
            [
              80.069571,
              13.1026037
            ],
            [
              80.0713477,
              13.1023279
            ],
            [
              80.072721,
              13.101935
            ],
            [
              80.0739484,
              13.1014919
            ],
            [
              80.0748067,
              13.1007981
            ],
            [
              80.0753818,
              13.0998451
            ],
            [
              80.0759483,
              13.0987583
            ],
            [
              80.0767551,
              13.097521
            ],
            [
              80.077682,
              13.0968355
            ],
            [
              80.0791841,
              13.0966683
            ],
            [
              80.0811728,
              13.0970504
            ],
            [
              80.0825304,
              13.0974553
            ],
            [
              80.0831752,
              13.0977718
            ],
            [
              80.0839906,
              13.0988419
            ],
            [
              80.0847631,
              13.0998618
            ],
            [
              80.0856214,
              13.1009318
            ],
            [
              80.0864797,
              13.1018012
            ],
            [
              80.0872093,
              13.1027041
            ],
            [
              80.0879216,
              13.1032474
            ],
            [
              80.0893293,
              13.1035567
            ],
            [
              80.0903421,
              13.1033561
            ],
            [
              80.0916724,
              13.1026205
            ],
            [
              80.0935178,
              13.1015337
            ],
            [
              80.095037,
              13.1001544
            ],
            [
              80.0964961,
              13.0986914
            ],
            [
              80.0983742,
              13.0965139
            ],
            [
              80.0997535,
              13.0948951
            ],
            [
              80.1007705,
              13.0936337
            ],
            [
              80.1015859,
              13.0926723
            ],
            [
              80.1021438,
              13.0915437
            ],
            [
              80.1026159,
              13.0904151
            ],
            [
              80.1033454,
              13.0893701
            ],
            [
              80.1042295,
              13.0883418
            ],
            [
              80.1048475,
              13.0871547
            ],
            [
              80.1053796,
              13.086302
            ],
            [
              80.1058603,
              13.0858338
            ],
            [
              80.107122,
              13.0852737
            ],
            [
              80.1083665,
              13.084563
            ],
            [
              80.1095939,
              13.083518
            ],
            [
              80.1102119,
              13.0825733
            ],
            [
              80.1107698,
              13.081453
            ],
            [
              80.1114993,
              13.0793964
            ],
            [
              80.1118856,
              13.0780671
            ],
            [
              80.1121688,
              13.0763448
            ],
            [
              80.1124439,
              13.075613
            ],
            [
              80.1129721,
              13.0745016
            ],
            [
              80.1129251,
              13.0734049
            ],
            [
              80.1134659,
              13.0715675
            ],
            [
              80.1139627,
              13.070183
            ],
            [
              80.1139627,
              13.0692801
            ],
            [
              80.1137481,
              13.0680092
            ],
            [
              80.1135193,
              13.0667488
            ],
            [
              80.1137138,
              13.0658103
            ],
            [
              80.1140571,
              13.0651415
            ],
            [
              80.1146922,
              13.0647485
            ],
            [
              80.1160312,
              13.06469
            ],
            [
              80.1176105,
              13.0647485
            ],
            [
              80.1192069,
              13.0650579
            ],
            [
              80.1209064,
              13.0653421
            ],
            [
              80.1220393,
              13.0658438
            ],
            [
              80.1228462,
              13.0664959
            ],
            [
              80.1235843,
              13.0668722
            ],
            [
              80.1247773,
              13.0668387
            ],
            [
              80.1260562,
              13.0667133
            ],
            [
              80.127584,
              13.0667551
            ],
            [
              80.1287856,
              13.06673
            ],
            [
              80.1303306,
              13.0665043
            ],
            [
              80.131249,
              13.0665377
            ],
            [
              80.1325879,
              13.0663287
            ],
            [
              80.1337896,
              13.0659107
            ],
            [
              80.1346736,
              13.0653756
            ],
            [
              80.135592,
              13.0645729
            ],
            [
              80.136313,
              13.0639291
            ],
            [
              80.1371335,
              13.0631881
            ],
            [
              80.1376857,
              13.0626519
            ],
            [
              80.1379756,
              13.0622789
            ],
            [
              80.138518,
              13.0621213
            ],
            [
              80.1391143,
              13.0619445
            ],
            [
              80.1410225,
              13.0618027
            ],
            [
              80.1419139,
              13.0619223
            ],
            [
              80.1429023,
              13.062095
            ],
            [
              80.1438465,
              13.0622037
            ],
            [
              80.1446704,
              13.0623291
            ],
            [
              80.1453914,
              13.0625298
            ],
            [
              80.148867,
              13.0631655
            ],
            [
              80.1509217,
              13.0625185
            ],
            [
              80.1526092,
              13.0616354
            ],
            [
              80.153842,
              13.0612245
            ],
            [
              80.1550136,
              13.0613032
            ],
            [
              80.1585372,
              13.0627458
            ],
            [
              80.1621307,
              13.0632792
            ],
            [
              80.1628564,
              13.0639786
            ],
            [
              80.1639843,
              13.0643896
            ],
            [
              80.1678488,
              13.065806
            ],
            [
              80.1712704,
              13.0660027
            ],
            [
              80.172815,
              13.0665565
            ],
            [
              80.1736894,
              13.0672851
            ],
            [
              80.1748187,
              13.070134
            ],
            [
              80.1769171,
              13.0712342
            ],
            [
              80.1784943,
              13.0717144
            ],
            [
              80.1802202,
              13.0718372
            ],
            [
              80.1816618,
              13.0719842
            ],
            [
              80.186638,
              13.0725356
            ],
            [
              80.1885557,
              13.073325
            ],
            [
              80.1907314,
              13.0749504
            ],
            [
              80.1917434,
              13.0769111
            ],
            [
              80.1918819,
              13.0773693
            ],
            [
              80.1927106,
              13.0782111
            ],
            [
              80.1933816,
              13.0787676
            ],
            [
              80.1941278,
              13.0788465
            ],
            [
              80.1975115,
              13.0782456
            ],
            [
              80.1984605,
              13.0779395
            ],
            [
              80.199013,
              13.0778131
            ],
            [
              80.2003306,
              13.0774889
            ],
            [
              80.2024517,
              13.0774787
            ],
            [
              80.2052659,
              13.0777481
            ],
            [
              80.2066392,
              13.0784504
            ],
            [
              80.2107076,
              13.0784002
            ],
            [
              80.2122868,
              13.0778066
            ],
            [
              80.213952,
              13.0765943
            ],
            [
              80.2144013,
              13.0765094
            ],
            [
              80.2149196,
              13.076675
            ],
            [
              80.2152668,
              13.076939
            ],
            [
              80.2155262,
              13.0772591
            ],
            [
              80.2156465,
              13.0777358
            ],
            [
              80.2156266,
              13.0791899
            ],
            [
              80.2156906,
              13.0794565
            ],
            [
              80.2158555,
              13.0797299
            ],
            [
              80.2164107,
              13.0802042
            ],
            [
              80.2174156,
              13.0807004
            ],
            [
              80.2175465,
              13.0807265
            ],
            [
              80.2176681,
              13.0807315
            ],
            [
              80.2178618,
              13.0807235
            ],
            [
              80.2179389,
              13.0807167
            ],
            [
              80.2180869,
              13.0806878
            ],
            [
              80.2181667,
              13.0806619
            ],
            [
              80.2183028,
              13.0806006
            ],
            [
              80.2184107,
              13.0805365
            ],
            [
              80.2185513,
              13.0804435
            ],
            [
              80.2187547,
              13.080288
            ],
            [
              80.2189216,
              13.0801642
            ],
            [
              80.219738,
              13.0794852
            ],
            [
              80.2204751,
              13.078233
            ],
            [
              80.2217626,
              13.0767532
            ],
            [
              80.2220811,
              13.0755976
            ],
            [
              80.2221498,
              13.0739255
            ],
            [
              80.2223386,
              13.0731313
            ],
            [
              80.2225961,
              13.072546
            ],
            [
              80.2229909,
              13.0721029
            ],
            [
              80.2235059,
              13.0718521
            ],
            [
              80.2241239,
              13.0717099
            ],
            [
              80.2247505,
              13.0716431
            ],
            [
              80.2253513,
              13.0717935
            ],
            [
              80.2260379,
              13.0718604
            ],
            [
              80.2269306,
              13.0719608
            ],
            [
              80.2277288,
              13.0720862
            ],
            [
              80.2282156,
              13.072278
            ],
            [
              80.2284703,
              13.0722894
            ],
            [
              80.2286164,
              13.0722926
            ],
            [
              80.2287214,
              13.0722904
            ],
            [
              80.2288374,
              13.0722766
            ],
            [
              80.2289614,
              13.0722537
            ],
            [
              80.2290787,
              13.0722278
            ],
            [
              80.2291841,
              13.0721873
            ],
            [
              80.2292703,
              13.0721313
            ],
            [
              80.2293342,
              13.0720644
            ],
            [
              80.2293965,
              13.0719664
            ],
            [
              80.229446,
              13.0718622
            ],
            [
              80.2294777,
              13.071782
            ],
            [
              80.2295451,
              13.0716115
            ],
            [
              80.2295592,
              13.0715497
            ],
            [
              80.2295747,
              13.0714412
            ],
            [
              80.2295773,
              13.0713226
            ],
            [
              80.2295697,
              13.0711868
            ],
            [
              80.2295545,
              13.0710534
            ],
            [
              80.2295373,
              13.0709487
            ],
            [
              80.2295069,
              13.070829
            ],
            [
              80.2294166,
              13.0705691
            ],
            [
              80.2293,
              13.0702925
            ],
            [
              80.2291403,
              13.0699764
            ],
            [
              80.2290312,
              13.0698307
            ],
            [
              80.2289146,
              13.0697072
            ],
            [
              80.2288385,
              13.0696281
            ],
            [
              80.2287663,
              13.0695491
            ],
            [
              80.228708,
              13.0694763
            ],
            [
              80.2286611,
              13.0694034
            ],
            [
              80.2285799,
              13.06927
            ],
            [
              80.2284632,
              13.0690486
            ],
            [
              80.2283821,
              13.0688658
            ],
            [
              80.2283441,
              13.0687448
            ],
            [
              80.2283162,
              13.068604
            ],
            [
              80.2283187,
              13.068483
            ],
            [
              80.2283441,
              13.0683818
            ],
            [
              80.228372,
              13.0683052
            ],
            [
              80.2284061,
              13.0682452
            ],
            [
              80.2284309,
              13.0682146
            ],
            [
              80.2284504,
              13.0681982
            ],
            [
              80.2284782,
              13.0681791
            ],
            [
              80.2285191,
              13.0681554
            ],
            [
              80.2285655,
              13.0681275
            ],
            [
              80.2287305,
              13.068051
            ],
            [
              80.2289321,
              13.0679688
            ],
            [
              80.2289863,
              13.0679484
            ],
            [
              80.2290587,
              13.0679216
            ],
            [
              80.2291244,
              13.067902
            ],
            [
              80.229179,
              13.0678897
            ],
            [
              80.2292489,
              13.067876
            ],
            [
              80.2293306,
              13.0678668
            ],
            [
              80.2294525,
              13.0678653
            ],
            [
              80.2296181,
              13.067879
            ],
            [
              80.2298416,
              13.0679064
            ],
            [
              80.2300989,
              13.0679533
            ],
            [
              80.2310171,
              13.0681517
            ],
            [
              80.2311195,
              13.0681721
            ],
            [
              80.2311821,
              13.0681841
            ],
            [
              80.2312219,
              13.0681905
            ],
            [
              80.2312739,
              13.068198
            ],
            [
              80.2313422,
              13.0682058
            ],
            [
              80.2314471,
              13.0682112
            ],
            [
              80.2315286,
              13.0682137
            ],
            [
              80.231611,
              13.0682136
            ],
            [
              80.2318154,
              13.0682001
            ],
            [
              80.2322118,
              13.0681657
            ],
            [
              80.2325927,
              13.0681179
            ],
            [
              80.2335076,
              13.0680054
            ],
            [
              80.2336215,
              13.0679902
            ],
            [
              80.2337264,
              13.0679705
            ],
            [
              80.2338378,
              13.0679386
            ],
            [
              80.2339314,
              13.067901
            ],
            [
              80.2340042,
              13.0678641
            ],
            [
              80.2340617,
              13.0678311
            ],
            [
              80.2341239,
              13.0677929
            ],
            [
              80.2341871,
              13.0677509
            ],
            [
              80.2342611,
              13.0676992
            ],
            [
              80.2343256,
              13.0676521
            ],
            [
              80.2344106,
              13.0675823
            ],
            [
              80.2344556,
              13.0675323
            ],
            [
              80.2344973,
              13.0674816
            ],
            [
              80.2345688,
              13.0673868
            ],
            [
              80.2346311,
              13.0673083
            ],
            [
              80.2347056,
              13.0672268
            ],
            [
              80.2347968,
              13.0671394
            ],
            [
              80.2348957,
              13.0670505
            ],
            [
              80.2349808,
              13.0669883
            ],
            [
              80.2350796,
              13.0669202
            ],
            [
              80.2352165,
              13.0668328
            ],
            [
              80.2353763,
              13.0667468
            ],
            [
              80.2355825,
              13.0666484
            ],
            [
              80.2358098,
              13.0665643
            ],
            [
              80.2360287,
              13.0665008
            ],
            [
              80.2364853,
              13.0663778
            ],
            [
              80.2368578,
              13.0663019
            ],
            [
              80.2371145,
              13.066263
            ],
            [
              80.2373818,
              13.0662363
            ],
            [
              80.2375228,
              13.0662271
            ],
            [
              80.2376532,
              13.066224
            ],
            [
              80.2377351,
              13.0662244
            ],
            [
              80.2378321,
              13.0662322
            ],
            [
              80.2379605,
              13.0662486
            ],
            [
              80.2381015,
              13.0662753
            ],
            [
              80.2383023,
              13.0663197
            ],
            [
              80.2384626,
              13.06637
            ],
            [
              80.238639,
              13.0664481
            ],
            [
              80.2388509,
              13.0665609
            ],
            [
              80.2393604,
              13.066842
            ],
            [
              80.2396472,
              13.0670016
            ],
            [
              80.2398235,
              13.0670867
            ],
            [
              80.2400248,
              13.0671821
            ],
            [
              80.2402582,
              13.0672914
            ],
            [
              80.2404791,
              13.0673886
            ],
            [
              80.2420235,
              13.0680063
            ],
            [
              80.2423349,
              13.0681281
            ],
            [
              80.2425427,
              13.0682005
            ],
            [
              80.2427958,
              13.068279
            ],
            [
              80.2429736,
              13.0683305
            ],
            [
              80.2436343,
              13.0685684
            ],
            [
              80.2447404,
              13.0691338
            ],
            [
              80.246958,
              13.0702938
            ],
            [
              80.2475105,
              13.0706259
            ],
            [
              80.2480642,
              13.0708739
            ],
            [
              80.2486983,
              13.0710307
            ],
            [
              80.249195,
              13.0710411
            ],
            [
              80.249754,
              13.0709157
            ],
            [
              80.2503291,
              13.0707224
            ],
            [
              80.2511584,
              13.0701945
            ],
            [
              80.2521948,
              13.0695246
            ],
            [
              80.25286,
              13.0689237
            ],
            [
              80.2540939,
              13.0675244
            ],
            [
              80.2546347,
              13.0669681
            ],
            [
              80.2547043,
              13.0668597
            ],
            [
              80.2553287,
              13.0661657
            ],
            [
              80.2555197,
              13.0658679
            ],
            [
              80.2556731,
              13.0654446
            ],
            [
              80.2556626,
              13.0651955
            ],
            [
              80.2557374,
              13.0648395
            ],
            [
              80.2557343,
              13.0643881
            ],
            [
              80.25573,
              13.0638821
            ],
            [
              80.2557572,
              13.0632264
            ],
            [
              80.2557713,
              13.0628876
            ],
            [
              80.2559487,
              13.0624305
            ],
            [
              80.2560024,
              13.0622921
            ],
            [
              80.256137,
              13.0620689
            ],
            [
              80.2564081,
              13.0616194
            ],
            [
              80.2568372,
              13.061238
            ],
            [
              80.2573146,
              13.0610331
            ],
            [
              80.2580871,
              13.0610917
            ],
            [
              80.2586879,
              13.0613676
            ],
            [
              80.2596149,
              13.0622037
            ],
            [
              80.2603702,
              13.0630732
            ],
            [
              80.2606166,
              13.0637819
            ],
            [
              80.2607841,
              13.0642258
            ],
            [
              80.2608718,
              13.06455
            ],
            [
              80.2609116,
              13.0647122
            ],
            [
              80.2612718,
              13.0654267
            ],
            [
              80.2617432,
              13.0658385
            ],
            [
              80.2633667,
              13.0666447
            ],
            [
              80.2647721,
              13.0668643
            ],
            [
              80.2660704,
              13.0669374
            ],
            [
              80.267673,
              13.0672288
            ],
            [
              80.2685678,
              13.067668
            ],
            [
              80.2691603,
              13.0686095
            ],
            [
              80.2692157,
              13.0698842
            ],
            [
              80.2688506,
              13.0706069
            ],
            [
              80.2684847,
              13.0714454
            ],
            [
              80.267737,
              13.0721816
            ],
            [
              80.2660907,
              13.0739218
            ],
            [
              80.2657631,
              13.0747495
            ],
            [
              80.265743,
              13.0754191
            ],
            [
              80.2659278,
              13.0763229
            ],
            [
              80.2666991,
              13.0785954
            ],
            [
              80.2679495,
              13.0796762
            ],
            [
              80.2694086,
              13.079927
            ],
            [
              80.2706905,
              13.0795577
            ],
            [
              80.2724247,
              13.0785676
            ],
            [
              80.2727561,
              13.0784744
            ],
            [
              80.2731122,
              13.078123
            ],
            [
              80.2738182,
              13.0770844
            ],
            [
              80.274183,
              13.0753078
            ],
            [
              80.2743439,
              13.0748689
            ],
            [
              80.2744405,
              13.0741268
            ],
            [
              80.2748251,
              13.0727402
            ],
            [
              80.275234,
              13.0722071
            ],
            [
              80.2765755,
              13.0710648
            ],
            [
              80.2786849,
              13.0696189
            ],
            [
              80.2788929,
              13.0694763
            ],
            [
              80.2811674,
              13.0687656
            ],
            [
              80.282535,
              13.0686192
            ],
            [
              80.2848582,
              13.0685566
            ],
            [
              80.2865407,
              13.0680568
            ],
            [
              80.287213,
              13.0678407
            ],
            [
              80.2874807,
              13.067765
            ],
            [
              80.2877316,
              13.0677025
            ],
            [
              80.2878921,
              13.0676704
            ],
            [
              80.288137,
              13.0676286
            ],
            [
              80.2884166,
              13.0675918
            ],
            [
              80.2888377,
              13.0675261
            ],
            [
              80.2891605,
              13.0674672
            ],
            [
              80.2895437,
              13.0673755
            ],
            [
              80.2899337,
              13.0672641
            ],
            [
              80.2903602,
              13.0671229
            ],
            [
              80.2912636,
              13.0668058
            ]
          ],
          [
            [
              80.2724247,
              13.0785676
            ],
            [
              80.2737092,
              13.0789796
            ],
            [
              80.2743375,
              13.0791553
            ],
            [
              80.2745805,
              13.0792163
            ],
            [
              80.274771,
              13.0792464
            ],
            [
              80.274916,
              13.0792631
            ],
            [
              80.2751147,
              13.079257
            ]
          ],
          [
            [
              80.2840428,
              13.0696853
            ],
            [
              80.2843432,
              13.068891
            ],
            [
              80.2848582,
              13.0685566
            ]
          ]
        ]
      },
      "properties": {
        "river_id": "cooum",
        "name": "Cooum",
        "name_ta": "கூவம் ஆறு",
        "waterway": "river",
        "length_km": 42.5,
        "osm_ids": [
          11901885,
          164799200,
          22658645,
          85130862,
          164799260,
          136720424
        ]
      }
    }
  ]
}