{
  "nvdm": "1.0",
  "dataset": "geojson-layers/rivers",
  "scope": {
    "kind": "city",
    "id": "bangalore"
  },
  "provenance": {
    "sources": [
      {
        "id": "osm-overpass",
        "title": "OpenStreetMap (Overpass API extract)",
        "publisher": "OpenStreetMap contributors",
        "license": "ODbL 1.0"
      }
    ],
    "method": "api",
    "produced_at": "2026-06-03",
    "produced_by": "scripts/fetch-rivers-osm-bangalore.ts",
    "note": "Vrishabhavathi (OSM spelling variants collapsed), Arkavati and Dakshina Pinakini reaches; bbox extends past GBA to Nandi Hills headwaters and the Byramangala discharge."
  },
  "type": "FeatureCollection",
  "features": [
    {
      "type": "Feature",
      "geometry": {
        "type": "MultiLineString",
        "coordinates": [
          [
            [
              77.9041901,
              12.6861359
            ],
            [
              77.9045248,
              12.6859468
            ],
            [
              77.9049432,
              12.6858788
            ],
            [
              77.9058123,
              12.6862085
            ],
            [
              77.9063594,
              12.6863602
            ],
            [
              77.9068637,
              12.6863812
            ],
            [
              77.9075128,
              12.6862451
            ],
            [
              77.9080599,
              12.6864492
            ],
            [
              77.9086876,
              12.6866952
            ],
            [
              77.9089719,
              12.6867685
            ],
            [
              77.909342,
              12.686669
            ],
            [
              77.9097766,
              12.6867214
            ],
            [
              77.9102862,
              12.687004
            ],
            [
              77.9107046,
              12.6870301
            ],
            [
              77.9113322,
              12.6871191
            ],
            [
              77.9114824,
              12.6870458
            ],
            [
              77.9116595,
              12.6867423
            ],
            [
              77.9117453,
              12.6865277
            ],
            [
              77.9118204,
              12.6862346
            ],
            [
              77.911697,
              12.686041
            ],
            [
              77.9113322,
              12.6858735
            ],
            [
              77.9111016,
              12.6853816
            ],
            [
              77.9109085,
              12.6835289
            ],
            [
              77.9107529,
              12.6823095
            ],
            [
              77.9105598,
              12.6813675
            ],
            [
              77.9101682,
              12.6806505
            ],
            [
              77.9098463,
              12.6798497
            ],
            [
              77.9096532,
              12.6795305
            ],
            [
              77.9095995,
              12.679363
            ],
            [
              77.9096532,
              12.6791066
            ],
            [
              77.90968,
              12.6789129
            ],
            [
              77.9096371,
              12.6784628
            ],
            [
              77.9097283,
              12.6780651
            ],
            [
              77.9098248,
              12.6778453
            ],
            [
              77.9099965,
              12.6775731
            ],
            [
              77.910549,
              12.6774056
            ],
            [
              77.9110533,
              12.6773376
            ],
            [
              77.9115361,
              12.6773638
            ],
            [
              77.9120999,
              12.677521
            ],
            [
              77.9121589,
              12.6775375
            ],
            [
              77.9123785,
              12.6776219
            ],
            [
              77.9130106,
              12.6779833
            ],
            [
              77.9142398,
              12.6781488
            ],
            [
              77.9152536,
              12.6786408
            ],
            [
              77.9153931,
              12.6789077
            ],
            [
              77.9155004,
              12.6792269
            ],
            [
              77.9156291,
              12.6793997
            ],
            [
              77.9160368,
              12.6795776
            ],
            [
              77.9168683,
              12.6798707
            ],
            [
              77.9182899,
              12.6803417
            ],
            [
              77.9192287,
              12.6808494
            ],
            [
              77.9200494,
              12.6811634
            ],
            [
              77.9208531,
              12.681267
            ],
            [
              77.9213799,
              12.6814118
            ],
            [
              77.9219241,
              12.6813877
            ],
            [
              77.9222145,
              12.6812792
            ],
            [
              77.9227601,
              12.6808713
            ],
            [
              77.9231782,
              12.68042
            ],
            [
              77.9235071,
              12.6802245
            ],
            [
              77.9242269,
              12.6799132
            ],
            [
              77.9248255,
              12.6797902
            ],
            [
              77.9252658,
              12.679754
            ],
            [
              77.925669,
              12.6799639
            ],
            [
              77.9259312,
              12.6798698
            ],
            [
              77.9260969,
              12.6795899
            ],
            [
              77.9262972,
              12.6793172
            ],
            [
              77.9265322,
              12.6791459
            ],
            [
              77.926923,
              12.6792327
            ],
            [
              77.9272792,
              12.6794523
            ],
            [
              77.927769,
              12.6794523
            ],
            [
              77.9283304,
              12.6793896
            ],
            [
              77.9286545,
              12.6791869
            ],
            [
              77.929596,
              12.6784322
            ],
            [
              77.9298739,
              12.6780334
            ],
            [
              77.9300174,
              12.6776304
            ],
            [
              77.9299184,
              12.6773504
            ],
            [
              77.9300767,
              12.6771381
            ],
            [
              77.9306728,
              12.6766772
            ],
            [
              77.9312615,
              12.6761294
            ],
            [
              77.9320159,
              12.6752461
            ],
            [
              77.9323029,
              12.674667
            ],
            [
              77.932758,
              12.6742953
            ],
            [
              77.9333887,
              12.6737668
            ],
            [
              77.9339552,
              12.6733614
            ],
            [
              77.9342273,
              12.6728281
            ],
            [
              77.9341827,
              12.672384
            ],
            [
              77.9339725,
              12.6718024
            ],
            [
              77.9340096,
              12.6713705
            ],
            [
              77.9344301,
              12.6696812
            ],
            [
              77.9344368,
              12.6690716
            ],
            [
              77.9345197,
              12.6688388
            ],
            [
              77.9346898,
              12.6686626
            ],
            [
              77.93467,
              12.6681075
            ],
            [
              77.9345464,
              12.6672339
            ],
            [
              77.9344623,
              12.6664955
            ],
            [
              77.9347393,
              12.6659163
            ],
            [
              77.9351844,
              12.6651443
            ],
            [
              77.9356,
              12.6646304
            ],
            [
              77.9359189,
              12.6645597
            ],
            [
              77.9364407,
              12.6647058
            ],
            [
              77.9371607,
              12.664621
            ],
            [
              77.9376536,
              12.6644371
            ],
            [
              77.9384122,
              12.664027
            ],
            [
              77.9389002,
              12.6637583
            ],
            [
              77.9435559,
              12.6609371
            ],
            [
              77.9440615,
              12.6605971
            ],
            [
              77.9446666,
              12.660137
            ],
            [
              77.9461939,
              12.6585002
            ],
            [
              77.947139,
              12.6575372
            ],
            [
              77.9477478,
              12.6571694
            ],
            [
              77.9481827,
              12.6573627
            ],
            [
              77.9483901,
              12.6574893
            ],
            [
              77.9486051,
              12.6575246
            ],
            [
              77.9487066,
              12.6573903
            ],
            [
              77.948777,
              12.657193
            ],
            [
              77.9490234,
              12.6566414
            ],
            [
              77.9492022,
              12.6561652
            ],
            [
              77.9493182,
              12.654699
            ],
            [
              77.9494341,
              12.6539541
            ],
            [
              77.9495484,
              12.6538008
            ],
            [
              77.9496986,
              12.6537171
            ],
            [
              77.9499078,
              12.6537276
            ]
          ],
          [
            [
              77.7790641,
              12.9700768
            ],
            [
              77.7794332,
              12.9701186
            ],
            [
              77.7797937,
              12.9700099
            ],
            [
              77.7804288,
              12.9699263
            ],
            [
              77.780858,
              12.9700183
            ],
            [
              77.7811755,
              12.970403
            ],
            [
              77.7814502,
              12.9705954
            ],
            [
              77.781845,
              12.9706957
            ],
            [
              77.7823428,
              12.970771
            ],
            [
              77.7827462,
              12.9708212
            ],
            [
              77.7831164,
              12.9707758
            ],
            [
              77.7834378,
              12.9706002
            ],
            [
              77.7836732,
              12.9699095
            ],
            [
              77.7839221,
              12.9693993
            ],
            [
              77.7841281,
              12.9690397
            ],
            [
              77.7843169,
              12.9684876
            ],
            [
              77.7845144,
              12.9682116
            ],
            [
              77.7848663,
              12.9680025
            ],
            [
              77.7850379,
              12.9679189
            ],
            [
              77.7852182,
              12.967601
            ],
            [
              77.7852439,
              12.9673334
            ],
            [
              77.7854757,
              12.967417
            ],
            [
              77.7858361,
              12.9672246
            ],
            [
              77.786291,
              12.9669737
            ],
            [
              77.7868318,
              12.9667144
            ],
            [
              77.7870893,
              12.9665053
            ],
            [
              77.7872266,
              12.9664719
            ],
            [
              77.7876643,
              12.9662544
            ],
            [
              77.7878188,
              12.9660286
            ],
            [
              77.7880334,
              12.9659115
            ],
            [
              77.7882909,
              12.9656354
            ],
            [
              77.7884626,
              12.9652256
            ],
            [
              77.7886771,
              12.9648325
            ],
            [
              77.7890205,
              12.9645481
            ],
            [
              77.7891492,
              12.964247
            ],
            [
              77.789132,
              12.9639208
            ],
            [
              77.7889261,
              12.9638538
            ],
            [
              77.7888402,
              12.9636196
            ],
            [
              77.7888145,
              12.9632683
            ],
            [
              77.7889003,
              12.9629338
            ],
            [
              77.7888402,
              12.9625156
            ],
            [
              77.7890119,
              12.9620137
            ],
            [
              77.7892522,
              12.9616122
            ],
            [
              77.7894153,
              12.9611605
            ],
            [
              77.7893295,
              12.9609431
            ],
            [
              77.789072,
              12.9608092
            ],
            [
              77.7888746,
              12.9605834
            ],
            [
              77.7889346,
              12.9602488
            ],
            [
              77.789175,
              12.9598389
            ],
            [
              77.7897071,
              12.9593287
            ],
            [
              77.7901706,
              12.9589941
            ],
            [
              77.7905483,
              12.9588603
            ],
            [
              77.7906856,
              12.959036
            ],
            [
              77.7907886,
              12.9591949
            ],
            [
              77.7912864,
              12.9590611
            ],
            [
              77.7919645,
              12.9587599
            ],
            [
              77.7926597,
              12.9583166
            ],
            [
              77.7929086,
              12.9576725
            ],
            [
              77.7929086,
              12.9572794
            ],
            [
              77.7927884,
              12.9567357
            ],
            [
              77.7927884,
              12.956443
            ],
            [
              77.792797,
              12.9559996
            ],
            [
              77.7925395,
              12.9557654
            ],
            [
              77.7924194,
              12.9553639
            ],
            [
              77.7922477,
              12.954929
            ],
            [
              77.7922305,
              12.9544271
            ],
            [
              77.7920074,
              12.954126
            ],
            [
              77.7913894,
              12.9541092
            ],
            [
              77.7905912,
              12.9541176
            ],
            [
              77.7900419,
              12.9541427
            ],
            [
              77.7893895,
              12.9540423
            ],
            [
              77.78866,
              12.9539001
            ],
            [
              77.788248,
              12.9537077
            ],
            [
              77.788145,
              12.953323
            ],
            [
              77.7883424,
              12.9529298
            ],
            [
              77.7886514,
              12.95252
            ],
            [
              77.7890119,
              12.9519428
            ],
            [
              77.7894925,
              12.95165
            ],
            [
              77.7899131,
              12.9512653
            ],
            [
              77.7904023,
              12.9509056
            ],
            [
              77.7910718,
              12.950571
            ],
            [
              77.7916641,
              12.9501695
            ],
            [
              77.7919387,
              12.9498265
            ],
            [
              77.7921876,
              12.9493163
            ],
            [
              77.7922992,
              12.9489398
            ],
            [
              77.7925052,
              12.9485634
            ],
            [
              77.792591,
              12.9481619
            ],
            [
              77.7926339,
              12.9477353
            ],
            [
              77.7926425,
              12.9472418
            ],
            [
              77.7927541,
              12.9470159
            ],
            [
              77.7927112,
              12.9468152
            ],
            [
              77.7928657,
              12.9465224
            ],
            [
              77.793003,
              12.946238
            ],
            [
              77.7932262,
              12.9457277
            ],
            [
              77.7934751,
              12.9452091
            ],
            [
              77.7939557,
              12.9448996
            ],
            [
              77.7943248,
              12.9448494
            ],
            [
              77.7946767,
              12.9445232
            ],
            [
              77.7950629,
              12.9442722
            ],
            [
              77.7952346,
              12.9442806
            ],
            [
              77.7954492,
              12.9443726
            ],
            [
              77.7957067,
              12.9443559
            ],
            [
              77.7959298,
              12.9441384
            ],
            [
              77.7962388,
              12.9439376
            ],
            [
              77.7966079,
              12.9439376
            ],
            [
              77.7969169,
              12.9438958
            ],
            [
              77.7973031,
              12.9439711
            ],
            [
              77.7977151,
              12.943854
            ],
            [
              77.7981099,
              12.9437369
            ],
            [
              77.7984018,
              12.9438875
            ],
            [
              77.7985305,
              12.9437787
            ],
            [
              77.7988996,
              12.9437034
            ],
            [
              77.7990455,
              12.9438456
            ],
            [
              77.7991399,
              12.9441217
            ],
            [
              77.7992944,
              12.9442388
            ],
            [
              77.7994832,
              12.9445316
            ],
            [
              77.7994918,
              12.9450084
            ],
            [
              77.7996635,
              12.9451506
            ],
            [
              77.8001355,
              12.9451004
            ],
            [
              77.8004703,
              12.9450251
            ],
            [
              77.8011226,
              12.9445734
            ],
            [
              77.801835,
              12.9441802
            ],
            [
              77.8023156,
              12.9439376
            ],
            [
              77.8025731,
              12.9434776
            ],
            [
              77.8024787,
              12.9430175
            ],
            [
              77.802247,
              12.9428335
            ],
            [
              77.8022298,
              12.9426411
            ],
            [
              77.8025045,
              12.9422563
            ],
            [
              77.8026933,
              12.9420639
            ],
            [
              77.8028821,
              12.9416456
            ],
            [
              77.8028907,
              12.9412274
            ],
            [
              77.8028907,
              12.9407589
            ],
            [
              77.8026761,
              12.9404662
            ],
            [
              77.8024873,
              12.9403741
            ],
            [
              77.8021869,
              12.9406
            ],
            [
              77.801938,
              12.9405414
            ],
            [
              77.8016977,
              12.9402989
            ],
            [
              77.801629,
              12.9399643
            ],
            [
              77.8018092,
              12.9395878
            ],
            [
              77.8022727,
              12.939203
            ],
            [
              77.8027705,
              12.9389521
            ],
            [
              77.8033284,
              12.9389604
            ],
            [
              77.8036975,
              12.938927
            ],
            [
              77.8039893,
              12.9385756
            ],
            [
              77.804264,
              12.9382912
            ],
            [
              77.8051223,
              12.9377726
            ],
            [
              77.805766,
              12.9374798
            ],
            [
              77.8062381,
              12.937187
            ],
            [
              77.8066673,
              12.9367688
            ],
            [
              77.8072337,
              12.9363923
            ]
          ],
          [
            [
              77.8254642,
              12.8966042
            ],
            [
              77.8250264,
              12.8963281
            ],
            [
              77.8246488,
              12.8958512
            ],
            [
              77.824726,
              12.895391
            ],
            [
              77.8249533,
              12.8949536
            ],
            [
              77.825436,
              12.8947021
            ],
            [
              77.8257148,
              12.894465
            ],
            [
              77.825969,
              12.8941232
            ],
            [
              77.8267259,
              12.8937679
            ],
            [
              77.8272199,
              12.8934287
            ],
            [
              77.8274451,
              12.8933955
            ],
            [
              77.8276645,
              12.8934215
            ],
            [
              77.8278765,
              12.8933112
            ],
            [
              77.8280133,
              12.8927722
            ],
            [
              77.8282365,
              12.892036
            ],
            [
              77.8284082,
              12.8914503
            ],
            [
              77.8285627,
              12.8910403
            ],
            [
              77.8288459,
              12.8905634
            ],
            [
              77.8293351,
              12.8899861
            ],
            [
              77.8297729,
              12.8897351
            ],
            [
              77.8301591,
              12.8894339
            ],
            [
              77.830099,
              12.8889988
            ],
            [
              77.8301677,
              12.8883211
            ],
            [
              77.8303394,
              12.8878191
            ],
            [
              77.8305883,
              12.887384
            ],
            [
              77.8307771,
              12.8870243
            ],
            [
              77.8308973,
              12.8867063
            ],
            [
              77.8310003,
              12.8863382
            ],
            [
              77.831026,
              12.8860621
            ],
            [
              77.8310689,
              12.8855852
            ],
            [
              77.831335,
              12.8853509
            ],
            [
              77.8315753,
              12.8851333
            ],
            [
              77.8315925,
              12.8846815
            ],
            [
              77.8316354,
              12.8841209
            ],
            [
              77.8319358,
              12.8833261
            ],
            [
              77.8322963,
              12.8829245
            ],
            [
              77.8322963,
              12.8825396
            ],
            [
              77.832468,
              12.8820041
            ],
            [
              77.832322,
              12.8815523
            ],
            [
              77.8320731,
              12.8813013
            ],
            [
              77.8316869,
              12.8811506
            ],
            [
              77.8313693,
              12.8809749
            ],
            [
              77.8311118,
              12.8804645
            ],
            [
              77.8310003,
              12.8800797
            ],
            [
              77.8308543,
              12.8796278
            ],
            [
              77.8305368,
              12.8790505
            ],
            [
              77.8301763,
              12.8786824
            ],
            [
              77.8299703,
              12.8785066
            ],
            [
              77.8298845,
              12.8782222
            ],
            [
              77.829893,
              12.8779209
            ],
            [
              77.8300561,
              12.8775528
            ],
            [
              77.8304767,
              12.8774858
            ],
            [
              77.8308629,
              12.877536
            ],
            [
              77.8310775,
              12.8774524
            ],
            [
              77.8314037,
              12.8774189
            ],
            [
              77.8315753,
              12.8773185
            ],
            [
              77.8319444,
              12.8769671
            ],
            [
              77.8319444,
              12.8764734
            ],
            [
              77.8317727,
              12.8761555
            ],
            [
              77.8316697,
              12.8756953
            ],
            [
              77.8315753,
              12.8751347
            ],
            [
              77.8317985,
              12.8744067
            ],
            [
              77.8320903,
              12.8737373
            ],
            [
              77.8325452,
              12.8733189
            ],
            [
              77.8333692,
              12.8724404
            ],
            [
              77.8342275,
              12.8718714
            ],
            [
              77.8350429,
              12.8714698
            ],
            [
              77.8356437,
              12.8712689
            ],
            [
              77.836296,
              12.8707753
            ],
            [
              77.8363647,
              12.87029
            ],
            [
              77.835781,
              12.8699804
            ],
            [
              77.8348541,
              12.8695118
            ],
            [
              77.8339614,
              12.8690265
            ],
            [
              77.8331117,
              12.8683152
            ],
            [
              77.832365,
              12.8678299
            ],
            [
              77.8320903,
              12.8674283
            ],
            [
              77.8319873,
              12.8668509
            ],
            [
              77.8320302,
              12.8657799
            ],
            [
              77.8318671,
              12.8652611
            ],
            [
              77.8317041,
              12.8647758
            ],
            [
              77.8316011,
              12.8642653
            ],
            [
              77.8319358,
              12.86378
            ],
            [
              77.832365,
              12.8632194
            ],
            [
              77.8325452,
              12.862801
            ],
            [
              77.8324765,
              12.8620479
            ]
          ],
          [
            [
              77.8799899,
              12.7860441
            ],
            [
              77.8790458,
              12.7871322
            ],
            [
              77.8788741,
              12.7888899
            ],
            [
              77.8786166,
              12.7903966
            ],
            [
              77.8766425,
              12.7908988
            ],
            [
              77.8757842,
              12.7898943
            ],
            [
              77.8742392,
              12.7881366
            ],
            [
              77.8733846,
              12.7867141
            ],
            [
              77.8734668,
              12.7839515
            ],
            [
              77.8743251,
              12.7821937
            ],
            [
              77.87375,
              12.78025
            ],
            [
              77.8724368,
              12.77985
            ],
            [
              77.8722651,
              12.7780085
            ],
            [
              77.8727801,
              12.7770878
            ],
            [
              77.8734668,
              12.7763344
            ],
            [
              77.87587,
              12.7755811
            ],
            [
              77.8760417,
              12.7746603
            ],
            [
              77.8739818,
              12.7717306
            ],
            [
              77.874543,
              12.770786
            ]
          ],
          [
            [
              77.8324765,
              12.8620479
            ],
            [
              77.8326062,
              12.8616864
            ],
            [
              77.8329193,
              12.8612432
            ],
            [
              77.834334,
              12.8612745
            ],
            [
              77.8357639,
              12.8611525
            ],
            [
              77.83712,
              12.8611693
            ],
            [
              77.8382014,
              12.8614203
            ],
            [
              77.83924,
              12.8615458
            ],
            [
              77.8406133,
              12.8617299
            ],
            [
              77.8417548,
              12.8618387
            ],
            [
              77.8428277,
              12.8618554
            ],
            [
              77.8433513,
              12.8611107
            ],
            [
              77.8437461,
              12.8602321
            ],
            [
              77.8443383,
              12.8593116
            ],
            [
              77.8448962,
              12.8587761
            ],
            [
              77.8454971,
              12.8584079
            ],
            [
              77.8465099,
              12.8574958
            ],
            [
              77.8468017,
              12.8567845
            ],
            [
              77.8468875,
              12.8562741
            ],
            [
              77.8472566,
              12.8558557
            ],
            [
              77.8471793,
              12.8551863
            ],
            [
              77.8471622,
              12.8545503
            ],
            [
              77.8475227,
              12.8541319
            ],
            [
              77.8479947,
              12.8538809
            ],
            [
              77.848072,
              12.8534457
            ],
            [
              77.8481235,
              12.8529018
            ],
            [
              77.8484582,
              12.8524667
            ],
            [
              77.8491105,
              12.851814
            ],
            [
              77.8495397,
              12.8511529
            ],
            [
              77.8504237,
              12.8503663
            ],
            [
              77.851282,
              12.8494876
            ],
            [
              77.8519,
              12.8489019
            ],
            [
              77.8528613,
              12.8478056
            ],
            [
              77.8532733,
              12.8471362
            ],
            [
              77.8540458,
              12.8463328
            ],
            [
              77.8548097,
              12.8458056
            ],
            [
              77.8563289,
              12.844542
            ],
            [
              77.8570327,
              12.8438893
            ],
            [
              77.8577708,
              12.8435378
            ],
            [
              77.8584918,
              12.8431362
            ],
            [
              77.8590497,
              12.842701
            ],
            [
              77.8593759,
              12.841814
            ],
            [
              77.8594617,
              12.8408851
            ],
            [
              77.8597192,
              12.8400901
            ],
            [
              77.8603029,
              12.8396716
            ],
            [
              77.8609122,
              12.8393536
            ],
            [
              77.8614873,
              12.8394457
            ],
            [
              77.8617448,
              12.8392197
            ],
            [
              77.8623714,
              12.838885
            ],
            [
              77.8629207,
              12.8388264
            ],
            [
              77.8636588,
              12.8386925
            ],
            [
              77.8642596,
              12.8386423
            ],
            [
              77.8651351,
              12.8383494
            ],
            [
              77.8659677,
              12.8376381
            ],
            [
              77.8665771,
              12.836751
            ],
            [
              77.8669032,
              12.8357133
            ],
            [
              77.866826,
              12.8347091
            ],
            [
              77.8666801,
              12.8337467
            ],
            [
              77.866826,
              12.8332446
            ],
            [
              77.8675985,
              12.8326086
            ],
            [
              77.8690747,
              12.8319223
            ],
            [
              77.8701991,
              12.8313616
            ],
            [
              77.8711089,
              12.8308344
            ],
            [
              77.8717527,
              12.8307926
            ],
            [
              77.8723535,
              12.8305248
            ],
            [
              77.872611,
              12.830031
            ],
            [
              77.8728685,
              12.8292192
            ],
            [
              77.873332,
              12.8278635
            ],
            [
              77.8736066,
              12.8270852
            ],
            [
              77.8737182,
              12.8267002
            ],
            [
              77.8736839,
              12.8259135
            ],
            [
              77.873804,
              12.8255788
            ],
            [
              77.8737869,
              12.8243318
            ],
            [
              77.873804,
              12.8235535
            ],
            [
              77.8741044,
              12.8232187
            ],
            [
              77.875452,
              12.8223734
            ],
            [
              77.8770828,
              12.8211683
            ],
            [
              77.8779325,
              12.8202896
            ],
            [
              77.878705,
              12.8194275
            ],
            [
              77.8791856,
              12.8182893
            ],
            [
              77.8798293,
              12.8173855
            ],
            [
              77.8803615,
              12.8166573
            ],
            [
              77.8813314,
              12.8163309
            ],
            [
              77.8818893,
              12.816264
            ],
            [
              77.8824987,
              12.8158623
            ],
            [
              77.8828592,
              12.8149919
            ],
            [
              77.8832368,
              12.8139206
            ],
            [
              77.8836917,
              12.8128326
            ],
            [
              77.8841981,
              12.812004
            ],
            [
              77.884653,
              12.8115604
            ],
            [
              77.8851938,
              12.8112005
            ],
            [
              77.8858031,
              12.8110332
            ],
            [
              77.8858031,
              12.8109662
            ],
            [
              77.8864898,
              12.8111587
            ],
            [
              77.8870734,
              12.8111503
            ],
            [
              77.8878942,
              12.8109613
            ],
            [
              77.8882657,
              12.8109518
            ],
            [
              77.8901186,
              12.8103755
            ],
            [
              77.8904676,
              12.8097476
            ],
            [
              77.8902007,
              12.806739
            ],
            [
              77.88972,
              12.8051655
            ],
            [
              77.8888305,
              12.8037046
            ],
            [
              77.8877576,
              12.802952
            ],
            [
              77.8866847,
              12.8025329
            ],
            [
              77.886513,
              12.8020307
            ],
            [
              77.887028,
              12.8007753
            ],
            [
              77.8864272,
              12.7995198
            ],
            [
              77.8854899,
              12.7990158
            ],
            [
              77.8846248,
              12.7980132
            ],
            [
              77.8848823,
              12.7958371
            ],
            [
              77.8848823,
              12.7944979
            ],
            [
              77.8854831,
              12.793075
            ],
            [
              77.8848823,
              12.7911499
            ],
            [
              77.8857406,
              12.789141
            ],
            [
              77.8856547,
              12.7880529
            ],
            [
              77.883509,
              12.78663
            ],
            [
              77.8817923,
              12.785793
            ],
            [
              77.8799899,
              12.7860441
            ]
          ],
          [
            [
              77.8072337,
              12.9363923
            ],
            [
              77.8077831,
              12.9361916
            ],
            [
              77.8086414,
              12.9357064
            ],
            [
              77.8096542,
              12.9352045
            ],
            [
              77.8100061,
              12.9349451
            ],
            [
              77.8101348,
              12.9345603
            ],
            [
              77.8100576,
              12.9341923
            ],
            [
              77.8102464,
              12.9337322
            ],
            [
              77.810624,
              12.9333557
            ],
            [
              77.8108901,
              12.9331382
            ],
            [
              77.8112764,
              12.9328287
            ],
            [
              77.8115854,
              12.9326029
            ],
            [
              77.8119287,
              12.9323184
            ],
            [
              77.8121089,
              12.9319085
            ],
            [
              77.8123492,
              12.9315321
            ],
            [
              77.812684,
              12.9311556
            ],
            [
              77.8131097,
              12.9307749
            ],
            [
              77.8134135,
              12.9305031
            ],
            [
              77.8136281,
              12.9301685
            ],
            [
              77.8134736,
              12.9298339
            ],
            [
              77.813568,
              12.9293654
            ],
            [
              77.814083,
              12.928989
            ],
            [
              77.8145894,
              12.9286376
            ],
            [
              77.8151645,
              12.9283198
            ],
            [
              77.8156881,
              12.9279349
            ],
            [
              77.815937,
              12.927525
            ],
            [
              77.8160915,
              12.9271235
            ],
            [
              77.8161086,
              12.9266383
            ],
            [
              77.8159627,
              12.9260276
            ],
            [
              77.8157567,
              12.9255173
            ],
            [
              77.815216,
              12.9248481
            ],
            [
              77.8153276,
              12.924229
            ],
            [
              77.8153705,
              12.9233088
            ],
            [
              77.8154735,
              12.9228068
            ],
            [
              77.815731,
              12.92233
            ],
            [
              77.8160485,
              12.9219117
            ],
            [
              77.8163747,
              12.9216189
            ],
            [
              77.8166064,
              12.9213679
            ],
            [
              77.8165549,
              12.9210835
            ],
            [
              77.8163747,
              12.9208576
            ],
            [
              77.8163747,
              12.9205732
            ],
            [
              77.816512,
              12.9199039
            ],
            [
              77.8168639,
              12.9197282
            ],
            [
              77.8172416,
              12.9193434
            ],
            [
              77.8175077,
              12.9189335
            ],
            [
              77.8174562,
              12.9185319
            ],
            [
              77.8173703,
              12.9182391
            ],
            [
              77.817336,
              12.9178208
            ],
            [
              77.8172759,
              12.917528
            ],
            [
              77.8170013,
              12.9171934
            ],
            [
              77.8166579,
              12.9166413
            ],
            [
              77.8164434,
              12.9159887
            ],
            [
              77.8163747,
              12.9155955
            ],
            [
              77.816452,
              12.9152358
            ],
            [
              77.8165292,
              12.9144661
            ],
            [
              77.8166665,
              12.9141315
            ],
            [
              77.8169584,
              12.914006
            ],
            [
              77.8172244,
              12.9139307
            ],
            [
              77.8175506,
              12.9136797
            ],
            [
              77.8181857,
              12.9133702
            ],
            [
              77.8187865,
              12.913412
            ],
            [
              77.819087,
              12.9134957
            ],
            [
              77.8194989,
              12.9133116
            ],
            [
              77.8202199,
              12.91291
            ],
            [
              77.820589,
              12.9126423
            ],
            [
              77.8209237,
              12.9120902
            ],
            [
              77.8210696,
              12.9113707
            ],
            [
              77.8213615,
              12.9106679
            ],
            [
              77.821413,
              12.9101158
            ],
            [
              77.8212413,
              12.9097142
            ],
            [
              77.8211211,
              12.9091871
            ],
            [
              77.8211383,
              12.9086099
            ],
            [
              77.8211726,
              12.9080159
            ],
            [
              77.8216876,
              12.9076394
            ],
            [
              77.8221425,
              12.9073298
            ],
            [
              77.8222541,
              12.9068446
            ],
            [
              77.8220481,
              12.9064681
            ],
            [
              77.821619,
              12.906192
            ],
            [
              77.8214215,
              12.9059578
            ],
            [
              77.8212327,
              12.9052383
            ],
            [
              77.8212671,
              12.9047698
            ],
            [
              77.8215417,
              12.9040419
            ],
            [
              77.8217477,
              12.9034479
            ],
            [
              77.8216962,
              12.9030882
            ],
            [
              77.8214044,
              12.9025443
            ],
            [
              77.8212671,
              12.9020758
            ],
            [
              77.8216018,
              12.9018081
            ],
            [
              77.8220052,
              12.9017328
            ],
            [
              77.8221769,
              12.9017997
            ],
            [
              77.822606,
              12.9016826
            ],
            [
              77.8232841,
              12.9012475
            ],
            [
              77.8237733,
              12.9006033
            ],
            [
              77.8238591,
              12.9001766
            ],
            [
              77.823945,
              12.8996412
            ],
            [
              77.8242368,
              12.89893
            ],
            [
              77.8247775,
              12.8983862
            ],
            [
              77.8251724,
              12.8978926
            ],
            [
              77.825344,
              12.8974492
            ],
            [
              77.8255071,
              12.8970225
            ],
            [
              77.8254642,
              12.8966042
            ]
          ],
          [
            [
              77.7789525,
              12.9718082
            ],
            [
              77.778695,
              12.971298
            ],
            [
              77.778532,
              12.9706456
            ],
            [
              77.7787294,
              12.9702525
            ],
            [
              77.7790641,
              12.9700768
            ]
          ],
          [
            [
              77.7728058,
              13.0029304
            ],
            [
              77.7725199,
              13.0026445
            ],
            [
              77.7725972,
              13.0023806
            ],
            [
              77.7728107,
              13.0020586
            ],
            [
              77.7732157,
              13.0018678
            ],
            [
              77.7737028,
              13.0018532
            ],
            [
              77.7737135,
              13.001526
            ],
            [
              77.7738261,
              13.0012897
            ],
            [
              77.7743615,
              13.0011397
            ],
            [
              77.7747935,
              13.0010461
            ],
            [
              77.7749586,
              13.0008078
            ],
            [
              77.7747333,
              13.0001565
            ],
            [
              77.7747295,
              12.9995716
            ],
            [
              77.7749495,
              12.9990489
            ],
            [
              77.7751168,
              12.9982518
            ],
            [
              77.7747934,
              12.9977505
            ],
            [
              77.774438,
              12.9975286
            ],
            [
              77.7746276,
              12.9972576
            ],
            [
              77.7745718,
              12.996852
            ],
            [
              77.7744737,
              12.996358
            ],
            [
              77.7744621,
              12.9961817
            ],
            [
              77.7744549,
              12.9959551
            ],
            [
              77.7744366,
              12.9957502
            ],
            [
              77.7745316,
              12.9956592
            ],
            [
              77.7751592,
              12.9957031
            ],
            [
              77.7753858,
              12.9956552
            ],
            [
              77.7753911,
              12.995292
            ],
            [
              77.775349,
              12.9951515
            ],
            [
              77.7753255,
              12.9948626
            ],
            [
              77.7753555,
              12.994549
            ],
            [
              77.7754854,
              12.9943509
            ],
            [
              77.7757525,
              12.9939599
            ],
            [
              77.7760572,
              12.9935203
            ],
            [
              77.776179,
              12.9932501
            ],
            [
              77.7762771,
              12.9928188
            ],
            [
              77.7759043,
              12.9924519
            ],
            [
              77.7755551,
              12.9922109
            ],
            [
              77.7755208,
              12.9918173
            ],
            [
              77.775763,
              12.9914637
            ],
            [
              77.7757359,
              12.9901927
            ],
            [
              77.7759998,
              12.9893663
            ],
            [
              77.7762029,
              12.9887976
            ],
            [
              77.7761961,
              12.9882226
            ],
            [
              77.7761764,
              12.9881836
            ],
            [
              77.7759059,
              12.9876495
            ],
            [
              77.7757568,
              12.9872187
            ],
            [
              77.7759319,
              12.9863186
            ],
            [
              77.7764008,
              12.9856231
            ],
            [
              77.7765667,
              12.9852903
            ],
            [
              77.7767511,
              12.9849329
            ],
            [
              77.7768149,
              12.9847358
            ],
            [
              77.77658,
              12.9840709
            ],
            [
              77.7763013,
              12.9830801
            ],
            [
              77.7761712,
              12.9824188
            ],
            [
              77.7762943,
              12.9820723
            ],
            [
              77.7763594,
              12.9819093
            ],
            [
              77.7763942,
              12.9817678
            ],
            [
              77.7765534,
              12.9815654
            ],
            [
              77.7773291,
              12.9806386
            ],
            [
              77.7773505,
              12.9802727
            ],
            [
              77.7771896,
              12.9794991
            ],
            [
              77.7774042,
              12.978924
            ],
            [
              77.7777046,
              12.9786836
            ],
            [
              77.7779998,
              12.9785829
            ]
          ],
          [
            [
              77.773851,
              13.0104295
            ],
            [
              77.7735955,
              13.0103174
            ],
            [
              77.7733594,
              13.0101502
            ],
            [
              77.7732843,
              13.0098575
            ],
            [
              77.7734024,
              13.0095021
            ],
            [
              77.77322,
              13.0091989
            ],
            [
              77.7732522,
              13.008739
            ],
            [
              77.7733594,
              13.0082999
            ],
            [
              77.7734667,
              13.0078609
            ],
            [
              77.7733916,
              13.0075368
            ],
            [
              77.7733273,
              13.0068364
            ],
            [
              77.7733165,
              13.0063974
            ],
            [
              77.7735847,
              13.0060942
            ],
            [
              77.7738101,
              13.0061151
            ],
            [
              77.7740354,
              13.0061883
            ],
            [
              77.7741856,
              13.0063137
            ],
            [
              77.7743465,
              13.0063451
            ],
            [
              77.7745825,
              13.0063347
            ],
            [
              77.7749688,
              13.0061151
            ],
            [
              77.7752155,
              13.006021
            ],
            [
              77.7754623,
              13.0060629
            ],
            [
              77.7756769,
              13.0059583
            ],
            [
              77.7758163,
              13.0058329
            ],
            [
              77.7758593,
              13.0056029
            ],
            [
              77.7757198,
              13.005237
            ],
            [
              77.7756876,
              13.0043589
            ],
            [
              77.7755653,
              13.0034265
            ],
            [
              77.7752584,
              13.0031358
            ],
            [
              77.7746791,
              13.0029059
            ],
            [
              77.7743615,
              13.0029461
            ],
            [
              77.7734716,
              13.0030898
            ],
            [
              77.7728058,
              13.0029304
            ]
          ],
          [
            [
              77.874543,
              12.770786
            ],
            [
              77.8755752,
              12.7702892
            ],
            [
              77.8764824,
              12.7698016
            ],
            [
              77.8768333,
              12.7696337
            ],
            [
              77.8770319,
              12.7694658
            ],
            [
              77.8769657,
              12.7692075
            ],
            [
              77.8768598,
              12.768975
            ],
            [
              77.8768201,
              12.7684584
            ],
            [
              77.8768201,
              12.7682001
            ],
            [
              77.8767671,
              12.7679418
            ],
            [
              77.8767803,
              12.7676835
            ],
            [
              77.8768995,
              12.7674381
            ],
            [
              77.8769922,
              12.7671798
            ],
            [
              77.8772173,
              12.7670119
            ],
            [
              77.8778133,
              12.7664824
            ],
            [
              77.8779722,
              12.7662628
            ],
            [
              77.8780781,
              12.7660303
            ],
            [
              77.8781046,
              12.765772
            ],
            [
              77.8780914,
              12.7655266
            ],
            [
              77.8780516,
              12.7652554
            ],
            [
              77.8779589,
              12.7649971
            ],
            [
              77.8774425,
              12.7638734
            ],
            [
              77.8774027,
              12.763628
            ],
            [
              77.877416,
              12.7628531
            ],
            [
              77.8773233,
              12.7625948
            ],
            [
              77.8761314,
              12.7605283
            ],
            [
              77.8760652,
              12.760257
            ],
            [
              77.8761447,
              12.7599987
            ],
            [
              77.8762771,
              12.7597533
            ],
            [
              77.8764228,
              12.7595208
            ],
            [
              77.8765817,
              12.7593142
            ],
            [
              77.8766611,
              12.7590688
            ],
            [
              77.8767803,
              12.7588492
            ],
            [
              77.878833,
              12.7559044
            ],
            [
              77.8798659,
              12.7547678
            ],
            [
              77.8800778,
              12.7545999
            ],
            [
              77.8803162,
              12.7544836
            ],
            [
              77.8805545,
              12.7543932
            ],
            [
              77.8807929,
              12.754264
            ],
            [
              77.8810048,
              12.7540961
            ],
            [
              77.8817199,
              12.7529078
            ],
            [
              77.8818126,
              12.7526624
            ],
            [
              77.8818788,
              12.7524041
            ],
            [
              77.881998,
              12.7521458
            ],
            [
              77.8825675,
              12.7515904
            ],
            [
              77.8828191,
              12.7514612
            ],
            [
              77.8833223,
              12.7513062
            ],
            [
              77.8835739,
              12.7512546
            ],
            [
              77.8846201,
              12.7509446
            ],
            [
              77.8856928,
              12.7503117
            ],
            [
              77.8859047,
              12.7499759
            ],
            [
              77.8859841,
              12.7494592
            ],
            [
              77.8860503,
              12.7492009
            ],
            [
              77.8859709,
              12.7469534
            ],
            [
              77.8857855,
              12.7467468
            ],
            [
              77.8856133,
              12.7465272
            ],
            [
              77.8854809,
              12.7462947
            ],
            [
              77.8853749,
              12.7460493
            ],
            [
              77.8852425,
              12.7458297
            ],
            [
              77.885216,
              12.7455714
            ],
            [
              77.8851366,
              12.745313
            ],
            [
              77.8851101,
              12.7450547
            ],
            [
              77.8853087,
              12.7445639
            ],
            [
              77.885322,
              12.7443055
            ],
            [
              77.8853882,
              12.7440601
            ],
            [
              77.8855868,
              12.7438664
            ],
            [
              77.8858252,
              12.743776
            ],
            [
              77.8860901,
              12.7436985
            ],
            [
              77.8863549,
              12.7436597
            ],
            [
              77.8866065,
              12.7436468
            ],
            [
              77.8875468,
              12.7437889
            ],
            [
              77.8878116,
              12.743776
            ],
            [
              77.8879308,
              12.7435435
            ],
            [
              77.8879705,
              12.7430268
            ],
            [
              77.8879573,
              12.7427555
            ],
            [
              77.8878615,
              12.7423459
            ],
            [
              77.887643,
              12.7421715
            ],
            [
              77.8876099,
              12.7420424
            ],
            [
              77.8877026,
              12.7419519
            ],
            [
              77.8878483,
              12.7419067
            ],
            [
              77.8881197,
              12.7419261
            ],
            [
              77.8882588,
              12.7419261
            ],
            [
              77.8883912,
              12.7419067
            ],
            [
              77.8885236,
              12.7419455
            ],
            [
              77.8886362,
              12.7420359
            ],
            [
              77.8886826,
              12.7421651
            ],
            [
              77.8887951,
              12.7422426
            ],
            [
              77.8889275,
              12.7422555
            ],
            [
              77.8894506,
              12.7421328
            ],
            [
              77.8904174,
              12.7421677
            ],
            [
              77.8906822,
              12.742284
            ],
            [
              77.8909338,
              12.7423744
            ],
            [
              77.8914503,
              12.7426198
            ],
            [
              77.8916754,
              12.7428007
            ],
            [
              77.8919006,
              12.7429427
            ],
            [
              77.892086,
              12.7436661
            ],
            [
              77.8920992,
              12.7439244
            ],
            [
              77.8922449,
              12.744144
            ],
            [
              77.8924303,
              12.7443377
            ],
            [
              77.8925495,
              12.7445832
            ],
            [
              77.8927216,
              12.7448157
            ],
            [
              77.8930527,
              12.7455261
            ],
            [
              77.8932249,
              12.7457327
            ],
            [
              77.8935957,
              12.7461073
            ],
            [
              77.8937678,
              12.7463269
            ],
            [
              77.8939797,
              12.7464819
            ],
            [
              77.8942048,
              12.7465981
            ],
            [
              77.8944697,
              12.7466886
            ],
            [
              77.8947345,
              12.7467144
            ],
            [
              77.8949994,
              12.7467144
            ],
            [
              77.895251,
              12.7466498
            ],
            [
              77.8954894,
              12.7465336
            ],
            [
              77.895741,
              12.7464431
            ],
            [
              77.8962575,
              12.7463269
            ],
            [
              77.8967077,
              12.7460556
            ],
            [
              77.8971977,
              12.7458619
            ],
            [
              77.8974228,
              12.7457069
            ],
            [
              77.8981644,
              12.7452807
            ],
            [
              77.898522,
              12.7448802
            ],
            [
              77.8987339,
              12.7447123
            ],
            [
              77.8989193,
              12.7445057
            ],
            [
              77.8991179,
              12.7443248
            ],
            [
              77.899343,
              12.7441957
            ],
            [
              77.8994622,
              12.7439761
            ],
            [
              77.9005614,
              12.7429944
            ],
            [
              77.9007468,
              12.7428007
            ],
            [
              77.9008925,
              12.742284
            ],
            [
              77.9009189,
              12.7420257
            ],
            [
              77.9009057,
              12.7417802
            ],
            [
              77.900866,
              12.7415219
            ],
            [
              77.900866,
              12.7412636
            ],
            [
              77.9007998,
              12.7410182
            ],
            [
              77.9006806,
              12.7407727
            ],
            [
              77.9005879,
              12.7405144
            ],
            [
              77.9005349,
              12.7402561
            ],
            [
              77.9003892,
              12.7400365
            ],
            [
              77.8999919,
              12.7396361
            ],
            [
              77.8995682,
              12.7393002
            ],
            [
              77.8993033,
              12.739184
            ],
            [
              77.8987471,
              12.7390161
            ],
            [
              77.8985087,
              12.7388998
            ],
            [
              77.8982704,
              12.7387319
            ],
            [
              77.8980717,
              12.7385252
            ],
            [
              77.8980055,
              12.7382669
            ],
            [
              77.8982042,
              12.737776
            ],
            [
              77.8982174,
              12.7375177
            ],
            [
              77.8982969,
              12.7372464
            ],
            [
              77.8983896,
              12.737001
            ],
            [
              77.8987471,
              12.7353993
            ],
            [
              77.8986677,
              12.7351151
            ],
            [
              77.8985882,
              12.7345597
            ],
            [
              77.8986014,
              12.7343143
            ],
            [
              77.898575,
              12.7340559
            ],
            [
              77.8986677,
              12.7335392
            ],
            [
              77.8986412,
              12.7332809
            ],
            [
              77.8985882,
              12.7330355
            ],
            [
              77.898522,
              12.7325059
            ],
            [
              77.8984293,
              12.7322604
            ],
            [
              77.8984425,
              12.7320021
            ],
            [
              77.8983896,
              12.7312141
            ],
            [
              77.8983631,
              12.7309558
            ],
            [
              77.8982571,
              12.7304262
            ],
            [
              77.8982969,
              12.7298966
            ],
            [
              77.8981512,
              12.7296641
            ],
            [
              77.8980585,
              12.7294186
            ],
            [
              77.8980055,
              12.7289019
            ],
            [
              77.8979261,
              12.7286307
            ],
            [
              77.8979261,
              12.7283594
            ],
            [
              77.8976082,
              12.7276748
            ],
            [
              77.8975155,
              12.7274294
            ],
            [
              77.897105,
              12.7270031
            ],
            [
              77.8968931,
              12.7268222
            ],
            [
              77.896721,
              12.7266026
            ],
            [
              77.8963502,
              12.7262151
            ],
            [
              77.8959926,
              12.7258017
            ],
            [
              77.8959794,
              12.7255434
            ],
            [
              77.8959396,
              12.725285
            ],
            [
              77.8960853,
              12.7250784
            ],
            [
              77.8961515,
              12.7248071
            ],
            [
              77.8961118,
              12.7245487
            ],
            [
              77.8961383,
              12.7242904
            ],
            [
              77.8960721,
              12.7237608
            ],
            [
              77.8960721,
              12.7234895
            ],
            [
              77.896125,
              12.7232311
            ],
            [
              77.8961383,
              12.7229857
            ],
            [
              77.8957542,
              12.7205184
            ],
            [
              77.8946683,
              12.7178315
            ],
            [
              77.89443,
              12.7173277
            ],
            [
              77.8929732,
              12.7156742
            ],
            [
              77.8927349,
              12.7153512
            ],
            [
              77.8924965,
              12.7152221
            ],
            [
              77.8920462,
              12.7148862
            ],
            [
              77.8917814,
              12.7147958
            ],
            [
              77.8915165,
              12.7147828
            ],
            [
              77.8909471,
              12.7147828
            ],
            [
              77.8903909,
              12.714912
            ],
            [
              77.890126,
              12.7148345
            ],
            [
              77.8899009,
              12.7146795
            ],
            [
              77.8896625,
              12.7145374
            ],
            [
              77.8894904,
              12.7143436
            ],
            [
              77.8892652,
              12.7141628
            ],
            [
              77.8890136,
              12.7140207
            ],
            [
              77.8887885,
              12.7138657
            ],
            [
              77.8882455,
              12.7137494
            ],
            [
              77.8876893,
              12.7136848
            ],
            [
              77.8874245,
              12.7135944
            ],
            [
              77.8871729,
              12.7134781
            ],
            [
              77.8859545,
              12.7123155
            ],
            [
              77.8858618,
              12.7120442
            ],
            [
              77.8856235,
              12.7118892
            ],
            [
              77.8854381,
              12.7116825
            ],
            [
              77.8853851,
              12.711437
            ],
            [
              77.8852659,
              12.7112174
            ],
            [
              77.8852527,
              12.7109591
            ],
            [
              77.8852924,
              12.7107007
            ],
            [
              77.8853851,
              12.7104552
            ],
            [
              77.8855175,
              12.7099385
            ],
            [
              77.8855175,
              12.7096801
            ],
            [
              77.8855043,
              12.7093959
            ],
            [
              77.8854513,
              12.7091505
            ],
            [
              77.8852129,
              12.7066572
            ],
            [
              77.8852924,
              12.7060242
            ],
            [
              77.8857824,
              12.7030142
            ],
            [
              77.8855043,
              12.7020065
            ],
            [
              77.8845375,
              12.7009859
            ],
            [
              77.8827762,
              12.7002108
            ],
            [
              77.8824849,
              12.6996165
            ],
            [
              77.8821936,
              12.6984151
            ],
            [
              77.8820346,
              12.6981955
            ],
            [
              77.8818625,
              12.6979888
            ],
            [
              77.8813328,
              12.6978596
            ],
            [
              77.8810679,
              12.6979112
            ],
            [
              77.8808295,
              12.6980404
            ],
            [
              77.8805912,
              12.6982213
            ],
            [
              77.8803528,
              12.6983505
            ],
            [
              77.8795847,
              12.6986735
            ],
            [
              77.8793066,
              12.6986864
            ],
            [
              77.879002,
              12.6986735
            ],
            [
              77.8781545,
              12.6984926
            ],
            [
              77.8779029,
              12.6983892
            ],
            [
              77.877691,
              12.6982084
            ],
            [
              77.8774659,
              12.6980663
            ],
            [
              77.8772937,
              12.6978596
            ],
            [
              77.8769626,
              12.6974203
            ],
            [
              77.8766581,
              12.696994
            ],
            [
              77.8765256,
              12.6967615
            ],
            [
              77.8760489,
              12.6950045
            ],
            [
              77.8763005,
              12.6940743
            ],
            [
              77.8774659,
              12.6916196
            ],
            [
              77.8776248,
              12.6914
            ],
            [
              77.8778234,
              12.6912321
            ],
            [
              77.8780353,
              12.6911029
            ],
            [
              77.8782604,
              12.6909866
            ],
            [
              77.878512,
              12.690922
            ],
            [
              77.8787769,
              12.6908832
            ],
            [
              77.8790418,
              12.6907928
            ],
            [
              77.8793199,
              12.6907411
            ],
            [
              77.8795715,
              12.6907153
            ],
            [
              77.8798231,
              12.6907411
            ],
            [
              77.8803396,
              12.6906636
            ],
            [
              77.8806044,
              12.6905732
            ],
            [
              77.8810017,
              12.6902114
            ],
            [
              77.8811474,
              12.6899918
            ],
            [
              77.8812268,
              12.6897334
            ],
            [
              77.8813725,
              12.6895267
            ],
            [
              77.8821803,
              12.6886611
            ],
            [
              77.8832265,
              12.6884027
            ],
            [
              77.8834914,
              12.6884415
            ],
            [
              77.8840343,
              12.6886094
            ],
            [
              77.884564,
              12.6887386
            ],
            [
              77.8848289,
              12.6888291
            ],
            [
              77.8853454,
              12.6889582
            ],
            [
              77.885597,
              12.6890487
            ],
            [
              77.8860605,
              12.6892812
            ],
            [
              77.8865902,
              12.6892812
            ],
            [
              77.8868418,
              12.6893717
            ],
            [
              77.8871067,
              12.6894233
            ],
            [
              77.8873715,
              12.6894104
            ],
            [
              77.8870233,
              12.6897334
            ],
            [
              77.8870167,
              12.6898755
            ],
            [
              77.8871028,
              12.6899918
            ],
            [
              77.8872087,
              12.6902437
            ],
            [
              77.8874603,
              12.6903858
            ],
            [
              77.8876524,
              12.6905861
            ],
            [
              77.8877782,
              12.6906313
            ],
            [
              77.8880364,
              12.6906765
            ],
            [
              77.8883013,
              12.6907024
            ],
            [
              77.8884337,
              12.6906571
            ],
            [
              77.8887714,
              12.6904504
            ],
            [
              77.8888243,
              12.6903148
            ],
            [
              77.8888442,
              12.6901856
            ],
            [
              77.8888906,
              12.6900629
            ],
            [
              77.8890627,
              12.6898626
            ],
            [
              77.8891356,
              12.6897528
            ],
            [
              77.8893143,
              12.689559
            ],
            [
              77.8894931,
              12.6890551
            ],
            [
              77.8897513,
              12.6887451
            ],
            [
              77.8901486,
              12.687718
            ],
            [
              77.8903075,
              12.6875048
            ],
            [
              77.8904201,
              12.6874337
            ],
            [
              77.8905459,
              12.6873692
            ],
            [
              77.8906916,
              12.6873627
            ],
            [
              77.8908174,
              12.6874015
            ],
            [
              77.89093,
              12.6874596
            ],
            [
              77.8913272,
              12.6878601
            ],
            [
              77.8915656,
              12.6880216
            ],
            [
              77.8922099,
              12.6886624
            ],
            [
              77.8923597,
              12.6890278
            ],
            [
              77.8924065,
              12.6892105
            ],
            [
              77.8925095,
              12.6893841
            ],
            [
              77.8926312,
              12.6895485
            ],
            [
              77.8927717,
              12.6896855
            ],
            [
              77.8929964,
              12.6900418
            ],
            [
              77.893165,
              12.6901606
            ],
            [
              77.8936145,
              12.6905625
            ],
            [
              77.8939516,
              12.6908
            ],
            [
              77.8940733,
              12.6909371
            ],
            [
              77.894167,
              12.6911106
            ],
            [
              77.8946633,
              12.6914121
            ],
            [
              77.8948318,
              12.6914761
            ],
            [
              77.8953468,
              12.6915948
            ],
            [
              77.8957214,
              12.6916222
            ],
            [
              77.8959087,
              12.6916131
            ],
            [
              77.896096,
              12.6915765
            ],
            [
              77.8961896,
              12.691202
            ],
            [
              77.8962083,
              12.6910284
            ],
            [
              77.896302,
              12.6908731
            ],
            [
              77.8964237,
              12.690727
            ],
            [
              77.8965735,
              12.6903707
            ],
            [
              77.896714,
              12.6902337
            ],
            [
              77.8969762,
              12.689923
            ],
            [
              77.8977151,
              12.6892558
            ],
            [
              77.8978181,
              12.6890913
            ],
            [
              77.8978556,
              12.6888995
            ],
            [
              77.8979305,
              12.6887351
            ],
            [
              77.8980616,
              12.688598
            ],
            [
              77.8983706,
              12.688324
            ],
            [
              77.898586,
              12.6879677
            ],
            [
              77.8987358,
              12.6878398
            ],
            [
              77.8989231,
              12.6877667
            ],
            [
              77.8991104,
              12.6877302
            ],
            [
              77.8993258,
              12.687721
            ],
            [
              77.8995224,
              12.6876936
            ],
            [
              77.8997471,
              12.6876388
            ],
            [
              77.8999812,
              12.6875749
            ],
            [
              77.9003183,
              12.6874287
            ],
            [
              77.9008802,
              12.687383
            ],
            [
              77.9010768,
              12.6873282
            ],
            [
              77.9014608,
              12.6873008
            ],
            [
              77.9032961,
              12.6868258
            ],
            [
              77.9034834,
              12.6868166
            ],
            [
              77.9036426,
              12.6867344
            ],
            [
              77.903755,
              12.6865882
            ],
            [
              77.9040453,
              12.6863507
            ],
            [
              77.9041901,
              12.6861359
            ]
          ],
          [
            [
              77.7697062,
              13.0690067
            ],
            [
              77.7706504,
              13.0675226
            ],
            [
              77.7722597,
              13.0671255
            ],
            [
              77.7741866,
              13.0667065
            ],
            [
              77.7748939,
              13.0659743
            ],
            [
              77.7755234,
              13.0653348
            ],
            [
              77.7761275,
              13.0648994
            ],
            [
              77.7764279,
              13.0646277
            ],
            [
              77.7768087,
              13.0638804
            ],
            [
              77.7771574,
              13.0634153
            ],
            [
              77.7774042,
              13.0631227
            ],
            [
              77.7776295,
              13.0627726
            ],
            [
              77.7779299,
              13.0623754
            ],
            [
              77.7782196,
              13.0621037
            ],
            [
              77.7783537,
              13.0618006
            ],
            [
              77.7784234,
              13.0610063
            ],
            [
              77.7784288,
              13.0604315
            ],
            [
              77.778343,
              13.0601232
            ],
            [
              77.7781767,
              13.0596738
            ],
            [
              77.7780157,
              13.0592087
            ],
            [
              77.7779835,
              13.0587332
            ],
            [
              77.7776188,
              13.058383
            ],
            [
              77.7775222,
              13.0580852
            ],
            [
              77.7775329,
              13.0577298
            ],
            [
              77.7776295,
              13.0569355
            ],
            [
              77.7776349,
              13.0562771
            ],
            [
              77.7774954,
              13.0553051
            ],
            [
              77.7773613,
              13.0551692
            ],
            [
              77.7765298,
              13.0551065
            ],
            [
              77.7754193,
              13.0549968
            ],
            [
              77.7753174,
              13.0548557
            ],
            [
              77.7752745,
              13.0544899
            ],
            [
              77.7749634,
              13.05403
            ],
            [
              77.7746737,
              13.053821
            ],
            [
              77.7746415,
              13.0535597
            ],
            [
              77.7748561,
              13.0525772
            ],
            [
              77.7747702,
              13.0511663
            ],
            [
              77.7747595,
              13.0507168
            ],
            [
              77.7749419,
              13.0506228
            ],
            [
              77.7759611,
              13.0504764
            ],
            [
              77.7775276,
              13.0503928
            ],
            [
              77.7781069,
              13.0502256
            ],
            [
              77.7786326,
              13.0496299
            ],
            [
              77.7789599,
              13.0490184
            ],
            [
              77.7790564,
              13.0487153
            ],
            [
              77.7791476,
              13.0482241
            ],
            [
              77.7790296,
              13.0476858
            ],
            [
              77.7788901,
              13.0475186
            ],
            [
              77.7778387,
              13.0469124
            ],
            [
              77.777608,
              13.0467295
            ],
            [
              77.777549,
              13.0464786
            ],
            [
              77.7777207,
              13.0459613
            ],
            [
              77.7777207,
              13.0457888
            ],
            [
              77.7774203,
              13.0456111
            ],
            [
              77.7773184,
              13.0454596
            ],
            [
              77.777313,
              13.0452296
            ],
            [
              77.777608,
              13.0446809
            ],
            [
              77.7780479,
              13.0442106
            ],
            [
              77.7782786,
              13.0441635
            ],
            [
              77.7787667,
              13.0444144
            ],
            [
              77.778933,
              13.0443464
            ],
            [
              77.7790403,
              13.0439702
            ],
            [
              77.7790832,
              13.0435678
            ],
            [
              77.7792871,
              13.0433326
            ],
            [
              77.7796251,
              13.0428413
            ],
            [
              77.7798772,
              13.0426009
            ],
            [
              77.7806067,
              13.0423083
            ],
            [
              77.780714,
              13.0421724
            ],
            [
              77.7808481,
              13.0417439
            ],
            [
              77.7809393,
              13.0412631
            ],
            [
              77.7809983,
              13.0410958
            ],
            [
              77.7813256,
              13.0409182
            ],
            [
              77.7814275,
              13.0407875
            ],
            [
              77.7813792,
              13.0403485
            ],
            [
              77.781115,
              13.0401752
            ],
            [
              77.7809125,
              13.0400193
            ],
            [
              77.7807355,
              13.039643
            ],
            [
              77.7805129,
              13.039643
            ],
            [
              77.7802581,
              13.0396953
            ],
            [
              77.7792469,
              13.0392354
            ],
            [
              77.7791396,
              13.0390551
            ],
            [
              77.7792334,
              13.0387284
            ],
            [
              77.7796197,
              13.037955
            ],
            [
              77.7796572,
              13.0369071
            ],
            [
              77.7797404,
              13.0364551
            ],
            [
              77.780073,
              13.0361728
            ],
            [
              77.7805558,
              13.0360422
            ],
            [
              77.780875,
              13.0359272
            ],
            [
              77.780875,
              13.0357077
            ],
            [
              77.7808428,
              13.0353419
            ],
            [
              77.7809715,
              13.0345684
            ],
            [
              77.7812827,
              13.03368
            ],
            [
              77.7813041,
              13.0333768
            ],
            [
              77.7811539,
              13.0330737
            ],
            [
              77.7806818,
              13.0327915
            ],
            [
              77.7806067,
              13.0326556
            ],
            [
              77.7806604,
              13.0323943
            ],
            [
              77.780993,
              13.0316313
            ],
            [
              77.7815884,
              13.0309257
            ],
            [
              77.7816796,
              13.0307689
            ],
            [
              77.7817225,
              13.0293996
            ],
            [
              77.7816957,
              13.0288613
            ],
            [
              77.7817976,
              13.0284328
            ],
            [
              77.7818513,
              13.0277899
            ],
            [
              77.7817494,
              13.0271471
            ],
            [
              77.7815777,
              13.0266192
            ],
            [
              77.7811593,
              13.0260705
            ],
            [
              77.7808696,
              13.0258039
            ],
            [
              77.7805531,
              13.025783
            ],
            [
              77.7800381,
              13.0260809
            ],
            [
              77.7798235,
              13.0261436
            ],
            [
              77.7796841,
              13.0260182
            ],
            [
              77.7797002,
              13.0257673
            ],
            [
              77.7799147,
              13.0250931
            ],
            [
              77.7800327,
              13.02479
            ],
            [
              77.7808106,
              13.0244085
            ],
            [
              77.7811646,
              13.0237708
            ],
            [
              77.7812236,
              13.0234938
            ],
            [
              77.7810949,
              13.0232168
            ],
            [
              77.7809393,
              13.0231541
            ],
            [
              77.7803975,
              13.0231437
            ],
            [
              77.7802151,
              13.023175
            ],
            [
              77.7798396,
              13.0235566
            ],
            [
              77.7796251,
              13.0236402
            ],
            [
              77.7793461,
              13.0235513
            ],
            [
              77.7790081,
              13.0230496
            ],
            [
              77.7786809,
              13.0217952
            ],
            [
              77.7784556,
              13.0212308
            ],
            [
              77.7784127,
              13.0206036
            ],
            [
              77.7785414,
              13.0202482
            ],
            [
              77.778976,
              13.0196733
            ],
            [
              77.7791154,
              13.0194276
            ],
            [
              77.7790725,
              13.0190827
            ],
            [
              77.7786916,
              13.0187064
            ],
            [
              77.7782035,
              13.0182935
            ],
            [
              77.7777636,
              13.0174207
            ],
            [
              77.7776027,
              13.0174207
            ],
            [
              77.7773344,
              13.0178492
            ],
            [
              77.777077,
              13.0179329
            ],
            [
              77.7768785,
              13.0178335
            ],
            [
              77.7767283,
              13.0176036
            ],
            [
              77.7764761,
              13.017499
            ],
            [
              77.7760041,
              13.0175879
            ],
            [
              77.7758861,
              13.0175409
            ],
            [
              77.7759343,
              13.0170078
            ],
            [
              77.7759182,
              13.0168719
            ],
            [
              77.775811,
              13.0167203
            ],
            [
              77.7748507,
              13.0163178
            ],
            [
              77.7741641,
              13.0161401
            ],
            [
              77.7735472,
              13.0163806
            ],
            [
              77.7734184,
              13.0163492
            ],
            [
              77.7731931,
              13.0160722
            ],
            [
              77.7731448,
              13.0154816
            ],
            [
              77.7730054,
              13.0150948
            ],
            [
              77.7731663,
              13.0143945
            ],
            [
              77.7730644,
              13.0137882
            ],
            [
              77.7732629,
              13.0136105
            ],
            [
              77.7735177,
              13.0134406
            ],
            [
              77.7742338,
              13.0135033
            ],
            [
              77.7744564,
              13.013404
            ],
            [
              77.7744618,
              13.013174
            ],
            [
              77.7741265,
              13.0126958
            ],
            [
              77.7739119,
              13.0124188
            ],
            [
              77.7738959,
              13.01187
            ],
            [
              77.7737188,
              13.0112585
            ],
            [
              77.7739763,
              13.0108168
            ],
            [
              77.773851,
              13.0104295
            ]
          ],
          [
            [
              77.7828973,
              13.1874827
            ],
            [
              77.7827954,
              13.1874357
            ],
            [
              77.7827418,
              13.1873417
            ],
            [
              77.7826506,
              13.1872842
            ],
            [
              77.782495,
              13.1871275
            ],
            [
              77.7823341,
              13.1867828
            ],
            [
              77.782318,
              13.1866757
            ],
            [
              77.7822965,
              13.1865843
            ],
            [
              77.7822643,
              13.1864799
            ],
            [
              77.7821624,
              13.1864224
            ],
            [
              77.7820444,
              13.1863859
            ],
            [
              77.7819371,
              13.186365
            ],
            [
              77.7818244,
              13.186365
            ],
            [
              77.7817172,
              13.1863441
            ],
            [
              77.7816313,
              13.1862762
            ],
            [
              77.7815455,
              13.186203
            ],
            [
              77.7814758,
              13.1861143
            ],
            [
              77.7812022,
              13.185592
            ],
            [
              77.7811914,
              13.1854875
            ],
            [
              77.7812075,
              13.1853726
            ],
            [
              77.7812558,
              13.1852786
            ],
            [
              77.7812665,
              13.1851741
            ],
            [
              77.7812934,
              13.1850697
            ],
            [
              77.7813095,
              13.1847563
            ],
            [
              77.781406,
              13.1841817
            ],
            [
              77.7814972,
              13.1838579
            ],
            [
              77.7816045,
              13.1838266
            ],
            [
              77.7818298,
              13.1838005
            ],
            [
              77.7821678,
              13.1838475
            ],
            [
              77.7823877,
              13.1838997
            ],
            [
              77.7824896,
              13.1838945
            ],
            [
              77.783069,
              13.1837796
            ],
            [
              77.7831763,
              13.1837535
            ],
            [
              77.7832889,
              13.1836699
            ],
            [
              77.7833587,
              13.1834662
            ],
            [
              77.7833372,
              13.1832573
            ],
            [
              77.7833158,
              13.1831528
            ],
            [
              77.7832353,
              13.183111
            ],
            [
              77.7831602,
              13.1829073
            ],
            [
              77.7830153,
              13.1823798
            ],
            [
              77.7829993,
              13.1822753
            ],
            [
              77.7829617,
              13.1821761
            ],
            [
              77.7828973,
              13.1820873
            ],
            [
              77.7828061,
              13.1820194
            ],
            [
              77.782731,
              13.1819306
            ],
            [
              77.7827042,
              13.1818262
            ],
            [
              77.7827042,
              13.1817217
            ],
            [
              77.782731,
              13.1816172
            ],
            [
              77.7827364,
              13.1815128
            ],
            [
              77.7826828,
              13.1814188
            ],
            [
              77.7825433,
              13.1813273
            ],
            [
              77.7823153,
              13.1813221
            ],
            [
              77.782259,
              13.18133
            ],
            [
              77.7819398,
              13.1814658
            ],
            [
              77.7818298,
              13.1814893
            ],
            [
              77.7817118,
              13.1814893
            ],
            [
              77.7815884,
              13.1814736
            ],
            [
              77.781347,
              13.1814814
            ],
            [
              77.7812344,
              13.181471
            ],
            [
              77.7811673,
              13.1813195
            ],
            [
              77.7811405,
              13.1812151
            ],
            [
              77.7810949,
              13.1811863
            ],
            [
              77.7810171,
              13.1811054
            ],
            [
              77.780883,
              13.1810035
            ],
            [
              77.7808481,
              13.1809617
            ],
            [
              77.7807945,
              13.180805
            ],
            [
              77.780824,
              13.1806457
            ],
            [
              77.7808642,
              13.1805491
            ],
            [
              77.7810064,
              13.180476
            ],
            [
              77.7810412,
              13.1804342
            ],
            [
              77.7810466,
              13.180382
            ],
            [
              77.7810332,
              13.1802801
            ],
            [
              77.7810386,
              13.180173
            ],
            [
              77.7810305,
              13.1801156
            ],
            [
              77.7810439,
              13.1800111
            ],
            [
              77.7811593,
              13.179763
            ],
            [
              77.7814597,
              13.179541
            ],
            [
              77.7815106,
              13.1795202
            ],
            [
              77.7815643,
              13.1795306
            ],
            [
              77.7817628,
              13.1796325
            ],
            [
              77.7819291,
              13.1796664
            ],
            [
              77.7819827,
              13.1796507
            ],
            [
              77.7820498,
              13.1795541
            ],
            [
              77.7820632,
              13.179447
            ],
            [
              77.7820417,
              13.1792799
            ],
            [
              77.78198,
              13.1790657
            ],
            [
              77.7819371,
              13.1789665
            ],
            [
              77.7819022,
              13.1789221
            ],
            [
              77.781854,
              13.1788855
            ],
            [
              77.781752,
              13.1788281
            ],
            [
              77.7814972,
              13.178721
            ],
            [
              77.7813658,
              13.1786113
            ],
            [
              77.7813363,
              13.1785643
            ],
            [
              77.7812558,
              13.1784886
            ],
            [
              77.781052,
              13.1779663
            ],
            [
              77.7810198,
              13.1776764
            ],
            [
              77.7811566,
              13.1774152
            ],
            [
              77.7815133,
              13.1770731
            ],
            [
              77.7816957,
              13.1769869
            ],
            [
              77.781752,
              13.1769791
            ],
            [
              77.7821115,
              13.1770313
            ],
            [
              77.7822187,
              13.1770418
            ],
            [
              77.7823341,
              13.177
            ],
            [
              77.7823904,
              13.177
            ],
            [
              77.782495,
              13.1769713
            ],
            [
              77.7825326,
              13.1769373
            ],
            [
              77.782554,
              13.1768877
            ],
            [
              77.7825621,
              13.1767232
            ],
            [
              77.7824843,
              13.1765168
            ],
            [
              77.7824816,
              13.1764646
            ],
            [
              77.7825111,
              13.1763053
            ],
            [
              77.7824816,
              13.1762557
            ],
            [
              77.7824333,
              13.1762191
            ],
            [
              77.7822617,
              13.1759371
            ],
            [
              77.7822724,
              13.1758822
            ],
            [
              77.7824279,
              13.1755741
            ],
            [
              77.7825513,
              13.1753991
            ],
            [
              77.7825862,
              13.1752972
            ],
            [
              77.7826211,
              13.1751379
            ],
            [
              77.782613,
              13.1750857
            ],
            [
              77.7825808,
              13.1749838
            ],
            [
              77.7825004,
              13.1749081
            ],
            [
              77.7824521,
              13.174882
            ],
            [
              77.7823931,
              13.1748768
            ],
            [
              77.7822241,
              13.1748324
            ],
            [
              77.7821249,
              13.1747775
            ],
            [
              77.7820685,
              13.1746887
            ],
            [
              77.7820524,
              13.1746365
            ],
            [
              77.7820578,
              13.174532
            ],
            [
              77.78209,
              13.1744902
            ],
            [
              77.7821356,
              13.1744615
            ],
            [
              77.7822402,
              13.1744302
            ],
            [
              77.7822804,
              13.1743936
            ],
            [
              77.7826479,
              13.1742186
            ],
            [
              77.7827686,
              13.1741063
            ],
            [
              77.7828625,
              13.1739705
            ],
            [
              77.7828786,
              13.1738687
            ],
            [
              77.7828759,
              13.1738138
            ],
            [
              77.7827713,
              13.1731531
            ],
            [
              77.7827793,
              13.1731009
            ],
            [
              77.7828383,
              13.1730068
            ],
            [
              77.7828517,
              13.1729546
            ],
            [
              77.7829,
              13.1728658
            ],
            [
              77.7833775,
              13.1723592
            ],
            [
              77.7835196,
              13.1719282
            ],
            [
              77.7837905,
              13.1713328
            ],
            [
              77.7838683,
              13.171022
            ],
            [
              77.783651,
              13.1705049
            ],
            [
              77.7833238,
              13.169677
            ],
            [
              77.783297,
              13.16963
            ],
            [
              77.7832836,
              13.1695777
            ],
            [
              77.7832889,
              13.1693584
            ],
            [
              77.7833479,
              13.1692878
            ],
            [
              77.7833345,
              13.1691912
            ],
            [
              77.7833962,
              13.169105
            ],
            [
              77.7834016,
              13.1689666
            ],
            [
              77.7833667,
              13.1688177
            ],
            [
              77.783297,
              13.1684913
            ],
            [
              77.7832675,
              13.1683842
            ],
            [
              77.783179,
              13.1681962
            ],
            [
              77.7828866,
              13.1680551
            ],
            [
              77.7826667,
              13.1679637
            ],
            [
              77.7825486,
              13.1679689
            ],
            [
              77.7823797,
              13.1680055
            ],
            [
              77.7821517,
              13.1680186
            ],
            [
              77.7819317,
              13.1679663
            ],
            [
              77.7818808,
              13.1679376
            ],
            [
              77.7818003,
              13.1678593
            ],
            [
              77.7815696,
              13.1675667
            ],
            [
              77.7813202,
              13.1671437
            ],
            [
              77.7811834,
              13.1669896
            ],
            [
              77.7811539,
              13.1669426
            ],
            [
              77.7811405,
              13.1668877
            ],
            [
              77.7811351,
              13.1668303
            ],
            [
              77.7811593,
              13.1666683
            ],
            [
              77.78117,
              13.1661617
            ],
            [
              77.7811324,
              13.1660624
            ],
            [
              77.781111,
              13.1659579
            ],
            [
              77.781111,
              13.1657542
            ],
            [
              77.7810842,
              13.1655453
            ],
            [
              77.7809876,
              13.1653573
            ],
            [
              77.7809018,
              13.1652789
            ],
            [
              77.7807945,
              13.1652528
            ],
            [
              77.7806872,
              13.1652476
            ],
            [
              77.7804565,
              13.1652685
            ],
            [
              77.7803439,
              13.1652371
            ],
            [
              77.780258,
              13.1651588
            ],
            [
              77.7802312,
              13.1650543
            ],
            [
              77.7802205,
              13.1647304
            ],
            [
              77.78014,
              13.1643805
            ],
            [
              77.7800756,
              13.1642865
            ],
            [
              77.7800274,
              13.1641924
            ],
            [
              77.7798074,
              13.1639835
            ],
            [
              77.7794909,
              13.1638216
            ],
            [
              77.7793836,
              13.1638111
            ],
            [
              77.779271,
              13.1638372
            ],
            [
              77.7791691,
              13.1638842
            ],
            [
              77.7790242,
              13.1640618
            ],
            [
              77.7789223,
              13.1640984
            ],
            [
              77.7786165,
              13.1639521
            ],
            [
              77.778418,
              13.1638477
            ],
            [
              77.7783322,
              13.1637798
            ],
            [
              77.7782249,
              13.1637328
            ],
            [
              77.7781606,
              13.1636387
            ],
            [
              77.7781445,
              13.163435
            ],
            [
              77.778123,
              13.1633253
            ],
            [
              77.7780747,
              13.1632261
            ],
            [
              77.7781284,
              13.1629597
            ],
            [
              77.7781337,
              13.1628552
            ],
            [
              77.7782142,
              13.162662
            ],
            [
              77.7782464,
              13.1623433
            ],
            [
              77.7783376,
              13.1621501
            ],
            [
              77.7783295,
              13.162043
            ],
            [
              77.7783027,
              13.1619385
            ],
            [
              77.7782705,
              13.1618784
            ],
            [
              77.7782249,
              13.1618497
            ],
            [
              77.7781659,
              13.1618314
            ],
            [
              77.7781123,
              13.1618288
            ],
            [
              77.7780506,
              13.1618575
            ],
            [
              77.7780238,
              13.1619072
            ],
            [
              77.7779996,
              13.1620273
            ],
            [
              77.7779728,
              13.1620769
            ],
            [
              77.7779594,
              13.1621292
            ],
            [
              77.7779245,
              13.1621709
            ],
            [
              77.7778253,
              13.1624582
            ],
            [
              77.7777931,
              13.1625052
            ],
            [
              77.7777448,
              13.1625314
            ],
            [
              77.7776322,
              13.1625105
            ],
            [
              77.7775785,
              13.1624896
            ],
            [
              77.777439,
              13.1623982
            ],
            [
              77.7773291,
              13.1621344
            ],
            [
              77.777313,
              13.1620299
            ],
            [
              77.7773237,
              13.1619228
            ],
            [
              77.7775222,
              13.1612673
            ],
            [
              77.7775517,
              13.1609983
            ],
            [
              77.7775356,
              13.160946
            ],
            [
              77.77749,
              13.1609147
            ],
            [
              77.77738,
              13.1608886
            ],
            [
              77.7772164,
              13.1609199
            ],
            [
              77.7770984,
              13.1609199
            ],
            [
              77.7770448,
              13.1609173
            ],
            [
              77.7769348,
              13.1608729
            ],
            [
              77.7768329,
              13.160805
            ],
            [
              77.7766156,
              13.1605804
            ],
            [
              77.776562,
              13.1605595
            ],
            [
              77.7764278,
              13.1604341
            ],
            [
              77.7764118,
              13.1603793
            ],
            [
              77.7764252,
              13.160327
            ],
            [
              77.7764225,
              13.1602748
            ],
            [
              77.7764734,
              13.1601181
            ],
            [
              77.7764788,
              13.1600659
            ],
            [
              77.7765137,
              13.1600215
            ],
            [
              77.7766102,
              13.1593006
            ],
            [
              77.776688,
              13.1590394
            ],
            [
              77.7766692,
              13.1588801
            ],
            [
              77.7766478,
              13.1587757
            ],
            [
              77.7766263,
              13.1587234
            ],
            [
              77.7765459,
              13.1585798
            ],
            [
              77.7764788,
              13.1584936
            ],
            [
              77.7764278,
              13.1584727
            ],
            [
              77.7761489,
              13.1583865
            ],
            [
              77.7757707,
              13.1583264
            ],
            [
              77.7757117,
              13.1583186
            ],
            [
              77.7756581,
              13.1583447
            ],
            [
              77.7756017,
              13.1583473
            ],
            [
              77.7755427,
              13.1583343
            ],
            [
              77.7753871,
              13.1582664
            ],
            [
              77.7753416,
              13.1582298
            ],
            [
              77.7753094,
              13.1581201
            ],
            [
              77.7752557,
              13.1580182
            ],
            [
              77.7750814,
              13.1575455
            ],
            [
              77.7749714,
              13.1568821
            ],
            [
              77.7745771,
              13.156237
            ],
            [
              77.7743411,
              13.155746
            ],
            [
              77.7740595,
              13.1548553
            ],
            [
              77.7739683,
              13.1546594
            ],
            [
              77.7738663,
              13.1546177
            ],
            [
              77.7735901,
              13.1545445
            ],
            [
              77.7727586,
              13.1542416
            ],
            [
              77.7726486,
              13.1542259
            ],
            [
              77.7724126,
              13.1542259
            ],
            [
              77.7719003,
              13.1543069
            ],
            [
              77.7717796,
              13.1542964
            ],
            [
              77.7715838,
              13.1541998
            ],
            [
              77.7714979,
              13.1541266
            ],
            [
              77.7713585,
              13.1539543
            ],
            [
              77.7713585,
              13.1537453
            ],
            [
              77.771396,
              13.1536461
            ],
            [
              77.771455,
              13.1535573
            ],
            [
              77.7716589,
              13.1533013
            ],
            [
              77.7717849,
              13.1530636
            ],
            [
              77.7717876,
              13.1530114
            ],
            [
              77.7716106,
              13.1525021
            ],
            [
              77.7715328,
              13.1516819
            ],
            [
              77.7714979,
              13.151123
            ],
            [
              77.7713424,
              13.150585
            ],
            [
              77.7712405,
              13.1503969
            ],
            [
              77.7711654,
              13.1503186
            ],
            [
              77.7710634,
              13.1502611
            ],
            [
              77.7709561,
              13.1502245
            ],
            [
              77.7708328,
              13.1502036
            ],
            [
              77.7706128,
              13.1501984
            ],
            [
              77.7703929,
              13.1502089
            ],
            [
              77.7701729,
              13.1502506
            ],
            [
              77.7697813,
              13.1503812
            ],
            [
              77.7693575,
              13.1504857
            ],
            [
              77.7692503,
              13.1504962
            ],
            [
              77.769143,
              13.1504805
            ],
            [
              77.7689284,
              13.1504126
            ],
            [
              77.7688318,
              13.1503656
            ],
            [
              77.7686816,
              13.1501984
            ],
            [
              77.7683168,
              13.1495977
            ],
            [
              77.7679682,
              13.1492007
            ],
            [
              77.7677547,
              13.1489311
            ],
            [
              77.7677121,
              13.1487955
            ],
            [
              77.7677536,
              13.148694
            ],
            [
              77.7677577,
              13.148597
            ],
            [
              77.7678888,
              13.1484213
            ],
            [
              77.7680164,
              13.1482291
            ],
            [
              77.7680164,
              13.1481194
            ],
            [
              77.7680728,
              13.1478634
            ],
            [
              77.7681023,
              13.1475003
            ],
            [
              77.7680264,
              13.1474079
            ],
            [
              77.7678501,
              13.1471817
            ],
            [
              77.7677804,
              13.1470903
            ],
            [
              77.7677482,
              13.1469858
            ],
            [
              77.7677589,
              13.1469335
            ],
            [
              77.7679547,
              13.1466645
            ],
            [
              77.7681988,
              13.1465156
            ],
            [
              77.76829,
              13.1463119
            ],
            [
              77.7683205,
              13.1462265
            ],
            [
              77.7682965,
              13.1461272
            ],
            [
              77.7682982,
              13.1459711
            ],
            [
              77.768334,
              13.1458204
            ],
            [
              77.7682898,
              13.145671
            ],
            [
              77.768216,
              13.1454528
            ],
            [
              77.7680184,
              13.1452919
            ],
            [
              77.7678621,
              13.1451828
            ],
            [
              77.7676999,
              13.1451799
            ],
            [
              77.7675336,
              13.1451287
            ],
            [
              77.7674478,
              13.145113
            ],
            [
              77.7673486,
              13.1450582
            ],
            [
              77.7672708,
              13.1449798
            ],
            [
              77.7672413,
              13.1449328
            ],
            [
              77.7672601,
              13.1442589
            ],
            [
              77.7674183,
              13.1439168
            ],
            [
              77.7676678,
              13.1437104
            ],
            [
              77.7677697,
              13.1436817
            ],
            [
              77.7678662,
              13.1436086
            ],
            [
              77.7679896,
              13.1435015
            ],
            [
              77.7680647,
              13.1434127
            ],
            [
              77.768113,
              13.1433186
            ],
            [
              77.7681452,
              13.1432142
            ],
            [
              77.7681291,
              13.1431097
            ],
            [
              77.7681398,
              13.1429007
            ],
            [
              77.7679789,
              13.1424567
            ],
            [
              77.7679306,
              13.1423574
            ],
            [
              77.7678716,
              13.1422686
            ],
            [
              77.7677697,
              13.1422216
            ],
            [
              77.767657,
              13.1422164
            ],
            [
              77.7675497,
              13.1422268
            ],
            [
              77.7674424,
              13.1422686
            ],
            [
              77.7672171,
              13.1423052
            ],
            [
              77.7669865,
              13.142253
            ],
            [
              77.7668953,
              13.1421851
            ],
            [
              77.7666968,
              13.1420858
            ],
            [
              77.7666056,
              13.1420179
            ],
            [
              77.7663052,
              13.1415791
            ],
            [
              77.7659458,
              13.1401843
            ],
            [
              77.7658546,
              13.1390193
            ],
            [
              77.7659565,
              13.1385649
            ],
            [
              77.7661979,
              13.1377813
            ],
            [
              77.7661764,
              13.1373163
            ],
            [
              77.7661443,
              13.1372118
            ],
            [
              77.7661282,
              13.1371021
            ],
            [
              77.7661711,
              13.1368932
            ],
            [
              77.7661764,
              13.1367835
            ],
            [
              77.766214,
              13.1366842
            ],
            [
              77.7662998,
              13.1366111
            ],
            [
              77.7663749,
              13.1365223
            ],
            [
              77.7672922,
              13.1353625
            ],
            [
              77.7673298,
              13.135258
            ],
            [
              77.7673888,
              13.1351588
            ],
            [
              77.7674317,
              13.1350543
            ],
            [
              77.7674639,
              13.1348401
            ],
            [
              77.7675175,
              13.1346312
            ],
            [
              77.7675283,
              13.1345214
            ],
            [
              77.7676034,
              13.1343073
            ],
            [
              77.7676356,
              13.1339834
            ],
            [
              77.7676195,
              13.1338789
            ],
            [
              77.7675819,
              13.1337744
            ],
            [
              77.7674049,
              13.1335028
            ],
            [
              77.767303,
              13.1334453
            ],
            [
              77.7671957,
              13.1334087
            ],
            [
              77.7670777,
              13.133393
            ],
            [
              77.7668524,
              13.1333826
            ],
            [
              77.7657151,
              13.1333408
            ],
            [
              77.7651572,
              13.1332572
            ],
            [
              77.7650445,
              13.1332207
            ],
            [
              77.7649426,
              13.1331632
            ],
            [
              77.7648514,
              13.1331057
            ],
            [
              77.764771,
              13.1330221
            ],
            [
              77.764669,
              13.1329542
            ],
            [
              77.7645618,
              13.1327453
            ],
            [
              77.7640682,
              13.1315176
            ],
            [
              77.7636659,
              13.1310526
            ],
            [
              77.763505,
              13.1308959
            ],
            [
              77.7633118,
              13.1307705
            ],
            [
              77.7629792,
              13.130478
            ],
            [
              77.7629792,
              13.1302586
            ],
            [
              77.7630973,
              13.1300809
            ],
            [
              77.763226,
              13.1299138
            ],
            [
              77.7633977,
              13.1297884
            ],
            [
              77.7636122,
              13.1297257
            ],
            [
              77.7638054,
              13.1296108
            ],
            [
              77.7639234,
              13.1294436
            ],
            [
              77.7640253,
              13.1279233
            ],
            [
              77.7639985,
              13.127286
            ],
            [
              77.7639234,
              13.1270457
            ],
            [
              77.763682,
              13.1267688
            ],
            [
              77.762137,
              13.1264762
            ],
            [
              77.7620297,
              13.126471
            ],
            [
              77.7619278,
              13.1264292
            ],
            [
              77.7617401,
              13.1263195
            ],
            [
              77.7614611,
              13.1261105
            ],
            [
              77.7613967,
              13.1260165
            ],
            [
              77.7613646,
              13.1254732
            ],
            [
              77.7615094,
              13.1245015
            ],
            [
              77.7614933,
              13.124397
            ],
            [
              77.7614236,
              13.1241932
            ],
            [
              77.7614182,
              13.1240835
            ],
            [
              77.7612734,
              13.1239111
            ],
            [
              77.7611822,
              13.1238536
            ],
            [
              77.7610642,
              13.1238171
            ],
            [
              77.7609569,
              13.1238275
            ],
            [
              77.7608496,
              13.1238745
            ],
            [
              77.7607584,
              13.1239425
            ],
            [
              77.7606457,
              13.1239843
            ],
            [
              77.7604151,
              13.1240574
            ],
            [
              77.7603024,
              13.1240678
            ],
            [
              77.7601039,
              13.123979
            ],
            [
              77.7598893,
              13.1239477
            ],
            [
              77.7596855,
              13.1238745
            ],
            [
              77.7594924,
              13.1237701
            ],
            [
              77.7593314,
              13.1236238
            ],
            [
              77.759192,
              13.1234462
            ],
            [
              77.7591061,
              13.1232476
            ],
            [
              77.7590096,
              13.1228297
            ],
            [
              77.7589345,
              13.1226103
            ],
            [
              77.7588808,
              13.1224013
            ],
            [
              77.7588808,
              13.1221923
            ],
            [
              77.7588594,
              13.1219624
            ],
            [
              77.7587735,
              13.121743
            ],
            [
              77.7587628,
              13.1215445
            ],
            [
              77.7586984,
              13.1213355
            ],
            [
              77.7586555,
              13.1211265
            ],
            [
              77.7586555,
              13.1209176
            ],
            [
              77.7587092,
              13.1207086
            ],
            [
              77.7588272,
              13.120531
            ],
            [
              77.7589881,
              13.1203847
            ],
            [
              77.7591812,
              13.1202906
            ],
            [
              77.7593958,
              13.1202384
            ],
            [
              77.7595353,
              13.1200712
            ],
            [
              77.759546,
              13.1196428
            ],
            [
              77.7595889,
              13.1194338
            ],
            [
              77.7599484,
              13.1188748
            ],
            [
              77.7603936,
              13.1185457
            ],
            [
              77.760469,
              13.1185001
            ],
            [
              77.760576,
              13.118483
            ],
            [
              77.7606779,
              13.1184882
            ],
            [
              77.7607798,
              13.1185091
            ],
            [
              77.7609944,
              13.1185143
            ],
            [
              77.7610527,
              13.1184776
            ],
            [
              77.7611446,
              13.1184255
            ],
            [
              77.7613699,
              13.1181957
            ],
            [
              77.7614558,
              13.1181277
            ],
            [
              77.7615523,
              13.1180755
            ],
            [
              77.7616542,
              13.1180494
            ],
            [
              77.7618044,
              13.1179867
            ],
            [
              77.7621907,
              13.1179553
            ],
            [
              77.7624696,
              13.1178195
            ],
            [
              77.7625286,
              13.1177307
            ],
            [
              77.7626306,
              13.1173023
            ],
            [
              77.7626037,
              13.1171978
            ],
            [
              77.7625662,
              13.1168321
            ],
            [
              77.7624804,
              13.1167537
            ],
            [
              77.762357,
              13.1165761
            ],
            [
              77.7623033,
              13.1164768
            ],
            [
              77.7622819,
              13.1163671
            ],
            [
              77.7622175,
              13.1161529
            ],
            [
              77.762137,
              13.1159387
            ],
            [
              77.7621102,
              13.11562
            ],
            [
              77.7621746,
              13.1154215
            ],
            [
              77.7623033,
              13.1152543
            ],
            [
              77.7626145,
              13.1149408
            ],
            [
              77.7627539,
              13.1147841
            ],
            [
              77.7628106,
              13.1146693
            ],
            [
              77.7629685,
              13.1145333
            ],
            [
              77.7633655,
              13.1140213
            ],
            [
              77.7634299,
              13.1138123
            ],
            [
              77.7635747,
              13.1134153
            ],
            [
              77.7635103,
              13.1132011
            ],
            [
              77.7634996,
              13.1130913
            ],
            [
              77.7632797,
              13.1123338
            ],
            [
              77.7632904,
              13.1121248
            ],
            [
              77.7635103,
              13.10992
            ],
            [
              77.7637517,
              13.1090998
            ],
            [
              77.7645993,
              13.1084624
            ],
            [
              77.7650284,
              13.1082743
            ],
            [
              77.7655005,
              13.1082743
            ],
            [
              77.7659297,
              13.1081698
            ],
            [
              77.7663374,
              13.1080235
            ],
            [
              77.7665305,
              13.1076682
            ],
            [
              77.7666592,
              13.1072712
            ],
            [
              77.7666378,
              13.1068323
            ],
            [
              77.7664446,
              13.1064352
            ],
            [
              77.7661657,
              13.1060799
            ],
            [
              77.7659511,
              13.1057038
            ],
            [
              77.7653932,
              13.1050141
            ],
            [
              77.765243,
              13.104617
            ],
            [
              77.7649234,
              13.1016142
            ]
          ],
          [
            [
              77.7649234,
              13.1016142
            ],
            [
              77.7649909,
              13.1010054
            ],
            [
              77.7648944,
              13.1009113
            ],
            [
              77.7647388,
              13.100159
            ],
            [
              77.7645886,
              13.0996156
            ],
            [
              77.7646315,
              13.0989677
            ],
            [
              77.7646583,
              13.0981631
            ],
            [
              77.7645081,
              13.0970136
            ],
            [
              77.7643526,
              13.0964963
            ],
            [
              77.7644759,
              13.0957596
            ],
            [
              77.7646261,
              13.0951431
            ],
            [
              77.7647978,
              13.0949916
            ],
            [
              77.7659082,
              13.0948035
            ],
            [
              77.7664608,
              13.0948296
            ],
            [
              77.7665305,
              13.0944586
            ],
            [
              77.7667183,
              13.0936958
            ],
            [
              77.7669597,
              13.0928337
            ],
            [
              77.7670401,
              13.0922328
            ],
            [
              77.7670509,
              13.0918357
            ],
            [
              77.7667558,
              13.0912244
            ],
            [
              77.7667344,
              13.0896151
            ],
            [
              77.766906,
              13.0888418
            ],
            [
              77.7674854,
              13.0877445
            ],
            [
              77.7679145,
              13.0863337
            ],
            [
              77.7681613,
              13.0849438
            ],
            [
              77.7678287,
              13.0842019
            ],
            [
              77.7653932,
              13.0819864
            ],
            [
              77.7649855,
              13.0808996
            ],
            [
              77.7663588,
              13.0799381
            ],
            [
              77.7681827,
              13.0793529
            ],
            [
              77.7692985,
              13.0788513
            ],
            [
              77.7688479,
              13.0781824
            ],
            [
              77.767818,
              13.0752354
            ],
            [
              77.7678823,
              13.0740858
            ],
            [
              77.7697062,
              13.0690067
            ]
          ],
          [
            [
              77.7837798,
              13.1870009
            ],
            [
              77.7833828,
              13.1872046
            ],
            [
              77.7832863,
              13.1872725
            ],
            [
              77.7830932,
              13.1873769
            ],
            [
              77.783002,
              13.1874448
            ],
            [
              77.7828973,
              13.1874827
            ]
          ],
          [
            [
              77.7949646,
              13.2216266
            ],
            [
              77.794514,
              13.2205352
            ],
            [
              77.7945247,
              13.2204307
            ],
            [
              77.7944979,
              13.2202219
            ],
            [
              77.7943638,
              13.2195221
            ],
            [
              77.794396,
              13.2193132
            ],
            [
              77.7944603,
              13.2191043
            ],
            [
              77.794337,
              13.2183888
            ],
            [
              77.7939025,
              13.2170572
            ],
            [
              77.793586,
              13.2165245
            ],
            [
              77.7934036,
              13.2163887
            ],
            [
              77.7932855,
              13.216373
            ],
            [
              77.7931729,
              13.216373
            ],
            [
              77.7929476,
              13.2163835
            ],
            [
              77.7927223,
              13.2164253
            ],
            [
              77.7926204,
              13.2164618
            ],
            [
              77.7925131,
              13.2164827
            ],
            [
              77.7922985,
              13.216561
            ],
            [
              77.7921858,
              13.2165454
            ],
            [
              77.7920946,
              13.2164723
            ],
            [
              77.7919874,
              13.2162842
            ],
            [
              77.7919659,
              13.2161798
            ],
            [
              77.7919123,
              13.2155531
            ],
            [
              77.7918479,
              13.2154591
            ],
            [
              77.7917674,
              13.2153703
            ],
            [
              77.7914616,
              13.2152293
            ],
            [
              77.7913544,
              13.2152398
            ],
            [
              77.7911612,
              13.2153703
            ],
            [
              77.79107,
              13.2154487
            ],
            [
              77.7909681,
              13.2154905
            ],
            [
              77.7908555,
              13.2154852
            ],
            [
              77.7907535,
              13.2154382
            ],
            [
              77.7906892,
              13.2153442
            ],
            [
              77.7906409,
              13.215245
            ],
            [
              77.7905712,
              13.215151
            ],
            [
              77.7900562,
              13.2143206
            ],
            [
              77.7897826,
              13.2139081
            ],
            [
              77.7895895,
              13.2137775
            ],
            [
              77.7894875,
              13.2137253
            ],
            [
              77.7891764,
              13.2136104
            ],
            [
              77.7889886,
              13.2134903
            ],
            [
              77.7888384,
              13.2131874
            ],
            [
              77.788817,
              13.2130829
            ],
            [
              77.7888653,
              13.2127591
            ],
            [
              77.7888599,
              13.2126495
            ],
            [
              77.7887687,
              13.2124562
            ],
            [
              77.7886721,
              13.2123988
            ],
            [
              77.7885702,
              13.2123622
            ],
            [
              77.7884576,
              13.2123361
            ],
            [
              77.7883396,
              13.2123361
            ],
            [
              77.7882323,
              13.2123152
            ],
            [
              77.7881303,
              13.2122735
            ],
            [
              77.7879426,
              13.2121481
            ],
            [
              77.7877709,
              13.2120019
            ],
            [
              77.7877173,
              13.2119079
            ],
            [
              77.7877066,
              13.2118034
            ],
            [
              77.7877119,
              13.211699
            ],
            [
              77.7875081,
              13.2110827
            ],
            [
              77.7874276,
              13.2110096
            ],
            [
              77.7874598,
              13.2109052
            ],
            [
              77.7875671,
              13.2107224
            ],
            [
              77.7875832,
              13.210618
            ],
            [
              77.7875563,
              13.2105135
            ],
            [
              77.7874544,
              13.2104613
            ],
            [
              77.7873632,
              13.2103986
            ],
            [
              77.7872881,
              13.2103203
            ],
            [
              77.7872238,
              13.2102315
            ],
            [
              77.7871379,
              13.2100278
            ],
            [
              77.7871111,
              13.2099234
            ],
            [
              77.7871165,
              13.2098189
            ],
            [
              77.7871487,
              13.2097197
            ],
            [
              77.787154,
              13.2096152
            ],
            [
              77.7871165,
              13.209516
            ],
            [
              77.7870521,
              13.2094272
            ],
            [
              77.7870253,
              13.2093228
            ],
            [
              77.7868965,
              13.20914
            ],
            [
              77.7868482,
              13.209046
            ],
            [
              77.7868322,
              13.2089415
            ],
            [
              77.7868214,
              13.2088371
            ],
            [
              77.786859,
              13.2087326
            ],
            [
              77.7869394,
              13.2076725
            ],
            [
              77.7869394,
              13.207568
            ],
            [
              77.7869716,
              13.2074688
            ],
            [
              77.787036,
              13.20738
            ],
            [
              77.7870575,
              13.2072756
            ],
            [
              77.7870575,
              13.2071763
            ],
            [
              77.7870414,
              13.2070719
            ],
            [
              77.7870092,
              13.2069674
            ],
            [
              77.7868751,
              13.2067951
            ],
            [
              77.7867088,
              13.2066541
            ],
            [
              77.786639,
              13.2065653
            ],
            [
              77.786639,
              13.2064608
            ],
            [
              77.7867249,
              13.2062676
            ],
            [
              77.7867463,
              13.2061632
            ],
            [
              77.7867463,
              13.2060587
            ],
            [
              77.7865478,
              13.2055469
            ],
            [
              77.7863333,
              13.2046068
            ],
            [
              77.7863654,
              13.2045024
            ],
            [
              77.7864191,
              13.2044084
            ],
            [
              77.7864566,
              13.2043091
            ],
            [
              77.7865157,
              13.2042204
            ],
            [
              77.7865854,
              13.2038704
            ],
            [
              77.7862957,
              13.202711
            ],
            [
              77.7861616,
              13.2023716
            ],
            [
              77.786124,
              13.2020582
            ],
            [
              77.7859363,
              13.2015307
            ],
            [
              77.785947,
              13.2014263
            ],
            [
              77.7859309,
              13.2013218
            ],
            [
              77.7859309,
              13.2012173
            ],
            [
              77.7859363,
              13.2011129
            ],
            [
              77.7859578,
              13.2010084
            ],
            [
              77.785947,
              13.2005436
            ],
            [
              77.7857754,
              13.1999587
            ],
            [
              77.7856949,
              13.1987784
            ],
            [
              77.785719,
              13.1986112
            ],
            [
              77.7858853,
              13.1984702
            ],
            [
              77.7859148,
              13.1983135
            ],
            [
              77.785939,
              13.1982691
            ],
            [
              77.7860597,
              13.1980733
            ],
            [
              77.7863735,
              13.1976241
            ],
            [
              77.7864191,
              13.1975928
            ],
            [
              77.7864727,
              13.1975902
            ],
            [
              77.7866685,
              13.1976946
            ],
            [
              77.7867222,
              13.1977077
            ],
            [
              77.7868322,
              13.1977129
            ],
            [
              77.7869233,
              13.1976555
            ],
            [
              77.7869555,
              13.1976111
            ],
            [
              77.7869985,
              13.197457
            ],
            [
              77.7869207,
              13.1971436
            ],
            [
              77.7868912,
              13.1970914
            ],
            [
              77.7868858,
              13.1969791
            ],
            [
              77.7869287,
              13.1968773
            ],
            [
              77.7869314,
              13.1968251
            ],
            [
              77.7869663,
              13.1967206
            ],
            [
              77.7869582,
              13.1966135
            ],
            [
              77.7869287,
              13.1965613
            ],
            [
              77.7868456,
              13.1964856
            ],
            [
              77.7867758,
              13.1963968
            ],
            [
              77.7867571,
              13.1963472
            ],
            [
              77.7867517,
              13.1962949
            ],
            [
              77.7868026,
              13.1962009
            ],
            [
              77.7868375,
              13.1961618
            ],
            [
              77.787028,
              13.196026
            ],
            [
              77.7870575,
              13.1959816
            ],
            [
              77.7870789,
              13.1958249
            ],
            [
              77.7871004,
              13.1957779
            ],
            [
              77.7871701,
              13.1956969
            ],
            [
              77.7874759,
              13.195441
            ],
            [
              77.7877387,
              13.1950232
            ],
            [
              77.7878728,
              13.1946419
            ],
            [
              77.7878407,
              13.1945375
            ],
            [
              77.7878353,
              13.194433
            ],
            [
              77.7878514,
              13.1943233
            ],
            [
              77.7878192,
              13.1941144
            ],
            [
              77.787787,
              13.19401
            ],
            [
              77.787728,
              13.193916
            ],
            [
              77.7872828,
              13.1932474
            ],
            [
              77.7871326,
              13.1930646
            ],
            [
              77.7871111,
              13.192861
            ],
            [
              77.787036,
              13.1927826
            ],
            [
              77.7869824,
              13.1926886
            ],
            [
              77.7869448,
              13.1925841
            ],
            [
              77.7868965,
              13.1924901
            ],
            [
              77.7867731,
              13.1923073
            ],
            [
              77.7866122,
              13.1921559
            ],
            [
              77.7865478,
              13.1920671
            ],
            [
              77.7863923,
              13.1919052
            ],
            [
              77.7862971,
              13.1915696
            ],
            [
              77.7862957,
              13.1915422
            ],
            [
              77.7862689,
              13.19149
            ],
            [
              77.78623,
              13.1914443
            ],
            [
              77.7861562,
              13.1913946
            ],
            [
              77.7861026,
              13.1913724
            ],
            [
              77.7857512,
              13.1913307
            ],
            [
              77.7852872,
              13.1910669
            ],
            [
              77.784504,
              13.1907091
            ],
            [
              77.7841473,
              13.1904271
            ],
            [
              77.7839997,
              13.190354
            ],
            [
              77.7839085,
              13.1902835
            ],
            [
              77.7838147,
              13.1901451
            ],
            [
              77.7837932,
              13.1900928
            ],
            [
              77.7837262,
              13.1888446
            ],
            [
              77.7838442,
              13.1885416
            ],
            [
              77.784225,
              13.188176
            ],
            [
              77.7843109,
              13.1879776
            ],
            [
              77.7843752,
              13.1877791
            ],
            [
              77.784504,
              13.1875075
            ],
            [
              77.7845308,
              13.1872986
            ],
            [
              77.7845415,
              13.1871001
            ],
            [
              77.784445,
              13.1870531
            ],
            [
              77.7843323,
              13.1870583
            ],
            [
              77.784209,
              13.1870322
            ],
            [
              77.784107,
              13.1869904
            ],
            [
              77.7839997,
              13.1869695
            ],
            [
              77.7837798,
              13.1870009
            ]
          ],
          [
            [
              77.7779998,
              12.9785829
            ],
            [
              77.778326,
              12.978516
            ],
            [
              77.7784976,
              12.9781982
            ],
            [
              77.778592,
              12.9777047
            ],
            [
              77.7786779,
              12.9769771
            ],
            [
              77.7784032,
              12.9764251
            ],
            [
              77.777914,
              12.9762327
            ],
            [
              77.7774934,
              12.9763582
            ],
            [
              77.7773389,
              12.9765756
            ],
            [
              77.77709,
              12.976584
            ],
            [
              77.7768583,
              12.9762327
            ],
            [
              77.7766351,
              12.9759902
            ],
            [
              77.7767467,
              12.9757894
            ],
            [
              77.7766694,
              12.9756389
            ],
            [
              77.7764549,
              12.9753378
            ],
            [
              77.7762231,
              12.9750367
            ],
            [
              77.7761544,
              12.9746603
            ],
            [
              77.7764549,
              12.9744345
            ],
            [
              77.7767381,
              12.9743341
            ],
            [
              77.7770385,
              12.9739159
            ],
            [
              77.7773046,
              12.9736399
            ],
            [
              77.7776822,
              12.9735562
            ],
            [
              77.7779826,
              12.9733555
            ],
            [
              77.7780942,
              12.9730628
            ],
            [
              77.778283,
              12.9728202
            ],
            [
              77.7787208,
              12.97277
            ],
            [
              77.7789869,
              12.9727449
            ],
            [
              77.7791242,
              12.972402
            ],
            [
              77.7790555,
              12.9720424
            ],
            [
              77.7789525,
              12.9718082
            ]
          ]
        ]
      },
      "properties": {
        "river_id": "dakshina-pinakini",
        "name": "Dakshina Pinakini",
        "name_kn": "ದಕ್ಷಿಣ ಪಿನಾಕಿನಿ",
        "waterway": "river",
        "length_km": 99,
        "osm_ids": [
          106356019,
          135274883,
          232643393,
          232643394,
          316205620,
          316205621,
          322783237,
          322783238,
          322783239,
          326434061,
          506094996,
          506094997,
          1029924022,
          1215977794,
          1215977795,
          1232427281
        ]
      }
    },
    {
      "type": "Feature",
      "geometry": {
        "type": "MultiLineString",
        "coordinates": [
          [
            [
              77.4047327,
              12.5986975
            ],
            [
              77.4047546,
              12.5941456
            ],
            [
              77.4047328,
              12.5913517
            ],
            [
              77.4050182,
              12.5896469
            ],
            [
              77.4050577,
              12.5876825
            ],
            [
              77.4054018,
              12.5859252
            ],
            [
              77.4063262,
              12.5841375
            ],
            [
              77.4066654,
              12.58282
            ],
            [
              77.4073295,
              12.5815804
            ],
            [
              77.4076631,
              12.5783091
            ],
            [
              77.4071618,
              12.5763452
            ],
            [
              77.4068145,
              12.5743762
            ],
            [
              77.4065751,
              12.5728436
            ],
            [
              77.4062996,
              12.5713604
            ],
            [
              77.4065321,
              12.5683125
            ],
            [
              77.4071485,
              12.5665391
            ],
            [
              77.4075229,
              12.5656858
            ],
            [
              77.4081878,
              12.5649936
            ],
            [
              77.4088109,
              12.5647144
            ],
            [
              77.4095405,
              12.5645212
            ],
            [
              77.4099249,
              12.5644748
            ],
            [
              77.4108531,
              12.5643627
            ],
            [
              77.4143765,
              12.5636744
            ],
            [
              77.416639,
              12.5628887
            ],
            [
              77.41893,
              12.561973
            ],
            [
              77.4205878,
              12.5610607
            ],
            [
              77.4219208,
              12.5601346
            ],
            [
              77.4232505,
              12.5597832
            ],
            [
              77.4247036,
              12.5598647
            ],
            [
              77.426387,
              12.5599154
            ],
            [
              77.4279329,
              12.5591819
            ],
            [
              77.4292978,
              12.5575807
            ],
            [
              77.4305276,
              12.5549437
            ],
            [
              77.4301605,
              12.5534324
            ],
            [
              77.4294739,
              12.5512541
            ],
            [
              77.4282824,
              12.5497397
            ],
            [
              77.4279289,
              12.5477353
            ],
            [
              77.427786,
              12.5459733
            ],
            [
              77.4267273,
              12.5448868
            ],
            [
              77.4263839,
              12.5418706
            ],
            [
              77.4258454,
              12.539806
            ],
            [
              77.4251823,
              12.537849
            ],
            [
              77.4244013,
              12.53648
            ],
            [
              77.4246585,
              12.5348461
            ],
            [
              77.4257777,
              12.5338147
            ],
            [
              77.4268989,
              12.5326543
            ],
            [
              77.4284403,
              12.5313037
            ],
            [
              77.4304264,
              12.5306206
            ],
            [
              77.431825,
              12.5298499
            ],
            [
              77.4327669,
              12.528218
            ],
            [
              77.4322028,
              12.5259294
            ],
            [
              77.4317712,
              12.5253208
            ],
            [
              77.4312916,
              12.5246924
            ],
            [
              77.4311398,
              12.5234241
            ],
            [
              77.4318006,
              12.521489
            ],
            [
              77.4329307,
              12.5203339
            ],
            [
              77.434452,
              12.5194159
            ],
            [
              77.4364483,
              12.517969
            ],
            [
              77.4375339,
              12.5169636
            ],
            [
              77.4379313,
              12.5153364
            ],
            [
              77.4371858,
              12.5139518
            ],
            [
              77.435997,
              12.5123774
            ],
            [
              77.4327354,
              12.5112043
            ],
            [
              77.4293718,
              12.5106811
            ],
            [
              77.4284178,
              12.510355
            ],
            [
              77.4274077,
              12.5093843
            ],
            [
              77.4276506,
              12.5081741
            ],
            [
              77.4282235,
              12.5069286
            ],
            [
              77.4286155,
              12.5051712
            ],
            [
              77.4299888,
              12.5031601
            ],
            [
              77.4316312,
              12.5017038
            ],
            [
              77.4325922,
              12.5005298
            ]
          ],
          [
            [
              77.281808,
              12.7335893
            ],
            [
              77.2823676,
              12.7317752
            ],
            [
              77.282196,
              12.7300876
            ],
            [
              77.2819455,
              12.7295794
            ],
            [
              77.2816663,
              12.7291699
            ],
            [
              77.2812476,
              12.7289491
            ],
            [
              77.2808533,
              12.7289267
            ],
            [
              77.2803703,
              12.7285464
            ],
            [
              77.2796662,
              12.7280716
            ],
            [
              77.2786355,
              12.7275061
            ],
            [
              77.2779583,
              12.7270122
            ],
            [
              77.2770458,
              12.7259857
            ],
            [
              77.2767544,
              12.7250626
            ],
            [
              77.2771042,
              12.7236211
            ],
            [
              77.2778943,
              12.7220498
            ],
            [
              77.2780758,
              12.7207014
            ],
            [
              77.2778945,
              12.7193843
            ],
            [
              77.2776563,
              12.7177297
            ],
            [
              77.2775828,
              12.716366
            ],
            [
              77.2771488,
              12.7148071
            ],
            [
              77.2770008,
              12.7140499
            ],
            [
              77.2770973,
              12.7134039
            ],
            [
              77.2777395,
              12.7125807
            ],
            [
              77.27804,
              12.7115341
            ],
            [
              77.2782331,
              12.7111782
            ],
            [
              77.278211,
              12.7107
            ],
            [
              77.2792977,
              12.7098267
            ],
            [
              77.2808207,
              12.7089401
            ],
            [
              77.2830122,
              12.7076941
            ],
            [
              77.2864454,
              12.706187
            ],
            [
              77.2901945,
              12.7037364
            ],
            [
              77.2933119,
              12.7014982
            ],
            [
              77.2961696,
              12.7001245
            ],
            [
              77.2983303,
              12.6989289
            ],
            [
              77.2995882,
              12.6973666
            ],
            [
              77.3009048,
              12.6957046
            ],
            [
              77.3031766,
              12.6932106
            ],
            [
              77.3043725,
              12.6919779
            ],
            [
              77.3058109,
              12.6911106
            ],
            [
              77.3071706,
              12.6899086
            ],
            [
              77.3086598,
              12.6884337
            ],
            [
              77.3102837,
              12.6879287
            ],
            [
              77.3125184,
              12.6876852
            ],
            [
              77.3142107,
              12.6869808
            ],
            [
              77.3148912,
              12.6860339
            ],
            [
              77.316061,
              12.684185
            ],
            [
              77.3180311,
              12.6824069
            ],
            [
              77.3191975,
              12.6812792
            ],
            [
              77.3199194,
              12.6798948
            ],
            [
              77.3231809,
              12.6778851
            ],
            [
              77.3247033,
              12.6775367
            ],
            [
              77.3260346,
              12.6768542
            ],
            [
              77.3269575,
              12.6750379
            ],
            [
              77.328765,
              12.67353
            ],
            [
              77.3302279,
              12.6718864
            ],
            [
              77.3323753,
              12.6699636
            ],
            [
              77.334433,
              12.6681956
            ],
            [
              77.3345095,
              12.6666707
            ],
            [
              77.3349502,
              12.6653107
            ],
            [
              77.3356387,
              12.6645516
            ],
            [
              77.3365431,
              12.6639622
            ],
            [
              77.3380165,
              12.6629407
            ],
            [
              77.3398321,
              12.660802
            ],
            [
              77.3436086,
              12.6577872
            ],
            [
              77.3467937,
              12.6547503
            ],
            [
              77.3472906,
              12.6538259
            ],
            [
              77.3480718,
              12.6530974
            ],
            [
              77.350066,
              12.6515362
            ],
            [
              77.3515051,
              12.6497475
            ],
            [
              77.3534288,
              12.6469921
            ],
            [
              77.3550528,
              12.6455695
            ],
            [
              77.3570885,
              12.6451716
            ],
            [
              77.3583473,
              12.644843
            ],
            [
              77.3595883,
              12.6444026
            ],
            [
              77.3600881,
              12.6437176
            ],
            [
              77.3607166,
              12.642443
            ],
            [
              77.3614566,
              12.6415267
            ],
            [
              77.3626631,
              12.6391951
            ],
            [
              77.3635214,
              12.6381901
            ],
            [
              77.3653999,
              12.6370656
            ],
            [
              77.3666604,
              12.6368186
            ],
            [
              77.3680275,
              12.6357716
            ],
            [
              77.3691725,
              12.6343682
            ],
            [
              77.3714903,
              12.6315254
            ],
            [
              77.3746793,
              12.6284749
            ],
            [
              77.3774799,
              12.6259268
            ],
            [
              77.3796575,
              12.6236171
            ],
            [
              77.3809571,
              12.6226485
            ],
            [
              77.3818617,
              12.6215715
            ],
            [
              77.3822659,
              12.6210191
            ],
            [
              77.3825758,
              12.6202668
            ],
            [
              77.3851507,
              12.6175866
            ],
            [
              77.386147,
              12.6169234
            ],
            [
              77.3869487,
              12.6156196
            ],
            [
              77.3877256,
              12.6147388
            ],
            [
              77.3885839,
              12.6133986
            ],
            [
              77.3897856,
              12.6120585
            ],
            [
              77.3921888,
              12.6100482
            ],
            [
              77.3932188,
              12.608373
            ],
            [
              77.3935708,
              12.6069262
            ],
            [
              77.3942439,
              12.6064768
            ],
            [
              77.3950836,
              12.6058593
            ],
            [
              77.3958724,
              12.6049883
            ],
            [
              77.3966834,
              12.6045459
            ],
            [
              77.3982332,
              12.6042013
            ],
            [
              77.399054,
              12.6047461
            ],
            [
              77.3999566,
              12.6047021
            ],
            [
              77.400972,
              12.6042616
            ],
            [
              77.4014233,
              12.6028523
            ],
            [
              77.4023168,
              12.6010019
            ],
            [
              77.403851,
              12.5995466
            ],
            [
              77.4047327,
              12.5986975
            ]
          ],
          [
            [
              77.2981124,
              12.764694
            ],
            [
              77.2958379,
              12.7607178
            ],
            [
              77.2951513,
              12.7578716
            ],
            [
              77.2941213,
              12.7548579
            ],
            [
              77.2924047,
              12.7516768
            ],
            [
              77.2901731,
              12.7491654
            ],
            [
              77.2899715,
              12.7482603
            ],
            [
              77.2893148,
              12.7469888
            ],
            [
              77.2889714,
              12.7449796
            ],
            [
              77.2879415,
              12.7436401
            ],
            [
              77.2858815,
              12.7421332
            ],
            [
              77.2851443,
              12.7420849
            ],
            [
              77.2833535,
              12.7404381
            ],
            [
              77.283135,
              12.7402916
            ],
            [
              77.2829935,
              12.7400641
            ],
            [
              77.2824483,
              12.7379474
            ],
            [
              77.2818609,
              12.7361368
            ],
            [
              77.2818679,
              12.7355696
            ],
            [
              77.2817901,
              12.7346215
            ],
            [
              77.281808,
              12.7335893
            ]
          ],
          [
            [
              77.3308708,
              12.8470748
            ],
            [
              77.3278883,
              12.8326915
            ],
            [
              77.3279786,
              12.8290417
            ],
            [
              77.326498,
              12.8247945
            ],
            [
              77.3246949,
              12.8199427
            ],
            [
              77.3224594,
              12.812428
            ],
            [
              77.3202278,
              12.8092476
            ],
            [
              77.3183396,
              12.8072389
            ],
            [
              77.3173096,
              12.8043933
            ],
            [
              77.3174234,
              12.8007062
            ],
            [
              77.3164711,
              12.7965583
            ],
            [
              77.3152694,
              12.7945495
            ],
            [
              77.3145828,
              12.7925407
            ],
            [
              77.3128662,
              12.7908667
            ],
            [
              77.3111496,
              12.7898623
            ],
            [
              77.309433,
              12.7886905
            ],
            [
              77.307888,
              12.7875186
            ],
            [
              77.3061714,
              12.7856772
            ],
            [
              77.3058281,
              12.7838357
            ],
            [
              77.3055313,
              12.7815294
            ],
            [
              77.3043296,
              12.7781813
            ],
            [
              77.3022697,
              12.7751679
            ],
            [
              77.3007891,
              12.7715894
            ],
            [
              77.2989438,
              12.7665251
            ],
            [
              77.2981124,
              12.764694
            ]
          ],
          [
            [
              77.3349249,
              12.9698746
            ],
            [
              77.3348324,
              12.968109
            ],
            [
              77.3344783,
              12.9671157
            ],
            [
              77.3342651,
              12.9662153
            ],
            [
              77.3341739,
              12.9658807
            ],
            [
              77.3342651,
              12.9652586
            ],
            [
              77.3343777,
              12.9646522
            ],
            [
              77.334131,
              12.9638942
            ],
            [
              77.3343563,
              12.9631519
            ],
            [
              77.3342946,
              12.9619521
            ],
            [
              77.3342302,
              12.960802
            ],
            [
              77.3339942,
              12.959861
            ],
            [
              77.3344662,
              12.9588782
            ],
            [
              77.3346594,
              12.9577281
            ],
            [
              77.3347076,
              12.9559192
            ],
            [
              77.334477,
              12.9548528
            ],
            [
              77.3345306,
              12.9533785
            ],
            [
              77.3340645,
              12.9504963
            ],
            [
              77.3352878,
              12.9448017
            ],
            [
              77.3357243,
              12.93824
            ],
            [
              77.3364667,
              12.9296873
            ],
            [
              77.3365551,
              12.9257446
            ],
            [
              77.3363707,
              12.921552
            ],
            [
              77.3362715,
              12.9160356
            ],
            [
              77.3360875,
              12.9142092
            ],
            [
              77.3358198,
              12.912227
            ],
            [
              77.3358573,
              12.9109396
            ],
            [
              77.3356471,
              12.9106468
            ],
            [
              77.3353585,
              12.9106045
            ],
            [
              77.3333471,
              12.91028
            ],
            [
              77.3317265,
              12.9099381
            ],
            [
              77.3262944,
              12.9085
            ],
            [
              77.323311,
              12.9089736
            ],
            [
              77.3220443,
              12.9083693
            ],
            [
              77.3215145,
              12.9075994
            ],
            [
              77.321658,
              12.906602
            ],
            [
              77.3231922,
              12.9042594
            ],
            [
              77.32522,
              12.9012894
            ],
            [
              77.3254238,
              12.9003272
            ],
            [
              77.3271297,
              12.8981833
            ],
            [
              77.329887,
              12.8946275
            ],
            [
              77.3319041,
              12.8917829
            ],
            [
              77.3351683,
              12.8887999
            ],
            [
              77.3359761,
              12.8878953
            ],
            [
              77.3363518,
              12.8800069
            ],
            [
              77.3361158,
              12.8748316
            ],
            [
              77.336156,
              12.8741569
            ],
            [
              77.3362936,
              12.873675
            ],
            [
              77.3364492,
              12.8734763
            ],
            [
              77.3368159,
              12.8730587
            ],
            [
              77.3369661,
              12.8726665
            ],
            [
              77.3371195,
              12.8721218
            ],
            [
              77.3371195,
              12.8717714
            ],
            [
              77.3369714,
              12.871108
            ],
            [
              77.3368266,
              12.8706426
            ],
            [
              77.33673,
              12.8703131
            ],
            [
              77.3362955,
              12.8691678
            ],
            [
              77.3361595,
              12.8687748
            ],
            [
              77.3361273,
              12.8681107
            ],
            [
              77.3361059,
              12.8672164
            ],
            [
              77.3361113,
              12.8666777
            ],
            [
              77.3360488,
              12.8664327
            ],
            [
              77.3360756,
              12.8662444
            ],
            [
              77.3362097,
              12.8659986
            ],
            [
              77.3361756,
              12.8654226
            ],
            [
              77.3361507,
              12.8649579
            ],
            [
              77.33614,
              12.8646023
            ],
            [
              77.3361864,
              12.864293
            ],
            [
              77.3363331,
              12.8637028
            ],
            [
              77.3364224,
              12.8628129
            ],
            [
              77.3364779,
              12.8623483
            ],
            [
              77.3364385,
              12.8621017
            ],
            [
              77.3364278,
              12.8618193
            ],
            [
              77.3365082,
              12.861563
            ],
            [
              77.3365262,
              12.8613494
            ],
            [
              77.3365745,
              12.8610303
            ],
            [
              77.3366549,
              12.860612
            ],
            [
              77.3367121,
              12.8605066
            ],
            [
              77.3367139,
              12.8602877
            ],
            [
              77.3366496,
              12.8600367
            ],
            [
              77.3366155,
              12.859811
            ],
            [
              77.3367443,
              12.8592619
            ],
            [
              77.3367335,
              12.8590579
            ],
            [
              77.3367282,
              12.8588278
            ],
            [
              77.3366925,
              12.8582167
            ],
            [
              77.336637,
              12.8578237
            ],
            [
              77.3366979,
              12.857406
            ],
            [
              77.3367282,
              12.8572274
            ],
            [
              77.3368212,
              12.8568987
            ],
            [
              77.3367443,
              12.8561501
            ],
            [
              77.3367461,
              12.85579
            ],
            [
              77.3365511,
              12.854853
            ],
            [
              77.3365458,
              12.8543928
            ],
            [
              77.3366335,
              12.8539124
            ],
            [
              77.3366335,
              12.8534313
            ],
            [
              77.3365369,
              12.8529553
            ],
            [
              77.3364243,
              12.8526834
            ],
            [
              77.3362024,
              12.8522537
            ],
            [
              77.3360702,
              12.8520296
            ],
            [
              77.3357913,
              12.8513183
            ],
            [
              77.3355694,
              12.8509149
            ],
            [
              77.3352763,
              12.8505443
            ],
            [
              77.3348203,
              12.850288
            ],
            [
              77.3343161,
              12.8498173
            ],
            [
              77.3329623,
              12.8489013
            ],
            [
              77.331632,
              12.8478396
            ],
            [
              77.330974,
              12.8472284
            ],
            [
              77.3308708,
              12.8470748
            ]
          ],
          [
            [
              77.3383606,
              12.9721723
            ],
            [
              77.3359763,
              12.9709201
            ],
            [
              77.3349249,
              12.9698746
            ]
          ],
          [
            [
              77.4220045,
              13.0002371
            ],
            [
              77.4216581,
              12.9998032
            ],
            [
              77.4212326,
              12.9989932
            ],
            [
              77.4204113,
              12.9984244
            ],
            [
              77.4200254,
              12.9983087
            ],
            [
              77.419679,
              12.9980676
            ],
            [
              77.41864,
              12.9981833
            ],
            [
              77.4184619,
              12.9980772
            ],
            [
              77.4183789,
              12.9979998
            ],
            [
              77.418264,
              12.9978362
            ],
            [
              77.4181254,
              12.9974698
            ],
            [
              77.4181749,
              12.9970455
            ],
            [
              77.417601,
              12.9959946
            ],
            [
              77.4165223,
              12.9945386
            ],
            [
              77.4161941,
              12.9939552
            ],
            [
              77.4160951,
              12.9938395
            ],
            [
              77.4159319,
              12.993719
            ],
            [
              77.4157537,
              12.9936178
            ],
            [
              77.4154321,
              12.993584
            ],
            [
              77.415254,
              12.9937431
            ],
            [
              77.4151155,
              12.9940276
            ],
            [
              77.4147592,
              12.9942397
            ],
            [
              77.4136509,
              12.9941963
            ],
            [
              77.4134382,
              12.9941674
            ],
            [
              77.4127416,
              12.9938611
            ],
            [
              77.4123568,
              12.9936225
            ],
            [
              77.4121328,
              12.9934316
            ],
            [
              77.4120349,
              12.9933157
            ],
            [
              77.4119439,
              12.9929066
            ],
            [
              77.4119649,
              12.9924975
            ],
            [
              77.4122238,
              12.9915975
            ],
            [
              77.4122168,
              12.990452
            ],
            [
              77.411491,
              12.9884238
            ],
            [
              77.4113208,
              12.9883067
            ],
            [
              77.4109349,
              12.9881813
            ],
            [
              77.4090151,
              12.9880078
            ],
            [
              77.4082433,
              12.9878342
            ],
            [
              77.4078432,
              12.9875875
            ],
            [
              77.4071995,
              12.9872529
            ],
            [
              77.4069964,
              12.9871785
            ],
            [
              77.4065808,
              12.9872074
            ],
            [
              77.4061256,
              12.9876124
            ],
            [
              77.4060168,
              12.9884995
            ],
            [
              77.4056506,
              12.9892227
            ],
            [
              77.4055043,
              12.9898038
            ],
            [
              77.4049975,
              12.990187
            ],
            [
              77.4047303,
              12.9905148
            ],
            [
              77.4044958,
              12.9905774
            ],
            [
              77.4042949,
              12.9906112
            ],
            [
              77.4040871,
              12.9906016
            ],
            [
              77.4040237,
              12.9905356
            ],
            [
              77.4038694,
              12.9904087
            ],
            [
              77.403533,
              12.9895506
            ],
            [
              77.403147,
              12.9890877
            ],
            [
              77.4016132,
              12.9885863
            ],
            [
              77.3988128,
              12.9881717
            ],
            [
              77.3968435,
              12.9873521
            ],
            [
              77.3948248,
              12.9867157
            ],
            [
              77.3938254,
              12.9866193
            ],
            [
              77.3934197,
              12.986706
            ],
            [
              77.3928853,
              12.9870435
            ],
            [
              77.3921827,
              12.9882778
            ],
            [
              77.3903323,
              12.9927036
            ],
            [
              77.3898573,
              12.9933882
            ],
            [
              77.389026,
              12.9936389
            ],
            [
              77.3885807,
              12.9935617
            ],
            [
              77.3878089,
              12.9932436
            ],
            [
              77.3868936,
              12.9934088
            ],
            [
              77.3850323,
              12.9943634
            ],
            [
              77.3846544,
              12.9948134
            ],
            [
              77.3836468,
              12.9954679
            ],
            [
              77.3831151,
              12.9957406
            ],
            [
              77.3822334,
              12.996027
            ],
            [
              77.3819395,
              12.9960815
            ],
            [
              77.3816596,
              12.9960406
            ],
            [
              77.3813657,
              12.9959724
            ],
            [
              77.3808619,
              12.995727
            ],
            [
              77.3805541,
              12.9952634
            ],
            [
              77.3792946,
              12.9944043
            ],
            [
              77.3775173,
              12.9935861
            ],
            [
              77.3761318,
              12.9932861
            ],
            [
              77.3743265,
              12.9931088
            ],
            [
              77.3728011,
              12.992277
            ],
            [
              77.3711078,
              12.9917589
            ],
            [
              77.3697127,
              12.9911888
            ],
            [
              77.3677831,
              12.9910538
            ],
            [
              77.3672586,
              12.9909381
            ],
            [
              77.3671083,
              12.9908249
            ],
            [
              77.3666055,
              12.9904656
            ],
            [
              77.3659623,
              12.9896556
            ],
            [
              77.3657743,
              12.9880839
            ],
            [
              77.3655467,
              12.9875247
            ],
            [
              77.3651509,
              12.98738
            ],
            [
              77.364953,
              12.9873511
            ],
            [
              77.3632113,
              12.9876982
            ],
            [
              77.3625978,
              12.9882382
            ],
            [
              77.3622218,
              12.988431
            ],
            [
              77.3620041,
              12.9884503
            ],
            [
              77.3613905,
              12.9882961
            ],
            [
              77.3597578,
              12.9886046
            ],
            [
              77.3593521,
              12.9886046
            ],
            [
              77.3591739,
              12.9884985
            ],
            [
              77.3574883,
              12.9864834
            ],
            [
              77.3569985,
              12.9857607
            ],
            [
              77.3567886,
              12.9855562
            ],
            [
              77.355935,
              12.9851607
            ],
            [
              77.3551932,
              12.9842879
            ],
            [
              77.3550113,
              12.9837561
            ],
            [
              77.3550673,
              12.9831834
            ],
            [
              77.3548294,
              12.980456
            ],
            [
              77.3534719,
              12.9760785
            ],
            [
              77.3529821,
              12.9753558
            ],
            [
              77.3527162,
              12.9751785
            ],
            [
              77.3503804,
              12.9745748
            ],
            [
              77.3457885,
              12.973728
            ],
            [
              77.3437822,
              12.9728602
            ],
            [
              77.339791,
              12.972327
            ],
            [
              77.3383606,
              12.9721723
            ]
          ],
          [
            [
              77.4315278,
              13.0079984
            ],
            [
              77.4315241,
              13.0076902
            ],
            [
              77.431247,
              13.0071213
            ],
            [
              77.4310787,
              13.0069863
            ],
            [
              77.43096,
              13.0068031
            ],
            [
              77.4307171,
              13.0062374
            ],
            [
              77.4305543,
              13.0061089
            ],
            [
              77.4300948,
              13.0059865
            ],
            [
              77.4294856,
              13.0058872
            ],
            [
              77.4283575,
              13.0059739
            ],
            [
              77.4279491,
              13.0057147
            ],
            [
              77.4271403,
              13.0054919
            ],
            [
              77.4268929,
              13.0049326
            ],
            [
              77.426507,
              13.0035828
            ],
            [
              77.4260179,
              13.0031431
            ],
            [
              77.4257054,
              13.0028886
            ],
            [
              77.4252898,
              13.0018858
            ],
            [
              77.4251216,
              13.0017605
            ],
            [
              77.4247258,
              13.0015966
            ],
            [
              77.4239539,
              13.0018955
            ],
            [
              77.4237004,
              13.0018468
            ],
            [
              77.4230534,
              13.0018665
            ],
            [
              77.4228753,
              13.0017798
            ],
            [
              77.422649,
              13.0014914
            ],
            [
              77.422529,
              13.0013362
            ],
            [
              77.4220045,
              13.0002371
            ]
          ],
          [
            [
              77.4315291,
              13.0081066
            ],
            [
              77.4315278,
              13.0079984
            ]
          ],
          [
            [
              77.4554446,
              13.0639632
            ],
            [
              77.4531022,
              13.0615041
            ],
            [
              77.4525424,
              13.0610406
            ],
            [
              77.4525117,
              13.0609641
            ],
            [
              77.4522905,
              13.0607611
            ],
            [
              77.4513879,
              13.0594592
            ],
            [
              77.4513319,
              13.0593297
            ],
            [
              77.4512969,
              13.0590502
            ],
            [
              77.4513808,
              13.0588761
            ],
            [
              77.4515139,
              13.0586412
            ],
            [
              77.4531618,
              13.0573084
            ],
            [
              77.4533191,
              13.0570871
            ],
            [
              77.4534101,
              13.0568145
            ],
            [
              77.4534241,
              13.0566781
            ],
            [
              77.4524935,
              13.0555466
            ],
            [
              77.4520526,
              13.0548377
            ],
            [
              77.4519387,
              13.0547582
            ],
            [
              77.4518637,
              13.05464
            ],
            [
              77.4517798,
              13.0543674
            ],
            [
              77.4508561,
              13.0528405
            ],
            [
              77.4508001,
              13.0525679
            ],
            [
              77.4512829,
              13.0515454
            ],
            [
              77.4512757,
              13.0511959
            ],
            [
              77.4511427,
              13.0510279
            ],
            [
              77.4510572,
              13.0508131
            ],
            [
              77.4502755,
              13.0502974
            ],
            [
              77.4499489,
              13.050148
            ],
            [
              77.4494294,
              13.050148
            ],
            [
              77.4488109,
              13.050066
            ],
            [
              77.4486128,
              13.0500131
            ],
            [
              77.4481232,
              13.049854
            ],
            [
              77.4478362,
              13.0495599
            ],
            [
              77.4477175,
              13.0492302
            ],
            [
              77.4469159,
              13.0487675
            ],
            [
              77.4460946,
              13.0481312
            ],
            [
              77.445956,
              13.0475432
            ],
            [
              77.4456493,
              13.0467912
            ],
            [
              77.4455899,
              13.0462321
            ],
            [
              77.4456394,
              13.0460393
            ],
            [
              77.4461836,
              13.0451717
            ],
            [
              77.4457878,
              13.0427809
            ],
            [
              77.4454217,
              13.0420772
            ],
            [
              77.4452869,
              13.0419443
            ],
            [
              77.4449863,
              13.0416819
            ],
            [
              77.4448873,
              13.0412963
            ],
            [
              77.4445573,
              13.0407318
            ],
            [
              77.4443314,
              13.0405572
            ],
            [
              77.4439535,
              13.0400664
            ],
            [
              77.443699,
              13.0398538
            ],
            [
              77.4434777,
              13.039671
            ],
            [
              77.4432258,
              13.0395483
            ],
            [
              77.442948,
              13.0394567
            ],
            [
              77.442652,
              13.0394665
            ],
            [
              77.4424001,
              13.0396301
            ],
            [
              77.4423686,
              13.0396866
            ],
            [
              77.4422042,
              13.03993
            ],
            [
              77.4419395,
              13.0399793
            ],
            [
              77.4416584,
              13.0399573
            ],
            [
              77.4406788,
              13.0393165
            ],
            [
              77.4401156,
              13.0391849
            ],
            [
              77.4398531,
              13.0393165
            ],
            [
              77.4392933,
              13.0393302
            ],
            [
              77.4384204,
              13.0397911
            ],
            [
              77.4379219,
              13.04008
            ],
            [
              77.437642,
              13.0402027
            ],
            [
              77.4375192,
              13.0402092
            ],
            [
              77.4372362,
              13.0402709
            ],
            [
              77.4369563,
              13.0401754
            ],
            [
              77.436854,
              13.0401047
            ],
            [
              77.4364245,
              13.0396983
            ],
            [
              77.4360068,
              13.0389658
            ],
            [
              77.435512,
              13.0377993
            ],
            [
              77.4351803,
              13.0375125
            ],
            [
              77.4348193,
              13.037298
            ],
            [
              77.4347302,
              13.0371148
            ],
            [
              77.4347726,
              13.0370735
            ],
            [
              77.4350964,
              13.0362471
            ],
            [
              77.4351803,
              13.0362165
            ],
            [
              77.4351458,
              13.035823
            ],
            [
              77.4350964,
              13.0356398
            ],
            [
              77.4350301,
              13.0355057
            ],
            [
              77.4348984,
              13.0353506
            ],
            [
              77.4344722,
              13.0351085
            ],
            [
              77.4340573,
              13.035071
            ],
            [
              77.4336615,
              13.0349167
            ],
            [
              77.4329094,
              13.0343769
            ],
            [
              77.4313063,
              13.0336153
            ],
            [
              77.4307621,
              13.0334803
            ],
            [
              77.4302475,
              13.0331429
            ],
            [
              77.430109,
              13.0329982
            ],
            [
              77.4300298,
              13.0328151
            ],
            [
              77.4298319,
              13.0322559
            ],
            [
              77.4300001,
              13.0316775
            ],
            [
              77.4305246,
              13.0305591
            ],
            [
              77.4305883,
              13.0299032
            ],
            [
              77.4305048,
              13.0294119
            ],
            [
              77.4304256,
              13.0292384
            ],
            [
              77.4300948,
              13.0288788
            ],
            [
              77.4293173,
              13.0285153
            ],
            [
              77.4290304,
              13.0282453
            ],
            [
              77.4287731,
              13.0277055
            ],
            [
              77.4288127,
              13.0275126
            ],
            [
              77.4291788,
              13.0270306
            ],
            [
              77.4296835,
              13.0259412
            ],
            [
              77.430772,
              13.0231164
            ],
            [
              77.4311183,
              13.0217377
            ],
            [
              77.4317912,
              13.0199155
            ],
            [
              77.4319496,
              13.0189996
            ],
            [
              77.4317912,
              13.01872
            ],
            [
              77.432098,
              13.018209
            ],
            [
              77.4322761,
              13.0176498
            ],
            [
              77.4327115,
              13.0155094
            ],
            [
              77.4328303,
              13.014391
            ],
            [
              77.4323949,
              13.0112479
            ],
            [
              77.4321574,
              13.0107176
            ],
            [
              77.4320089,
              13.009956
            ],
            [
              77.4315339,
              13.0085097
            ],
            [
              77.4315291,
              13.0081066
            ]
          ],
          [
            [
              77.4892223,
              13.1430248
            ],
            [
              77.4914037,
              13.1410338
            ],
            [
              77.4915905,
              13.1406647
            ],
            [
              77.4915748,
              13.1405883
            ],
            [
              77.4915969,
              13.1404923
            ],
            [
              77.4915236,
              13.1403031
            ],
            [
              77.4914644,
              13.1400973
            ],
            [
              77.4913082,
              13.1400043
            ],
            [
              77.4888716,
              13.1395958
            ],
            [
              77.4882993,
              13.1381452
            ],
            [
              77.4881817,
              13.1376872
            ],
            [
              77.4881582,
              13.1372215
            ],
            [
              77.4876529,
              13.1360092
            ],
            [
              77.487292,
              13.135271
            ],
            [
              77.4870985,
              13.1348755
            ],
            [
              77.4862781,
              13.1344004
            ],
            [
              77.4855796,
              13.1337958
            ],
            [
              77.4851951,
              13.1333568
            ],
            [
              77.4850363,
              13.1332019
            ],
            [
              77.484893,
              13.1331369
            ],
            [
              77.4846275,
              13.132864
            ],
            [
              77.4842672,
              13.1330024
            ],
            [
              77.4841039,
              13.1330984
            ]
          ],
          [
            [
              77.4841039,
              13.1330984
            ],
            [
              77.4839822,
              13.1331519
            ]
          ],
          [
            [
              77.4839822,
              13.1331519
            ],
            [
              77.4835668,
              13.1331086
            ],
            [
              77.4835006,
              13.1330767
            ],
            [
              77.4832422,
              13.1330203
            ],
            [
              77.4830957,
              13.1329035
            ],
            [
              77.4827631,
              13.1322897
            ],
            [
              77.4826221,
              13.1316856
            ],
            [
              77.4825516,
              13.1315482
            ],
            [
              77.4825516,
              13.1313878
            ],
            [
              77.4826598,
              13.1309678
            ],
            [
              77.4827946,
              13.130693
            ],
            [
              77.4824967,
              13.1296623
            ],
            [
              77.4816341,
              13.1279885
            ],
            [
              77.4812543,
              13.1279336
            ],
            [
              77.481143,
              13.1279108
            ],
            [
              77.4807882,
              13.1276841
            ],
            [
              77.4807577,
              13.1275761
            ],
            [
              77.4808548,
              13.127379
            ],
            [
              77.4807513,
              13.1265993
            ],
            [
              77.4805867,
              13.1262405
            ],
            [
              77.4804883,
              13.1260816
            ],
            [
              77.4803476,
              13.126
            ],
            [
              77.4797125,
              13.1258473
            ],
            [
              77.4793355,
              13.1254096
            ],
            [
              77.478709,
              13.1250965
            ],
            [
              77.4782434,
              13.1250803
            ],
            [
              77.4781602,
              13.1249993
            ],
            [
              77.4781824,
              13.1246754
            ],
            [
              77.4780604,
              13.1234283
            ],
            [
              77.4780816,
              13.1229727
            ],
            [
              77.4781048,
              13.1224727
            ],
            [
              77.4785039,
              13.1220732
            ],
            [
              77.4789696,
              13.121069
            ],
            [
              77.4793133,
              13.120772
            ],
            [
              77.4794186,
              13.1207288
            ],
            [
              77.4795239,
              13.1207666
            ],
            [
              77.4797679,
              13.1209934
            ],
            [
              77.4801836,
              13.121123
            ],
            [
              77.4803832,
              13.1210366
            ],
            [
              77.4804719,
              13.1208422
            ],
            [
              77.480422,
              13.1205129
            ],
            [
              77.4793299,
              13.1196922
            ],
            [
              77.4791692,
              13.1195249
            ],
            [
              77.4790472,
              13.1193359
            ],
            [
              77.4790195,
              13.1192279
            ],
            [
              77.4790361,
              13.11912
            ],
            [
              77.4791054,
              13.1188517
            ],
            [
              77.4791414,
              13.1187528
            ],
            [
              77.4794685,
              13.1184613
            ],
            [
              77.4798732,
              13.1182831
            ],
            [
              77.4800229,
              13.1181265
            ],
            [
              77.4801337,
              13.1179376
            ],
            [
              77.4801448,
              13.1176136
            ],
            [
              77.4803278,
              13.1170845
            ],
            [
              77.4807269,
              13.1168416
            ],
            [
              77.4813866,
              13.1167714
            ],
            [
              77.4816915,
              13.1166472
            ],
            [
              77.4817857,
              13.116577
            ],
            [
              77.481819,
              13.1163611
            ],
            [
              77.4820417,
              13.1160589
            ],
            [
              77.482075,
              13.1159509
            ],
            [
              77.482075,
              13.1158429
            ],
            [
              77.4820417,
              13.115735
            ],
            [
              77.4819087,
              13.1154326
            ],
            [
              77.4818532,
              13.1153408
            ],
            [
              77.4817257,
              13.1151519
            ],
            [
              77.4816204,
              13.1150817
            ],
            [
              77.4815151,
              13.1150331
            ],
            [
              77.4813382,
              13.1150236
            ],
            [
              77.4809045,
              13.1150991
            ],
            [
              77.4802406,
              13.1150007
            ],
            [
              77.479927,
              13.1148862
            ],
            [
              77.4795272,
              13.114596
            ],
            [
              77.4785002,
              13.1131453
            ],
            [
              77.4783355,
              13.1130995
            ],
            [
              77.4779984,
              13.1127406
            ],
            [
              77.4779749,
              13.1124352
            ],
            [
              77.4780768,
              13.112145
            ],
            [
              77.4781709,
              13.1120229
            ],
            [
              77.4785472,
              13.1117327
            ],
            [
              77.4794723,
              13.1108623
            ],
            [
              77.4795507,
              13.1107325
            ],
            [
              77.4795899,
              13.1104271
            ],
            [
              77.4790803,
              13.1093123
            ],
            [
              77.478657,
              13.1088618
            ],
            [
              77.4783826,
              13.1086709
            ],
            [
              77.4776064,
              13.1084571
            ],
            [
              77.477238,
              13.108144
            ],
            [
              77.4771674,
              13.1079913
            ],
            [
              77.4772458,
              13.1070063
            ],
            [
              77.4771596,
              13.1065558
            ],
            [
              77.4769949,
              13.1062733
            ],
            [
              77.4768695,
              13.1061664
            ],
            [
              77.4767049,
              13.1061282
            ],
            [
              77.4763834,
              13.1062122
            ],
            [
              77.476062,
              13.1062122
            ],
            [
              77.4755994,
              13.1060595
            ],
            [
              77.4753873,
              13.1058224
            ],
            [
              77.4749644,
              13.1053494
            ],
            [
              77.4744612,
              13.1045051
            ],
            [
              77.4742817,
              13.1044037
            ],
            [
              77.4740193,
              13.1042293
            ],
            [
              77.4738433,
              13.1041124
            ],
            [
              77.4737414,
              13.1039826
            ],
            [
              77.47371,
              13.1038375
            ],
            [
              77.4737571,
              13.1035397
            ],
            [
              77.4744156,
              13.1019362
            ],
            [
              77.4746508,
              13.1015239
            ],
            [
              77.4751996,
              13.1009512
            ],
            [
              77.4755367,
              13.1004625
            ],
            [
              77.47567,
              13.1001952
            ],
            [
              77.4756778,
              13.1000425
            ],
            [
              77.4756386,
              13.0998898
            ],
            [
              77.4754818,
              13.0996149
            ],
            [
              77.4753486,
              13.0995233
            ],
            [
              77.4750835,
              13.0994685
            ],
            [
              77.4747606,
              13.0993706
            ],
            [
              77.4744705,
              13.0992102
            ],
            [
              77.4743921,
              13.0990728
            ],
            [
              77.474311,
              13.0982354
            ],
            [
              77.474298,
              13.0980877
            ],
            [
              77.4740785,
              13.0974921
            ],
            [
              77.4739374,
              13.0974158
            ],
            [
              77.4733883,
              13.0973367
            ],
            [
              77.4728947,
              13.0973776
            ],
            [
              77.4726159,
              13.0973367
            ],
            [
              77.47244,
              13.0973394
            ],
            [
              77.4723459,
              13.0972096
            ],
            [
              77.4722753,
              13.0960795
            ],
            [
              77.4723459,
              13.09569
            ],
            [
              77.4727536,
              13.0951173
            ],
            [
              77.4728868,
              13.0950257
            ],
            [
              77.4729496,
              13.0948806
            ],
            [
              77.4729377,
              13.0947661
            ],
            [
              77.4727928,
              13.0940712
            ],
            [
              77.472338,
              13.0936894
            ],
            [
              77.47048,
              13.0929793
            ],
            [
              77.4703414,
              13.0928851
            ],
            [
              77.4702291,
              13.0927731
            ],
            [
              77.4697901,
              13.0920629
            ],
            [
              77.4702918,
              13.0893521
            ],
            [
              77.4699782,
              13.0886343
            ],
            [
              77.469762,
              13.088517
            ],
            [
              77.4691237,
              13.0880158
            ],
            [
              77.4690767,
              13.0878707
            ],
            [
              77.4690845,
              13.0877256
            ],
            [
              77.4692805,
              13.0873667
            ],
            [
              77.4693197,
              13.087214
            ],
            [
              77.4693197,
              13.0868932
            ],
            [
              77.4690324,
              13.0865105
            ],
            [
              77.4687474,
              13.0861372
            ],
            [
              77.46852,
              13.0839609
            ],
            [
              77.4686533,
              13.0833882
            ],
            [
              77.4686033,
              13.0833337
            ],
            [
              77.4685514,
              13.083182
            ],
            [
              77.4684651,
              13.0830445
            ],
            [
              77.4682385,
              13.0827066
            ],
            [
              77.4660034,
              13.0822885
            ],
            [
              77.4656898,
              13.0821587
            ],
            [
              77.4643963,
              13.081166
            ],
            [
              77.4638338,
              13.0806472
            ],
            [
              77.4621854,
              13.079127
            ],
            [
              77.4620365,
              13.0785238
            ],
            [
              77.4619894,
              13.0777677
            ],
            [
              77.4620521,
              13.0767139
            ],
            [
              77.462303,
              13.0757822
            ],
            [
              77.4628361,
              13.0748888
            ],
            [
              77.4630164,
              13.0743695
            ],
            [
              77.4630478,
              13.0742167
            ],
            [
              77.4629993,
              13.0740469
            ],
            [
              77.4627311,
              13.0736811
            ],
            [
              77.4625696,
              13.0736287
            ],
            [
              77.4624414,
              13.073608
            ],
            [
              77.4623108,
              13.0737127
            ],
            [
              77.462154,
              13.0737509
            ],
            [
              77.4612917,
              13.0739036
            ],
            [
              77.461229,
              13.0738797
            ],
            [
              77.4610721,
              13.0738884
            ],
            [
              77.4609075,
              13.0738578
            ],
            [
              77.4605638,
              13.0737438
            ],
            [
              77.460249,
              13.0736745
            ],
            [
              77.4599432,
              13.0735447
            ],
            [
              77.4598557,
              13.0734826
            ],
            [
              77.4594258,
              13.0732469
            ],
            [
              77.4593515,
              13.0731586
            ],
            [
              77.4591043,
              13.0729643
            ],
            [
              77.4590618,
              13.0723643
            ],
            [
              77.4590751,
              13.071835
            ],
            [
              77.4589975,
              13.071403
            ],
            [
              77.4586094,
              13.0711222
            ],
            [
              77.4584288,
              13.0710266
            ],
            [
              77.4579889,
              13.0708385
            ],
            [
              77.4577668,
              13.0707766
            ],
            [
              77.4576338,
              13.070593
            ],
            [
              77.4575705,
              13.0703578
            ],
            [
              77.4575007,
              13.0701502
            ],
            [
              77.4575451,
              13.0699342
            ],
            [
              77.4578999,
              13.0696858
            ],
            [
              77.458135,
              13.0691372
            ],
            [
              77.4582071,
              13.068689
            ],
            [
              77.4578412,
              13.0678952
            ],
            [
              77.4571765,
              13.0661127
            ],
            [
              77.4567767,
              13.0655857
            ],
            [
              77.4567436,
              13.0655203
            ],
            [
              77.4556413,
              13.0640489
            ],
            [
              77.4554446,
              13.0639632
            ]
          ]
        ]
      },
      "properties": {
        "river_id": "arkavati",
        "name": "Arkavati",
        "name_kn": "ಅರ್ಕಾವತಿ ನದಿ",
        "waterway": "river",
        "length_km": 102.5,
        "osm_ids": [
          4486881
        ]
      }
    },
    {
      "type": "Feature",
      "geometry": {
        "type": "MultiLineString",
        "coordinates": [
          [
            [
              77.5697323,
              12.985816
            ],
            [
              77.5696929,
              12.9859842
            ],
            [
              77.569694,
              12.9862524
            ],
            [
              77.5697362,
              12.9864235
            ],
            [
              77.569722,
              12.986987
            ],
            [
              77.5696236,
              12.9870344
            ],
            [
              77.5694183,
              12.9869192
            ],
            [
              77.5688667,
              12.9865753
            ],
            [
              77.5687329,
              12.9863497
            ],
            [
              77.568677,
              12.9861363
            ]
          ],
          [
            [
              77.568677,
              12.9861363
            ],
            [
              77.568511,
              12.9854048
            ],
            [
              77.568397,
              12.9852434
            ],
            [
              77.5679451,
              12.9851854
            ],
            [
              77.5672625,
              12.9852991
            ],
            [
              77.5667015,
              12.9852669
            ],
            [
              77.5652237,
              12.984862
            ],
            [
              77.5649584,
              12.9847893
            ],
            [
              77.5634856,
              12.984255
            ],
            [
              77.5633573,
              12.9841181
            ],
            [
              77.5631304,
              12.9831642
            ],
            [
              77.5629264,
              12.9827005
            ],
            [
              77.5626913,
              12.9823792
            ],
            [
              77.5625942,
              12.9821708
            ]
          ],
          [
            [
              77.5625942,
              12.9821708
            ],
            [
              77.5625569,
              12.9820908
            ],
            [
              77.5624352,
              12.9819247
            ],
            [
              77.562173,
              12.9818095
            ],
            [
              77.5620466,
              12.9818197
            ]
          ],
          [
            [
              77.5620466,
              12.9818197
            ],
            [
              77.5619456,
              12.9818278
            ],
            [
              77.5616286,
              12.9819288
            ]
          ],
          [
            [
              77.5616286,
              12.9819288
            ],
            [
              77.5613071,
              12.9819154
            ],
            [
              77.5611919,
              12.9817832
            ],
            [
              77.5609793,
              12.9809411
            ],
            [
              77.5607499,
              12.980513
            ],
            [
              77.5605399,
              12.9803046
            ],
            [
              77.5594818,
              12.9800588
            ],
            [
              77.5592002,
              12.9798771
            ],
            [
              77.5591704,
              12.9793499
            ],
            [
              77.5590465,
              12.9789656
            ],
            [
              77.558779,
              12.9788686
            ],
            [
              77.5583147,
              12.9788639
            ],
            [
              77.5580886,
              12.9788231
            ],
            [
              77.5576175,
              12.9786508
            ],
            [
              77.5568019,
              12.9783294
            ],
            [
              77.5553691,
              12.9774758
            ],
            [
              77.5551391,
              12.9770874
            ],
            [
              77.5551178,
              12.9770514
            ],
            [
              77.5550777,
              12.9769482
            ],
            [
              77.5544464,
              12.9753221
            ],
            [
              77.5539396,
              12.9741032
            ],
            [
              77.5536085,
              12.9731061
            ],
            [
              77.5530562,
              12.9716394
            ],
            [
              77.5514677,
              12.9699312
            ],
            [
              77.5511584,
              12.9697961
            ],
            [
              77.5507121,
              12.9696824
            ],
            [
              77.5503915,
              12.9695422
            ],
            [
              77.5498783,
              12.9686864
            ],
            [
              77.5493787,
              12.9681454
            ],
            [
              77.5476521,
              12.967526
            ],
            [
              77.5466279,
              12.9670973
            ],
            [
              77.5463432,
              12.9667912
            ],
            [
              77.545943,
              12.9666316
            ],
            [
              77.5455137,
              12.9663675
            ],
            [
              77.54507,
              12.9659456
            ],
            [
              77.544742,
              12.9648927
            ],
            [
              77.5445811,
              12.9644144
            ],
            [
              77.544658,
              12.9640888
            ],
            [
              77.5446904,
              12.963938
            ],
            [
              77.5446929,
              12.9637186
            ],
            [
              77.5446166,
              12.9635054
            ],
            [
              77.5445239,
              12.9633386
            ],
            [
              77.5448469,
              12.9630599
            ],
            [
              77.5455754,
              12.9626679
            ],
            [
              77.5453876,
              12.9624159
            ],
            [
              77.5447095,
              12.9616719
            ],
            [
              77.5442976,
              12.9607346
            ],
            [
              77.5444529,
              12.9599859
            ],
            [
              77.5444806,
              12.9598035
            ],
            [
              77.5444511,
              12.9596732
            ],
            [
              77.5436624,
              12.9584595
            ],
            [
              77.5435904,
              12.9582722
            ],
            [
              77.543625,
              12.9579792
            ],
            [
              77.5437482,
              12.9576231
            ],
            [
              77.5436061,
              12.9573396
            ],
            [
              77.5420059,
              12.9559251
            ],
            [
              77.5416368,
              12.9551472
            ],
            [
              77.5418085,
              12.9543358
            ],
            [
              77.54155,
              12.9537295
            ],
            [
              77.5412325,
              12.9529847
            ],
            [
              77.5410028,
              12.9528467
            ],
            [
              77.5406027,
              12.9529021
            ],
            [
              77.5398622,
              12.9530631
            ],
            [
              77.5389084,
              12.9531376
            ]
          ],
          [
            [
              77.5389084,
              12.9531376
            ],
            [
              77.5387701,
              12.9531484
            ]
          ],
          [
            [
              77.5387701,
              12.9531484
            ],
            [
              77.5384193,
              12.9531758
            ],
            [
              77.5380956,
              12.9531
            ],
            [
              77.5379403,
              12.9529667
            ],
            [
              77.5379022,
              12.9527366
            ],
            [
              77.5384634,
              12.951499
            ],
            [
              77.5385535,
              12.9510647
            ],
            [
              77.5384671,
              12.9502979
            ],
            [
              77.5382992,
              12.9499434
            ],
            [
              77.5375011,
              12.9494287
            ],
            [
              77.5374078,
              12.9492634
            ],
            [
              77.5374108,
              12.9489851
            ],
            [
              77.5375171,
              12.9486884
            ],
            [
              77.5380392,
              12.9482412
            ],
            [
              77.5381353,
              12.9480565
            ],
            [
              77.5377999,
              12.9471714
            ],
            [
              77.5376709,
              12.9468254
            ],
            [
              77.5376022,
              12.9463443
            ],
            [
              77.5369848,
              12.9458181
            ],
            [
              77.5362535,
              12.9456111
            ],
            [
              77.5360855,
              12.9456058
            ],
            [
              77.5356664,
              12.9458057
            ],
            [
              77.5354982,
              12.9457376
            ],
            [
              77.535313,
              12.9454971
            ],
            [
              77.5349682,
              12.9452461
            ],
            [
              77.5343812,
              12.9450709
            ],
            [
              77.5329238,
              12.9448186
            ],
            [
              77.5323718,
              12.9451671
            ],
            [
              77.5322028,
              12.9452429
            ],
            [
              77.5319701,
              12.9452766
            ],
            [
              77.5305994,
              12.9451337
            ],
            [
              77.530476,
              12.9451411
            ],
            [
              77.530373,
              12.945205
            ],
            [
              77.5300115,
              12.9455921
            ],
            [
              77.5296199,
              12.9456011
            ],
            [
              77.5289175,
              12.9455409
            ],
            [
              77.5287607,
              12.9454354
            ],
            [
              77.5286813,
              12.9453819
            ],
            [
              77.5283599,
              12.945023
            ]
          ],
          [
            [
              77.5716708,
              12.9902854
            ],
            [
              77.5716085,
              12.9901843
            ],
            [
              77.5715961,
              12.9900897
            ],
            [
              77.5716129,
              12.9896431
            ]
          ],
          [
            [
              77.5716129,
              12.9896431
            ],
            [
              77.5716144,
              12.989602
            ],
            [
              77.5716184,
              12.9894256
            ],
            [
              77.5715792,
              12.9892368
            ],
            [
              77.5714737,
              12.989077
            ]
          ],
          [
            [
              77.5714737,
              12.989077
            ],
            [
              77.5713793,
              12.988934
            ],
            [
              77.57069,
              12.9884369
            ],
            [
              77.5706144,
              12.988272
            ],
            [
              77.5704945,
              12.9863605
            ],
            [
              77.5704248,
              12.9859584
            ],
            [
              77.5703839,
              12.9857821
            ],
            [
              77.5702991,
              12.9857149
            ]
          ],
          [
            [
              77.5702991,
              12.9857149
            ],
            [
              77.5702672,
              12.9857195
            ],
            [
              77.569911,
              12.9857713
            ],
            [
              77.5698747,
              12.9857766
            ],
            [
              77.5697323,
              12.985816
            ]
          ],
          [
            [
              77.5697323,
              12.985816
            ],
            [
              77.5695792,
              12.9859004
            ]
          ],
          [
            [
              77.568909,
              12.9861522
            ],
            [
              77.5687786,
              12.9861646
            ],
            [
              77.5687234,
              12.9861492
            ],
            [
              77.568677,
              12.9861363
            ]
          ],
          [
            [
              77.5283599,
              12.945023
            ],
            [
              77.5284473,
              12.9437554
            ],
            [
              77.5285546,
              12.9433112
            ],
            [
              77.5288994,
              12.9424513
            ],
            [
              77.5289368,
              12.9422149
            ],
            [
              77.5289116,
              12.9419594
            ],
            [
              77.5287186,
              12.9415427
            ],
            [
              77.5282602,
              12.9411032
            ],
            [
              77.5280757,
              12.9408336
            ],
            [
              77.5278381,
              12.9402471
            ],
            [
              77.5276343,
              12.9394684
            ],
            [
              77.5275696,
              12.9389419
            ],
            [
              77.5271843,
              12.9380206
            ],
            [
              77.5266164,
              12.9366638
            ],
            [
              77.526264,
              12.9360877
            ],
            [
              77.5260478,
              12.9359191
            ]
          ],
          [
            [
              77.5260478,
              12.9359191
            ],
            [
              77.5251241,
              12.935948
            ],
            [
              77.5249413,
              12.9358509
            ],
            [
              77.5248754,
              12.9356852
            ],
            [
              77.5248809,
              12.9353178
            ],
            [
              77.5247872,
              12.9349928
            ],
            [
              77.5245431,
              12.934732
            ],
            [
              77.5219994,
              12.9335641
            ],
            [
              77.5219253,
              12.9333908
            ],
            [
              77.5218681,
              12.9327544
            ],
            [
              77.5219729,
              12.9323667
            ],
            [
              77.5219722,
              12.932323
            ],
            [
              77.5219679,
              12.9320718
            ],
            [
              77.5218156,
              12.9318087
            ],
            [
              77.5215239,
              12.9317045
            ],
            [
              77.5211661,
              12.9316823
            ],
            [
              77.5209327,
              12.9316804
            ],
            [
              77.5207632,
              12.9315405
            ],
            [
              77.5204517,
              12.9310428
            ],
            [
              77.5203598,
              12.9308775
            ],
            [
              77.5202077,
              12.9307578
            ],
            [
              77.5200099,
              12.9307778
            ]
          ],
          [
            [
              77.5200099,
              12.9307778
            ],
            [
              77.5197901,
              12.930874
            ],
            [
              77.5187393,
              12.9317376
            ],
            [
              77.5177708,
              12.9322153
            ],
            [
              77.5176069,
              12.9324257
            ],
            [
              77.5175747,
              12.9328346
            ],
            [
              77.5177237,
              12.9330873
            ],
            [
              77.517982,
              12.93359
            ],
            [
              77.5181101,
              12.9342337
            ],
            [
              77.5180453,
              12.9344926
            ],
            [
              77.5179839,
              12.9345691
            ],
            [
              77.5179447,
              12.9346179
            ],
            [
              77.5175743,
              12.9349332
            ],
            [
              77.517124,
              12.9348926
            ],
            [
              77.517054,
              12.9348213
            ],
            [
              77.5166072,
              12.9342647
            ],
            [
              77.5163382,
              12.9342068
            ],
            [
              77.5160966,
              12.9342388
            ],
            [
              77.5159305,
              12.9344144
            ],
            [
              77.5158077,
              12.9349495
            ],
            [
              77.5156463,
              12.9354011
            ],
            [
              77.5155137,
              12.9355819
            ],
            [
              77.515227,
              12.9356541
            ],
            [
              77.5143716,
              12.9354803
            ],
            [
              77.5141967,
              12.9354113
            ],
            [
              77.5140645,
              12.9353006
            ],
            [
              77.5140231,
              12.93509
            ],
            [
              77.5141856,
              12.9343694
            ],
            [
              77.5142134,
              12.9338386
            ],
            [
              77.5140184,
              12.9336138
            ],
            [
              77.5130729,
              12.9334622
            ],
            [
              77.5111507,
              12.9323817
            ],
            [
              77.5095711,
              12.9329501
            ],
            [
              77.5093547,
              12.9329664
            ],
            [
              77.5091421,
              12.9328405
            ],
            [
              77.5090024,
              12.9326145
            ],
            [
              77.507954,
              12.9315707
            ],
            [
              77.5071545,
              12.9310418
            ],
            [
              77.5070601,
              12.9308373
            ],
            [
              77.5071138,
              12.9298358
            ],
            [
              77.5070831,
              12.9293667
            ],
            [
              77.5069894,
              12.9290643
            ],
            [
              77.5063509,
              12.9281981
            ],
            [
              77.5061109,
              12.9280676
            ],
            [
              77.5045863,
              12.926996
            ],
            [
              77.5044574,
              12.9268604
            ],
            [
              77.5044752,
              12.9266077
            ],
            [
              77.5051656,
              12.9257368
            ],
            [
              77.5052493,
              12.9254102
            ],
            [
              77.50518,
              12.9251421
            ],
            [
              77.5048468,
              12.9248395
            ],
            [
              77.5044981,
              12.9242051
            ],
            [
              77.5041214,
              12.9238012
            ],
            [
              77.5039696,
              12.9235957
            ],
            [
              77.5037128,
              12.9226141
            ],
            [
              77.503179,
              12.9211248
            ],
            [
              77.5029937,
              12.9208199
            ],
            [
              77.5027822,
              12.9206245
            ],
            [
              77.5025464,
              12.9205913
            ],
            [
              77.5024456,
              12.9206343
            ],
            [
              77.5023614,
              12.9206702
            ],
            [
              77.5022248,
              12.9212273
            ],
            [
              77.5007404,
              12.9219553
            ],
            [
              77.5005084,
              12.9219591
            ],
            [
              77.4996222,
              12.9212571
            ],
            [
              77.4990727,
              12.9211346
            ],
            [
              77.4984064,
              12.9210161
            ],
            [
              77.4969798,
              12.9208744
            ],
            [
              77.4964804,
              12.9208647
            ],
            [
              77.494973,
              12.9209954
            ],
            [
              77.493903,
              12.9208974
            ],
            [
              77.4936311,
              12.9207812
            ],
            [
              77.4930388,
              12.9199362
            ],
            [
              77.4919962,
              12.9191319
            ],
            [
              77.4916894,
              12.9188952
            ],
            [
              77.491521,
              12.9186285
            ],
            [
              77.4914802,
              12.9177568
            ],
            [
              77.4913179,
              12.9173759
            ],
            [
              77.4906916,
              12.9153209
            ],
            [
              77.490679,
              12.9143246
            ],
            [
              77.4902811,
              12.9129003
            ],
            [
              77.4897715,
              12.9124092
            ],
            [
              77.4893317,
              12.9121784
            ],
            [
              77.4882126,
              12.9122358
            ],
            [
              77.4877934,
              12.9121779
            ],
            [
              77.487486,
              12.9119747
            ],
            [
              77.4873869,
              12.9116273
            ],
            [
              77.4877401,
              12.9110771
            ],
            [
              77.4884989,
              12.9094695
            ],
            [
              77.4883998,
              12.9092118
            ],
            [
              77.4879295,
              12.9090176
            ],
            [
              77.4874196,
              12.9090034
            ],
            [
              77.4847827,
              12.9084819
            ],
            [
              77.4846717,
              12.9083467
            ],
            [
              77.484553,
              12.9074014
            ],
            [
              77.4845998,
              12.9071138
            ],
            [
              77.4849251,
              12.9069394
            ],
            [
              77.4863089,
              12.9068108
            ],
            [
              77.4868354,
              12.9065278
            ],
            [
              77.4871709,
              12.9060987
            ],
            [
              77.4871089,
              12.9056178
            ],
            [
              77.4869274,
              12.9051372
            ],
            [
              77.48661,
              12.9048088
            ],
            [
              77.4858337,
              12.904613
            ],
            [
              77.4849549,
              12.9044229
            ],
            [
              77.484458,
              12.9041246
            ],
            [
              77.4841587,
              12.903945
            ],
            [
              77.4838988,
              12.9034775
            ],
            [
              77.4836731,
              12.9032628
            ],
            [
              77.4832942,
              12.9032528
            ],
            [
              77.4829534,
              12.9033026
            ],
            [
              77.4827311,
              12.9035183
            ],
            [
              77.4826642,
              12.9037732
            ],
            [
              77.4829569,
              12.904715
            ],
            [
              77.4828778,
              12.9051781
            ],
            [
              77.4817884,
              12.9058219
            ],
            [
              77.4813532,
              12.9060134
            ],
            [
              77.4802343,
              12.9060292
            ],
            [
              77.4791049,
              12.9059625
            ],
            [
              77.4787221,
              12.9057485
            ],
            [
              77.4786144,
              12.9054058
            ],
            [
              77.4786604,
              12.9050279
            ],
            [
              77.4792791,
              12.9027258
            ],
            [
              77.4800328,
              12.9008082
            ],
            [
              77.4799722,
              12.9006159
            ],
            [
              77.4789968,
              12.899975
            ],
            [
              77.4788507,
              12.8997037
            ],
            [
              77.4787483,
              12.8993023
            ],
            [
              77.4790272,
              12.8973382
            ],
            [
              77.4789747,
              12.897128
            ],
            [
              77.4783634,
              12.8967713
            ],
            [
              77.4778138,
              12.8967033
            ],
            [
              77.4770156,
              12.8963828
            ],
            [
              77.4765327,
              12.8961454
            ],
            [
              77.4764117,
              12.8958278
            ],
            [
              77.4763647,
              12.8957341
            ],
            [
              77.476161,
              12.8955179
            ],
            [
              77.4760693,
              12.89549
            ],
            [
              77.4757418,
              12.8952272
            ],
            [
              77.4754874,
              12.8946605
            ],
            [
              77.4755416,
              12.8943677
            ],
            [
              77.4757606,
              12.8942023
            ],
            [
              77.4762039,
              12.8942674
            ],
            [
              77.4768182,
              12.8943672
            ],
            [
              77.4770845,
              12.8942171
            ],
            [
              77.4777568,
              12.8932651
            ],
            [
              77.4790554,
              12.8923273
            ],
            [
              77.4792378,
              12.8920701
            ],
            [
              77.4793499,
              12.8913962
            ],
            [
              77.4793073,
              12.889999
            ],
            [
              77.4795734,
              12.8897647
            ],
            [
              77.4799424,
              12.8898317
            ],
            [
              77.4804488,
              12.8901078
            ],
            [
              77.4809982,
              12.8902249
            ],
            [
              77.4819949,
              12.8894416
            ],
            [
              77.4821054,
              12.8893548
            ],
            [
              77.4823285,
              12.8885181
            ],
            [
              77.4828178,
              12.8869116
            ],
            [
              77.4830152,
              12.8863929
            ],
            [
              77.4828778,
              12.8860248
            ],
            [
              77.4825946,
              12.8858407
            ],
            [
              77.482277,
              12.8858574
            ],
            [
              77.4809381,
              12.8860666
            ],
            [
              77.4803802,
              12.8860666
            ],
            [
              77.4794961,
              12.8863092
            ],
            [
              77.4789211,
              12.8862841
            ],
            [
              77.4787751,
              12.8859829
            ],
            [
              77.4790498,
              12.8851128
            ],
            [
              77.4790755,
              12.884686
            ],
            [
              77.4788266,
              12.8844434
            ],
            [
              77.4785606,
              12.8842259
            ],
            [
              77.4783117,
              12.8838242
            ],
            [
              77.4778396,
              12.8833222
            ],
            [
              77.4773332,
              12.8828035
            ],
            [
              77.4766723,
              12.8821843
            ],
            [
              77.4758397,
              12.8814731
            ],
            [
              77.4752132,
              12.8810631
            ],
            [
              77.4749986,
              12.8806782
            ],
            [
              77.4748698,
              12.8801427
            ],
            [
              77.4749728,
              12.8798081
            ],
            [
              77.4754251,
              12.8791068
            ],
            [
              77.4754872,
              12.8787455
            ],
            [
              77.4754653,
              12.8783538
            ],
            [
              77.4753762,
              12.878143
            ],
            [
              77.4749213,
              12.8780259
            ],
            [
              77.4743494,
              12.8782245
            ],
            [
              77.4736709,
              12.8785337
            ],
            [
              77.4733646,
              12.8786749
            ],
            [
              77.4729558,
              12.8788709
            ],
            [
              77.472767,
              12.8791722
            ],
            [
              77.4708101,
              12.8796658
            ],
            [
              77.4698573,
              12.8800591
            ],
            [
              77.4678403,
              12.8804691
            ],
            [
              77.4675142,
              12.8807033
            ],
            [
              77.4670791,
              12.8809732
            ],
            [
              77.4666086,
              12.8811557
            ],
            [
              77.4664719,
              12.881049
            ],
            [
              77.4662921,
              12.8805344
            ],
            [
              77.465789,
              12.8796324
            ],
            [
              77.4654252,
              12.8790712
            ],
            [
              77.4650851,
              12.8785614
            ],
            [
              77.4649402,
              12.8783892
            ],
            [
              77.4648019,
              12.878302
            ],
            [
              77.4644145,
              12.8783579
            ],
            [
              77.4642869,
              12.878461
            ],
            [
              77.4641067,
              12.8789546
            ],
            [
              77.4635908,
              12.8793221
            ],
            [
              77.4632202,
              12.8793661
            ],
            [
              77.463119,
              12.8793541
            ],
            [
              77.4630081,
              12.8792972
            ],
            [
              77.462979,
              12.8786973
            ],
            [
              77.4635574,
              12.8769214
            ],
            [
              77.4636518,
              12.8748965
            ],
            [
              77.463832,
              12.8740431
            ],
            [
              77.4639779,
              12.8733486
            ],
            [
              77.4637891,
              12.8718424
            ],
            [
              77.4635574,
              12.8708551
            ],
            [
              77.4626218,
              12.8697506
            ],
            [
              77.461918,
              12.8689975
            ],
            [
              77.4618493,
              12.8687046
            ],
            [
              77.4613429,
              12.8678846
            ],
            [
              77.4610425,
              12.8667634
            ],
            [
              77.4608623,
              12.8663366
            ],
            [
              77.4606477,
              12.8661609
            ],
            [
              77.4603044,
              12.8661693
            ],
            [
              77.459798,
              12.866596
            ],
            [
              77.4595061,
              12.8669307
            ],
            [
              77.4592487,
              12.8676252
            ],
            [
              77.4589225,
              12.8682193
            ],
            [
              77.4585963,
              12.8682361
            ],
            [
              77.458356,
              12.8679516
            ],
            [
              77.4575578,
              12.8674997
            ],
            [
              77.4570857,
              12.8676336
            ],
            [
              77.4569999,
              12.8678344
            ],
            [
              77.4570943,
              12.868462
            ],
            [
              77.457266,
              12.8689222
            ],
            [
              77.457163,
              12.8696334
            ],
            [
              77.4568626,
              12.870169
            ],
            [
              77.4564935,
              12.8709639
            ],
            [
              77.4563647,
              12.8716333
            ],
            [
              77.4567167,
              12.8731812
            ],
            [
              77.4566681,
              12.8734178
            ],
            [
              77.456648,
              12.8735159
            ],
            [
              77.4562017,
              12.8735996
            ],
            [
              77.4559613,
              12.8734406
            ],
            [
              77.4557038,
              12.8730724
            ],
            [
              77.4555064,
              12.8726206
            ],
            [
              77.4552404,
              12.8723696
            ],
            [
              77.4548541,
              12.8722859
            ],
            [
              77.4542447,
              12.8719679
            ],
            [
              77.4541675,
              12.8717588
            ],
            [
              77.4545623,
              12.8706124
            ],
            [
              77.454528,
              12.8700685
            ],
            [
              77.4542533,
              12.8698594
            ],
            [
              77.4537297,
              12.8699179
            ],
            [
              77.4530774,
              12.8701355
            ],
            [
              77.4525882,
              12.8702443
            ],
            [
              77.452159,
              12.8707128
            ],
            [
              77.4519616,
              12.8711228
            ],
            [
              77.4515582,
              12.8721437
            ],
            [
              77.4513265,
              12.8726959
            ],
            [
              77.4508973,
              12.8731896
            ],
            [
              77.4502965,
              12.8734573
            ],
            [
              77.4499446,
              12.8733235
            ],
            [
              77.4491292,
              12.8730892
            ],
            [
              77.4486962,
              12.8730355
            ],
            [
              77.4484855,
              12.8726541
            ],
            [
              77.4484254,
              12.8723026
            ],
            [
              77.4484512,
              12.8716751
            ],
            [
              77.4482795,
              12.8708969
            ],
            [
              77.4478933,
              12.8698426
            ],
            [
              77.4476787,
              12.8691398
            ],
            [
              77.4471379,
              12.8677508
            ],
            [
              77.4468719,
              12.8671985
            ],
            [
              77.4467088,
              12.8668722
            ],
            [
              77.4464771,
              12.8660438
            ],
            [
              77.4460479,
              12.8651401
            ],
            [
              77.4453183,
              12.8634749
            ],
            [
              77.4448205,
              12.8624708
            ],
            [
              77.4443313,
              12.8619771
            ],
            [
              77.4442653,
              12.861839
            ],
            [
              77.4440995,
              12.8614918
            ],
            [
              77.4438764,
              12.8603872
            ],
            [
              77.4432241,
              12.8590484
            ],
            [
              77.4422284,
              12.857107
            ],
            [
              77.441825,
              12.8563874
            ],
            [
              77.4410783,
              12.8554418
            ],
            [
              77.4407865,
              12.8550318
            ],
            [
              77.4403745,
              12.8545465
            ],
            [
              77.439705,
              12.8536511
            ],
            [
              77.4393445,
              12.8529398
            ],
            [
              77.4393826,
              12.85239
            ]
          ],
          [
            [
              77.4393826,
              12.85239
            ],
            [
              77.439413,
              12.8518818
            ],
            [
              77.4392947,
              12.8515252
            ],
            [
              77.4390454,
              12.851165
            ],
            [
              77.4385677,
              12.8509408
            ],
            [
              77.4382219,
              12.8508928
            ],
            [
              77.4378283,
              12.8501842
            ],
            [
              77.4366895,
              12.8485478
            ],
            [
              77.4353194,
              12.8469873
            ],
            [
              77.4345802,
              12.8460596
            ],
            [
              77.4342081,
              12.8456842
            ],
            [
              77.4342203,
              12.8447694
            ],
            [
              77.4338695,
              12.8441507
            ],
            [
              77.4337606,
              12.8436507
            ],
            [
              77.4335893,
              12.842849
            ],
            [
              77.4335955,
              12.8424967
            ],
            [
              77.4338009,
              12.8421146
            ],
            [
              77.4343655,
              12.8417772
            ],
            [
              77.4345953,
              12.841193
            ],
            [
              77.4344588,
              12.8405696
            ],
            [
              77.434518,
              12.8398182
            ],
            [
              77.4346017,
              12.8381786
            ],
            [
              77.4344037,
              12.8371512
            ],
            [
              77.4341554,
              12.8357269
            ],
            [
              77.4338382,
              12.8343721
            ],
            [
              77.4338621,
              12.8331297
            ],
            [
              77.4335664,
              12.8319212
            ],
            [
              77.4334865,
              12.8306615
            ],
            [
              77.4333933,
              12.8287007
            ],
            [
              77.4338594,
              12.8275319
            ],
            [
              77.4335531,
              12.8262333
            ],
            [
              77.4333653,
              12.8250527
            ],
            [
              77.4333,
              12.8239218
            ],
            [
              77.4339066,
              12.8228166
            ],
            [
              77.4342856,
              12.8216621
            ],
            [
              77.4353378,
              12.8210388
            ],
            [
              77.435375,
              12.8199007
            ],
            [
              77.4346561,
              12.818893
            ],
            [
              77.4342323,
              12.8173636
            ],
            [
              77.4341196,
              12.8161766
            ],
            [
              77.4351913,
              12.8145715
            ],
            [
              77.4363197,
              12.8127336
            ],
            [
              77.4363367,
              12.8118572
            ],
            [
              77.4361768,
              12.8110261
            ],
            [
              77.4359238,
              12.81013
            ],
            [
              77.4360758,
              12.8093725
            ],
            [
              77.4365364,
              12.8085975
            ],
            [
              77.4368294,
              12.8078183
            ],
            [
              77.4369096,
              12.8072659
            ],
            [
              77.4367229,
              12.8069092
            ],
            [
              77.4362178,
              12.8065826
            ],
            [
              77.4355908,
              12.8067663
            ],
            [
              77.4351513,
              12.8069741
            ],
            [
              77.4345919,
              12.8069741
            ],
            [
              77.4342258,
              12.8067425
            ],
            [
              77.4337529,
              12.8066754
            ],
            [
              77.4333962,
              12.8064094
            ],
            [
              77.4333933,
              12.8056105
            ],
            [
              77.4333,
              12.8049092
            ],
            [
              77.4330603,
              12.804052
            ],
            [
              77.4328605,
              12.8033637
            ],
            [
              77.4324077,
              12.8022078
            ],
            [
              77.4320215,
              12.8011688
            ],
            [
              77.4316395,
              12.8001283
            ],
            [
              77.4318084,
              12.7997922
            ],
            [
              77.4322079,
              12.7993246
            ],
            [
              77.4324743,
              12.7989999
            ],
            [
              77.4329438,
              12.7987442
            ],
            [
              77.4334599,
              12.7985843
            ],
            [
              77.4340326,
              12.7984804
            ],
            [
              77.4346073,
              12.7982639
            ],
            [
              77.4350714,
              12.797831
            ],
            [
              77.4353245,
              12.7972466
            ],
            [
              77.4356041,
              12.7960777
            ],
            [
              77.4355789,
              12.7955384
            ],
            [
              77.4355375,
              12.7949348
            ],
            [
              77.4355834,
              12.7943273
            ],
            [
              77.435764,
              12.7938828
            ],
            [
              77.4361999,
              12.7936394
            ],
            [
              77.4371358,
              12.7932464
            ],
            [
              77.4375706,
              12.7930555
            ],
            [
              77.4381134,
              12.7926417
            ],
            [
              77.4381426,
              12.7923401
            ],
            [
              77.4381755,
              12.791968
            ],
            [
              77.4380814,
              12.7916489
            ],
            [
              77.4378679,
              12.7912295
            ],
            [
              77.4375753,
              12.7909995
            ],
            [
              77.4371536,
              12.7906587
            ],
            [
              77.4367096,
              12.790376
            ],
            [
              77.4364129,
              12.7899361
            ],
            [
              77.4361369,
              12.789363
            ],
            [
              77.4360436,
              12.7890123
            ],
            [
              77.4357937,
              12.788703
            ],
            [
              77.4357664,
              12.7882508
            ],
            [
              77.43563,
              12.7876549
            ],
            [
              77.4351951,
              12.787117
            ],
            [
              77.4348172,
              12.7870697
            ],
            [
              77.434288,
              12.7868357
            ],
            [
              77.4339771,
              12.7866601
            ],
            [
              77.433808,
              12.7864633
            ],
            [
              77.4336067,
              12.7860779
            ],
            [
              77.4334423,
              12.7858289
            ],
            [
              77.4333878,
              12.7854669
            ],
            [
              77.4334863,
              12.7846673
            ],
            [
              77.4337697,
              12.7840039
            ],
            [
              77.4341986,
              12.7833606
            ],
            [
              77.4343328,
              12.7812178
            ],
            [
              77.4329417,
              12.7790244
            ],
            [
              77.4306926,
              12.7772356
            ],
            [
              77.427308,
              12.7765967
            ],
            [
              77.4252991,
              12.7739135
            ],
            [
              77.42198,
              12.7628681
            ],
            [
              77.4193662,
              12.7607483
            ]
          ],
          [
            [
              77.4193662,
              12.7607483
            ],
            [
              77.4174609,
              12.7600755
            ],
            [
              77.417073,
              12.7594388
            ],
            [
              77.4161106,
              12.7587874
            ],
            [
              77.415166,
              12.7579252
            ],
            [
              77.415108,
              12.7573968
            ],
            [
              77.4152345,
              12.7565574
            ],
            [
              77.4151915,
              12.7561594
            ],
            [
              77.4152457,
              12.7556841
            ],
            [
              77.4155526,
              12.7553319
            ],
            [
              77.4158234,
              12.7550854
            ],
            [
              77.4158956,
              12.7547157
            ],
            [
              77.4158595,
              12.7542403
            ],
            [
              77.4156609,
              12.7538002
            ],
            [
              77.4156789,
              12.7533248
            ],
            [
              77.4154443,
              12.7530431
            ],
            [
              77.4147222,
              12.7530255
            ],
            [
              77.414289,
              12.7529375
            ],
            [
              77.4139279,
              12.7526382
            ],
            [
              77.4140182,
              12.7521276
            ],
            [
              77.4143431,
              12.751793
            ],
            [
              77.4147041,
              12.7513881
            ],
            [
              77.41465,
              12.7509655
            ],
            [
              77.4144875,
              12.7505078
            ],
            [
              77.4141084,
              12.7501908
            ],
            [
              77.4134405,
              12.7501908
            ],
            [
              77.4131697,
              12.7499091
            ],
            [
              77.413242,
              12.7494514
            ],
            [
              77.4132058,
              12.7486943
            ],
            [
              77.4129892,
              12.748078
            ],
            [
              77.4123755,
              12.7477435
            ],
            [
              77.4115812,
              12.7475674
            ],
            [
              77.4107147,
              12.7473914
            ],
            [
              77.4101551,
              12.7473033
            ],
            [
              77.4097038,
              12.7470216
            ],
            [
              77.4091262,
              12.7466343
            ],
            [
              77.4084221,
              12.7462821
            ],
            [
              77.4076459,
              12.7460885
            ],
            [
              77.4072849,
              12.7456835
            ],
            [
              77.4066711,
              12.7452609
            ],
            [
              77.4065447,
              12.7446975
            ],
            [
              77.4065086,
              12.7440636
            ],
            [
              77.4065809,
              12.7434474
            ],
            [
              77.4068336,
              12.7427959
            ],
            [
              77.4067975,
              12.7421621
            ],
            [
              77.4066531,
              12.7415634
            ],
            [
              77.4063462,
              12.7412113
            ],
            [
              77.4061296,
              12.7407007
            ],
            [
              77.4060311,
              12.74032
            ],
            [
              77.4060078,
              12.7399627
            ]
          ],
          [
            [
              77.4060078,
              12.7399627
            ],
            [
              77.4059972,
              12.7392385
            ],
            [
              77.4059975,
              12.7388375
            ],
            [
              77.4064513,
              12.7372721
            ],
            [
              77.4068207,
              12.7365473
            ],
            [
              77.4069988,
              12.7362388
            ],
            [
              77.407129,
              12.7347219
            ],
            [
              77.4071087,
              12.7342335
            ],
            [
              77.4066866,
              12.7334155
            ],
            [
              77.406195,
              12.7329474
            ],
            [
              77.4056083,
              12.7324192
            ],
            [
              77.4049381,
              12.7320319
            ],
            [
              77.4046831,
              12.7312527
            ],
            [
              77.4049088,
              12.7304163
            ],
            [
              77.4052924,
              12.729778
            ],
            [
              77.4060821,
              12.7293158
            ],
            [
              77.4071652,
              12.7293598
            ],
            [
              77.4080453,
              12.7294698
            ],
            [
              77.4088802,
              12.7295359
            ],
            [
              77.4098053,
              12.7294258
            ],
            [
              77.4100905,
              12.7288491
            ],
            [
              77.4100761,
              12.7280612
            ],
            [
              77.4098279,
              12.7273128
            ],
            [
              77.409512,
              12.7255961
            ],
            [
              77.4098053,
              12.7246497
            ],
            [
              77.4097602,
              12.7234171
            ],
            [
              77.4094443,
              12.7225146
            ],
            [
              77.408835,
              12.7216782
            ],
            [
              77.4085868,
              12.7209079
            ],
            [
              77.4088802,
              12.7199394
            ],
            [
              77.4089027,
              12.7190369
            ],
            [
              77.4086094,
              12.7174301
            ],
            [
              77.408474,
              12.7161755
            ],
            [
              77.407955,
              12.7155372
            ],
            [
              77.4070073,
              12.7147007
            ],
            [
              77.4060596,
              12.7140184
            ],
            [
              77.4046154,
              12.7128958
            ],
            [
              77.4035549,
              12.7125436
            ],
            [
              77.4022236,
              12.7119933
            ],
            [
              77.4015466,
              12.7116851
            ],
            [
              77.4007794,
              12.7110248
            ],
            [
              77.4007117,
              12.7104085
            ],
            [
              77.4010953,
              12.709528
            ],
            [
              77.4019754,
              12.7088016
            ],
            [
              77.4029231,
              12.7081192
            ],
            [
              77.4037805,
              12.707635
            ],
            [
              77.4043898,
              12.7071507
            ],
            [
              77.4050667,
              12.7065564
            ],
            [
              77.4052698,
              12.7057859
            ],
            [
              77.4051344,
              12.7052576
            ],
            [
              77.4045026,
              12.7048394
            ],
            [
              77.4041416,
              12.7042011
            ],
            [
              77.4034421,
              12.7034306
            ],
            [
              77.4037805,
              12.7029464
            ],
            [
              77.4040513,
              12.702352
            ],
            [
              77.4043898,
              12.7015596
            ],
            [
              77.4043447,
              12.7008772
            ],
            [
              77.4044575,
              12.7001508
            ]
          ],
          [
            [
              77.4056683,
              12.6883366
            ],
            [
              77.4066622,
              12.6873136
            ],
            [
              77.4068427,
              12.6867412
            ],
            [
              77.406933,
              12.6861028
            ],
            [
              77.4065043,
              12.6855745
            ],
            [
              77.4057822,
              12.6855965
            ],
            [
              77.4047442,
              12.6857286
            ],
            [
              77.4040673,
              12.6853103
            ],
            [
              77.4037288,
              12.6843417
            ],
            [
              77.4037288,
              12.6835272
            ],
            [
              77.4043381,
              12.6830429
            ],
            [
              77.4056017,
              12.6827787
            ],
            [
              77.4063463,
              12.6821623
            ],
            [
              77.406933,
              12.6815459
            ],
            [
              77.4078356,
              12.6805552
            ],
            [
              77.4083771,
              12.6797187
            ],
            [
              77.4088059,
              12.6788601
            ],
            [
              77.4092572,
              12.6777594
            ],
            [
              77.4093249,
              12.6772311
            ],
            [
              77.4087833,
              12.6765266
            ],
            [
              77.4086254,
              12.675712
            ],
            [
              77.4081064,
              12.6746994
            ],
            [
              77.4081741,
              12.6739509
            ],
            [
              77.4086931,
              12.6729602
            ],
            [
              77.4093474,
              12.6721016
            ],
            [
              77.4097987,
              12.6710889
            ],
            [
              77.4102275,
              12.6702743
            ],
            [
              77.4106562,
              12.669856
            ],
            [
              77.4113557,
              12.669724
            ],
            [
              77.4120778,
              12.6689974
            ],
            [
              77.4120101,
              12.6682269
            ],
            [
              77.4120101,
              12.6673243
            ],
            [
              77.4115362,
              12.6664877
            ],
            [
              77.4114234,
              12.6656071
            ],
            [
              77.411807,
              12.6648145
            ],
            [
              77.4126419,
              12.6641981
            ],
            [
              77.4134091,
              12.664176
            ],
            [
              77.4142891,
              12.6639559
            ]
          ],
          [
            [
              77.4142891,
              12.6639559
            ],
            [
              77.4143794,
              12.6631853
            ],
            [
              77.4143342,
              12.6619965
            ],
            [
              77.4139197,
              12.6597391
            ]
          ],
          [
            [
              77.4139197,
              12.6597391
            ],
            [
              77.4138376,
              12.6595047
            ],
            [
              77.4135414,
              12.65872
            ],
            [
              77.4134091,
              12.6583418
            ],
            [
              77.4132286,
              12.6571089
            ],
            [
              77.4132511,
              12.6558099
            ],
            [
              77.4131834,
              12.6544229
            ],
            [
              77.4134768,
              12.6531679
            ],
            [
              77.4139732,
              12.651825
            ],
            [
              77.4144922,
              12.6510984
            ],
            [
              77.4150112,
              12.6506801
            ],
            [
              77.4151917,
              12.6501517
            ],
            [
              77.4152368,
              12.6494252
            ],
            [
              77.4151691,
              12.6484564
            ],
            [
              77.4146501,
              12.6477078
            ],
            [
              77.4140183,
              12.6465189
            ],
            [
              77.4131609,
              12.6455501
            ],
            [
              77.4122583,
              12.6449997
            ],
            [
              77.4116039,
              12.644163
            ],
            [
              77.4106562,
              12.6431062
            ],
            [
              77.4100244,
              12.641587
            ],
            [
              77.4098213,
              12.6407063
            ],
            [
              77.4097762,
              12.6397375
            ],
            [
              77.4097987,
              12.6384384
            ],
            [
              77.4099567,
              12.6371393
            ],
            [
              77.4098213,
              12.6360384
            ],
            [
              77.4094151,
              12.6349155
            ],
            [
              77.4090315,
              12.6338586
            ],
            [
              77.4079935,
              12.6331761
            ],
            [
              77.4071812,
              12.6323394
            ],
            [
              77.4062786,
              12.6317449
            ],
            [
              77.4059853,
              12.6308861
            ],
            [
              77.4060755,
              12.6300274
            ],
            [
              77.4062335,
              12.6292567
            ],
            [
              77.406414,
              12.6282659
            ],
            [
              77.4070458,
              12.6278035
            ],
            [
              77.4073617,
              12.6273411
            ],
            [
              77.4073392,
              12.6263943
            ],
            [
              77.4072715,
              12.6245006
            ],
            [
              77.4068879,
              12.6239942
            ],
            [
              77.4067976,
              12.6231134
            ],
            [
              77.4070684,
              12.6216602
            ],
            [
              77.4072263,
              12.6207353
            ],
            [
              77.4070233,
              12.6189077
            ],
            [
              77.4068202,
              12.6185554
            ],
            [
              77.4054663,
              12.6178728
            ],
            [
              77.4037514,
              12.6167057
            ],
            [
              77.4035257,
              12.6162433
            ],
            [
              77.4035934,
              12.6155828
            ],
            [
              77.4038416,
              12.6151204
            ],
            [
              77.4043832,
              12.6143937
            ],
            [
              77.4048796,
              12.6135129
            ],
            [
              77.4054437,
              12.6127863
            ],
            [
              77.4057371,
              12.6121697
            ],
            [
              77.4058725,
              12.6115091
            ],
            [
              77.4061658,
              12.6108044
            ],
            [
              77.4063238,
              12.6097915
            ],
            [
              77.4062109,
              12.6090648
            ],
            [
              77.4061432,
              12.6079638
            ],
            [
              77.4059402,
              12.6068408
            ],
            [
              77.4055791,
              12.6058718
            ],
            [
              77.4052407,
              12.6049029
            ],
            [
              77.4049699,
              12.603978
            ],
            [
              77.4047894,
              12.6033174
            ],
            [
              77.4049699,
              12.6024586
            ],
            [
              77.4050827,
              12.6015337
            ],
            [
              77.4050646,
              12.6011829
            ],
            [
              77.4050409,
              12.6004641
            ],
            [
              77.4049177,
              12.5996122
            ],
            [
              77.4047327,
              12.5986975
            ]
          ],
          [
            [
              77.4044575,
              12.7001508
            ],
            [
              77.4041855,
              12.6997284
            ],
            [
              77.4038451,
              12.6995088
            ],
            [
              77.4032584,
              12.6986944
            ],
            [
              77.4022675,
              12.6979197
            ],
            [
              77.4026141,
              12.6969055
            ],
            [
              77.4027841,
              12.6957955
            ],
            [
              77.4032503,
              12.6949304
            ],
            [
              77.4042084,
              12.6942616
            ],
            [
              77.4047904,
              12.6938613
            ],
            [
              77.405505,
              12.6933364
            ],
            [
              77.4060248,
              12.6927958
            ],
            [
              77.4060779,
              12.692364
            ],
            [
              77.406057,
              12.6919993
            ],
            [
              77.4058526,
              12.6914618
            ],
            [
              77.4054342,
              12.690615
            ],
            [
              77.4052035,
              12.6894449
            ],
            [
              77.4056683,
              12.6883366
            ]
          ]
        ]
      },
      "properties": {
        "river_id": "vrishabhavathi",
        "name": "Vrishabhavathi",
        "name_kn": "ವೃಷಭಾವತಿ ನದಿ",
        "waterway": "river",
        "length_km": 67.7,
        "osm_ids": [
          7810142
        ]
      }
    }
  ]
}