{"nvdm": "1.0", "dataset": "geojson-layers/swd-secondary", "scope": {"kind": "city", "id": "bangalore"}, "provenance": {"sources": [{"id": "opencity-bengaluru-swd", "title": "BBMP primary + secondary stormwater drains - rajakaluves (via OpenCity)", "publisher": "BBMP (via OpenCity)", "license": "Public Domain per OpenCity CKAN metadata (no upstream dedication)", "as_of": "2025-11-27"}], "method": "manual", "produced_at": "2026-05-28", "produced_by": "manual", "note": "Secondary stormwater drains, KSRSAC via OpenCity; conversion run unrecorded (the _meta block is the production record)."}, "type": "FeatureCollection", "features": [{"type": "Feature", "properties": {}, "geometry": {"type": "LineString", "coordinates": [[77.5683105854351, 12.8394189270058], [77.5683104823083, 12.8394188358616]]}}, {"type": "Feature", "properties": {}, "geometry": {"type": "LineString", "coordinates": [[77.5724362134302, 12.842268028229], [77.5722756459903, 12.8422253909116], [77.5722319956214, 12.8422019465784], [77.5721934632405, 12.8421712253474], [77.5719586711165, 12.8419572373511], [77.5716365179019, 12.8416472840972], [77.5714696422278, 12.8414822941384], [77.5714200128702, 12.8414302541649], [77.5712613150988, 12.8412422388359], [77.5712246987651, 12.8411925730375], [77.5711797647285, 12.8411200228175], [77.5701449177468, 12.8393701116127], [77.5701046293537, 12.8393152107342], [77.5700496067432, 12.8392711943602]]}}, {"type": "Feature", "properties": {}, "geometry": {"type": "LineString", "coordinates": [[77.5724362134302, 12.842268028229], [77.572548297073, 12.8422054813884], [77.5726287824498, 12.8421680449165], [77.573230912301, 12.8419253887565], [77.5732701699793, 12.8419114918928], [77.5733314884397, 12.8418836661442], [77.5733545007345, 12.8418741169223], [77.5733734366154, 12.8418689677307], [77.5734177342563, 12.8418489095714]]}}, {"type": "Feature", "properties": {}, "geometry": {"type": "LineString", "coordinates": [[77.5738637709746, 12.843606274158], [77.573777202906, 12.8434971363484], [77.5735171627685, 12.8432097490171], [77.5734665847048, 12.8431662502014], [77.5732235737508, 12.8429860666556], [77.5731647807942, 12.8429376684416], [77.5728043105629, 12.8426133645708], [77.5726123272024, 12.842399287558], [77.5725740113197, 12.8423607150518], [77.5725226973886, 12.8423218687724], [77.5724362134302, 12.842268028229]]}}, {"type": "Feature", "properties": {}, "geometry": {"type": "LineString", "coordinates": [[77.5703588786973, 12.8445160384177], [77.5701763563639, 12.8444454099703], [77.5696892837945, 12.8442496482175], [77.5694027216246, 12.8441392085846], [77.5693108080458, 12.8441080337015], [77.5691725971624, 12.8440726509826], [77.5688691286847, 12.844000717109], [77.5684241972732, 12.8438783383478], [77.5682809672668, 12.8438438308866], [77.568027087709, 12.8437970906701], [77.5677606710885, 12.8437689946352], [77.5677363645695, 12.8437631259203], [77.5677234204332, 12.8437571144381], [77.5677129978131, 12.8437492505932], [77.5677014845507, 12.8437344516247], [77.5676925672467, 12.8437118051164], [77.5676859820354, 12.8436844305823], [77.5676491689112, 12.8434786150352], [77.5675577040879, 12.8430029549523], [77.5674369628906, 12.842314354806], [77.5674245482034, 12.8422658231392], [77.5673921275612, 12.8421737660219], [77.5673848148699, 12.8421247968719], [77.5673800660048, 12.8420473201968], [77.5673776751134, 12.8418908807213], [77.5673711984497, 12.841738291989], [77.5673616635674, 12.8415893731966], [77.5673594880798, 12.8414449792352], [77.567352704436, 12.8412701349727], [77.5673432611611, 12.8411378434407], [77.5673410949969, 12.8409935451481], [77.5673343564202, 12.8408218607354], [77.567325337897, 12.840694577433], [77.567315880344, 12.8403589598167], [77.5673070720648, 12.8402426713557], [77.5672969053626, 12.8399033022651], [77.5672881656106, 12.8397589381284], [77.5672807462553, 12.8395129345546]]}}, {"type": "Feature", "properties": {}, "geometry": {"type": "LineString", "coordinates": [[77.5703588786973, 12.8445160384177], [77.5702296658419, 12.844137966417], [77.5701859790105, 12.8439986925904], [77.5701680980314, 12.8439260670858], [77.5700886472737, 12.8435573038615], [77.5700624268927, 12.8434726039666], [77.5699945575868, 12.8432777846516], [77.569959457151, 12.843152286609], [77.5698665260225, 12.8427062198284], [77.5698494833678, 12.8426428510136], [77.5696937234118, 12.8422010337084], [77.5696536636335, 12.842080272147], [77.5696185263792, 12.8419574485843], [77.5695411970147, 12.8416441093336], [77.5695089104078, 12.8415402973017], [77.5688349936478, 12.8394910574283], [77.5688084851731, 12.8394164995669], [77.5687889485734, 12.8393781094038]]}}, {"type": "Feature", "properties": {}, "geometry": {"type": "LineString", "coordinates": [[77.5522111522445, 12.8474996063222], [77.5530855353782, 12.8478464505948], [77.553273527709, 12.8477686191636], [77.5534375955735, 12.8477803471611], [77.5537876961434, 12.8478588162509], [77.5544448340751, 12.8479382363139], [77.5546346983951, 12.8479611819384], [77.5549465285576, 12.8479988681059], [77.5550813114367, 12.848040735205], [77.5551428193757, 12.8484375631481], [77.5551443067453, 12.848444605643], [77.555159001314, 12.848656094184], [77.5553654006038, 12.8486755967726], [77.555775195443, 12.8485590321413], [77.5560355558511, 12.84851405138], [77.556279717618, 12.8485623149722], [77.5564402663421, 12.8486376214178], [77.556448476157, 12.8486732229124], [77.5564583404491, 12.8487159980681], [77.5564616311368, 12.8487302696787], [77.5565527060594, 12.8491252214068], [77.5565610411108, 12.8491613655573], [77.5565749455642, 12.8491886493644], [77.5567051961152, 12.8491735464276], [77.5575105215407, 12.848973106817], [77.5577886382397, 12.8489091555462], [77.5582616096995, 12.8487521683013], [77.5618386824417, 12.8483143315795], [77.5638120954275, 12.8483237444376]]}}, {"type": "Feature", "properties": {}, "geometry": {"type": "LineString", "coordinates": [[77.5764472610811, 12.8472986396345], [77.5763836121917, 12.8472878882229], [77.5762264804242, 12.8472757976792], [77.5759444927462, 12.8472643327129], [77.5750251216534, 12.847258853959], [77.5749457417269, 12.8472600303509], [77.5748318461034, 12.8472665938686], [77.5745030790525, 12.847295943602], [77.5744482975359, 12.847294912614], [77.5744179462871, 12.8472875481599], [77.5744019912284, 12.8472794814343], [77.5743871170401, 12.8472661640695], [77.5743763973335, 12.8472506819286], [77.5743633084226, 12.8472228086617], [77.5742372494039, 12.846841554228], [77.5739567836259, 12.845691236776], [77.5738805431591, 12.8453670009354], [77.5738645023732, 12.8453185921228], [77.5738549593519, 12.8453044499675], [77.5738440559427, 12.8452951456004], [77.5738165173881, 12.8452841215591], [77.5737667072858, 12.845281452422], [77.573674845756, 12.8452908059147], [77.5735579014509, 12.8452959314079], [77.5734953010957, 12.8453021077764], [77.5729214533719, 12.845333798343], [77.5728540205534, 12.8453399424296], [77.5727404461923, 12.8453445367268], [77.5724622728819, 12.8453625497116], [77.5718605218188, 12.8453817257683], [77.571834046281, 12.8453810582468], [77.5718006126, 12.8453757717716], [77.5717646393891, 12.8453648653812], [77.5717167649569, 12.8453415997694], [77.5715516361354, 12.8452499394249], [77.5714810992339, 12.8452067532365], [77.5714210201516, 12.8451556894258], [77.5712774826657, 12.8450067080505], [77.571246128384, 12.8449813615553], [77.57119582097, 12.8449489992662], [77.5707014236845, 12.8446562431649], [77.5706508703774, 12.8446332772989], [77.5703588786973, 12.8445160384177]]}}, {"type": "Feature", "properties": {}, "geometry": {"type": "LineString", "coordinates": [[77.575536866435, 12.8474114730717], [77.5753826556136, 12.8474122537762], [77.5753031758442, 12.8474059859026], [77.5751491193159, 12.8474004064467], [77.5750651949763, 12.8473938586757], [77.5750092721983, 12.8473944101142], [77.5749571662852, 12.8473996030779], [77.57425458763, 12.8475296113394], [77.5738149266052, 12.8476270627128], [77.5737061877471, 12.8476488923706], [77.5734570898939, 12.8476923322186], [77.5733799665778, 12.8477029171981], [77.5733258827689, 12.8477072104361], [77.5732877994541, 12.8477059504294], [77.5732356089205, 12.8476992345535], [77.5729324140403, 12.8476335773094], [77.5722129946467, 12.847518922561], [77.5721023414161, 12.8475032263243], [77.5720718201097, 12.8475030357926], [77.572045505374, 12.8475057041224], [77.5719938378006, 12.84751562542], [77.5699893624055, 12.8479737722492], [77.5683991204083, 12.8483118315854], [77.5683583671032, 12.848319126554], [77.5683181966257, 12.8483224351757], [77.5676218298096, 12.8488435905668], [77.567546289848, 12.8489659370511], [77.5676948908283, 12.8492013661921], [77.5680851448431, 12.8498627335598], [77.5681330156943, 12.8499351171795], [77.5681800912543, 12.8500029036432], [77.5682268892058, 12.8500668386585], [77.5682737297833, 12.8501273563651], [77.5684029646827, 12.8502953063074], [77.5684596577769, 12.850365171364], [77.5685213174956, 12.8504330408297], [77.5685511597483, 12.850462212255], [77.5685808347826, 12.8504887020428], [77.5686172210177, 12.8505175175767], [77.5686572101644, 12.850545149536], [77.5687012213915, 12.850571891053], [77.5687501163677, 12.8505982685362], [77.5688442048373, 12.8506426015394], [77.5690779922168, 12.8507427690445], [77.5691394054774, 12.850772350394], [77.5691931087032, 12.8508013449918], [77.5693666931292, 12.8508942217582], [77.5691972993507, 12.8512650360169], [77.5687640488499, 12.8523383362239], [77.5688365364438, 12.8527583377222], [77.569343844979, 12.8537668370761], [77.5696140169549, 12.8544271663212]]}}, {"type": "Feature", "properties": {}, "geometry": {"type": "LineString", "coordinates": [[77.5467532092415, 12.8555996372679], [77.5467558764515, 12.8556016107515], [77.547425903432, 12.8560974870966], [77.5480451859854, 12.8569808062287], [77.5484740700346, 12.8572401784341], [77.5490586811209, 12.8574328164274], [77.5498040052636, 12.8580856906517], [77.5502203524453, 12.8581628783073], [77.5505029419165, 12.858752242733], [77.5506018413958, 12.8589623735559]]}}, {"type": "Feature", "properties": {}, "geometry": {"type": "LineString", "coordinates": [[77.6532084452797, 12.8556446269464], [77.6531945486722, 12.8556419100706], [77.6531594331537, 12.855627127001], [77.6530992304534, 12.855616285402], [77.653056250267, 12.8556060790146], [77.6530060869142, 12.8555857440614], [77.6529642980085, 12.8555589617202], [77.6529400057978, 12.8555380533743], [77.6529173074249, 12.8555121547682], [77.6528897745931, 12.8554715624336], [77.6528677398201, 12.8554323192719], [77.6528474080756, 12.8553858587616], [77.6528382918909, 12.8553581641126], [77.6528328476298, 12.8553270563057], [77.6528332615974, 12.8553109851019], [77.6528366702026, 12.8552953045931], [77.6528604814391, 12.8552455509536], [77.6528676442901, 12.8552167665581], [77.652868148601, 12.855146286112]]}}, {"type": "Feature", "properties": {}, "geometry": {"type": "LineString", "coordinates": [[77.5785591192169, 12.8565630218785], [77.5786508132638, 12.8563871778473], [77.5787114619028, 12.8562297984284], [77.5787244995664, 12.8562067478746], [77.5787404740427, 12.8561851826279], [77.5787748369372, 12.8561522057729], [77.5788325761327, 12.8561144899343], [77.5789040250164, 12.8560739966824], [77.5789889540199, 12.85603881144], [77.5790179908777, 12.8560207812265], [77.5790429955456, 12.8559956217792], [77.5790766929893, 12.8559323903542]]}}, {"type": "Feature", "properties": {}, "geometry": {"type": "LineString", "coordinates": [[77.5785591192169, 12.8565630218785], [77.5791683143481, 12.8564218300291], [77.5792125940661, 12.8564101276251], [77.5792334054127, 12.8564006436108]]}}, {"type": "Feature", "properties": {}, "geometry": {"type": "LineString", "coordinates": [[77.5506018413958, 12.8589623735559], [77.5506106703627, 12.8589150985908], [77.5506703848004, 12.8587576990268], [77.5507234998838, 12.8585923860254], [77.5507307047151, 12.8585410296288], [77.5507363382172, 12.8584438835502], [77.5507545687022, 12.858350595621]]}}, {"type": "Feature", "properties": {}, "geometry": {"type": "LineString", "coordinates": [[77.5856559457992, 12.859106464895], [77.5867482070262, 12.8588318141679], [77.5870691852619, 12.8587459280153], [77.5873468314462, 12.858661702283], [77.5874309687667, 12.8586466554486], [77.5876059072327, 12.8586357086091], [77.5877023188985, 12.8586204222141], [77.5879626834424, 12.8585477055716], [77.5882131859657, 12.8584878101557], [77.588273415014, 12.858463161444], [77.5883113617295, 12.8584283412444], [77.5883500103908, 12.8583612231913], [77.5884621393978, 12.8580576548303], [77.588481832431, 12.8579832334254], [77.5884811333251, 12.857931036584], [77.5884647826719, 12.8578421924204], [77.5884161496898, 12.8576180399781], [77.58849019566, 12.8574590346172], [77.5890870539354, 12.8565342944443], [77.589199109833, 12.8561252288625], [77.5894001622391, 12.8555376033689], [77.5897101819927, 12.8542915515866], [77.5899543517948, 12.8537513079323], [77.5902965719584, 12.8532698561207], [77.5907361535838, 12.8527626728485]]}}, {"type": "Feature", "properties": {}, "geometry": {"type": "LineString", "coordinates": [[77.5510081061335, 12.8597485056549], [77.5508993439495, 12.8596808766991], [77.5508546932969, 12.8596457586957], [77.5508044475754, 12.8595967690462], [77.5507308460288, 12.8595144869959], [77.5506279812309, 12.8594159985613], [77.5505968629347, 12.8593809720179], [77.55057907742, 12.8593539966878], [77.5505600655988, 12.8593105476872], [77.550550320329, 12.8592727889409], [77.5505472706797, 12.8592347952122], [77.5505505832767, 12.8591940111208], [77.5505900165631, 12.8590657397151], [77.5506018413958, 12.8589623735559]]}}, {"type": "Feature", "properties": {}, "geometry": {"type": "LineString", "coordinates": [[77.6295031359719, 12.862631905426], [77.6294795716617, 12.8627791305692], [77.6294377201468, 12.8629780773284], [77.6294268285472, 12.8630961539631], [77.6294262390802, 12.8631867094315], [77.629433269629, 12.8632494878676], [77.6294506867588, 12.8633147621464], [77.629558608795, 12.8635589582889], [77.6295819749003, 12.8636580501225], [77.6295791303402, 12.8637433730219], [77.6295306036227, 12.8639587883138], [77.6295181251504, 12.8641676472293], [77.6295223031933, 12.8643359147173], [77.6295641191653, 12.86463485976], [77.6295893147245, 12.8647139541351], [77.6296161512146, 12.8647592198347], [77.6298548487563, 12.8650144144154], [77.6298978298368, 12.8650792441874], [77.6299373740598, 12.8651649584023], [77.6299958903226, 12.8653348704242], [77.6300306731892, 12.8654685387965], [77.6300427101865, 12.8655633626286], [77.630057621437, 12.8658239274308], [77.6300695766242, 12.8658921744473], [77.6300908559399, 12.8659504652823]]}}, {"type": "Feature", "properties": {}, "geometry": {"type": "LineString", "coordinates": [[77.6462438570864, 12.862743497548], [77.6461678461592, 12.8627831691872], [77.6460488481478, 12.8628124474154], [77.6459717182626, 12.8628399849011], [77.6457243175896, 12.8629503723824], [77.6456006084451, 12.8630287981545], [77.6454211102481, 12.8631804831988], [77.6453284831922, 12.8632276471627], [77.6452340191597, 12.8632503048409], [77.6448775834512, 12.8633091332667], [77.6446812808823, 12.8633530555644], [77.6441815951883, 12.8635337951437], [77.6437810315787, 12.8636099204273], [77.6437128347447, 12.863639514634], [77.6436752571312, 12.8636714858333], [77.6436303931029, 12.8637458687496], [77.6436131798787, 12.8638425019768], [77.6436126739374, 12.8647097419997], [77.6436231310572, 12.8648969094409], [77.6435883065891, 12.8652702057037], [77.6435803082132, 12.8654603996153], [77.6435638407902, 12.8655284722102], [77.6435289942148, 12.8655984313124], [77.6434869240421, 12.8656519480693], [77.6434298055415, 12.8656971083096], [77.6433294343266, 12.8657500702909], [77.6429883261647, 12.8658942471799], [77.6427877542227, 12.8659583006364], [77.6426615547096, 12.8659868914235], [77.6419952832613, 12.866055801673], [77.641929858574, 12.8660508104105], [77.6417300752219, 12.8660148016782], [77.6415003444115, 12.8660037550092], [77.6413519086621, 12.866004458827], [77.6409271969961, 12.866129156422], [77.6405639897119, 12.8663419648311], [77.6399462037333, 12.8670174201853]]}}, {"type": "Feature", "properties": {}, "geometry": {"type": "LineString", "coordinates": [[77.5841983539363, 12.8634498382042], [77.5850746825405, 12.8625966147958], [77.5864412877693, 12.8623320200438], [77.5868624346372, 12.8620606903666], [77.5880118690892, 12.861093662564], [77.5882577345558, 12.8606957551966], [77.5884810943758, 12.8602509019872], [77.5885167110786, 12.8599417304299], [77.5885221423331, 12.8599088212422], [77.5885020972719, 12.8596606116427], [77.5883928353754, 12.8590647266078], [77.5882620320749, 12.8585131638277], [77.588252230088, 12.8584718313128]]}}, {"type": "Feature", "properties": {}, "geometry": {"type": "LineString", "coordinates": [[77.609557741424, 12.8633958655576], [77.609506772042, 12.8633870486703], [77.6094346037845, 12.8633658986726], [77.6092425388173, 12.863297923909], [77.6090760894502, 12.8632671827929], [77.6090083594536, 12.8632479037618], [77.6089491720492, 12.8632174446492], [77.6088658389584, 12.8631420235632], [77.6088274041099, 12.8631140374481], [77.6085128037733, 12.8630917683506], [77.6080461277514, 12.8631968058114], [77.607462967419, 12.863346027206], [77.6071273901208, 12.8634067330843], [77.6065294632628, 12.8635417583632], [77.6059898526324, 12.8636618597088], [77.6051560222084, 12.8639220852738], [77.6048997143334, 12.86426071897], [77.6044852692147, 12.8647412841919], [77.6041212464036, 12.8653154244364], [77.6035608332662, 12.8662532253973], [77.6019979522003, 12.8677890060417], [77.6016674026549, 12.8683126218268]]}}, {"type": "Feature", "properties": {}, "geometry": {"type": "LineString", "coordinates": [[77.5670270178984, 12.8651085844429], [77.5672737374083, 12.8643074586809], [77.5680723457638, 12.8631948252617], [77.5682146204223, 12.8628109671298], [77.5685259581341, 12.8622820287122], [77.5686918614225, 12.8618262261906], [77.5689539900096, 12.8612499624366], [77.5695086884524, 12.8606947332754], [77.56984267904, 12.8599982438886], [77.5701303815504, 12.8595412482009], [77.5706502101017, 12.8589694205822], [77.5708934717647, 12.8589041053757], [77.571233354935, 12.8588018687261], [77.5716884133303, 12.858652315679], [77.5720827967802, 12.8585047240222], [77.5722611795683, 12.858450301894], [77.5724227770528, 12.8584087983974], [77.572510778226, 12.8583953201414], [77.5726166207559, 12.8583950379517], [77.5730394205448, 12.8584425744243], [77.5731278781291, 12.8584353054461], [77.5732550234092, 12.8584153499318], [77.5741795530421, 12.8580422713643], [77.5746776584271, 12.8579118851945], [77.5751275910684, 12.857835755607], [77.5753280154237, 12.8577800029869], [77.5755707632025, 12.8576939555499], [77.5759227660125, 12.8575709794088], [77.5762446239725, 12.8574781770795], [77.5764878597821, 12.8574399320947], [77.5767070396945, 12.8574318022385], [77.5768903507934, 12.8574897607493], [77.5770313368314, 12.8575780149215], [77.5771847468579, 12.8576900504316], [77.5773375469805, 12.8577423329981], [77.5774715277614, 12.8577410161483], [77.577617139329, 12.8576858006209], [77.5778857162499, 12.8574257599655], [77.5779268516459, 12.8573698628896], [77.5779506017582, 12.8573492358058], [77.5781873381508, 12.8572059655481], [77.5783940661955, 12.8570664287005], [77.5784222654482, 12.8570437250765], [77.5784443694364, 12.8570206947027], [77.578465817006, 12.8569900113227], [77.5784904684278, 12.8569467493111], [77.5785021636596, 12.8569212672194], [77.5785111331606, 12.8568911672853], [77.5785199362563, 12.8568322425719], [77.5785295522765, 12.8566863039072], [77.5785362784384, 12.856651396181], [77.5785591192169, 12.8565630218785]]}}, {"type": "Feature", "properties": {}, "geometry": {"type": "LineString", "coordinates": [[77.5670270178984, 12.8651085844429], [77.5668490615652, 12.865186982143], [77.5667834932521, 12.8652136700829], [77.5667232869661, 12.8652362932395], [77.5665954490942, 12.8652789407044], [77.5664655057569, 12.865316026262]]}}, {"type": "Feature", "properties": {}, "geometry": {"type": "LineString", "coordinates": [[77.5664655057569, 12.865316026262], [77.5663852287259, 12.8652288037418], [77.5663073511435, 12.8651348549334], [77.5662318814119, 12.8650341905975], [77.5661588242134, 12.8649268179173], [77.5660881917338, 12.8648127575546], [77.5660199680586, 12.8646919834661], [77.5659541410571, 12.8645644795097], [77.5658906806179, 12.8644301818361], [77.5658657775376, 12.864370562438], [77.5658412971615, 12.8643025249847], [77.5657730378162, 12.8640816822135], [77.5657480207263, 12.8640064964066], [77.5657221524084, 12.8639388772642], [77.5656951876547, 12.8638790702171], [77.5656238051973, 12.8637405494946], [77.5655901232651, 12.8636807566776], [77.5655567977071, 12.8636254921159], [77.5655231537558, 12.8635736882015], [77.5654892302707, 12.8635254538727], [77.5654548357368, 12.8634805190628], [77.5654198451034, 12.8634387205662], [77.5653876860498, 12.8634036296391], [77.5653526379356, 12.863368402551], [77.5652727556093, 12.8632964404843], [77.5651789061675, 12.8632212885279], [77.5650486554177, 12.8631249777441], [77.5649022343794, 12.8630133650984], [77.5648442833108, 12.8629715643851], [77.5647903794165, 12.8629369372789], [77.564740317232, 12.8629097441832], [77.564692301458, 12.8628890178949], [77.5646456126995, 12.8628744636987], [77.5646148148866, 12.8628680134546], [77.5645818978585, 12.8628635155364], [77.5645465370234, 12.8628609243323], [77.5645080771571, 12.86286018843], [77.5644348434448, 12.8628629746937], [77.5642598358301, 12.8628762130331], [77.5641865417465, 12.8628794940116], [77.563326177423, 12.863300694228], [77.5623667302415, 12.8636575892602], [77.5622321582129, 12.8637222012156], [77.562089891806, 12.8637881820787], [77.561773247739, 12.8639283898395], [77.5614576821623, 12.8640623085837], [77.5613378762723, 12.8641101711342], [77.5612277654219, 12.8641516580369], [77.5611435814141, 12.8641810959682], [77.5610548920238, 12.8642097403878], [77.560960776716, 12.8642378921036], [77.560859408593, 12.864266097484], [77.5606701385464, 12.8643145381447], [77.5602102448551, 12.8644254621177], [77.5600865079589, 12.8644575826865], [77.5599755336278, 12.8644885196942], [77.5598523990975, 12.8645259267641], [77.5594982257901, 12.8646389737752], [77.5593863986319, 12.8646710960996], [77.5592853053486, 12.8646966655561], [77.559184420865, 12.8647184022547], [77.5590709793488, 12.8647393526355], [77.5586267800062, 12.8648100386908], [77.5582099858227, 12.8648816184056], [77.5579843279331, 12.8649233383285], [77.557784588458, 12.864964871994], [77.5574025162728, 12.8650505426922], [77.5572456534185, 12.8650843838186], [77.5568590687355, 12.8651570680484], [77.5567661486237, 12.8651769626237], [77.5566835703967, 12.8651973173374], [77.5565238185487, 12.8652426006193], [77.5563685953139, 12.865292431955], [77.556218422049, 12.8653466463556], [77.5560737079102, 12.8654050925754], [77.5559413834004, 12.8654643484707], [77.5558087935659, 12.8655293258321], [77.5556763443012, 12.8655998246509], [77.5555445109473, 12.8656755918406], [77.5554355248765, 12.8657430519994], [77.5553228610697, 12.8658177079451], [77.5552052534954, 12.8659003905583], [77.5550798310946, 12.8659931118363], [77.5548000944389, 12.866201797491], [77.5546625219137, 12.8663080381737], [77.5545322417583, 12.8664156812751], [77.5544744631416, 12.8664668078411], [77.5544207073884, 12.8665169095059], [77.5543665801218, 12.8665704280791], [77.5543163711504, 12.8666235073155], [77.5542698353943, 12.8666764061899], [77.5542268126341, 12.8667293069587], [77.5541871392323, 12.8667824181117], [77.5541507662028, 12.8668358124049], [77.5541176182141, 12.8668895980861], [77.5540876427431, 12.8669438624007], [77.5540586075657, 12.8670020503384], [77.5540303625084, 12.867063608635], [77.5540029220014, 12.8671285073358], [77.5539763013043, 12.8671967074433], [77.5539452155282, 12.8672899282958], [77.5538813283215, 12.8675125624166], [77.5538154632005, 12.8677229304792], [77.553792814031, 12.8677873126806], [77.5537703538935, 12.867844262932], [77.5537151037361, 12.86798100887], [77.5536816949552, 12.8680558071891], [77.553649518571, 12.8681156293821], [77.5536156097494, 12.8681659603753], [77.5535977474866, 12.8681879070842], [77.5535791551277, 12.8682078660532], [77.5535408271967, 12.8682422830799], [77.5534958036728, 12.8682755050143], [77.5534437300169, 12.8683078036374], [77.5533835292116, 12.8683398525849], [77.5532906247362, 12.8683826489056], [77.5532146250171, 12.8684117013778], [77.5531297111565, 12.8684368988605], [77.553034365265, 12.8684587539441], [77.5529213544277, 12.8684789362217], [77.5528434483323, 12.8684885952809], [77.5527556614693, 12.8684940600128], [77.5526791467847, 12.868495715207], [77.5524391917735, 12.8684968736695], [77.5522985635714, 12.8685020226803], [77.5519626859926, 12.8685184864675], [77.5518103561697, 12.8685244186519], [77.5516492179794, 12.8685272111441], [77.551505286437, 12.8685251533173], [77.5511100855542, 12.8685018935726], [77.5503571019111, 12.8681534230374]]}}, {"type": "Feature", "properties": {}, "geometry": {"type": "LineString", "coordinates": [[77.5664655057569, 12.865316026262], [77.5673760495544, 12.8676942290533], [77.5688578110416, 12.8696517880893], [77.5692250594417, 12.8698274672422], [77.5696827506905, 12.8699126187388], [77.5704443336466, 12.8699439109435], [77.5704640157504, 12.8699659654411], [77.5705087574392, 12.8700336325792], [77.5705320366834, 12.8700787576532], [77.5705472673436, 12.8701191399481], [77.5705616155496, 12.8701793689757], [77.5705834658992, 12.8703050113664], [77.5705991023134, 12.8704607238971], [77.5706088651829, 12.8705215345577], [77.5706244666825, 12.8705643254275], [77.5706557713386, 12.8706129927814], [77.5707212017864, 12.870696922325], [77.570778817855, 12.8707650277092], [77.5710495761546, 12.8710607006609], [77.5711754556967, 12.8711910634396], [77.5712517225861, 12.8712596930322], [77.5714710915776, 12.8714344544224], [77.571524820277, 12.8714817956825], [77.5717608406924, 12.8717261156137], [77.5718490417388, 12.8718248709562], [77.5718784087801, 12.8718516329794], [77.5719109917166, 12.8718734585706], [77.5719601667277, 12.8718954925774], [77.5721355635799, 12.8719429617743], [77.5722045957572, 12.8719704157271], [77.5723440350379, 12.8720490709163], [77.5725390377096, 12.8721676623458], [77.5725718000229, 12.8721847673341], [77.5726087876347, 12.8721983967934], [77.5726922179202, 12.8722148063129], [77.5729982869467, 12.87225688079], [77.5732054359188, 12.872277921174], [77.5732652565572, 12.872280152328], [77.5733135431411, 12.8722782776429], [77.5735082381635, 12.8724073657717], [77.5735266155522, 12.8724095378209], [77.573557810903, 12.87240591477], [77.5736165468199, 12.8724075159456], [77.5737784792266, 12.8724218447247], [77.573843724421, 12.8724380431331], [77.5739266834518, 12.8724654708581], [77.5739976756196, 12.8724823870147], [77.574099885446, 12.8724929044069], [77.5741746736385, 12.8724971303498], [77.574201839597, 12.8725016489847], [77.5743019156209, 12.8725420915576], [77.5743540694201, 12.8725547947301], [77.5744052115794, 12.8725567106675], [77.5745317090931, 12.8725494061888], [77.5746135084108, 12.8725501859883], [77.5747950051012, 12.8725593709007], [77.5748740536605, 12.872566625597], [77.5749509743636, 12.8725788611397], [77.5751186434516, 12.8726286040141], [77.5751601888943, 12.8726373159505], [77.5751909437256, 12.8726406039279], [77.5752292002532, 12.8726388003785], [77.5752647100607, 12.8726329555807], [77.5753611657231, 12.8726059842606]]}}, {"type": "Feature", "properties": {}, "geometry": {"type": "LineString", "coordinates": [[77.5740877671164, 12.8660323258669], [77.574043369627, 12.866019415211], [77.573964000613, 12.8659812703438], [77.573829863536, 12.8659055429978], [77.5737500710918, 12.8658547701217], [77.573711766095, 12.8658353895652], [77.5736873331206, 12.8658264639648], [77.5735821854044, 12.8658011879399], [77.5734674727455, 12.8657877000976], [77.5733612848826, 12.8657845769437], [77.5732883272898, 12.865779344054], [77.573005551868, 12.8657708326152], [77.5729485102409, 12.8657670018308], [77.5728969059408, 12.8657607207905], [77.5728616577743, 12.8657518696593], [77.5728331642197, 12.8657395344462], [77.5728034811886, 12.8657210809687], [77.5727522189458, 12.865683508108], [77.5727163199507, 12.8656630259473], [77.5726875228512, 12.8656516242529], [77.5726503075664, 12.8656432892988], [77.5725973235721, 12.8656423042349], [77.5724328764113, 12.8656565369309], [77.5723331691908, 12.865668125738], [77.5722390493474, 12.8656738287745], [77.5721446697878, 12.8656907281313], [77.5720468527134, 12.8657129500159], [77.5719620746672, 12.8657229981444], [77.5718575468693, 12.8657185092218], [77.5715950518786, 12.8656971190347], [77.5714362287185, 12.8656909166972], [77.5713594100876, 12.8656823413131], [77.5712738523012, 12.8656663936207], [77.5712499977154, 12.8656574729408], [77.5712298923486, 12.865644449927], [77.5711519399455, 12.8655710653868], [77.5711019741399, 12.8655150299705], [77.571038896715, 12.8654232966364], [77.5710232184254, 12.8654077176628], [77.5709627831508, 12.8653600162937], [77.5709391629302, 12.8653367707983], [77.5708414495787, 12.8652075088062], [77.5708101655989, 12.8651791327557], [77.5707280256517, 12.8651134377694], [77.5706532018977, 12.8650411679174], [77.5705879984519, 12.8649721058135], [77.5705258813016, 12.8649173819796], [77.5704843487798, 12.8648901019971], [77.5703663880955, 12.8648268388234], [77.5702499359654, 12.8647376523839], [77.5702105724431, 12.8647128536503], [77.5701684268854, 12.8646959856237], [77.5700596708762, 12.864665628949], [77.5699954392412, 12.8646425005779], [77.5699570555546, 12.864623311689], [77.5698456072763, 12.864557983223], [77.5697851591465, 12.8645280562286], [77.569734421604, 12.8645121956923], [77.5696571231761, 12.8644991523271], [77.569603557364, 12.8644864129256], [77.5694670570279, 12.8644295468067], [77.5693606493515, 12.8643993799998], [77.569295258848, 12.8643837903934], [77.5691872063734, 12.8643649942756], [77.5690557516337, 12.8643338423341], [77.5690083046801, 12.864325169816], [77.5689594452402, 12.8643199388479], [77.5689270501275, 12.8643221319291], [77.5689002515675, 12.8643272009697], [77.5687997526625, 12.8643583378978], [77.5687361419812, 12.8643719494035], [77.5686964088854, 12.864376498311], [77.5685797663083, 12.8643808802879], [77.5685192990783, 12.864390492052], [77.5683999266137, 12.8644187917246], [77.5682429807508, 12.8644634443806], [77.5679254697966, 12.8645073120736], [77.5678836221261, 12.8645463024102], [77.5678216515839, 12.8646106114268], [77.5677623622027, 12.8646688346772], [77.5676659137623, 12.8647510166478], [77.5676203201211, 12.8647865698584], [77.5675757893426, 12.8648189803634], [77.5675296073013, 12.8648499217539], [77.5674779301482, 12.8648818041629], [77.5673423440278, 12.8649578545939], [77.5672803604297, 12.8649903167597], [77.5672115342762, 12.8650241460117], [77.5670270178984, 12.8651085844429]]}}, {"type": "Feature", "properties": {}, "geometry": {"type": "LineString", "coordinates": [[77.6300908559399, 12.8659504652823], [77.6301271483759, 12.8660016626822], [77.6301770281337, 12.8660408681675], [77.6302420071522, 12.8660656101652], [77.6303037569961, 12.8660709240501], [77.6304234440819, 12.8660603046372], [77.6305759070747, 12.866030050161], [77.6310346829892, 12.8658916631689], [77.631134325347, 12.8658523498161], [77.6312092837919, 12.8657982514097], [77.63127924275, 12.8657178830518], [77.6313245804422, 12.8656370337354], [77.6314039843947, 12.8654386927737], [77.6314354409044, 12.8653924183427], [77.6314811357332, 12.8653490843074], [77.6315614338442, 12.8653097545748], [77.6317812965697, 12.8652683946054], [77.631950224121, 12.8652196862612], [77.6320562391323, 12.8651693773017], [77.6321365047098, 12.8651118538546], [77.6322024721436, 12.8650400988376], [77.6323063228204, 12.8648834975759], [77.6323547865709, 12.8648267867512], [77.6324112975614, 12.8647817801535], [77.6325367665574, 12.8647044740264], [77.6326060478445, 12.8646525924221], [77.632807464608, 12.8644564559667], [77.6330818947851, 12.8642396565879], [77.6331385811296, 12.8641731865862], [77.6331719040897, 12.8640978448677], [77.6331828825411, 12.8640210002973], [77.6331773668502, 12.8639427160615], [77.6331489330959, 12.8637540542255], [77.6331473552806, 12.8636280057097], [77.6331581039754, 12.8635780246933], [77.6331735427418, 12.8635421277821], [77.633220668613, 12.8634877520924], [77.6332557524199, 12.8634667999665], [77.6332980059898, 12.8634530546235], [77.6333516625692, 12.8634483237247], [77.6334007440799, 12.8634538518866], [77.6334894890765, 12.863482695284], [77.6337345514476, 12.8635967943205], [77.6337923625659, 12.8636125290982], [77.6338515052941, 12.8636170770472], [77.6339553215582, 12.8635971380092], [77.6342624889146, 12.863485754334], [77.6343435659655, 12.8634369166991], [77.6344154703412, 12.8633642759235], [77.6345592743271, 12.8631255976039], [77.6346962358039, 12.8629741340749], [77.634752946346, 12.8629021130281], [77.6348484247804, 12.8627149957992]]}}, {"type": "Feature", "properties": {}, "geometry": {"type": "LineString", "coordinates": [[77.6300908559399, 12.8659504652823], [77.6298984286123, 12.866371529567], [77.6298863541313, 12.8666154622648], [77.6298885966355, 12.8668305659797], [77.6298908391897, 12.8670456705939], [77.6304628473862, 12.8686318653514], [77.6307328398874, 12.8692377267941]]}}, {"type": "Feature", "properties": {}, "geometry": {"type": "LineString", "coordinates": [[77.545836826102, 12.8675412161498], [77.5458299008862, 12.8673960937555], [77.5458345176298, 12.8673233348096], [77.5458877746972, 12.8670641101776], [77.545958207758, 12.8666027359028], [77.5459946855414, 12.866435164325], [77.5460036696702, 12.866331275407], [77.5459992291736, 12.8662711247615], [77.5459802666201, 12.8662162270331], [77.5459543176276, 12.8661851422085], [77.545886248091, 12.8661375047772], [77.5458644094477, 12.8661151500094], [77.5458513918002, 12.8660850643756], [77.5458530760431, 12.8660492045886], [77.5458694446677, 12.8660042848933], [77.5459042839362, 12.865935500363], [77.5460917618781, 12.8655941906986], [77.5462336424409, 12.8652730630026], [77.546324471641, 12.8651286822448], [77.5464252142999, 12.8650422215642], [77.5467577186345, 12.8643473675717], [77.54739788057, 12.8633317423861]]}}, {"type": "Feature", "properties": {}, "geometry": {"type": "LineString", "coordinates": [[77.5861750975642, 12.867535011958], [77.5861940234068, 12.867532609927], [77.5862509428838, 12.8675349382932], [77.5863001652462, 12.8675291854048], [77.5865999961136, 12.8674759402523], [77.5866672082178, 12.8674584871845], [77.5867446541955, 12.8674338410351], [77.5868282987738, 12.8674041340099], [77.5868856831579, 12.8673800580814], [77.5869632922198, 12.8673336083277], [77.5870467262546, 12.8672651518522], [77.587085280102, 12.8672398433795], [77.5872147784219, 12.8671784333982], [77.587322523034, 12.8671225657584], [77.587472052022, 12.8670587580151], [77.5875848059607, 12.8670056035596], [77.587673137879, 12.8669696776891], [77.5877664676009, 12.866918905825], [77.5878037900792, 12.8669016663468], [77.5878688924067, 12.8668796452508], [77.5879656746371, 12.8668607814181], [77.5880045042415, 12.8668446870543], [77.588106438731, 12.8667765806472], [77.5882742605433, 12.8666818467437], [77.5884769734553, 12.8665474204241], [77.5885360879566, 12.8665185289148], [77.5886596824332, 12.8664676493831], [77.588703698631, 12.8664444432862], [77.5887452791851, 12.8664138710709], [77.588848746558, 12.8663288187582], [77.5889306162207, 12.8662684450367], [77.5890438963929, 12.8661987184198], [77.5891354763207, 12.8661463679702], [77.5891594409096, 12.8661289151876], [77.5891898673339, 12.8661003855836], [77.5942625495523, 12.8613806466369]]}}, {"type": "Feature", "properties": {}, "geometry": {"type": "LineString", "coordinates": [[77.5440750550847, 12.8680374698556], [77.5445582166444, 12.8678960208909], [77.5448440681175, 12.8678207142763], [77.5452308545987, 12.8677301910288], [77.545836826102, 12.8675412161498]]}}, {"type": "Feature", "properties": {}, "geometry": {"type": "LineString", "coordinates": [[77.5964896820081, 12.8686972682879], [77.5966931887334, 12.8686819448333], [77.5969595380551, 12.868632604589], [77.5970155340723, 12.8686333433231], [77.6011017683362, 12.8678182506053]]}}, {"type": "Feature", "properties": {}, "geometry": {"type": "LineString", "coordinates": [[77.6372034579402, 12.868409164259], [77.6378989634284, 12.8686935957527], [77.6380625121215, 12.8688524890259], [77.6381451301391, 12.8691004838516], [77.6383844314416, 12.8699420954324], [77.6387125090572, 12.8704550420694], [77.6389389060526, 12.8705249198426], [77.6392156225933, 12.870836644892], [77.6392396419309, 12.8708684405723], [77.639280928151, 12.8709096592268], [77.6393136897588, 12.8709674284164], [77.639340003637, 12.871059477434], [77.639350919813, 12.8711618051976], [77.6393485673462, 12.8712317619232], [77.63933950897, 12.8712897789793], [77.6392855075351, 12.8714777545744], [77.639261867183, 12.8715951371201], [77.6392569287378, 12.8716537098242], [77.6392577718774, 12.8717108637422], [77.6392796099087, 12.8718994240446], [77.639272033651, 12.8719424512341], [77.6392443047893, 12.8720252463397], [77.639234100269, 12.8720696533192], [77.6392296150721, 12.872173551899]]}}, {"type": "Feature", "properties": {}, "geometry": {"type": "LineString", "coordinates": [[77.5920517458361, 12.8695051754301], [77.5921235253855, 12.8694648141538], [77.5924974369114, 12.8692331023327], [77.5926599216369, 12.8691483815865], [77.5927289530173, 12.8690964435721], [77.5929025910784, 12.8689682435483], [77.5930985678607, 12.869012886439], [77.5934065791321, 12.8691126992373], [77.5934508757679, 12.8691206338795], [77.5934941787901, 12.869120593739], [77.593562020458, 12.8691074502175], [77.5936359691319, 12.869078559787], [77.5936916675652, 12.869048010592], [77.5938257540332, 12.8689593964275], [77.5939067022501, 12.8689229416995], [77.5940868622958, 12.8688734158025], [77.5942328616046, 12.8688264766794], [77.5943973976617, 12.8687955435934], [77.5944978819407, 12.8687873897734], [77.594590728776, 12.8687976604119], [77.5947542182407, 12.8688335477674], [77.5949199666775, 12.8689077591463], [77.5949646357411, 12.8689234350313], [77.5950374537307, 12.8689332434433], [77.5951640913188, 12.868934060781], [77.5952459269314, 12.8689252593045], [77.5954712023794, 12.8688763029117], [77.5956201749917, 12.8688578551901], [77.5957289522029, 12.86883736811], [77.5959299422955, 12.8688432187617], [77.5961180671055, 12.8688347950045], [77.5961641750072, 12.8688228762288], [77.596338617915, 12.8687566322698], [77.5964363850964, 12.868712742012], [77.5964886248131, 12.8686973483288], [77.5964896820081, 12.8686972682879]]}}, {"type": "Feature", "properties": {}, "geometry": {"type": "LineString", "coordinates": [[77.633994903624, 12.869534066202], [77.6339932544316, 12.8693484708831], [77.6339800464508, 12.8691947838178], [77.6339758947512, 12.8690434124016], [77.6339680614406, 12.8690132466421], [77.6339500801999, 12.8689769213316], [77.6338731194285, 12.8688938662574], [77.6338302885675, 12.8688476453862]]}}, {"type": "Feature", "properties": {}, "geometry": {"type": "LineString", "coordinates": [[77.5457258149808, 12.8705601928136], [77.5457300764186, 12.8705004111693], [77.5457553257045, 12.8703762836437], [77.5457594494352, 12.8703094282538], [77.5457389882622, 12.8697698336302], [77.5456532884353, 12.8691443581818], [77.545544798314, 12.8686938028856], [77.5455292612582, 12.8685730377013], [77.5455396802552, 12.8684850341195], [77.545576454203, 12.8683580011252], [77.5456886884222, 12.8680877575927], [77.5457859019954, 12.8678174630193], [77.5458104480173, 12.8677114316586], [77.545836826102, 12.8675412161498]]}}, {"type": "Feature", "properties": {}, "geometry": {"type": "LineString", "coordinates": [[77.6722498634516, 12.8700681416557], [77.6722768424409, 12.8700417621426], [77.6723001686571, 12.8700044274498], [77.6723213528315, 12.86995863359], [77.672359430582, 12.8698597667637], [77.6724144229671, 12.8697377099569], [77.6724837122896, 12.8696225356769], [77.6725321689458, 12.8695244591369], [77.6725574360093, 12.8694781692195], [77.6726216538623, 12.869372054348], [77.6726446376987, 12.8693223178022], [77.6726844428869, 12.8692198261138], [77.6726993306822, 12.8691885371441], [77.6727276681682, 12.8691460435579], [77.6727716168773, 12.8690954336695], [77.6727970808812, 12.8690627820003], [77.6728255680157, 12.869013299171], [77.6728459222022, 12.8689689609948]]}}, {"type": "Feature", "properties": {}, "geometry": {"type": "LineString", "coordinates": [[77.5953002332883, 12.8715464117835], [77.5953061191499, 12.8715048901174], [77.5953283810528, 12.8714142524438], [77.5953457815384, 12.871299512188], [77.5954080989024, 12.8710840153518], [77.5954523064469, 12.8709123720004], [77.5954565662948, 12.8708654105746], [77.5954552201151, 12.8708182661796], [77.5954303130788, 12.8706789947761], [77.5954287288489, 12.8706326080131], [77.5954350779802, 12.8705968231177], [77.5954705125478, 12.8704695343165], [77.5954931458287, 12.870329990698], [77.595512214607, 12.8702670371405], [77.595535406096, 12.8702148388411], [77.595563361852, 12.8701748024223], [77.5955965827251, 12.8701411942113], [77.5957067006933, 12.8700502480783], [77.5957445210102, 12.8700092113804], [77.5957744825459, 12.869964639687], [77.5957939278074, 12.869921811022], [77.5958076738516, 12.8698718013705], [77.5958241196819, 12.869722479707], [77.5958373087705, 12.8696624645642], [77.5959066153607, 12.8694516054098], [77.595962551959, 12.869305198172], [77.5959805657503, 12.8692710034023], [77.5960296955616, 12.8692051988799], [77.59604818424, 12.869173753989], [77.5960961539332, 12.8690424787843], [77.5961187123328, 12.8690004504342], [77.5961463491703, 12.8689720326674], [77.5962717956924, 12.8688716399585], [77.5964896820081, 12.8686972682879]]}}, {"type": "Feature", "properties": {}, "geometry": {"type": "LineString", "coordinates": [[77.5656773648223, 12.8738574376916], [77.5655801294253, 12.8738879919403], [77.5654396117922, 12.8739207986851], [77.5653935326542, 12.8739344260402], [77.5652589885612, 12.8739857872465], [77.5650965037048, 12.8740429367366], [77.5650485411621, 12.874065957675], [77.5649605100683, 12.8741143046477], [77.5649112837697, 12.8741360279256], [77.564700265187, 12.8741972816616], [77.5645626235474, 12.8742479736119], [77.5645303598443, 12.8742571578687], [77.5637791891452, 12.8746439646897], [77.5637035114502, 12.8746892875774], [77.5635196758152, 12.8747804309983], [77.5633486734197, 12.8749020308304], [77.5632836464144, 12.8749429326516], [77.5630832610969, 12.8750345711714], [77.562930780067, 12.8751140969968], [77.5627651143951, 12.8751796198381], [77.562648908976, 12.87524014676], [77.5626036534301, 12.8752586551605], [77.5625655125604, 12.8752674793163], [77.562535542051, 12.8752691015479], [77.5625056107824, 12.8752651625933]]}}, {"type": "Feature", "properties": {}, "geometry": {"type": "LineString", "coordinates": [[77.6310480349911, 12.8741326385554], [77.6337839057427, 12.8740171225809], [77.6338587678646, 12.8740139612703], [77.6339111778506, 12.8740030458671], [77.6339629702859, 12.8739839643804], [77.6340816026064, 12.8739284869905], [77.6341494115618, 12.8739077275636], [77.6342259561898, 12.8739013285627], [77.6343756568943, 12.8739062489037], [77.6344456997866, 12.8738970423777], [77.6344969851295, 12.8738766731117], [77.6346177615937, 12.8738010847315], [77.6346851254004, 12.8737713976065], [77.6347349999659, 12.8737626549716], [77.6348594960217, 12.8737686226875], [77.6349205947878, 12.8737594834341], [77.6349956735595, 12.8737323972463], [77.6351648269251, 12.8736562478888], [77.6352232827702, 12.8736380206245], [77.6353672881172, 12.8736028681079], [77.6355128415546, 12.8735387600061], [77.6355693812439, 12.8735275904456], [77.6356756195416, 12.8735238012502]]}}, {"type": "Feature", "properties": {}, "geometry": {"type": "LineString", "coordinates": [[77.5625056107824, 12.8752651625933], [77.5624768166623, 12.8752535114125], [77.5624571120399, 12.8752373868035], [77.5624383912706, 12.8752112422249], [77.5624113721734, 12.8751405713754], [77.5623945173926, 12.875063177808], [77.5623724475721, 12.8749126486328], [77.5623175394116, 12.874733806433], [77.5623135566043, 12.8746047770208], [77.5623059442741, 12.8745527209132], [77.5622895747287, 12.8745005905622], [77.5622441091921, 12.8743883385636], [77.562231802554, 12.8743456358229], [77.5622247597983, 12.8742868279953], [77.5622251185985, 12.8741357459892], [77.5621872372332, 12.8739496287166], [77.5621823699214, 12.8738238893036]]}}, {"type": "Feature", "properties": {}, "geometry": {"type": "LineString", "coordinates": [[77.5619497225735, 12.8758499170975], [77.5625056107824, 12.8752651625933]]}}, {"type": "Feature", "properties": {}, "geometry": {"type": "LineString", "coordinates": [[77.5619497225735, 12.8758499170975], [77.5621679165548, 12.8766494863427], [77.5621395904212, 12.8768589254409], [77.5617762811921, 12.8770716399696], [77.5613840373115, 12.8774340388528], [77.5606299973578, 12.8781585367788], [77.5601756289236, 12.8784020211862], [77.5591343588974, 12.8789239880435]]}}, {"type": "Feature", "properties": {}, "geometry": {"type": "LineString", "coordinates": [[77.5639157025389, 12.8762959592567], [77.5638615219229, 12.8763611864278], [77.5638051093795, 12.876406884579], [77.56370541614, 12.8764639988178], [77.5636122464309, 12.8765024758427], [77.563554234803, 12.8765162640526], [77.5634161730544, 12.8765376569574], [77.5632545345471, 12.8765877820103], [77.5632031068783, 12.8766002833242], [77.5630011193821, 12.8766200566084], [77.562832970174, 12.8766626660176], [77.5627944527469, 12.8766650856849], [77.5627560431985, 12.8766606352833], [77.5627001950961, 12.8766386061488], [77.5626555392146, 12.8766064300341], [77.562608839194, 12.876557513821], [77.5625254521286, 12.8764457631493], [77.5624924712195, 12.8764087106163], [77.5624661583005, 12.8763856064063], [77.5623787801188, 12.876326016253], [77.5623424773797, 12.8762957287835], [77.5623073821483, 12.8762527819497], [77.5622568606642, 12.8761608323649], [77.562238576544, 12.8761338947888], [77.5622070795695, 12.8761003177539], [77.5621462016774, 12.8760530841482], [77.5621142019236, 12.8760224961472], [77.5620952899399, 12.8759966596931], [77.5620388486184, 12.8759011125539], [77.562007084553, 12.8758748651636], [77.5619497225735, 12.8758499170975]]}}, {"type": "Feature", "properties": {}, "geometry": {"type": "LineString", "coordinates": [[77.5420520719948, 12.8770014909802], [77.5420648084415, 12.8770627330609], [77.5421141903273, 12.8772240296221], [77.5421275797749, 12.8773321185761], [77.5421146345776, 12.8774657613328], [77.5420929149253, 12.8775482460725], [77.5420643083338, 12.8776251979411], [77.542017232069, 12.8777156264254], [77.5419556949667, 12.8778032111112], [77.5418704248293, 12.8778945488126], [77.5417050698266, 12.878039412253], [77.5416623931596, 12.8780926525914], [77.5416284096952, 12.8781520154099], [77.5416059313762, 12.8782075930308], [77.5415873360209, 12.8782780149788], [77.5415059773368, 12.8787599170028], [77.5414721108871, 12.8788567376046], [77.5414192250403, 12.878956549904], [77.541358749985, 12.8790353469778], [77.5412774146177, 12.8791030693495], [77.5412264300446, 12.8791267807498], [77.5411068246616, 12.8791518980654], [77.5400248524386, 12.8802196567411], [77.5396049567855, 12.8806332272987], [77.5391234401163, 12.8809834254294], [77.5391480202641, 12.8823394429407], [77.5391547898554, 12.8825872663907], [77.5390885579338, 12.8829696513745], [77.5387944968175, 12.8830698295592], [77.5386129185748, 12.8831092989624], [77.5381894415552, 12.8831840447608], [77.5378024742585, 12.8832542853782], [77.5373994453216, 12.8834396701559], [77.5368575177733, 12.8838325910994], [77.5360845863203, 12.8843568546182], [77.5358663149498, 12.8845958114087], [77.5359221935704, 12.8848732978243], [77.5356249040914, 12.8854535812622], [77.5356472825798, 12.8857402192759], [77.5357973566221, 12.8866867192562], [77.5361311774388, 12.8866864630694], [77.5361776980951, 12.8872038542421], [77.5362678949917, 12.8881145534305], [77.5363100330013, 12.8885081221199], [77.5360226954439, 12.8890285278738], [77.5357214510045, 12.8894341830969], [77.5354195315691, 12.8898323422028], [77.5351337182441, 12.8902176792065], [77.5348692422748, 12.8905495981105], [77.5345915975966, 12.8909625273481], [77.5344620185655, 12.8910834645731], [77.534112245138, 12.8912589157361], [77.5335283685509, 12.8917138479687], [77.5333133250245, 12.892196392951], [77.533226121679, 12.8923920715943], [77.532972012768, 12.892786594883], [77.5324279750705, 12.8929163961806], [77.5317413456934, 12.8930802184117], [77.5312236461155, 12.8932417772769], [77.5307324936007, 12.8930909144268]]}}, {"type": "Feature", "properties": {}, "geometry": {"type": "LineString", "coordinates": [[77.6629498472319, 12.8767831244234], [77.6628708551822, 12.8766737307], [77.6625988733912, 12.876331428328], [77.6625499444129, 12.8762586035606], [77.6624940980768, 12.8761569793099]]}}, {"type": "Feature", "properties": {}, "geometry": {"type": "LineString", "coordinates": [[77.6629498472319, 12.8767831244234], [77.6630219554405, 12.8767366016539], [77.6630706263771, 12.876715084691], [77.6631376261584, 12.8766967329112], [77.6632996117337, 12.8766659672547], [77.6634103100612, 12.8766344674338], [77.6635064143535, 12.8766012911554], [77.6637276290355, 12.8765162964192], [77.663937167543, 12.8764425175971], [77.6640099711053, 12.8764088464437], [77.6642310988691, 12.8762793392953]]}}, {"type": "Feature", "properties": {}, "geometry": {"type": "LineString", "coordinates": [[77.6101427699883, 12.8781069136216], [77.6101111053662, 12.8780802763474], [77.6100870013172, 12.8780508371535], [77.6100170490371, 12.8779163416185], [77.6100022732991, 12.8778947424449], [77.6099814528852, 12.877872672304], [77.609908016969, 12.8778059180749], [77.6098761622222, 12.8777819007947], [77.6098323154272, 12.8777567337145], [77.609767568142, 12.8777278161047], [77.6097376929764, 12.877710622554], [77.6097151418229, 12.8776917930715], [77.6096548160044, 12.877630905055], [77.6096228541515, 12.877605788425], [77.6088047610555, 12.8776721437632]]}}, {"type": "Feature", "properties": {}, "geometry": {"type": "LineString", "coordinates": [[77.6425465119361, 12.8781627973609], [77.6426496204534, 12.8775402859798], [77.6426804750486, 12.8769870679862], [77.6427624243442, 12.876853692897], [77.6428371959015, 12.8767767963308], [77.6431727169655, 12.8767455117578], [77.643414140267, 12.8767190170494], [77.643638362313, 12.8766581621222], [77.6437500846297, 12.8765781694501], [77.6438935398192, 12.8761368222201], [77.6439487277182, 12.8760008280025], [77.6440320930504, 12.8759302965755], [77.6440907785799, 12.8758765168541], [77.6442244718137, 12.8758991325668], [77.6443137088042, 12.8758999425717], [77.6444028150478, 12.8759007538662], [77.6444412512434, 12.8758025917981], [77.6444673842607, 12.875579946119], [77.6444912884424, 12.8754269494384], [77.6444892806752, 12.8754268233604], [77.6445089544383, 12.8751662808398], [77.6445109726667, 12.8750237136589], [77.6445083985488, 12.8749499367098], [77.6445106943563, 12.8747916067871], [77.644546526545, 12.8738916682896], [77.6445560919663, 12.8738304056243], [77.6445793512861, 12.8737301392154]]}}, {"type": "Feature", "properties": {}, "geometry": {"type": "LineString", "coordinates": [[77.6425465119361, 12.8781627973609], [77.6427414731894, 12.8782271172479], [77.6427917669652, 12.8782671066964], [77.6428271282103, 12.8782882563134], [77.6428643239551, 12.8783030165742], [77.6429104570561, 12.8783132852133], [77.6431023622951, 12.8783299311862], [77.6432556442731, 12.8783137974047], [77.6433110579388, 12.8783154242369], [77.6433824566203, 12.8783309683843], [77.6435587835681, 12.8783910860649], [77.6436727171312, 12.8784071835822], [77.6437882890397, 12.8784032865527], [77.6438454537707, 12.8783924168202], [77.643889394437, 12.8783778465471], [77.6439403706335, 12.8783502422327], [77.6439901970951, 12.8783106495614], [77.6440447488186, 12.8782549592339], [77.6440854559187, 12.8781991747233], [77.6441030991898, 12.8781623453262], [77.644117520425, 12.8781122548288], [77.6441432923794, 12.8779029289845], [77.644154607739, 12.8778496844384], [77.6441725292533, 12.8777990924374], [77.6442022860732, 12.8777430616583], [77.6442688982258, 12.8776424061999], [77.6444186756049, 12.8774314992321], [77.6444758490753, 12.8773618970215], [77.6445339249361, 12.877307303928], [77.6445784110191, 12.8772778652207], [77.6446900753877, 12.8772209719493], [77.6447639935564, 12.877175393814], [77.6448089535399, 12.8771398748792], [77.6448768464366, 12.8770718013163], [77.6449075132242, 12.8770485423251], [77.6450204780167, 12.8769953750093], [77.6450945032553, 12.876947377302], [77.6451305349516, 12.8769308134498], [77.645171347342, 12.8769216914456], [77.6452687950398, 12.8769135918348], [77.6454271055654, 12.8768931863519], [77.6454706334268, 12.8768817846791], [77.645602230429, 12.87683412218], [77.6457269019621, 12.8768240968392], [77.6457728308028, 12.8768148435542], [77.6458268233615, 12.8767929731234], [77.6459183178333, 12.8767367990534], [77.6459613293741, 12.8767172700633], [77.6460024332301, 12.876708027553], [77.6460908212113, 12.8766997843132], [77.6461344110508, 12.876689908671], [77.6461778223745, 12.8766718002811], [77.6462746000136, 12.8766168239386], [77.6463220935576, 12.8765961113138], [77.6465917394534, 12.876518732408], [77.646769184442, 12.8764812734371], [77.6468600144344, 12.8764562100626], [77.6469289136141, 12.8764321290005], [77.6470406862578, 12.8763768788941]]}}, {"type": "Feature", "properties": {}, "geometry": {"type": "LineString", "coordinates": [[77.6609997712875, 12.8786303647855], [77.6615925460374, 12.87754382241], [77.6616299561478, 12.8774752502277], [77.6616655881316, 12.877431350688], [77.6617060964428, 12.8774002451529], [77.6618133878079, 12.8773395656377], [77.6619261091646, 12.8772219594333], [77.6619768011319, 12.8771953522398], [77.6621137333863, 12.8771563283252], [77.6621890271698, 12.8771222058786], [77.6622677799335, 12.8770680768882], [77.6624007402732, 12.876959717898], [77.6624577584566, 12.8769226021578], [77.6625161458733, 12.8768971687424], [77.6625725744061, 12.8768809445684], [77.6628066567307, 12.8768381897973], [77.6629498472319, 12.8767831244234]]}}, {"type": "Feature", "properties": {}, "geometry": {"type": "LineString", "coordinates": [[77.6347801609429, 12.8794727538495], [77.6347070626479, 12.8794690591298], [77.634490403558, 12.8794253332895], [77.634301372641, 12.8794028783961], [77.6339825246285, 12.8793536269163], [77.6338953733067, 12.8793305279806], [77.6337627026623, 12.8792728136803], [77.6337022761946, 12.8792561907198], [77.6335171382972, 12.8792495636268], [77.6334554768098, 12.8792406763153], [77.6334129053312, 12.8792261737834], [77.6333759419506, 12.8792053487562], [77.6328383854263, 12.8791074178714]]}}, {"type": "Feature", "properties": {}, "geometry": {"type": "LineString", "coordinates": [[77.5944250157035, 12.880190158861], [77.5944097265723, 12.8801736039666], [77.5943319816339, 12.8800487023109], [77.5942355091347, 12.8798482923913], [77.5941633815644, 12.8795675521552], [77.5940371476845, 12.8793105482708], [77.5939620515894, 12.8790755089125], [77.5938360945539, 12.8788340783088], [77.5936627559684, 12.8784419497233], [77.5933642430112, 12.8778761401737], [77.5932906155925, 12.8777033482721], [77.5932241787781, 12.877520309669], [77.5930789680878, 12.8772200346542], [77.5929679007184, 12.8769149819045], [77.5929185081187, 12.8767094431196], [77.5927859613475, 12.8762740186337], [77.5927031775498, 12.8760697499168], [77.5926145497575, 12.8758795820877], [77.592580881238, 12.8757858744114], [77.5925392289668, 12.8757205451469]]}}, {"type": "Feature", "properties": {}, "geometry": {"type": "LineString", "coordinates": [[77.5905817567352, 12.8805823656008], [77.5906772232204, 12.8804409790476], [77.5907534630852, 12.880351918569], [77.5908035481404, 12.8803047366676], [77.591037873799, 12.8801428138542], [77.5911235455647, 12.8800954604027], [77.5912213470751, 12.8800483934252], [77.5912905447028, 12.8800217418221], [77.5913492405385, 12.8800050940614], [77.5915015234442, 12.8799818092897], [77.5917307402023, 12.8799740645533], [77.5919385502795, 12.8799907338329], [77.5944250157035, 12.880190158861]]}}, {"type": "Feature", "properties": {}, "geometry": {"type": "LineString", "coordinates": [[77.6488842586402, 12.8805048617666], [77.6487691838314, 12.8805239424075], [77.6486083087907, 12.8805396776252], [77.6483978052867, 12.8805374916929], [77.6483608084494, 12.8805459125882], [77.6482739855451, 12.8805777984469], [77.6482211116876, 12.8805886610317], [77.6479404122146, 12.8806013375515], [77.6475932746712, 12.8806482480893], [77.647518730448, 12.8806722989806], [77.6473849050769, 12.8807332364159], [77.6473237464266, 12.8807547912976], [77.6472679356176, 12.8807669382328], [77.6470786261828, 12.8807934802407], [77.6469866012677, 12.8808176589699], [77.6468883748268, 12.880862288422], [77.6467641722611, 12.8809502692948], [77.6467081721201, 12.8809800796118], [77.6466455353952, 12.8809981278255], [77.6465385808671, 12.8810131820932], [77.6464911970606, 12.8810254758604], [77.6463447380982, 12.8810940207589], [77.6462157625474, 12.8811348313721], [77.6461517305453, 12.8811648799717], [77.6455673482102, 12.8816220829358], [77.6454592294218, 12.881766591328], [77.6453021361163, 12.8818876922964], [77.6450722101455, 12.882033430588], [77.6446716297382, 12.8821689436072], [77.6444909708685, 12.882219178762], [77.6443666171864, 12.8822143081373], [77.6438726228391, 12.8821949576201], [77.6438116543389, 12.8822978020691], [77.6433545068124, 12.8830689375891], [77.6429325691361, 12.8837806777439], [77.641953841857, 12.8853207998375]]}}, {"type": "Feature", "properties": {}, "geometry": {"type": "LineString", "coordinates": [[77.5617949795717, 12.8820163039568], [77.5631190732846, 12.8812682689895], [77.563271310259, 12.8811822634003], [77.5633283418555, 12.8811592079359], [77.5634226334239, 12.8811383326661], [77.5636287977101, 12.8811178227589], [77.5637236849659, 12.8810996564493], [77.5638098591959, 12.8810699443023], [77.5639943484484, 12.8809874360002], [77.5640956162156, 12.8809544996684], [77.5642309699556, 12.8809303841903], [77.5645997462751, 12.8808948662081], [77.5647162835725, 12.8808627061185], [77.5650621027334, 12.8807049504238], [77.5651433129127, 12.8806576754095], [77.5651943479079, 12.8806137759298], [77.5652240203878, 12.880576490377], [77.5652524197307, 12.8804799974083], [77.5652696227641, 12.8804478897867], [77.565311609272, 12.8804120555888], [77.5653592603297, 12.8803908073264], [77.5654277570799, 12.8803843675576], [77.5656079740632, 12.8804080438424], [77.5658507764025, 12.8804083431024], [77.5661152861581, 12.880447031412], [77.5662157769352, 12.8804437498299], [77.5664761862022, 12.8804111147391], [77.5668266585369, 12.8804335610767], [77.5669484811589, 12.8804184109535], [77.5672148539182, 12.8803433047857], [77.567485966982, 12.8803297324159], [77.567730769296, 12.8802564888203], [77.5679762214286, 12.8802105221333], [77.5681572263297, 12.880153041348], [77.568214854018, 12.8801243153199], [77.5684262850603, 12.8799880065751], [77.5687123542964, 12.8798636716316], [77.568835573257, 12.8798009047982], [77.5689899148605, 12.8796935912027], [77.5692925012789, 12.8794252029641], [77.5695067088344, 12.8792687942264], [77.5696366146491, 12.8791536450721], [77.569762729631, 12.8790082926148], [77.5699828755599, 12.878690722048], [77.5701846920058, 12.878432571775], [77.5702715627503, 12.8782868762068], [77.5705034728669, 12.877774487226], [77.5706632255735, 12.8774639526934], [77.5707813343171, 12.8771613373769], [77.5709004135641, 12.8769564247898], [77.5709855172626, 12.8768290540936], [77.5710200604576, 12.8767367613205]]}}, {"type": "Feature", "properties": {}, "geometry": {"type": "LineString", "coordinates": [[77.5976850381033, 12.8837390123485], [77.5954081132068, 12.881471130869], [77.5952937156328, 12.8813664009539], [77.5950681688963, 12.8810320534316], [77.5948882215549, 12.8807457656065], [77.5947040573027, 12.8805372106429], [77.5945566041742, 12.8803326570945], [77.5944250157035, 12.880190158861]]}}, {"type": "Feature", "properties": {}, "geometry": {"type": "LineString", "coordinates": [[77.5976850381033, 12.8837390123485], [77.5981722838652, 12.883734176107], [77.6003046066378, 12.8841277264199], [77.6006121636385, 12.8841820378894], [77.6013394677331, 12.8843682590957], [77.6016387950101, 12.8844239782028], [77.6020958613084, 12.8844788189491], [77.6021964363092, 12.8844768776197], [77.602723483803, 12.8844667023464], [77.6032332168548, 12.8844212402707], [77.6035117384188, 12.8843561735647], [77.6037422513567, 12.8842627926798], [77.6042365745646, 12.8841051844256], [77.6047568150084, 12.8838750102815], [77.6052187180791, 12.8836724990328], [77.6054563718011, 12.8835722664265], [77.6060415893284, 12.8834439105559], [77.6080783768502, 12.8832361036986], [77.6082765121631, 12.8832158873077], [77.609733986834, 12.8830280078241], [77.6100138172319, 12.8830323764475], [77.6100678535572, 12.8831436812643], [77.6101063366054, 12.8835141660615], [77.6101227978468, 12.8842385087548], [77.6101426456535, 12.8843490179303], [77.6101717454224, 12.8843919839081], [77.6102463192607, 12.8844504003236], [77.6103159425914, 12.8844680301902], [77.6104640472567, 12.8844782479003], [77.6107177410614, 12.8844299930562], [77.611273116278, 12.884285861203], [77.611438179569, 12.8841867443167], [77.611474722119, 12.8841863797042], [77.6114990435904, 12.8842332435849], [77.6115149523249, 12.8842705400802], [77.6115770220588, 12.884380485898], [77.6115987116695, 12.8844189045775], [77.6116406289621, 12.884438577643], [77.6116862540913, 12.8844682399462], [77.6117201120403, 12.8844908491553], [77.6117540285565, 12.8845191954463], [77.6117924793733, 12.8845618365959], [77.6118822036486, 12.8849210584353], [77.611950024575, 12.8849974367556], [77.6119797299639, 12.8850425574158], [77.6120230326908, 12.8851066634129], [77.612066484159, 12.8851851107345], [77.6121015456155, 12.8852767875628], [77.6121047131544, 12.8853472711993], [77.6121089501587, 12.8854034013407], [77.6121339192171, 12.8854617150202], [77.6121784145457, 12.885523418596], [77.6122670239707, 12.8856026898473]]}}, {"type": "Feature", "properties": {}, "geometry": {"type": "LineString", "coordinates": [[77.6583531217878, 12.8832454917997], [77.6580770841187, 12.8829328974125], [77.6580106110024, 12.88287683004], [77.6579655160423, 12.8828525502303], [77.6578924745787, 12.8828374933152], [77.6578194000827, 12.8828469739034], [77.657724017939, 12.8828818875904], [77.6575979687059, 12.8829460638201]]}}, {"type": "Feature", "properties": {}, "geometry": {"type": "LineString", "coordinates": [[77.6583042524124, 12.8835577190073], [77.6583867703414, 12.8834503468467], [77.6583987668854, 12.8834285290065], [77.6584061730868, 12.8834054017898], [77.6584057111073, 12.8833700872547], [77.6583976145747, 12.8833421939798], [77.6583531217878, 12.8832454917997]]}}, {"type": "Feature", "properties": {}, "geometry": {"type": "LineString", "coordinates": [[77.6648010709326, 12.8842548560103], [77.6667063146299, 12.8839465290505], [77.6667392403769, 12.883941201425], [77.6668241969383, 12.8839132159569], [77.6669704368541, 12.8838815462099], [77.6670186978593, 12.8838628971584], [77.6670627945468, 12.8838395197234], [77.6671410947791, 12.883782089093], [77.6672658596465, 12.8836671583383], [77.6673535437557, 12.883596234736], [77.6676260921328, 12.8834356300168], [77.6676666769176, 12.8834052337143], [77.6677649426642, 12.8833195916134], [77.6678063693184, 12.8832922645686], [77.6678421459275, 12.883274601771], [77.6678753727348, 12.88326728259], [77.6679166542511, 12.8832705973285], [77.6679712422041, 12.8832854410099], [77.6680241430616, 12.883308095431], [77.6680995046352, 12.8833573543029], [77.6681343205716, 12.8833858356319], [77.6681544838787, 12.8834115745714], [77.6681837086382, 12.8834617084495]]}}, {"type": "Feature", "properties": {}, "geometry": {"type": "LineString", "coordinates": [[77.6629014089026, 12.8843595684186], [77.6628255454189, 12.8843377066524], [77.6627775153539, 12.8843145760764], [77.6617065435424, 12.8835555073221], [77.6616269056428, 12.8835038163734], [77.6615577966216, 12.8834672134373], [77.661230674988, 12.8833348641459], [77.6610429958159, 12.883278308164], [77.6606252821589, 12.8831360554372], [77.6602874239522, 12.8830417692167], [77.6601185020936, 12.8830077765916], [77.6599359628267, 12.882997134103], [77.6598202697235, 12.8830020697309], [77.6595105039722, 12.8830350077795], [77.6593188914276, 12.8830323635788], [77.6592034758333, 12.8830406540453], [77.6588866374397, 12.8830902170817], [77.6587288864364, 12.8831070345536], [77.658661320445, 12.8831205391739], [77.6585397025969, 12.8831628266743], [77.6583531217878, 12.8832454917997]]}}, {"type": "Feature", "properties": {}, "geometry": {"type": "LineString", "coordinates": [[77.6629014089026, 12.8843595684186], [77.662539207655, 12.8845789281016], [77.6623502965534, 12.8845313764086], [77.661770013187, 12.8844265117497], [77.6613542369995, 12.8843190758531], [77.6610795824003, 12.8842848926262], [77.6607067164134, 12.884273709763], [77.6604299888591, 12.8842901668931], [77.6602546715927, 12.8843194510627], [77.6598934249571, 12.8844137505557], [77.6595707778923, 12.884466317015], [77.6594809032651, 12.8845186950137], [77.6593966013466, 12.8845403586894], [77.6593487480355, 12.8845357877287], [77.6592722554387, 12.88453710521]]}}, {"type": "Feature", "properties": {}, "geometry": {"type": "LineString", "coordinates": [[77.6386318329323, 12.8847277378609], [77.6385693016826, 12.8845729997612], [77.6385509581119, 12.8843874760131], [77.6387281951736, 12.8843472905686], [77.6385453342334, 12.8840681445574], [77.6384932537297, 12.883914880199], [77.638417055729, 12.883750650321], [77.6383637696122, 12.8834733724179], [77.6382801383546, 12.8830381824035], [77.6382732154401, 12.8828863210719], [77.6383076093372, 12.8828317607183], [77.6384830881399, 12.8828869447353], [77.6386146152725, 12.8828880598956], [77.6387186389511, 12.8826294859423], [77.6388683669048, 12.8824231760677], [77.6390115072018, 12.8822259449865], [77.639218965979, 12.881855714591], [77.6393390866983, 12.881624291074], [77.6395337932846, 12.881392013404], [77.6398294856613, 12.8807720479517], [77.6402594436037, 12.8801837741936], [77.6404285701219, 12.8798542654359], [77.6412024517462, 12.8801041974284], [77.6418357327965, 12.8803765897053], [77.6420545497438, 12.8804046239867], [77.6420636723732, 12.8803387538482], [77.6420915203667, 12.8801376649838], [77.6420418240593, 12.8788252158322], [77.6420885416277, 12.878633522637], [77.6421593691244, 12.8784176828661], [77.6422915999053, 12.8782490300255], [77.6425465119361, 12.8781627973609]]}}, {"type": "Feature", "properties": {}, "geometry": {"type": "LineString", "coordinates": [[77.6316870554202, 12.8849739183571], [77.6323404504001, 12.8852238979482], [77.6336311449222, 12.8853909347773], [77.6347974294305, 12.885606078434], [77.6356551191111, 12.8856099033994], [77.6380715021828, 12.8846462932651], [77.6386318329323, 12.8847277378609]]}}, {"type": "Feature", "properties": {}, "geometry": {"type": "LineString", "coordinates": [[77.6652822010664, 12.884684002672], [77.6629014089026, 12.8843595684186]]}}, {"type": "Feature", "properties": {}, "geometry": {"type": "LineString", "coordinates": [[77.641953841857, 12.8853207998375], [77.6417479486866, 12.8856447907133], [77.6416200520982, 12.8858460467043]]}}, {"type": "Feature", "properties": {}, "geometry": {"type": "LineString", "coordinates": [[77.6416200520982, 12.8858460467043], [77.6413800253704, 12.8858070780428], [77.6412055763561, 12.8857653251895], [77.6410221780605, 12.885691820977], [77.6408742100693, 12.8856563964184], [77.6408145975674, 12.8856384437706], [77.6407452341951, 12.8856042423162], [77.6406265713433, 12.8855016190205], [77.6405502794193, 12.8854533499634], [77.6403681370072, 12.8853800611035], [77.6402318527749, 12.885311059579], [77.6400791714353, 12.8852423579926], [77.6399332274175, 12.8851893266374], [77.6397980256525, 12.8851227242224], [77.6388038655435, 12.884869419743], [77.6386318329323, 12.8847277378609]]}}, {"type": "Feature", "properties": {}, "geometry": {"type": "LineString", "coordinates": [[77.6417994085918, 12.8858613918748], [77.6417747044246, 12.8858535277538], [77.6417133349802, 12.8858577988462], [77.6416775576432, 12.8858553829294], [77.6416200520982, 12.8858460467043]]}}, {"type": "Feature", "properties": {}, "geometry": {"type": "LineString", "coordinates": [[77.5935395611931, 12.8870217106826], [77.5935391482066, 12.8868530100422], [77.5936002150055, 12.8853744694321], [77.5936159831539, 12.8852539027037], [77.5936417151025, 12.8851412850744], [77.5936695864166, 12.8850669629336], [77.5937145150815, 12.8849961216437], [77.5937837558936, 12.8849254649221], [77.5938647194203, 12.8848762688565], [77.5939308570554, 12.8848599197118], [77.5940881185719, 12.8848540579347], [77.594162757136, 12.8848395298294], [77.5942786489065, 12.8847906406284], [77.5944357419888, 12.8847015545856], [77.5945830300419, 12.8845882071411], [77.595232776629, 12.884019006705], [77.5952911220078, 12.8839739283888], [77.5953369780598, 12.8839467761678], [77.5953887751822, 12.8839290601698], [77.5954516460065, 12.883920481048], [77.5960333154488, 12.8838864085579], [77.5961869880998, 12.8838831135674], [77.5972713726215, 12.8837909247495], [77.5976850381033, 12.8837390123485]]}}, {"type": "Feature", "properties": {}, "geometry": {"type": "LineString", "coordinates": [[77.6586176079886, 12.8870732683939], [77.6586968780637, 12.8870370037335], [77.6587949482727, 12.8869687502584], [77.6588365279772, 12.8869487746424], [77.6588681259021, 12.8869424206867], [77.6588988309193, 12.8869449056024], [77.6589248404325, 12.8869554025747], [77.658948737657, 12.8869753307903], [77.6589648896024, 12.8870023164486], [77.6589761449678, 12.8870385032732], [77.659010437425, 12.8872526456094], [77.6590483906003, 12.8874080317397], [77.6590884207861, 12.8875466278956], [77.6591360378965, 12.887685226431], [77.6591592114187, 12.8877340191672], [77.6591888669971, 12.8877769895785], [77.6592977535604, 12.8878834928357], [77.6593484861031, 12.8879418678269], [77.6593860236497, 12.8879964724372], [77.6594245852272, 12.8880681706372], [77.6594694378584, 12.8881633058393], [77.6595289096775, 12.888315095287], [77.6595539291294, 12.8883975812429], [77.6596054329096, 12.8886037683542], [77.6596213754311, 12.8886501402418], [77.6596383744583, 12.8886830254238], [77.6596737598363, 12.888721468394], [77.6597076134336, 12.8887411272516], [77.6599425017469, 12.8888129759162], [77.6600214778827, 12.8888488499581], [77.6600906405688, 12.8888907400889], [77.6601592263312, 12.8889490579955], [77.6602433980572, 12.8890372390549], [77.6603012508853, 12.8891127664233], [77.6603463724511, 12.8891910304307], [77.6604023657148, 12.8893195942635], [77.6604228896316, 12.88942452999], [77.660426183094, 12.889513823372], [77.6604203735701, 12.8897294525604], [77.6604258725488, 12.889881412855], [77.660464617222, 12.890504156831], [77.6604880203709, 12.8907470813241], [77.6605009315731, 12.8908208812066], [77.660517929943, 12.8908589906224], [77.6605451866499, 12.8908881243585], [77.6605838016595, 12.8909064093259], [77.6606831864198, 12.8909278912402], [77.6607187250695, 12.8909425360751], [77.6607607577784, 12.8909759316756], [77.6607979800256, 12.891030072084], [77.6609557744091, 12.89135219242], [77.661008122782, 12.8915485169693], [77.6610442907838, 12.8917276717466], [77.6611043334473, 12.8919082576134], [77.6617065632907, 12.892024020744], [77.6619487763799, 12.8920780596452], [77.6620504451219, 12.8922513033321], [77.6622212721235, 12.892328644261], [77.6623303826841, 12.8923590937958], [77.6628752595526, 12.8925545786087]]}}, {"type": "Feature", "properties": {}, "geometry": {"type": "LineString", "coordinates": [[77.6441810557755, 12.8872963399732], [77.6441021464105, 12.8873354978153], [77.6440432765514, 12.8873550000865], [77.6439861779383, 12.8873620906106], [77.6439186225544, 12.8873552776513], [77.6438350667921, 12.8873301679316], [77.6437381319695, 12.8872850591274], [77.643661488934, 12.8872368634009], [77.643586028537, 12.8871737765839], [77.6435261985463, 12.8871047933887], [77.6434739476186, 12.8870289183037], [77.6434418068891, 12.8869676622481], [77.6434219616587, 12.8869082730854], [77.6434079674223, 12.8868409769146], [77.6433983852548, 12.8867456296442], [77.6433981410215, 12.8866732276364], [77.6434084498778, 12.8865184529553], [77.6433975842671, 12.8863787279243], [77.6433818397241, 12.8863100437223], [77.6433052449267, 12.8860448570287], [77.643281762092, 12.8859836751761], [77.6432534829939, 12.8859367487487], [77.6432049394162, 12.8858796161311], [77.6431509398555, 12.8858347707434], [77.6429523569106, 12.8857310388696], [77.6427997689585, 12.8856688489766], [77.6425854457912, 12.8856149324408], [77.6424222032211, 12.8855389112047], [77.641953841857, 12.8853207998375]]}}, {"type": "Feature", "properties": {}, "geometry": {"type": "LineString", "coordinates": [[77.6232459537837, 12.8886860206523], [77.6235174751343, 12.8886767619606], [77.6238347320661, 12.8886183274188], [77.6240688428832, 12.8885990034128], [77.6245383374468, 12.8886157153136], [77.6252137726823, 12.8886666016694], [77.6253394939353, 12.888643304905], [77.6257204072547, 12.8884982555694], [77.6258600652835, 12.8884672354196], [77.6261123273207, 12.8884588295774], [77.6263293017676, 12.8884736649051], [77.6265756675718, 12.8885063311802], [77.6267340896996, 12.8884974438666], [77.6286902952969, 12.8883876952795]]}}, {"type": "Feature", "properties": {}, "geometry": {"type": "LineString", "coordinates": [[77.6583062643261, 12.8892230164155], [77.6582879952414, 12.8891267752279], [77.6582630678059, 12.8890465249675], [77.6582192518206, 12.8889512624369], [77.6581597813836, 12.8888483192581], [77.6580030546031, 12.8885962881229], [77.6579179722094, 12.8884762769781], [77.6578555211016, 12.888404379408], [77.6577530512794, 12.8883189949746], [77.6577316650063, 12.8882907660288], [77.6577138599211, 12.8882568662123]]}}, {"type": "Feature", "properties": {}, "geometry": {"type": "LineString", "coordinates": [[77.657104745156, 12.8894374701764], [77.6575353495899, 12.8893999508253], [77.657665549129, 12.8893820888365], [77.6579037648205, 12.8893321474261], [77.6583062643261, 12.8892230164155]]}}, {"type": "Feature", "properties": {}, "geometry": {"type": "LineString", "coordinates": [[77.5754059488317, 12.8916242063192], [77.5752278708664, 12.8898501164129], [77.5753242816612, 12.8890747424128], [77.5754745335349, 12.8885186915779], [77.5756803257323, 12.8876752509807], [77.5759089313897, 12.8871566774024], [77.5760991416927, 12.8866958508938], [77.5763667262123, 12.8861768925875], [77.5770812447466, 12.885332746223]]}}, {"type": "Feature", "properties": {}, "geometry": {"type": "LineString", "coordinates": [[77.5754059488317, 12.8916242063192], [77.5754340319478, 12.8919039834495], [77.5753771862201, 12.8919608461943], [77.5753400141334, 12.8919876525643], [77.5752818090826, 12.8920099436591], [77.5752126331758, 12.8920212546889], [77.5748508486928, 12.8920491207355], [77.5748028000574, 12.8920676003815], [77.5747738556496, 12.8921000183467], [77.5747657348118, 12.8921409704316], [77.5747722066465, 12.8921951409294], [77.5749620157616, 12.8930327099658], [77.5749661417005, 12.8930919719009], [77.5749604525698, 12.8931450315964], [77.5749445377718, 12.8931938833985], [77.5749213095434, 12.8932323434223], [77.5748939794569, 12.8932608932107], [77.5748586645996, 12.8932848146188], [77.5747750117184, 12.893312270949], [77.5746275673372, 12.8933307993774], [77.5743200771092, 12.8933556623597], [77.5742748695461, 12.8933644470611], [77.5741639362433, 12.8935704146399], [77.5738617470375, 12.894246145948], [77.5738717933594, 12.8947864116983], [77.5747619497588, 12.8951655953973], [77.5748178381604, 12.8951944940634], [77.5748702805934, 12.8952236759955], [77.5749196364302, 12.8952533418375], [77.5749661280759, 12.895283626726], [77.5750099938392, 12.8953146900342], [77.5750512931434, 12.8953465790612], [77.5750901290513, 12.8953793759111], [77.5751265777089, 12.8954131421733], [77.5751750193506, 12.8954648819444], [77.5752712035476, 12.8955816662295], [77.5753149167313, 12.8956304801721], [77.5754098998474, 12.8957245535134], [77.5755087792486, 12.8958135634402], [77.57561062172, 12.8958966698959], [77.5757145719525, 12.8959731766105], [77.5757825097577, 12.8960185102651], [77.5758545566407, 12.896062660558], [77.5759309322555, 12.89610576355], [77.5760119830208, 12.8961480136801], [77.576097707373, 12.8961894380628], [77.5761892540932, 12.8962306135223], [77.576287622451, 12.8962719954844], [77.5763951793341, 12.8963145824239], [77.5764651851408, 12.8963402463462], [77.5765441928419, 12.8963666978998], [77.5768172630852, 12.8964504547628], [77.5770516217969, 12.8965228515729], [77.5772866161779, 12.8965932823003], [77.5772924838756, 12.8966556438122], [77.5773055303826, 12.8967197270133], [77.577325880363, 12.8967861938047], [77.5773539274432, 12.896856340368], [77.577380989515, 12.8969135745931], [77.5774140389355, 12.8969763276963], [77.577552396257, 12.8972145063483], [77.5776061413663, 12.8973153264305], [77.5777602403246, 12.8976297110734], [77.5778520287352, 12.897811455618], [77.5779414982719, 12.897979525773], [77.5780264964188, 12.8981285925418], [77.5781155475569, 12.8982725193298], [77.5782048601258, 12.898404020162], [77.5782500392345, 12.8984657409907], [77.5782956916955, 12.8985249419375], [77.5783419108694, 12.8985817467579], [77.578388773236, 12.8986362495595], [77.578448081631, 12.8987004112502], [77.5785171088719, 12.8987696195046], [77.5787515256386, 12.898988874733], [77.5788348320943, 12.899069751914], [77.579068777815, 12.8993077769276], [77.5792531421262, 12.8995033788086], [77.5793497474674, 12.8996126581689], [77.5794910925515, 12.8997808923521], [77.5796061582322, 12.8999159337543], [77.5796995946844, 12.9000185424169], [77.5797608893207, 12.9000815376103], [77.579830740316, 12.9001505348772], [77.5801177778641, 12.9004249459136], [77.5805453554317, 12.9008461933517], [77.5806269951461, 12.9009286753539], [77.5808037338114, 12.9011138736901], [77.5808789780635, 12.9011892968468], [77.5809735074903, 12.9012765282472], [77.5810185324646, 12.9013143970826], [77.5810628611421, 12.9013491170422], [77.5811834227372, 12.9014356838522], [77.5812412121045, 12.9014738223087], [77.5812977609126, 12.9015088136455], [77.5813681721224, 12.9015490381644], [77.5814437971653, 12.9015886663935], [77.581525386078, 12.9016280947614], [77.5816146076454, 12.9016681334349], [77.5817532696862, 12.9017267745039], [77.5818033095589, 12.9017449165707], [77.5818491783926, 12.9017589240941], [77.5818946433385, 12.9017700996791], [77.5819423312271, 12.9017793687093], [77.581992408173, 12.9017867647773], [77.5820451425793, 12.9017923276925], [77.5821004581714, 12.9017960735655], [77.5821593597087, 12.9017980927523], [77.5822927540609, 12.9017970713507], [77.5823798086968, 12.9017943990344], [77.5824331910298, 12.9017878104417], [77.5824605676154, 12.9017813992566], [77.5824901221243, 12.9017724649098], [77.5825646831671, 12.9017441370331], [77.5826447706608, 12.9017087094646], [77.5826765719929, 12.9016918549758], [77.5827048307627, 12.9016745837622], [77.5827490515492, 12.9016419001509], [77.5828097757861, 12.9015879670434], [77.5828642565935, 12.9015334659141], [77.5829058579194, 12.9014841648865], [77.5829239241825, 12.9014571721028], [77.5829594391629, 12.9013954239049], [77.5829755597868, 12.9013718716938], [77.583015820475, 12.9013196404773], [77.5830306923826, 12.9013048875171], [77.583045426541, 12.9012940297688], [77.583066901675, 12.9012835869468], [77.583092821562, 12.9012757716921], [77.5831233035053, 12.9012705277339], [77.5831594405431, 12.9012676635803], [77.5831860647314, 12.9012685270844], [77.5832472807808, 12.9012758706692], [77.5833043841081, 12.9012766886392], [77.5834416968181, 12.9012702091114], [77.5834780853912, 12.9012712136924], [77.5835106761387, 12.9012746544501], [77.5835781107824, 12.9012863389863], [77.5836249380514, 12.9012999663096], [77.583646683869, 12.9013093369402], [77.5836699127706, 12.9013215225014], [77.5837305860635, 12.9013597700664], [77.5837641841057, 12.9013830946996], [77.5838010731193, 12.9014111235622], [77.5838694338283, 12.9014656239722], [77.5838902205642, 12.9014857153049], [77.5839068862966, 12.9015053802891], [77.5839364791419, 12.9015486058229], [77.5839454014299, 12.9015662847805], [77.5839511582796, 12.9015826940666], [77.5839540997881, 12.9016031370579], [77.5839528186226, 12.9016268841306], [77.5839342191942, 12.9017119710536], [77.5839170744273, 12.9017981819387], [77.58391034376, 12.9018488016506], [77.5839087067931, 12.901884353042], [77.5839095818001, 12.9019345723317], [77.5839126161375, 12.9019497066648], [77.5839178592878, 12.9019618296633], [77.5839261243649, 12.9019728160693], [77.5839377838428, 12.9019836921278], [77.5839527502522, 12.9019943701655], [77.5839707452585, 12.9020046505613], [77.5839869322395, 12.9020111453245], [77.5840063740731, 12.9020155101114], [77.5840761870497, 12.9020213907258], [77.5841765536313, 12.9020263991929], [77.5842079270016, 12.9020293938324], [77.584251745313, 12.902036619134], [77.5842958080709, 12.902046213554], [77.5843685366067, 12.9020675864457], [77.5844453154373, 12.9020972020512], [77.5845132738175, 12.9021282880168], [77.5845712461667, 12.9021592640051], [77.5846217550627, 12.9021914846404], [77.5846654330379, 12.9022253827469], [77.5847033868219, 12.9022620992769], [77.5847625075763, 12.902328291873], [77.5848193795015, 12.9024026494343], [77.5848350306309, 12.9024189228985], [77.5848508032116, 12.9024312416869], [77.5848782507204, 12.902445627742], [77.5849299885346, 12.9024653288609], [77.5849912772659, 12.9024859916405], [77.5850612221456, 12.9025028149845], [77.5851321454942, 12.9025151981397], [77.5853200433269, 12.9025423845706], [77.5853748287751, 12.9025529631849], [77.5854233447135, 12.9025649156013], [77.585524536174, 12.902593534989], [77.5855904095611, 12.9026158218278], [77.585679761441, 12.9026518879058], [77.5857119446511, 12.9026677195023], [77.5857400005373, 12.9026840346116], [77.5857611612028, 12.9026992669417], [77.5858121564779, 12.9027429435763], [77.5858369518496, 12.9027611041402], [77.5858636920216, 12.9027766426391], [77.5858945801351, 12.9027918211824], [77.5859865429685, 12.9028293176563], [77.5860737564812, 12.9028625137111], [77.5861062006113, 12.9028727259583], [77.5861360491338, 12.9028803041442], [77.5861766252511, 12.9028867543889], [77.5862853908338, 12.9028968393406], [77.5863787254798, 12.9029129728101], [77.586452374621, 12.9029305179804], [77.5865139266314, 12.9029445247955], [77.5865368855988, 12.9029511231143], [77.5865589529689, 12.9029608444236], [77.586575499555, 12.9029730135858], [77.5865834503192, 12.9029823478821], [77.5865906905095, 12.9029944076711], [77.5866105828256, 12.9030415855798], [77.5866198151694, 12.903058942417], [77.5866496774405, 12.9031045725323], [77.5866611961809, 12.9031177780039], [77.5866728265671, 12.9031276007815], [77.5866878832766, 12.903135759838], [77.5867068220089, 12.9031417908102], [77.5867783085678, 12.9031529518614], [77.5868515379706, 12.9031652267535], [77.5869261548764, 12.9031734359483], [77.5870015194083, 12.9031775080825], [77.5870769506131, 12.9031774074343], [77.5871475913693, 12.9031742056827], [77.5871998278227, 12.9031682246018], [77.5872339428526, 12.903161358633], [77.5872711903767, 12.9031513032155], [77.5873751772839, 12.9031157334245], [77.5874534117519, 12.9030870669682], [77.5875066280002, 12.9030634436376], [77.5875674479447, 12.9030298279314], [77.5876204337322, 12.9029940103861], [77.5876648142366, 12.9029582003301], [77.5876991216174, 12.9029247395676], [77.587728651501, 12.9028894370023], [77.5877514688378, 12.9028555912903], [77.5877642869343, 12.9028285002363], [77.587784315767, 12.9027684389284], [77.5877948279369, 12.9027434197117], [77.5878148655222, 12.9026979958946], [77.5878241589157, 12.9026801927957], [77.5878352723623, 12.9026654587405], [77.5878470927354, 12.9026570453982], [77.5878612216666, 12.9026542466811], [77.5878794051174, 12.9026565999052], [77.587952574545, 12.902682395116], [77.5880404993543, 12.9027078273789], [77.5880935566721, 12.9027180909419], [77.5881459413883, 12.9027245648883], [77.5881727002232, 12.9027242755331], [77.5882268063261, 12.902717158196], [77.5882482903317, 12.902715740266], [77.5882693927356, 12.9027176914356], [77.5882864196823, 12.9027239128771], [77.5882993213825, 12.9027328773632], [77.5883124954063, 12.9027457528638], [77.5883482112924, 12.9027925317702], [77.588361043726, 12.9028119479583], [77.588387148123, 12.9028584995067], [77.5884013054553, 12.9028784184368], [77.5884306722223, 12.9029114013962], [77.5884426452043, 12.9029219362177], [77.5884542339001, 12.902929851248], [77.5884720578775, 12.9029376322529], [77.588493979832, 12.9029425259267], [77.5885174028694, 12.9029447287369], [77.5885684559225, 12.9029465476903], [77.5886650348015, 12.9029460989296], [77.588730048033, 12.9029500201259], [77.5887910870762, 12.902956865358], [77.5888484460487, 12.9029666669495], [77.5889022578344, 12.9029794506897], [77.5889715760142, 12.9030015778057], [77.589042985391, 12.9030304771659], [77.5890873860799, 12.9030521237942], [77.5891574158896, 12.9030902374342], [77.5892212132175, 12.9031252661044], [77.5892630656148, 12.9031500385526], [77.5893122324639, 12.903184141552], [77.5894133310638, 12.9032646204803], [77.5894590540883, 12.9032977863626], [77.5895327886043, 12.903345791997], [77.5895882143637, 12.9033775761229], [77.5896155141926, 12.9033901128259], [77.5896839838581, 12.9034169351811], [77.5897172625706, 12.9034343987247], [77.5897568766154, 12.90346412785], [77.589811303337, 12.9035143511164], [77.5898367758099, 12.9035406409161], [77.5898911430634, 12.9036027946906], [77.5899172166866, 12.9036287026908], [77.5899515523273, 12.9036580260368], [77.589986717461, 12.9036850852642], [77.5900223574919, 12.9037096092408], [77.5900581941527, 12.9037314055807], [77.5900885507801, 12.9037470830086], [77.5901237669348, 12.9037622813323], [77.5902575941518, 12.9038108683613], [77.5903721596039, 12.9038572069285], [77.5904335245645, 12.9038789561755], [77.5904958569894, 12.9038969944198], [77.5905598996753, 12.9039124445031], [77.590625225175, 12.9039252049589], [77.5906913471532, 12.9039351794219], [77.5907511415528, 12.9039413354092], [77.5908159930335, 12.9039450019623], [77.5908873947571, 12.9039462979848], [77.5909723602123, 12.9039453572176], [77.5910268759774, 12.9039429556819], [77.5911713169005, 12.9039329482392], [77.5912806045247, 12.903930389392], [77.5915510207096, 12.903932938177], [77.5916746986309, 12.9039306059816], [77.5917395876559, 12.9039259431168], [77.5919206299238, 12.9039071938066], [77.5919761617268, 12.9039048199437], [77.5920257845418, 12.9039060036942], [77.5920697813729, 12.903910860605], [77.5921185392823, 12.9039203419754], [77.5922696633848, 12.9039614475091], [77.5923192259516, 12.9039733158763], [77.5923616934258, 12.903980796134], [77.5924007832128, 12.9039846473436], [77.5924908076646, 12.9039881143737], [77.5925235663406, 12.9039870025308], [77.5925529683002, 12.9039839391245], [77.5925822877756, 12.9039786811753], [77.5926132066465, 12.9039711614068], [77.5926815748518, 12.9039488873819], [77.5927188758511, 12.9039325192463], [77.592790860854, 12.9038941000899], [77.592821719696, 12.9038793298911], [77.5928679325726, 12.9038607168171], [77.5929198400268, 12.9038424068097], [77.5930671683798, 12.9037977968834], [77.5931968337602, 12.9037643479534], [77.5932425441323, 12.9037510429947], [77.5932880212058, 12.9037350300266], [77.5933378466046, 12.9037147819488], [77.593495292601, 12.9036426926996], [77.59355104974, 12.9036186003179], [77.5936730098011, 12.903576620578], [77.5937022010621, 12.9035634035887], [77.5937263136199, 12.9035488782247], [77.59376009355, 12.9035207974907], [77.5937933295619, 12.9034841792349], [77.5938265618072, 12.9034387127352], [77.5938659583704, 12.9033759637093], [77.5938805435403, 12.9033495442559], [77.5938937695696, 12.9033209095075], [77.5939057815669, 12.9032897526619], [77.5939168244318, 12.9032554415919], [77.5939333946405, 12.9031911086068], [77.5939648141509, 12.9030456882813], [77.5939811314555, 12.9029849634305], [77.5940137585283, 12.9028602840112], [77.5940253914843, 12.9028281850273], [77.5940387746142, 12.9028009454355], [77.5940431130354, 12.9027934300384], [77.5940632047091, 12.9027609598124], [77.5940819834657, 12.9027351320481], [77.5941008932224, 12.9027139701466], [77.5941202185552, 12.902697206576], [77.5941427294621, 12.9026825001382], [77.59416841366, 12.9026695528198], [77.5941963998931, 12.9026588069173], [77.5942253553763, 12.9026507806801], [77.5942438838242, 12.9026478331654], [77.594265040165, 12.9026468037667], [77.5943541274253, 12.9026501801585], [77.5944565211187, 12.9026441551635], [77.5946466773686, 12.9026258476274], [77.5947782603603, 12.9026124181805], [77.5951452884175, 12.9025694134022], [77.5952585891563, 12.902559414], [77.5953604398351, 12.9025536126838], [77.5954616294788, 12.9025515807105], [77.595669553491, 12.9025526699026], [77.5957584600491, 12.9025517535729], [77.5959310928162, 12.9025469728592], [77.5960539101645, 12.9025409603339], [77.5973861788795, 12.9032737320926]]}}, {"type": "Feature", "properties": {}, "geometry": {"type": "LineString", "coordinates": [[77.5739122090551, 12.8921212521749], [77.5738702312106, 12.8919877925794], [77.5738600363936, 12.8919273245513], [77.5738600243045, 12.8918867777348], [77.5738700602494, 12.8918497350194], [77.5738846198328, 12.8918266639516], [77.5739095670568, 12.8918053653376], [77.5739432818273, 12.8917896929808], [77.5740329857481, 12.8917715173353], [77.5754059488317, 12.8916242063192]]}}, {"type": "Feature", "properties": {}, "geometry": {"type": "LineString", "coordinates": [[77.6043736101447, 12.8919055730311], [77.6041945833708, 12.891966399235], [77.6039911769815, 12.8920033084291], [77.6038506257815, 12.8920109547898], [77.6037828404484, 12.8920039313835], [77.6037108950001, 12.8919876069677], [77.6035871551221, 12.8919443535701], [77.6034922475765, 12.8918890703213], [77.6033165532218, 12.8917507668967], [77.6031083276776, 12.8915522768844]]}}, {"type": "Feature", "properties": {}, "geometry": {"type": "LineString", "coordinates": [[77.5141068625839, 12.8928099985788], [77.5137905113488, 12.892661145948], [77.5136277259588, 12.8926437658744], [77.5135403062704, 12.892601844605], [77.5134926144407, 12.8925330322535], [77.5134792311962, 12.8924587873169], [77.5134909520026, 12.8923773117608], [77.5136089012801, 12.8921437907208], [77.513646346802, 12.8920302741508], [77.5136467822236, 12.891915412841], [77.5136042380073, 12.8918293756726], [77.5135573236076, 12.89179054088], [77.513489104443, 12.891760715293], [77.5132193431527, 12.8917017152082], [77.5128684943228, 12.8916012600563], [77.5126648220991, 12.8914919839931], [77.512448356953, 12.8913452282008], [77.5123151405665, 12.8912304766954], [77.5122066451874, 12.8911108970693], [77.5121494222972, 12.8910210522477], [77.5120379435541, 12.8907972897464], [77.5119684905612, 12.8907098454157], [77.5118721807576, 12.890653046051], [77.5116000537092, 12.8905640165905], [77.5115042727347, 12.8905077793814], [77.511443252421, 12.8904469457732], [77.5114104204299, 12.8903838755606], [77.5113981817476, 12.8903150692567], [77.5114076061545, 12.8902301499315], [77.511434928547, 12.890148484842], [77.5115066438376, 12.8900134824137], [77.511676680453, 12.8897566814393], [77.5119643283265, 12.8893465346181], [77.5120458799187, 12.8892448722999], [77.5123051440005, 12.889002268399], [77.512540081073, 12.8887098454095], [77.5128305985889, 12.8884723556742], [77.5130702003403, 12.8881758977787], [77.5131533273204, 12.8881111963926], [77.5133609263576, 12.8879898666692], [77.5134345170241, 12.8879260139383], [77.5135024049908, 12.8878249542045], [77.5136642043265, 12.8874716529998], [77.5137571862756, 12.8873445222913], [77.5138511915647, 12.8872668740447], [77.5141147759667, 12.887098473606], [77.5141767953393, 12.8870338645592], [77.5142821814394, 12.8868959859008], [77.5143665017466, 12.8868154707411], [77.5144460354273, 12.8867645212913], [77.5146406952799, 12.8866688279197], [77.514741797842, 12.8865843703036], [77.5148112610119, 12.8864878632848], [77.5149643124579, 12.886213402092], [77.5152626144119, 12.8858043199217], [77.5153675927721, 12.885685569094], [77.5154452896486, 12.8856263304036], [77.5155280653447, 12.8855921671195], [77.5156251602166, 12.8855774249183], [77.515913444848, 12.8855648761821], [77.5159986949259, 12.8855456444353], [77.5160725871098, 12.8855117498056], [77.5161503128048, 12.885448229934], [77.516228767692, 12.8853439457345], [77.5162732820954, 12.8852468055685], [77.5163489887098, 12.885008094136], [77.516384635559, 12.8849259043298], [77.5164580457599, 12.8848176029046], [77.5165504672545, 12.8847279871405], [77.5167715817463, 12.8845755864283], [77.5169463992456, 12.8844881796385], [77.5173321912433, 12.8843758529422], [77.5174184482427, 12.8843586494054], [77.5174825212424, 12.884358330385]]}}, {"type": "Feature", "properties": {}, "geometry": {"type": "LineString", "coordinates": [[77.5154611967188, 12.8931258536799], [77.5160507643441, 12.8930500093426]]}}, {"type": "Feature", "properties": {}, "geometry": {"type": "LineString", "coordinates": [[77.6089661257417, 12.892313673628], [77.6088868030722, 12.8923104345874], [77.6088043746056, 12.8922835945865], [77.6085087156646, 12.8920901212575], [77.6084478659016, 12.8920589453927], [77.6083832292254, 12.8920353933735], [77.6082439932803, 12.8920110963306], [77.6079560620879, 12.8919994029641], [77.6078922848277, 12.891988936561], [77.6078420913152, 12.8919716773405], [77.6077999696818, 12.8919470614105], [77.6077642374222, 12.8919135742335], [77.6077350274247, 12.8918683975912], [77.6076779657596, 12.8917439903976], [77.6076174415677, 12.8916811060728], [77.6075482319439, 12.8916421787452], [77.6074249377632, 12.8915913791691], [77.6073218840248, 12.8915558815577], [77.6072502612596, 12.8915417186366], [77.6071659793908, 12.8915421801191], [77.6068649312761, 12.8915737025983], [77.6064479822328, 12.8915680659856], [77.6059636045675, 12.8916010716634], [77.6058547381509, 12.8915922572763], [77.6056190017414, 12.8915364488841], [77.6055490625422, 12.8915331568674], [77.6054667863914, 12.8915395911894], [77.6053142576857, 12.891565937562], [77.6051899351626, 12.8916039544461], [77.6045697609768, 12.8918697684292], [77.6045116837376, 12.8918996811439]]}}, {"type": "Feature", "properties": {}, "geometry": {"type": "LineString", "coordinates": [[77.6553855908585, 12.892279398293], [77.6559379712058, 12.892313092428], [77.656046048886, 12.8923196838196], [77.6562882943079, 12.8923200524079], [77.656682782655, 12.8923311797052], [77.6571373998108, 12.8923660557084], [77.6576169733333, 12.8924110573671], [77.6580787247934, 12.8924205938807], [77.6584093260188, 12.8924419970551]]}}, {"type": "Feature", "properties": {}, "geometry": {"type": "LineString", "coordinates": [[77.609338049039, 12.8928724568773], [77.6093008635783, 12.8927942204552], [77.6092497905693, 12.8927104318572], [77.6089661257417, 12.892313673628]]}}, {"type": "Feature", "properties": {}, "geometry": {"type": "LineString", "coordinates": [[77.6584093260188, 12.8924419970551], [77.6585785691654, 12.8906873887736], [77.6585465274494, 12.8905971660232], [77.658530604064, 12.8904575488422], [77.6584896882321, 12.8899333619814], [77.6584558748759, 12.8896862262799], [77.6584283180626, 12.8895702842615], [77.6583516165458, 12.8893717615832], [77.6583062643261, 12.8892230164155]]}}, {"type": "Feature", "properties": {}, "geometry": {"type": "LineString", "coordinates": [[77.6584093260188, 12.8924419970551], [77.6586357368026, 12.8924566553071], [77.6587940553399, 12.8924606796368], [77.6588614690592, 12.8924534555856], [77.6588824001332, 12.8924457708223], [77.6589049290996, 12.8924300837879], [77.6589322430714, 12.8923936666514], [77.658983858831, 12.8922775875871], [77.6590115043483, 12.8922313245709], [77.6590473036289, 12.8921959160871], [77.6591014454484, 12.8921712224181], [77.6591461853736, 12.8921625801093], [77.6592391367163, 12.8921566149676], [77.6596945200199, 12.8921417991549], [77.660144429627, 12.8921348363364]]}}, {"type": "Feature", "properties": {}, "geometry": {"type": "LineString", "coordinates": [[77.4906418643732, 12.8941335420332], [77.4902340521934, 12.8936932882245], [77.490122203395, 12.8935993702849], [77.4899883027157, 12.8935159648739], [77.4897827137488, 12.8934378216292], [77.4889007455636, 12.8932106306339], [77.4886891347728, 12.8931713348466], [77.4885273017218, 12.8931678925834], [77.4882220420634, 12.893238423973], [77.4878841423864, 12.8932522605519], [77.4873832178674, 12.8933588722747], [77.4871783173156, 12.8933741193884], [77.487055832564, 12.8933638492343], [77.4869155004401, 12.8933357065746], [77.4868145440074, 12.8932991898338], [77.48653773644, 12.893166024195], [77.4862294189256, 12.893104864578], [77.4851988465478, 12.8926541072919], [77.484941124612, 12.8924653127651], [77.4846098347186, 12.8922294057133], [77.4839750410617, 12.8921039546792], [77.4831703980022, 12.8920518303691], [77.4828414671681, 12.8920549515863], [77.4825240116454, 12.8919862492041], [77.4823519226287, 12.8918324966011], [77.48099746065, 12.8899900719781]]}}, {"type": "Feature", "properties": {}, "geometry": {"type": "LineString", "coordinates": [[77.4906418643732, 12.8941335420332], [77.4907866912038, 12.8940585363069], [77.4908693879971, 12.8940261758153], [77.4909618829923, 12.8940056292737], [77.4910657536726, 12.8940015337905], [77.4912632563306, 12.8940287826003], [77.4916564295674, 12.8941345168465], [77.4917971334478, 12.8941632242576], [77.4918953018549, 12.8941708018199], [77.4921340101102, 12.8941619563056], [77.4922933960365, 12.8941665696893], [77.4927313157118, 12.8942350435994], [77.4928758679516, 12.8942332918612], [77.4932055041028, 12.894187800894], [77.4933812707026, 12.894180724246], [77.4935289751842, 12.8941938318296], [77.4938589366628, 12.8942533483706], [77.4940249106828, 12.8942620964408], [77.4941786098783, 12.8942504853798], [77.4945408076737, 12.8941934806317], [77.4946924338223, 12.89418625658], [77.4948965517525, 12.8942086581156], [77.4952778925595, 12.8943063453503], [77.4954995114234, 12.8943378981398], [77.4957428798284, 12.8943357982813], [77.4960635433735, 12.8942890657553], [77.4961621074157, 12.8942832416918], [77.4963000320455, 12.8942937557998], [77.49664900223, 12.8943443178701], [77.4968657107209, 12.8943522220264], [77.4971609076121, 12.8943238383511], [77.4978978904091, 12.8941791464187], [77.498009422541, 12.894143444662], [77.4981170892083, 12.8940954831465], [77.4982156603853, 12.8940383439789], [77.4982976876758, 12.8939768968023], [77.4983671202605, 12.893911702026], [77.498434906455, 12.8938303033342], [77.4985027592596, 12.8937246278592], [77.498556699941, 12.8936172954362], [77.4986167250456, 12.8934316094058], [77.4987075017435, 12.8930103808774], [77.4987795080599, 12.8928330037257], [77.4988731477894, 12.8926924570703], [77.4991528960864, 12.89237892558], [77.4992738718708, 12.8922126164106], [77.4993835047869, 12.8920033439643], [77.4994237497683, 12.8918898575909], [77.4994479540151, 12.8917886828686], [77.4994680364153, 12.8916094363977], [77.499459585142, 12.8914588179719], [77.4994203928726, 12.8913030767663], [77.4993520788262, 12.8911517798022], [77.4992750917079, 12.8910370842065], [77.4990196773159, 12.8907701872706], [77.4988377411951, 12.8905305551194], [77.4987588742933, 12.8904556167844], [77.4985949404346, 12.8903285421297], [77.4985306088868, 12.8902630419858], [77.4984899944377, 12.8902021418267], [77.4984626540225, 12.8901376445531], [77.4984470817822, 12.8900656433604], [77.4984441352249, 12.8899919034291], [77.4984714578952, 12.8898446584143], [77.4986069824137, 12.8894735797306], [77.4986501309248, 12.8892024465567], [77.4986726604365, 12.8891150301079], [77.4987199751246, 12.8890161491736], [77.4988673628983, 12.8887872737771], [77.4989320612043, 12.8886451244473], [77.4989650515666, 12.8885230754253], [77.4990011875522, 12.8882379245849], [77.4990237867623, 12.8881477093323], [77.4990716972051, 12.888043832665], [77.4992031732912, 12.8878227862173], [77.4992542776298, 12.8877055614487], [77.4992847595565, 12.8875758530241], [77.4993206189047, 12.8872690732625], [77.4993517353211, 12.8871591327753], [77.4994111365421, 12.8870491687953], [77.4995526015944, 12.8868577402857], [77.4996056876985, 12.8867484211693], [77.4996423553894, 12.8866105447554], [77.4996813281562, 12.8863063698925], [77.4997493891065, 12.886154592343]]}}, {"type": "Feature", "properties": {}, "geometry": {"type": "LineString", "coordinates": [[77.4911373578521, 12.8944134271637], [77.4910899488138, 12.8944118684081], [77.4908638531666, 12.8943734570673], [77.4907750108487, 12.8943433924336], [77.4907266962773, 12.8943080249581], [77.4906893931712, 12.8942635582242], [77.4906671726818, 12.8942218562398], [77.4906418643732, 12.8941335420332]]}}, {"type": "Feature", "properties": {}, "geometry": {"type": "LineString", "coordinates": [[77.5488890417368, 12.894236456422], [77.5488895440749, 12.8942956142281], [77.5488878563219, 12.8943233861179], [77.5488887374272, 12.894349009823], [77.5488830297938, 12.8944201665751], [77.5488821343013, 12.8944495091026], [77.5488834096194, 12.8944860509908], [77.5488888086833, 12.8945404856274], [77.5488983075574, 12.8945950790706], [77.5489092989954, 12.8946419134384], [77.5489582269733, 12.8948005255573]]}}, {"type": "Feature", "properties": {}, "geometry": {"type": "LineString", "coordinates": [[77.5302800341502, 12.8946507993729], [77.5304180992908, 12.8944958034066], [77.5305009920161, 12.894428321902], [77.5305873068573, 12.8943055911096], [77.5306372846552, 12.8941806794317], [77.5306547468637, 12.8940688295529], [77.5306667324307, 12.8938426810555], [77.530655571717, 12.8933459131817], [77.5306699655518, 12.8930491208928]]}}, {"type": "Feature", "properties": {}, "geometry": {"type": "LineString", "coordinates": [[77.5198841979508, 12.8947635504413], [77.5196562750292, 12.894519709781], [77.5195299728614, 12.8943845867677], [77.5194908424354, 12.8943237976685], [77.5193958971463, 12.894071979015], [77.5192936748117, 12.8938634251813], [77.5192241487554, 12.8936827749686], [77.5191523258508, 12.8935301838444], [77.5191323726816, 12.8933042793176]]}}, {"type": "Feature", "properties": {}, "geometry": {"type": "LineString", "coordinates": [[77.5489582269733, 12.8948005255573], [77.5488888780671, 12.8947632404141], [77.5488434006812, 12.8947355676985], [77.5488222151804, 12.8947202778793], [77.5488051686847, 12.8947091994421], [77.5487636937723, 12.8946741632874], [77.5487382595657, 12.8946454640308], [77.5487293022629, 12.8946333472734], [77.5486929858513, 12.894574235808], [77.5486865694172, 12.8945619352773], [77.5486629675663, 12.8945274720959], [77.5486477830186, 12.8945033655586], [77.5486383687847, 12.8944918703178]]}}, {"type": "Feature", "properties": {}, "geometry": {"type": "LineString", "coordinates": [[77.5489582269733, 12.8948005255573], [77.5489629459683, 12.8948354546175], [77.5489903507544, 12.8949407875693], [77.5490283997098, 12.8950435602405], [77.5490520681375, 12.8951348743424], [77.5490617218977, 12.8951933864049], [77.5490633942998, 12.8952774974199], [77.5490753380023, 12.8954077098603], [77.5490784311676, 12.8955449887568], [77.5490906884512, 12.8956488719848], [77.5490928818988, 12.8956924031756], [77.5490921107818, 12.8957882153248], [77.5490952908028, 12.895960069986], [77.549088861634, 12.8959908008692], [77.5490801319756, 12.8960673636092], [77.5490539767987, 12.8962095524488], [77.5490470641375, 12.8963533986045], [77.5490402023336, 12.8964124294149], [77.5490251975534, 12.8965035639206], [77.5490127310062, 12.8965540637093], [77.5490002221369, 12.8966224805814], [77.548990187556, 12.896660497843], [77.5489819919525, 12.8966835872492], [77.5489687958136, 12.8967110638508], [77.5489168919653, 12.8967891749595], [77.5488975080656, 12.8968250291993], [77.5488868297182, 12.8968534985626], [77.5488671906142, 12.8969283525783], [77.5488429479027, 12.8969925914486], [77.5488060308569, 12.8970572673604], [77.5487829137414, 12.8971057053487], [77.5487432009576, 12.8971667738554], [77.5487146568997, 12.8971877749168], [77.5486749554392, 12.8973179830047], [77.548712968688, 12.8974624718415], [77.5486634196156, 12.8981759247553], [77.5480564011045, 12.8988702855578], [77.5478159012036, 12.8991833853534], [77.5478269537241, 12.899312360703], [77.547939645202, 12.9003343672262], [77.5479470359294, 12.9005828998585], [77.5479437118938, 12.9007359201561], [77.5479840034257, 12.9008646095804], [77.5481352795516, 12.9012212228983], [77.5482095381256, 12.9013352404058], [77.5483277969932, 12.9014631696997], [77.5486426799413, 12.9015975336274], [77.5491056539156, 12.9017567800824], [77.5493407196791, 12.9018692280705], [77.5497669958029, 12.9020945519841], [77.5502527661785, 12.9024196905554], [77.5507104826583, 12.9029831064299]]}}, {"type": "Feature", "properties": {}, "geometry": {"type": "LineString", "coordinates": [[77.612826510912, 12.8955018560609], [77.6117474093283, 12.8943209972306], [77.6114345441082, 12.8939786261956], [77.6112128038495, 12.8937681054247], [77.6108401707017, 12.8933488132431], [77.6107614055715, 12.8932738036405], [77.6106941311896, 12.8932222109097], [77.6104830539448, 12.8930906834271], [77.6101588945602, 12.8929414052672], [77.6099677737659, 12.8928346741936], [77.6098602714483, 12.8927519276329], [77.6096691478044, 12.8925576630816], [77.6095051743145, 12.8924524188024], [77.6094063313868, 12.8924064446153], [77.6093161968244, 12.8923789842192], [77.6089661257417, 12.892313673628]]}}, {"type": "Feature", "properties": {}, "geometry": {"type": "LineString", "coordinates": [[77.5690627301205, 12.8965506823995], [77.5690550989027, 12.8965312535835], [77.5690315722007, 12.8964872750454], [77.5690210270979, 12.8964585493907], [77.5690164827531, 12.896431531038], [77.5690117897658, 12.8963762378083], [77.5690032989263, 12.8963260954435], [77.5689706869143, 12.8962252478198], [77.5689621675532, 12.896172219192]]}}, {"type": "Feature", "properties": {}, "geometry": {"type": "LineString", "coordinates": [[77.6108035208817, 12.8983190562872], [77.6108801009658, 12.8983283223501], [77.6109195413277, 12.8983295031808], [77.6111945802082, 12.8983076625829], [77.6114024799453, 12.8982996958724], [77.6114771935621, 12.8983013545671], [77.6115954265916, 12.8983111475611], [77.6123815550336, 12.8983762540167]]}}, {"type": "Feature", "properties": {}, "geometry": {"type": "LineString", "coordinates": [[77.6777327223388, 12.8990559721725], [77.6777351398414, 12.8990948416956], [77.6777541656369, 12.8991917994223], [77.6777821399641, 12.8992868018068], [77.6778190885978, 12.8994335764211], [77.6778412973229, 12.8994888600563], [77.6778749342975, 12.8995563587155], [77.6779032068904, 12.8996039303742], [77.6779436932755, 12.8996628544033], [77.6780614024414, 12.8998166728328], [77.6781600870048, 12.8999537620972], [77.6781988612017, 12.8999987210365], [77.6782321818746, 12.9000307813212], [77.6782839945614, 12.9000715658296], [77.6783436744144, 12.9001085532029], [77.678402865952, 12.9001375578478], [77.6784841869013, 12.900171386554], [77.6785461046153, 12.9002039704368], [77.6797068046368, 12.90126658684], [77.6800838342504, 12.9018937346963], [77.6805570937066, 12.9024051661743], [77.6808531114429, 12.902746317595], [77.6814414416368, 12.9032098851857], [77.6828277162208, 12.9032098907064], [77.6838602774137, 12.9032098906515], [77.6842502804557, 12.903209889238], [77.6845237518918, 12.9032098881396], [77.6847974276929, 12.9032098855581], [77.6851100631843, 12.90342103563], [77.6851902572081, 12.9046506972411], [77.6852512152591, 12.9055853746747], [77.6852909817412, 12.9061951113678], [77.6856105597504, 12.9065812877486], [77.6863919787533, 12.9068705665669], [77.6867245187945, 12.9069198305672], [77.6870055498809, 12.9069614654289], [77.6872316044204, 12.9071073640304], [77.6874273611933, 12.9077188103635], [77.687441046561, 12.9079241056074], [77.6874726593107, 12.9083982908114], [77.6874844089656, 12.9085745388941], [77.6877036677843, 12.9090982065836], [77.6881377216917, 12.9092387271489], [77.6887364905945, 12.9093013076617], [77.6889549225909, 12.9093013079492], [77.6898932865409, 12.9093013048253], [77.6899090418522, 12.909758350642], [77.6899285606596, 12.9100867794152]]}}, {"type": "Feature", "properties": {}, "geometry": {"type": "LineString", "coordinates": [[77.6247381516129, 12.9002031998442], [77.624695392428, 12.9001629256172], [77.6246467519804, 12.9001313597589], [77.6243662162453, 12.9000122145583], [77.6243214751246, 12.8999860453548]]}}, {"type": "Feature", "properties": {}, "geometry": {"type": "LineString", "coordinates": [[77.5526395312247, 12.9028784101217], [77.5532193189351, 12.9034708437427], [77.5535895783082, 12.9036820903349], [77.5538520785815, 12.9037341354535], [77.5541387245663, 12.9043271166551], [77.5543638442792, 12.9049003210112], [77.5544233466097, 12.9051067709034], [77.5542673156616, 12.9061027938827], [77.5547463233226, 12.9068987708494], [77.5551577975696, 12.907105103708], [77.5557448989155, 12.9073288425637], [77.5565464156728, 12.9075504812184], [77.5567237912428, 12.9077399797501], [77.556921436548, 12.9080057722839], [77.5571179145577, 12.9081568354313], [77.5574305714375, 12.9082302687457], [77.5581289343701, 12.9081047309451], [77.5581700339478, 12.9081867956021], [77.558241685278, 12.9082941859853], [77.5583840745364, 12.9084591876615], [77.5585111355991, 12.9085523813576], [77.5590655716636, 12.9088863916616], [77.5593076756664, 12.9090590096765], [77.5594305440653, 12.9091830527834], [77.559652671974, 12.9094903325951], [77.5599560484016, 12.9097622351488], [77.5600310625789, 12.9098131861385], [77.560112576057, 12.9098509163231], [77.5601944425346, 12.9098726626182], [77.5604037266759, 12.9099028434301], [77.5604746117207, 12.9099328627239], [77.5605327700529, 12.9099740497204], [77.56063075962, 12.9100761035732], [77.5614975777515, 12.9110994131569], [77.5615869695787, 12.9111912369138], [77.5616651515504, 12.9112368321465], [77.5617751537361, 12.9112618001202], [77.5620117556313, 12.9112863648269], [77.5621966815516, 12.9112794130867]]}}, {"type": "Feature", "properties": {}, "geometry": {"type": "LineString", "coordinates": [[77.5593934982711, 12.9031367312383], [77.5593718581439, 12.9030873874038], [77.5593475224272, 12.9030318957085], [77.5593328000195, 12.9029840308562], [77.5593087092159, 12.9028262469089], [77.5593116431178, 12.9027977953009], [77.5593245019906, 12.9027656950086], [77.5593438878458, 12.9027431083967], [77.5593687442342, 12.9027258618805], [77.5594094179305, 12.902707320317], [77.5595570510682, 12.9026538705889], [77.5598788509511, 12.9025440657294], [77.5600540228217, 12.9025136282325], [77.5601586826561, 12.9024902352963], [77.5602354765685, 12.9024771319263], [77.5603716638217, 12.9024377315813], [77.5605098314578, 12.9024256911343], [77.5607474753727, 12.9023942184151], [77.5609146980958, 12.9023539210951], [77.5610730071879, 12.9023310357572], [77.5611140250612, 12.9023200895891], [77.5611547882798, 12.9023047559993], [77.5612202292436, 12.9022713842539], [77.5614296959647, 12.9021453978655], [77.5614884555485, 12.9021068993551], [77.5615835444317, 12.9020365764263], [77.5616527416941, 12.9019789505529], [77.5617529794208, 12.9018797630898], [77.5618733441793, 12.9017979804462], [77.561909363813, 12.9017696671739], [77.5619482310175, 12.9017323076589], [77.5620117730404, 12.9016582779231], [77.5620642465621, 12.9016027501883], [77.5620943585582, 12.901575016096], [77.5621374421792, 12.9015424803645]]}}, {"type": "Feature", "properties": {}, "geometry": {"type": "LineString", "coordinates": [[77.5650748364333, 12.9046577046585], [77.5650816793306, 12.9046029015457], [77.5650895418283, 12.9045636387304], [77.5651034336307, 12.9045229037318], [77.5651217948544, 12.9044864994059], [77.565143942593, 12.9044541993627], [77.5651777382827, 12.9044167075651], [77.5652151456023, 12.904382427341], [77.5652520279037, 12.9043550944304], [77.5653552748019, 12.9042949488522], [77.5654584185355, 12.9042232499437], [77.5655090748378, 12.9041977287499], [77.5655783569781, 12.9041697895583], [77.5655983503514, 12.904165554843], [77.5656187848968, 12.9041666498046], [77.5656848485513, 12.9041885777621], [77.5657529626224, 12.9042050314034]]}}, {"type": "Feature", "properties": {}, "geometry": {"type": "LineString", "coordinates": [[77.5652846599184, 12.9049131304471], [77.5653009680545, 12.9048638819375], [77.565347899403, 12.9047798758887], [77.5653904610108, 12.9046826255889], [77.565427735254, 12.9046176029036], [77.5654630264521, 12.9045466034387], [77.5654817325657, 12.904514943377], [77.5656331946912, 12.9043172754159], [77.5656687953823, 12.9042811382023], [77.5657529626224, 12.9042050314034]]}}, {"type": "Feature", "properties": {}, "geometry": {"type": "LineString", "coordinates": [[77.5657986503958, 12.9051926735749], [77.5657960846055, 12.9051619848532], [77.5657797255609, 12.9050610766702], [77.5657693440293, 12.9049350208058], [77.565743807141, 12.9048404808392], [77.5657388671426, 12.9048060940849], [77.5657410548271, 12.904772458597], [77.5657578352705, 12.9047005458415], [77.5657616455421, 12.9046730334125], [77.5657583635415, 12.90463505992], [77.5657364369661, 12.9045460326289], [77.5657311194395, 12.9045005469991], [77.5657326439828, 12.9044660940686], [77.5657475637816, 12.9043511805861], [77.5657529626224, 12.9042050314034]]}}, {"type": "Feature", "properties": {}, "geometry": {"type": "LineString", "coordinates": [[77.5206994229677, 12.9064693502383], [77.5210220934064, 12.9064150587385], [77.5214187987026, 12.9063296421392], [77.5222649085757, 12.9060611659432], [77.5224839289392, 12.9060096078513], [77.5227399341329, 12.9059988417372], [77.5229761011142, 12.9060085708939], [77.523257007003, 12.9060328376799], [77.5234517595428, 12.9060336911099], [77.5236068277368, 12.9060209407972], [77.5239629425453, 12.9059667466295], [77.5242244642574, 12.905986361428], [77.5245137436548, 12.9059335529606]]}}, {"type": "Feature", "properties": {}, "geometry": {"type": "LineString", "coordinates": [[77.6161203351976, 12.9056931785513], [77.6166476612025, 12.9019511219361], [77.6166660905835, 12.9018203411943], [77.6167302031061, 12.9016437657177], [77.6167546125447, 12.9015352577549], [77.6167680453702, 12.9013885816043], [77.6167735411193, 12.9010969212273], [77.6167863830965, 12.9010117235693], [77.6168121669617, 12.9009330943442], [77.6168659024459, 12.900801416323], [77.6169483206753, 12.900615890783], [77.6170930277633, 12.900312069821], [77.6171389681029, 12.9002015250188], [77.6171649031269, 12.9001257554198], [77.6171889202975, 12.9000262133575], [77.6172206019488, 12.8997640162448], [77.6172715380691, 12.8995057107575], [77.6173158414418, 12.8993739753807], [77.6174078878715, 12.8991807222174], [77.6174339551134, 12.8990923566688], [77.6174401079194, 12.899050412353], [77.6174398496613, 12.8988715506179]]}}, {"type": "Feature", "properties": {}, "geometry": {"type": "LineString", "coordinates": [[77.5619528591484, 12.9069289060923], [77.5618829068998, 12.9068592874511], [77.5618416578412, 12.9068267228292], [77.5617050403128, 12.9067468655958], [77.5616269840831, 12.906696102903], [77.5615155428998, 12.9066331852473], [77.5614713396764, 12.9065983854404], [77.5613839705658, 12.9065134421164], [77.561296150812, 12.9064460067928], [77.5612190348634, 12.9063960379048], [77.5610247237591, 12.9062826102793], [77.5609092626069, 12.9061960682832], [77.5608583405361, 12.9061441296025], [77.5608144632869, 12.9060821756835], [77.5607900210694, 12.9060358310085], [77.5607318154485, 12.9059017171983], [77.5606984380137, 12.9058432588387], [77.5606556968867, 12.9057901232566], [77.5606044801373, 12.9057482139869], [77.5605446617574, 12.905719718633], [77.5604760816051, 12.9057002163225], [77.560411988932, 12.9056908014266], [77.5602662941016, 12.9056784059132], [77.5601914292905, 12.9056602669792], [77.5601359181347, 12.9056329246003], [77.5600157844206, 12.905551257771], [77.5598030800161, 12.9054393923931], [77.5597404792411, 12.9054201908732], [77.5596273472559, 12.9054131118043], [77.5595824152037, 12.9054033906637], [77.5595434783271, 12.9053859404165], [77.5594389481349, 12.9053269951644], [77.5593036426778, 12.9052712188333], [77.5592428420596, 12.9052368629674], [77.5591923667089, 12.9051982726393], [77.5590298384242, 12.9050303703705], [77.5589584318022, 12.9049716516447], [77.5588689300977, 12.9049162107447], [77.5586862223205, 12.9048256658718], [77.5586200295661, 12.9047779109818], [77.558594947185, 12.9047525072749], [77.5585703553335, 12.9047187399385], [77.5585457937194, 12.9046643155628], [77.5585331430006, 12.904611061108], [77.5584927879041, 12.9043555859726], [77.558495369422, 12.9042880495503], [77.5585302783732, 12.9041285667092], [77.5585470110584, 12.903935681048], [77.558522885536, 12.9038805675604], [77.5585366092808, 12.9038359675581], [77.5585767890801, 12.9036360312372]]}}, {"type": "Feature", "properties": {}, "geometry": {"type": "LineString", "coordinates": [[77.5641110064233, 12.9072284652287], [77.5640074389445, 12.907060957737], [77.5639105417217, 12.9068324266274], [77.5637990530974, 12.9066184740574], [77.5637496204407, 12.9065408677649], [77.5636434271384, 12.9063969597186], [77.5635920744126, 12.9063115907318], [77.5635458052429, 12.9062121014028], [77.5634542234241, 12.9059809998974], [77.5634202374287, 12.9059121383264], [77.5632385467459, 12.9056379302926], [77.5631608726892, 12.9055023891932], [77.5631299392899, 12.9054313004058], [77.5631055361364, 12.9053574615828], [77.563061653146, 12.9051272525939], [77.5630409715935, 12.9050535832441], [77.5629954372703, 12.9049448152322], [77.5629301903208, 12.9048278040256], [77.5628473804476, 12.9047134974132], [77.5627167237289, 12.9045861125746], [77.5626684104351, 12.9045306080155], [77.5626229728684, 12.9044626725649], [77.5625389364077, 12.9043135522067], [77.5624830494274, 12.9042405378352], [77.562407926708, 12.9041712807004], [77.5622381654461, 12.9040532285761], [77.5621481271594, 12.9039815625849], [77.5620796767804, 12.9039187005509], [77.5619938914527, 12.9038277599599], [77.5619169801247, 12.9037239294254], [77.5618170531645, 12.9035422655641], [77.5617764331784, 12.903470941677]]}}, {"type": "Feature", "properties": {}, "geometry": {"type": "LineString", "coordinates": [[77.6802743971272, 12.9068396631688], [77.6804106416676, 12.9068457130365], [77.6805196418047, 12.9068759927771], [77.6805806260501, 12.9068869963738], [77.6807303031782, 12.9068903128476], [77.6807658452519, 12.9068941913789], [77.6808280307532, 12.9069056640924], [77.6809302182391, 12.9069298235768], [77.6810121927795, 12.9069404996771], [77.6815720221559, 12.9071922183296], [77.6816368627411, 12.9072542077301], [77.6816628407814, 12.9072863589224], [77.6818272383732, 12.9075735284166], [77.6818575132418, 12.9076190461581], [77.6818913400293, 12.9076591234126], [77.6819925125847, 12.9077419466026], [77.6823872905771, 12.9080213384336], [77.6824337503091, 12.908059070802], [77.6824739537726, 12.908099510684], [77.6825052573387, 12.9081420808647], [77.6825348768352, 12.9081980528095], [77.6825871219813, 12.90832608542], [77.682625003291, 12.90843758278]]}}, {"type": "Feature", "properties": {}, "geometry": {"type": "LineString", "coordinates": [[77.5168198683544, 12.9095000224329], [77.516762753652, 12.9094046556831], [77.5167120083941, 12.9093462398288], [77.5166503905812, 12.909296016711], [77.5165441441704, 12.9092285168911], [77.5164921272283, 12.9091866795774]]}}, {"type": "Feature", "properties": {}, "geometry": {"type": "LineString", "coordinates": [[77.6813755348674, 12.9081969875644], [77.6814432765417, 12.9082212409856], [77.6814955470058, 12.9082323689631], [77.6815853652535, 12.9082432976416], [77.6817074993007, 12.9082528746714], [77.6817858668893, 12.9082655179881], [77.6818417299497, 12.9082821837757], [77.6819298715847, 12.9083211153624], [77.6819757838341, 12.908335494727], [77.6820366321442, 12.9083463249469], [77.6821648288551, 12.908360593099], [77.6822340650286, 12.9083711881006], [77.6823494412516, 12.9084078443556], [77.6823849927638, 12.9084161274056], [77.6824653159018, 12.9084276880491], [77.682625003291, 12.90843758278]]}}, {"type": "Feature", "properties": {}, "geometry": {"type": "LineString", "coordinates": [[77.5171878069468, 12.9101376753783], [77.5171875274173, 12.9101118735734], [77.517178601697, 12.9100824272869], [77.517097404964, 12.9099091636275], [77.5170606827641, 12.9098534876643], [77.516942676285, 12.909705108244], [77.5168788582082, 12.9096049480643], [77.5168198683544, 12.9095000224329]]}}, {"type": "Feature", "properties": {}, "geometry": {"type": "LineString", "coordinates": [[77.5149101878692, 12.9103076201042], [77.514778768094, 12.9101580079907], [77.5146303134343, 12.9100182659278], [77.5143862210512, 12.9098373669162], [77.5142138131468, 12.9096733379888], [77.5140213233936, 12.9095198868509], [77.5136254753366, 12.9092517398662], [77.5135753134252, 12.9092114407516], [77.5135121155767, 12.9091474808654], [77.5133875268755, 12.9090076618541], [77.5133285564306, 12.9089269159607], [77.5130554894446, 12.9084058617776], [77.5130132011524, 12.9083540016144], [77.5128752960829, 12.9082147250098], [77.512780808669, 12.9081006889839], [77.5127346022704, 12.9080334158506], [77.5126374339589, 12.9078707191536], [77.5124735276448, 12.9076735924293], [77.5123908298145, 12.9075275893744], [77.5123088743981, 12.9073740241503], [77.5122355391977, 12.9067340108112], [77.5122752453298, 12.906655413911], [77.5123176739237, 12.9066016133319], [77.5123908760024, 12.906536082312], [77.5124830545874, 12.9064756262384], [77.5128113643593, 12.9062991186299], [77.5134677563404, 12.9060718513991], [77.5135815330189, 12.9059836606579], [77.5137346568938, 12.9058128187371], [77.5138242156469, 12.9057352401604], [77.5139488038584, 12.9056708326664], [77.5143140362527, 12.9054470636938], [77.5147788583006, 12.9052767495672], [77.5151956198308, 12.9051613279372], [77.5154528085361, 12.9051109848896], [77.515614041927, 12.9050360109797], [77.5156564811025, 12.9050252656645], [77.5157659145386, 12.9050485468237], [77.5160392919387, 12.905180267422], [77.5161810674192, 12.9052375189732], [77.5162985269069, 12.9052668157332], [77.5164149261805, 12.9052786997821], [77.5165927925489, 12.9052795638315], [77.5167745530404, 12.9052670050873], [77.5172419140288, 12.9051896963739], [77.517680781398, 12.9051448499051], [77.5178547952793, 12.9051069228651], [77.517984077269, 12.905056515869], [77.5181369697855, 12.9049626711623], [77.5183914365667, 12.9047563356794], [77.5184947615585, 12.9047118018996], [77.5185946009387, 12.9046970164468], [77.5187227035386, 12.9047077576388], [77.518990625672, 12.9047628937973], [77.5190926933051, 12.9048001934445], [77.5191746671266, 12.9048527189368], [77.5193885770282, 12.905099331572], [77.5200926798165, 12.9058168494039], [77.5206994229677, 12.9064693502383]]}}, {"type": "Feature", "properties": {}, "geometry": {"type": "LineString", "coordinates": [[77.5149101878692, 12.9103076201042], [77.515020250026, 12.9102190477607], [77.5151273029916, 12.9101526488571], [77.5152681077275, 12.9100562462773], [77.5153549607013, 12.910020868804], [77.5155469007702, 12.9099742131349], [77.5156467538418, 12.9099381881855], [77.5157291860108, 12.9098914186258], [77.515895547365, 12.9097689344372], [77.5159684152703, 12.9097302356241], [77.5160250221761, 12.9097100902162], [77.5161422408599, 12.9096815178859], [77.5163831201387, 12.9096425416102], [77.5164536436304, 12.9096266340547], [77.5166697903525, 12.9095581872743], [77.5168198683544, 12.9095000224329]]}}, {"type": "Feature", "properties": {}, "geometry": {"type": "LineString", "coordinates": [[77.5253623448593, 12.9106460481932], [77.5253643936709, 12.9106763501482], [77.5253504106144, 12.9107814934234], [77.5253428966067, 12.9108956035631], [77.525345922673, 12.9109776186102], [77.5253633019734, 12.9111261998831], [77.5253626844406, 12.9111719030694], [77.5253553653196, 12.9112228985881], [77.5253424394232, 12.9112684325509], [77.5253027866634, 12.911370279621], [77.5252727969068, 12.9115335206517], [77.525228740237, 12.9116647517779], [77.5251783466927, 12.9118428111051], [77.5251061989964, 12.9120266913507], [77.5250554070658, 12.9121732645625], [77.5250410870949, 12.912238553087], [77.5250256454135, 12.912382149122], [77.5250089356907, 12.9124685561534], [77.5249202078136, 12.9127631332011], [77.5248535410131, 12.912942174718], [77.5248396504427, 12.9130028133887], [77.5248161065418, 12.9131654934057], [77.5247590460376, 12.9133384944416], [77.5247493204347, 12.9133958430278], [77.5247409612585, 12.9135048648196], [77.5247299880348, 12.9135628009846], [77.5247094353464, 12.9136226782735], [77.5246526613857, 12.9137449071608], [77.5246330109528, 12.9138078692509], [77.5246103480355, 12.9139151374187], [77.5246037865748, 12.9139719792867], [77.5246221337725, 12.9142234091131], [77.5246205455425, 12.9142761824114], [77.5243571952363, 12.9151081139964]]}}, {"type": "Feature", "properties": {}, "geometry": {"type": "LineString", "coordinates": [[77.6682925180226, 12.9102858370202], [77.6682385171017, 12.9101173553978], [77.668226980722, 12.9100501147037], [77.6682271955646, 12.9100323536785], [77.66823960298, 12.9100117769207], [77.6683302100613, 12.9098666713893], [77.6683610912424, 12.9098070647037], [77.6683818501856, 12.9097333655484], [77.6683863273704, 12.9096513471646], [77.6683712005506, 12.9095734551518], [77.6683196871163, 12.9094355901806], [77.6683039322014, 12.9093737424455], [77.6682966236819, 12.9092847112707], [77.6682998654336, 12.9091432949938], [77.6682945123334, 12.9090826635749], [77.6682844201525, 12.9090286220013], [77.6682645510972, 12.9089637808867], [77.6681939947326, 12.9087837874426], [77.6681659784499, 12.9086773010488], [77.6681546373649, 12.9085883571097], [77.6681523668598, 12.9084478264216], [77.6681451632963, 12.9083867206349], [77.6681259212087, 12.908322632839], [77.6680526873223, 12.9081307626751], [77.6680258296004, 12.9080213997575], [77.6680136436968, 12.9078786061306], [77.6680141982292, 12.9077818555549], [77.668027784369, 12.9077059115778], [77.6680564822009, 12.9076411183065], [77.6680767830462, 12.907611983559], [77.668101607243, 12.9075854369041], [77.6681258868128, 12.90756579861], [77.6681550520559, 12.9075485260863], [77.6682250843516, 12.9075221194157], [77.6684296139298, 12.9074685564172], [77.6685106963269, 12.90743695797], [77.6685774656404, 12.9073964844406], [77.6686866818123, 12.9072992049593], [77.668757745706, 12.9072546087289], [77.6688445760564, 12.9072168274126], [77.6690326322969, 12.9071517595816], [77.6691016853849, 12.9071199703854], [77.6691927091179, 12.9070635074124], [77.6693398806876, 12.9069521400986], [77.6693988586293, 12.9069178935638], [77.6694679854406, 12.9068902844208], [77.6696454592189, 12.9068366817387], [77.6697126333714, 12.9068054906797], [77.6697615362015, 12.9067748602969], [77.6697970640106, 12.9067416518854], [77.669827125962, 12.9066991384064], [77.6698514515361, 12.9066526318408], [77.6699199236443, 12.9064985892199], [77.6699502687914, 12.9064455438482], [77.6701043435664, 12.9062222038668], [77.6701460933987, 12.9061724784369], [77.6701850785374, 12.9061353166722], [77.6702410492842, 12.9060952485813], [77.6703103891292, 12.9060546924442], [77.6705187137152, 12.9059562126105], [77.6706189120099, 12.9059155668854], [77.6706922567028, 12.9058917420397], [77.670893177092, 12.9058472102687], [77.6709341114185, 12.9058274575613], [77.670969192952, 12.9057994264022], [77.6710045939273, 12.9057491035888], [77.6710181036637, 12.905715038767], [77.6710257683767, 12.905683050052], [77.6710307263557, 12.9056248591373], [77.6710231909386, 12.9054709094302]]}}, {"type": "Feature", "properties": {}, "geometry": {"type": "LineString", "coordinates": [[77.5621966815516, 12.9112794130867], [77.5622804598971, 12.9112814869227], [77.5624858682773, 12.9112717818007], [77.5630510012553, 12.9112756668823], [77.5631977981049, 12.9112640481542], [77.563581895398, 12.9112178996093], [77.5641481621547, 12.911193129796], [77.5642124437297, 12.9111985330004], [77.5642686545473, 12.9112159356294], [77.5643193539854, 12.9112451499406], [77.5644154324514, 12.9113165023119], [77.5644641488208, 12.9113464190695], [77.564528320991, 12.9113736842138], [77.5645964325566, 12.9113903257608], [77.5647190304278, 12.9113970625837], [77.5652240383748, 12.9113772925592], [77.5654243709303, 12.9113850274127]]}}, {"type": "Feature", "properties": {}, "geometry": {"type": "LineString", "coordinates": [[77.5078981281372, 12.911846044392], [77.5071533218293, 12.9096830352203], [77.5071620346447, 12.9095520634059], [77.5071541754083, 12.9094851827266], [77.5071353075731, 12.9093841688943], [77.5070905197245, 12.9091951676955], [77.5070719977561, 12.9091292015642], [77.5070466741163, 12.9090561305698], [77.5069882937349, 12.908907931424], [77.5069026529456, 12.9087511341505], [77.5068717668193, 12.9087009179644], [77.5067768836494, 12.9085696083167], [77.5066560074201, 12.9083818410924], [77.5065474572108, 12.9082474559316], [77.5063763867565, 12.9080011176463], [77.5063307601156, 12.9079451917245], [77.5060759917668, 12.907667635225], [77.5060142430238, 12.9075778129525], [77.5059420915761, 12.9074930885524], [77.5059070249421, 12.9074401539109], [77.5058855202259, 12.9073924785493], [77.5058450269964, 12.9072737402227], [77.5057505741994, 12.9070854054312], [77.5057294246393, 12.9070348219045], [77.5057002934045, 12.9069330162946], [77.5056642175915, 12.9068360946994], [77.5056103272721, 12.9066566949264], [77.5055649092617, 12.9064793081949], [77.5055317456401, 12.9063772818993], [77.5055083277761, 12.9062536716291], [77.5054847733406, 12.9061794892458], [77.5054506668623, 12.9061006836497], [77.5053929036593, 12.9060079579228], [77.5053665192202, 12.9059576476851], [77.5053234975816, 12.9058292118186], [77.5052904396658, 12.9057435982349]]}}, {"type": "Feature", "properties": {}, "geometry": {"type": "LineString", "coordinates": [[77.6899285606596, 12.9100867794152], [77.6899400616287, 12.9102803039302], [77.6899535768506, 12.9105631713541], [77.6899884080152, 12.9109646645479], [77.6900385667193, 12.9110979983461], [77.690166585294, 12.9112209698403], [77.6903241457145, 12.9113723182188], [77.6905443570106, 12.9115175755847], [77.6912679464398, 12.9117504285482], [77.6937800729986, 12.9121932408706], [77.6958960890435, 12.9130456845799], [77.6981229673935, 12.91363987856]]}}, {"type": "Feature", "properties": {}, "geometry": {"type": "LineString", "coordinates": [[77.4857300986869, 12.9124762889397], [77.4858094030624, 12.9125634797858], [77.4858782342666, 12.9126826170707], [77.4859511802561, 12.9127901520869], [77.4860250574283, 12.9129346496948], [77.4860983373873, 12.913021180362], [77.4861327486393, 12.913071170012], [77.4861643298487, 12.9131374885581], [77.4862177102235, 12.9132937225552], [77.4862585201303, 12.9133704384265], [77.4863146016821, 12.9134379006684], [77.4863848264208, 12.9134865021883], [77.4866055975525, 12.9138940122136], [77.4867133023476, 12.9144211149633], [77.4869301771092, 12.9151722458481], [77.4872082970991, 12.9156955143463], [77.4876033822335, 12.9162176672538], [77.4883604344279, 12.9168702407719], [77.4894042289337, 12.9179312481002], [77.4904072462746, 12.9188578810706], [77.4913941563577, 12.9191147495578]]}}, {"type": "Feature", "properties": {}, "geometry": {"type": "LineString", "coordinates": [[77.5154117916202, 12.9125941997593], [77.515367306785, 12.9125069545524], [77.5153172273735, 12.9123421860894], [77.5152810659314, 12.9122533717546], [77.515235547694, 12.9121569091295], [77.5152219932441, 12.912102453591], [77.515221342385, 12.9120507559311], [77.5152369863844, 12.9119062793595], [77.5152399780102, 12.9117113410143], [77.5152613756709, 12.9114912945847], [77.5152586926347, 12.9114174647639], [77.5152489959457, 12.911354860555], [77.5152237955592, 12.9112766930544], [77.5151358371964, 12.9110875805891], [77.5150893382424, 12.9109656010671], [77.5150687470192, 12.91088432814], [77.51504978966, 12.9107288504226], [77.5150371291268, 12.9106692743051], [77.5150128483937, 12.91059730487], [77.5149427452048, 12.9104257504307], [77.5149101878692, 12.9103076201042]]}}, {"type": "Feature", "properties": {}, "geometry": {"type": "LineString", "coordinates": [[77.5646909298025, 12.9126164127442], [77.5637527602658, 12.9126356594124], [77.5632953412098, 12.9126214110335], [77.563238800138, 12.912614461778], [77.5632029767, 12.9126009840945], [77.5631734858139, 12.9125723998821], [77.5631589475506, 12.9125291124207], [77.5631500148487, 12.9124257098729], [77.5631383909159, 12.9120820563741], [77.5631253757109, 12.9120073967384], [77.5631031173232, 12.9119574786499], [77.5630830995426, 12.9119355412536], [77.5630583895714, 12.911918328905], [77.5629972817375, 12.9118955126738], [77.5623943886283, 12.9117906572033], [77.5623302536923, 12.9117743609395], [77.5622838099028, 12.9117521622939], [77.5622556493266, 12.9117282041503], [77.5622291008025, 12.911688825318], [77.5622122920993, 12.9116426057241], [77.5621986565722, 12.9115799743953], [77.5621808035789, 12.9114408795556], [77.5621836769364, 12.9113779769763], [77.5621966815516, 12.9112794130867]]}}, {"type": "Feature", "properties": {}, "geometry": {"type": "LineString", "coordinates": [[77.5132451436606, 12.9137534524313], [77.5132253151175, 12.9137420767586], [77.5128898914264, 12.9136039360052], [77.5128257622029, 12.9135745264096], [77.5127033516629, 12.913506331407], [77.5125091967108, 12.913381067279]]}}, {"type": "Feature", "properties": {}, "geometry": {"type": "LineString", "coordinates": [[77.5132383281931, 12.9139929427251], [77.5131924943685, 12.9139680508223], [77.5131682496982, 12.9139587279061], [77.5129448525613, 12.9139073781833], [77.5128411083674, 12.9138797962444], [77.5127070587575, 12.9138401840219], [77.512462323157, 12.9137543758391], [77.5123699718547, 12.9137347676231]]}}, {"type": "Feature", "properties": {}, "geometry": {"type": "LineString", "coordinates": [[77.5193040018752, 12.914841875938], [77.5196569173241, 12.9144589920693], [77.5197435082787, 12.9143506717174], [77.5198422979465, 12.91419684978], [77.5200245470358, 12.9138483057238], [77.5200550807395, 12.913766518557], [77.5200702901861, 12.9136877514277], [77.5200872717886, 12.9133429802535], [77.5201053942059, 12.9132069627855], [77.5202840190642, 12.9125851494347], [77.5204664337418, 12.912068915119], [77.520515339444, 12.9119878270611], [77.5206531663168, 12.9118208539901], [77.5207120056036, 12.9116853453181], [77.5207316152028, 12.9115564022645], [77.5207243593639, 12.9114201011722], [77.5206460142885, 12.9108113011382], [77.5205593488537, 12.9104264034327], [77.5205458673283, 12.9102317863915], [77.5207499324051, 12.9098030491234], [77.5209332947737, 12.9096196044295], [77.5212745319491, 12.9089598766383], [77.5212215969759, 12.908941812711], [77.5211820405706, 12.9089233730229], [77.5211481960374, 12.9088998557395], [77.521119310585, 12.9088674626488], [77.5210903319971, 12.9088158605578], [77.5210383706707, 12.908685560818], [77.5209660844274, 12.9085458838371], [77.5209459427998, 12.9084964632975], [77.520933603906, 12.9084474011445], [77.5209149366096, 12.9083042596249], [77.5208990037192, 12.9082418542401], [77.520834472718, 12.9080818832693], [77.5207909003139, 12.9079448781391], [77.5207230569642, 12.907791097222], [77.5206948300968, 12.9076962162786], [77.5206479132616, 12.9074597578956], [77.5206468889293, 12.9074036956793], [77.5206570061282, 12.9072435447799], [77.5206471098335, 12.9071631442297], [77.5206484727567, 12.9071453947646], [77.5208439797215, 12.9068950503734], [77.5207992632184, 12.9068129339229], [77.520767109747, 12.9067349995702], [77.5206994229677, 12.9064693502383]]}}, {"type": "Feature", "properties": {}, "geometry": {"type": "LineString", "coordinates": [[77.5193040018752, 12.914841875938], [77.5196062101286, 12.9148681051427], [77.520307958148, 12.9149022031019], [77.5211025665687, 12.9149858641432], [77.5212132030981, 12.9150068709245], [77.5212835651561, 12.9150294048676], [77.5213635097061, 12.9150679138401], [77.521523209701, 12.9151621530295], [77.5215948322259, 12.9151817925913], [77.5227622398588, 12.9154538043714], [77.523030394212, 12.915463166895], [77.5236630900795, 12.9153733855798], [77.5241973565627, 12.9151889377427], [77.5243571952363, 12.9151081139964]]}}, {"type": "Feature", "properties": {}, "geometry": {"type": "LineString", "coordinates": [[77.5193040018752, 12.914841875938], [77.5193378402623, 12.9152478081311], [77.5193355016324, 12.9154020466436], [77.5193105771391, 12.9156159849186], [77.5192313562316, 12.9160395542195], [77.5192201773664, 12.9161804621616], [77.5192308073476, 12.9163676196487], [77.5192712984352, 12.9166530638348], [77.5192819356599, 12.916811535569], [77.519285784233, 12.9170244219661], [77.5192749384265, 12.917511590218], [77.5192622144374, 12.9175958500683], [77.5192361320864, 12.917681446764], [77.5189549290333, 12.9183735635498], [77.5189233706085, 12.9184661129937], [77.5188958831586, 12.9185787754103], [77.5188830031852, 12.9186744053333], [77.5188843951227, 12.9187779575628], [77.5189404482374, 12.9191368278726], [77.5189362491756, 12.9192162865773], [77.5189199195518, 12.9192721087794], [77.5189019138216, 12.9192989253875], [77.5188789800932, 12.9193172552151], [77.5188546147197, 12.9193265504449], [77.51881600244, 12.9193286757316], [77.5187594377076, 12.9193150728618], [77.5185998171175, 12.9192504721744], [77.5185180639222, 12.9192258927478], [77.5184286683729, 12.9192136780348], [77.5183409970912, 12.9192162611172], [77.5182606406748, 12.9192328887768], [77.5180442445529, 12.919300692821], [77.51773418786, 12.9193667256306], [77.5176783574401, 12.91938724102], [77.5176430077489, 12.9194121847482], [77.5176134314541, 12.9194554406777], [77.5175956509657, 12.9195152259802], [77.5175006850534, 12.9204110604412], [77.5174683281167, 12.920582534367], [77.5174209378088, 12.920728202426], [77.5174078542158, 12.9208294847487], [77.5173839909087, 12.9209346647647], [77.5173877171684, 12.9210700009204], [77.5173832711847, 12.9212458965951], [77.5173972093367, 12.9214392248317], [77.5173892913042, 12.9214853916491], [77.5173662345404, 12.9215303492312], [77.5172992010261, 12.9216104446641], [77.5172675928655, 12.9216315775509], [77.5172262680395, 12.9216470678992], [77.5168411680253, 12.9217020532083], [77.5166737741327, 12.9217383827176], [77.5165324966051, 12.921756293033], [77.5163822697947, 12.9217922951412], [77.5162195040972, 12.9218065617814], [77.5160822336164, 12.9218279270237], [77.5160431772305, 12.9218398310796], [77.5158648350548, 12.9220998552691], [77.5157862893503, 12.9222870704281], [77.5155992383061, 12.9225900733461], [77.5154424344105, 12.922993185666]]}}, {"type": "Feature", "properties": {}, "geometry": {"type": "LineString", "coordinates": [[77.5317602380284, 12.9147631614489], [77.5318546340214, 12.9146206189775], [77.5319037039878, 12.9144944071785], [77.5319125953153, 12.9144515051729], [77.5319172182886, 12.9144022641879], [77.5319181422087, 12.9143548307832], [77.5319166066069, 12.9142451941957], [77.5319184021416, 12.9141946841307], [77.5319258190425, 12.9140904529942], [77.5319362540135, 12.91397313554], [77.5319491065493, 12.9138791179265], [77.5319655227606, 12.9137953627015], [77.5319878953037, 12.9137048495437], [77.5320166203869, 12.9136054017482], [77.5320577337051, 12.913476107634], [77.5320756220051, 12.9134211825674], [77.5320958825874, 12.9133627570171], [77.5321475573315, 12.9132238758058], [77.5321708526053, 12.9131526465649], [77.5321974871965, 12.9130560649907], [77.5322193912446, 12.9129637638776], [77.5322367290857, 12.912875050472], [77.5322495706585, 12.9127895527668], [77.5322561063334, 12.9127249314155], [77.5322602683185, 12.9126527004979], [77.5322639794388, 12.9124267454343], [77.5322639638885, 12.9123516087751], [77.532260170386, 12.9121641215483], [77.5322623098305, 12.9120640063313], [77.5322672640994, 12.9119952678046], [77.5322752372884, 12.9119188321976], [77.5323087281501, 12.9116695127185], [77.5323169501484, 12.9115844970845], [77.532324117085, 12.9114946779499], [77.5323313459309, 12.9114360543933], [77.532341661768, 12.9113838969153], [77.5323554356654, 12.911338104343], [77.532368951449, 12.9113045401316], [77.5323854508138, 12.9112701943999], [77.5324050230734, 12.9112348819723], [77.5324278536304, 12.9111982649574], [77.5324828167251, 12.9111213494246], [77.5325629888006, 12.9110217552446], [77.5326198325787, 12.9109565458903], [77.5326797912767, 12.9108947268948], [77.5327428648848, 12.9108362973524], [77.5328090524905, 12.9107812581734], [77.5328783559264, 12.9107296084339], [77.5329507733598, 12.9106813490527], [77.5330263066327, 12.910636480009], [77.5331049539038, 12.9105950013179], [77.5331867160857, 12.9105569120638], [77.5332715931887, 12.910522213147], [77.5333595852047, 12.9104909036606], [77.5334506921446, 12.9104629845045], [77.53354491401, 12.9104384556748], [77.533642250794, 12.9104173162644], [77.5337427015871, 12.9103995671816], [77.5338462682336, 12.9103852084041]]}}, {"type": "Feature", "properties": {}, "geometry": {"type": "LineString", "coordinates": [[77.5317602380284, 12.9147631614489], [77.5318215631147, 12.9147839387093], [77.532026228551, 12.9148503983578], [77.532128051176, 12.9148863371684], [77.5322098990288, 12.914919124034], [77.5322819289632, 12.9149524822007], [77.5323464099708, 12.9149874666207], [77.532404229381, 12.9150245719327], [77.5324557101126, 12.9150639449871], [77.5325060237829, 12.9151097937257], [77.5325577486404, 12.9151640654368], [77.5325970798318, 12.9152102636893], [77.5326090662255, 12.9152251713708], [77.5326617393036, 12.9152955699593], [77.5327144094358, 12.9153738062244], [77.5327622817336, 12.9154520203405], [77.532782123292, 12.9154614128942], [77.5328384291514, 12.9154837600043], [77.5330640427501, 12.9155687192907], [77.5344836606478, 12.9160916996495], [77.534658799319, 12.9161582555631], [77.5347028068912, 12.9161760361573], [77.534718381735, 12.9161837253431]]}}, {"type": "Feature", "properties": {}, "geometry": {"type": "LineString", "coordinates": [[77.5246331261426, 12.914968585386], [77.5252460853718, 12.9146586321013], [77.5262413647844, 12.9144160485626], [77.526415831953, 12.9143815103421], [77.5265562433432, 12.9143621185593], [77.5266898073367, 12.9143567923876], [77.5270074649544, 12.9143622749839], [77.5279972929237, 12.914392594412], [77.528235136541, 12.9145268756823], [77.5283242267837, 12.9146622697483], [77.5283688080138, 12.9147335518736], [77.5284353196401, 12.9148046216685], [77.5284722297664, 12.914840121629], [77.5287086816566, 12.9149991386366], [77.5288545936102, 12.9149120406767], [77.5289272481626, 12.9148722237033], [77.5290371573554, 12.9148170219886], [77.5291169522597, 12.9147796429817], [77.52919018495, 12.9147490511988], [77.5292580388515, 12.9147249614289], [77.5293190984214, 12.9147077469691], [77.5293882292657, 12.914692575695], [77.529461156261, 12.9146792026034], [77.5296574603579, 12.9146485055727], [77.5299691942635, 12.9145850630488], [77.5301006797331, 12.9145613080237], [77.5302057126664, 12.9145465539834], [77.5303574370478, 12.9145292315821], [77.5304630985542, 12.9145203791995], [77.5305583449867, 12.9145159101799], [77.5306497266692, 12.914515729441], [77.5307388905822, 12.9145202203639], [77.5308333137367, 12.9145297586196], [77.5309330412439, 12.9145444332085], [77.5310360194567, 12.9145637192282], [77.5311488414183, 12.9145886541158], [77.5312760523399, 12.9146201451657], [77.5314470590648, 12.9146654396129], [77.5315521444116, 12.9146956741137], [77.5316568657762, 12.9147283578104], [77.5317602380284, 12.9147631614489]]}}, {"type": "Feature", "properties": {}, "geometry": {"type": "LineString", "coordinates": [[77.5243571952363, 12.9151081139964], [77.5246331261426, 12.914968585386]]}}, {"type": "Feature", "properties": {}, "geometry": {"type": "LineString", "coordinates": [[77.6737456689131, 12.913903445155], [77.6740671855923, 12.9139167990407], [77.6745068766797, 12.9140198562965], [77.6748487321013, 12.9140880612954], [77.6752754776618, 12.9141195426758], [77.6756288787435, 12.9141278739529], [77.6763560652292, 12.9142017551677], [77.676629675783, 12.9141537935537], [77.6767694085698, 12.9141075435944], [77.6769114594164, 12.9140490307691], [77.6770159380835, 12.913990256197], [77.6771490191037, 12.9138965752552], [77.6772070968555, 12.9138467238182], [77.6772683727864, 12.9137744663964], [77.6772998043491, 12.9137494239965]]}}, {"type": "Feature", "properties": {}, "geometry": {"type": "LineString", "coordinates": [[77.509002735651, 12.9158487608581], [77.5087152862622, 12.9158284842817], [77.5084852617892, 12.9157793683379], [77.5083403290139, 12.9157353988297], [77.5081316863585, 12.9156521004294], [77.5077612506705, 12.9155317682715], [77.5075070866762, 12.9154356567046], [77.5070053591108, 12.9153138499711], [77.5069168418146, 12.9152780133458], [77.5067523756577, 12.915192190809], [77.5064798207236, 12.9150218266368], [77.5062984437707, 12.9149315022211], [77.5061993593019, 12.9148821591991]]}}, {"type": "Feature", "properties": {}, "geometry": {"type": "LineString", "coordinates": [[77.509002735651, 12.9158487608581], [77.5091782183239, 12.9157772032659], [77.5092745726152, 12.9157469419672], [77.5093716738833, 12.9157317184045], [77.5094825763222, 12.9157318281577], [77.5095972878736, 12.9157496124054], [77.509710840543, 12.9157763206815], [77.5098405175563, 12.9158213367839], [77.5099891977424, 12.9158600932819], [77.5101108744362, 12.9159170778812], [77.510190740354, 12.9159421699248]]}}, {"type": "Feature", "properties": {}, "geometry": {"type": "LineString", "coordinates": [[77.5606364769942, 12.9155788831339], [77.5604815694387, 12.9155196227011], [77.5604058964459, 12.9154776978738], [77.5603606277528, 12.9154427152524], [77.5603019268386, 12.9153701096386], [77.5601786168291, 12.9151591771793], [77.5601243245593, 12.9150988306945], [77.5600741807987, 12.9150700601005], [77.5598914665438, 12.9149897393266], [77.5597334819576, 12.9149060247466], [77.5596424058841, 12.9148489613596], [77.5594659690947, 12.9147213973058], [77.559154520845, 12.9145382263796], [77.5590669428455, 12.9144669468465], [77.5588963900913, 12.9142785181391], [77.5588131538271, 12.9142166398246], [77.5587031654021, 12.914164112385], [77.5585544254413, 12.9141060531784], [77.5581519381975, 12.9140009191663], [77.5580424896221, 12.91396159743], [77.558004443543, 12.9139386905828], [77.5579650361576, 12.9139028378143], [77.557849808754, 12.9137521622569], [77.5578126684565, 12.9137229584112], [77.5577668253025, 12.9137013303852], [77.5576470341416, 12.9136723414346], [77.5571329984197, 12.9135926769935], [77.5569232944409, 12.9135715210193], [77.5568032180448, 12.9135722447904], [77.5566812044501, 12.9135985599617], [77.556519797908, 12.9136570616379], [77.5564419481848, 12.9137060802721], [77.5563159472607, 12.9138589660121], [77.5562782263499, 12.9138929159999], [77.5562293146226, 12.913925635679], [77.5555587005509, 12.9142671662438], [77.5552192760007, 12.914489490351], [77.5551038491959, 12.9145562499176], [77.5547838502959, 12.9147169263595], [77.5546183439651, 12.9147853085901], [77.5545454917924, 12.9148035212946], [77.5544771891291, 12.9148096553483], [77.5543570261275, 12.9148092776224], [77.5542537337962, 12.9148002467987], [77.5541742656838, 12.9147830947887], [77.5539365764426, 12.9147038510029], [77.5538625638434, 12.9146875453878], [77.5538611496809, 12.9146589573612], [77.5536448338776, 12.9147442409652], [77.5534909304486, 12.9149465406736], [77.5533858555723, 12.9151579251842], [77.5533104103412, 12.9154072663302], [77.5532450026112, 12.9156851952268], [77.5527704258446, 12.9177880711358], [77.5527546173219, 12.917858137567], [77.552710529908, 12.9179734675778], [77.5526780135662, 12.918096616877], [77.5526655709575, 12.9182070713953], [77.5526699904542, 12.9183261300806], [77.5527184677112, 12.9186896862677], [77.552774217718, 12.9190072942925], [77.552816284347, 12.9191604176736], [77.5529324323607, 12.9194751320905]]}}, {"type": "Feature", "properties": {}, "geometry": {"type": "LineString", "coordinates": [[77.5248605864217, 12.9159571231945], [77.5246331261426, 12.914968585386]]}}, {"type": "Feature", "properties": {}, "geometry": {"type": "LineString", "coordinates": [[77.6164668469581, 12.9151067811147], [77.616471787238, 12.9151725161944], [77.6164848050343, 12.915210001602], [77.6166047931881, 12.9154209321787], [77.6169302259378, 12.9158362667724], [77.6170143926957, 12.915929698172], [77.6170761432116, 12.9159794749443], [77.617147200948, 12.9160104873754], [77.6172308525923, 12.9160222679719], [77.617332414595, 12.916017437568], [77.6174752020641, 12.9159972919372], [77.6177580113359, 12.915928637224], [77.6184549412855, 12.9157064220652], [77.6185941021668, 12.9156555787228], [77.6188341666931, 12.9155520594229], [77.6189503855413, 12.9155191178268], [77.6193188600819, 12.9154852125976], [77.62009024334, 12.9153626890726], [77.6230170539646, 12.9151409799343]]}}, {"type": "Feature", "properties": {}, "geometry": {"type": "LineString", "coordinates": [[77.6828222538891, 12.9145744486429], [77.6827406792224, 12.9109924847308], [77.6828135892704, 12.9096259856258], [77.6828112020262, 12.9092097706727], [77.6827997806153, 12.9090501812506], [77.6827681423246, 12.9088377538682], [77.6826877559393, 12.908575612666], [77.682625003291, 12.90843758278]]}}, {"type": "Feature", "properties": {}, "geometry": {"type": "LineString", "coordinates": [[77.6828222538891, 12.9145744486429], [77.6836097770965, 12.9145750158589], [77.6842101473208, 12.9141521793418], [77.6847415199292, 12.9131266955951], [77.6849919737182, 12.9126221814204], [77.6860806620132, 12.9118939295532], [77.6875359401185, 12.9112694605548], [77.6899285606596, 12.9100867794152]]}}, {"type": "Feature", "properties": {}, "geometry": {"type": "LineString", "coordinates": [[77.5091854893292, 12.9167333512688], [77.5091885469848, 12.9166954204042], [77.50917587015, 12.9166286006961], [77.5091607376309, 12.9164395512879], [77.5091448411261, 12.9163293162951], [77.509118408075, 12.9162274973741], [77.509002735651, 12.9158487608581]]}}, {"type": "Feature", "properties": {}, "geometry": {"type": "LineString", "coordinates": [[77.7450070880196, 12.9146567620959], [77.7449400071916, 12.9143896249671], [77.7449481063275, 12.914287954116]]}}, {"type": "Feature", "properties": {}, "geometry": {"type": "LineString", "coordinates": [[77.6749287162642, 12.9154881343798], [77.6753689535849, 12.9151606129003], [77.6754544690544, 12.9151197231595], [77.6755277756217, 12.9150768400487], [77.6756240623998, 12.9150105343012], [77.6756922986471, 12.9149529002512], [77.675742860557, 12.9148977978938], [77.6758131382863, 12.9147995005534], [77.6758684193167, 12.9147484060218], [77.6759709493754, 12.9146802448008], [77.6762397723768, 12.9145236482343]]}}, {"type": "Feature", "properties": {}, "geometry": {"type": "LineString", "coordinates": [[77.5254629424433, 12.9176414515964], [77.5253594008519, 12.9174275987752], [77.5252672255548, 12.9172660243437], [77.5252407599144, 12.91719651795], [77.5252043087582, 12.9170582266671], [77.5251843019605, 12.9170004961207], [77.5251489691816, 12.9169283894056], [77.5250761416868, 12.916805131434], [77.5250400053869, 12.9167230824168], [77.5250081450864, 12.9166074466623], [77.5249595118566, 12.916387054431], [77.5248605864217, 12.9159571231945]]}}, {"type": "Feature", "properties": {}, "geometry": {"type": "LineString", "coordinates": [[77.5279837372315, 12.9176226660312], [77.5279656948066, 12.9176204546216], [77.5279425213075, 12.9176107416016], [77.5278358829091, 12.9175530459926], [77.527788739224, 12.9175205280773], [77.527759926259, 12.9174927855746], [77.527699224679, 12.9174199663443], [77.5276677202953, 12.9173881797033], [77.5275666489226, 12.9173107188358], [77.5274700539997, 12.9172030564142], [77.5273535908158, 12.917113373065], [77.5272492538027, 12.9170038791217], [77.5271343747559, 12.9169036430175], [77.5270897073069, 12.9168522877956], [77.5269893768278, 12.9167094372763], [77.5269109274033, 12.9166064090926], [77.5268127657766, 12.9164479479193], [77.5267739004226, 12.916407615858], [77.5248605864217, 12.9159571231945]]}}, {"type": "Feature", "properties": {}, "geometry": {"type": "LineString", "coordinates": [[77.5421545988664, 12.9176928816358], [77.5421888855568, 12.9176674277064], [77.5422152668162, 12.9176406792745], [77.5422961868942, 12.9175154355654], [77.5423151678002, 12.9174883390676], [77.5423272209329, 12.9174740083062], [77.5423452996848, 12.9174566057995], [77.5423606839246, 12.9174459811658], [77.5423743750582, 12.9174401559918], [77.5423934697163, 12.9174357707379], [77.5424190753679, 12.9174334100067], [77.5424382431646, 12.9174351604117], [77.5424593256997, 12.9174398148994], [77.5424839921664, 12.9174498589267], [77.5425291883334, 12.9174746383223], [77.5426037600542, 12.917522460178], [77.5426419300691, 12.9175508260833], [77.5426710291208, 12.9175702998159], [77.5427037154332, 12.9175870272956], [77.5427200179369, 12.9175925116168]]}}, {"type": "Feature", "properties": {}, "geometry": {"type": "LineString", "coordinates": [[77.5388869687405, 12.9177277678161], [77.5388657368964, 12.917616464903], [77.5387574541653, 12.9170488265544], [77.5386695528036, 12.9167595054307], [77.5386326412795, 12.9164346726149], [77.5386281713802, 12.9163205233643], [77.5386336709037, 12.91622225512], [77.5386550952586, 12.9160573698523], [77.5387010690384, 12.9157976179385], [77.5387115814195, 12.915657202721], [77.5387070625505, 12.9155568906404], [77.5386933867364, 12.9154510064119], [77.5386738686952, 12.9153675318075], [77.5386413877406, 12.9152751728711], [77.5386021791333, 12.9151958008005], [77.5385256650428, 12.9150670732008], [77.538483728623, 12.9150044048318], [77.5384429874423, 12.9149564803643], [77.538357407598, 12.914883164106], [77.538175238897, 12.9147831140633], [77.5380721547673, 12.9147056591392], [77.5379562166196, 12.9145985379296], [77.5378650400413, 12.914504252011], [77.5378175249623, 12.9144426495878], [77.537780672334, 12.9143740897909], [77.5376878556836, 12.9141405356419], [77.5376623419599, 12.9140411565548], [77.5376502961645, 12.9139624635506], [77.5376432785878, 12.9138478664162], [77.5376453662291, 12.9137350925642], [77.537677253641, 12.9134097985928], [77.5376748690541, 12.9133553350448], [77.537664304587, 12.913297921622], [77.5376187664411, 12.9131705586049], [77.5374551970288, 12.9128127465608], [77.5373825406961, 12.9125592083823], [77.5373507380596, 12.9124679800064], [77.537318986773, 12.9123980758292], [77.5372713015993, 12.9123153651771], [77.5371883625512, 12.9121958641411], [77.5371040556821, 12.9120883880435], [77.5370241926692, 12.9120038956015], [77.5369159431441, 12.911907177437], [77.5368302962247, 12.9118493267335], [77.5366463383519, 12.9117554180432], [77.536514998644, 12.9116807274493], [77.5363038742267, 12.9115474242268]]}}, {"type": "Feature", "properties": {}, "geometry": {"type": "LineString", "coordinates": [[77.5263356523238, 12.918596307004], [77.5262557841303, 12.9184754324058], [77.5261052034325, 12.9181833266281], [77.5260724873416, 12.9180920301603], [77.5260407966415, 12.9179417625803], [77.5260122849836, 12.9178727070724], [77.5259840727325, 12.9178326052359], [77.525944218712, 12.9177963717892], [77.5259123797549, 12.9177785659016], [77.5254629424433, 12.9176414515964]]}}, {"type": "Feature", "properties": {}, "geometry": {"type": "LineString", "coordinates": [[77.7453421371828, 12.9165471810152], [77.7452693067297, 12.9161340575863]]}}, {"type": "Feature", "properties": {}, "geometry": {"type": "LineString", "coordinates": [[77.4913941563577, 12.9191147495578], [77.4922389905704, 12.9193346364294]]}}, {"type": "Feature", "properties": {}, "geometry": {"type": "LineString", "coordinates": [[77.4913941563577, 12.9191147495578], [77.4907540212174, 12.9202820458459], [77.4906953034469, 12.9206371605791], [77.4906699350457, 12.9208621336701], [77.4906627271971, 12.9209121598404], [77.4906545163616, 12.9209567122194], [77.4906455971905, 12.9209946667483], [77.4906339086023, 12.9210358063471], [77.4905679824619, 12.9212297678532], [77.490553985193, 12.9212770868529], [77.4905435790919, 12.9213199353896], [77.4905318634359, 12.9213827782979], [77.4905218692709, 12.92145351676], [77.4904970249421, 12.9216986555735], [77.4904667757393, 12.9219788178562], [77.4904508914185, 12.9221720037774], [77.4904395290936, 12.9223378273278], [77.4904351947982, 12.9224245254838], [77.4904340065277, 12.9225076536976], [77.4904366323249, 12.9225821288103], [77.4904424178069, 12.922645865455], [77.4904518043516, 12.9227121644082], [77.4904648795319, 12.9227816825838], [77.4904818845254, 12.9228557051714], [77.490521133738, 12.9229977182513], [77.4906167142533, 12.9233068586699], [77.4906535184622, 12.923426239693], [77.4907634508556, 12.9237636112219], [77.4908613911432, 12.9240943994303], [77.49092553333, 12.9242907346155], [77.4909507967894, 12.9243614726755], [77.4909754114563, 12.9244251171978], [77.4910173075193, 12.9245282126558], [77.4910466542008, 12.9245955118427], [77.4910758877675, 12.9246555849847], [77.4911052985651, 12.9247084528022], [77.4911425780432, 12.9247676124881], [77.4911821969428, 12.9248243410963], [77.4912237974103, 12.9248781270453], [77.4912670650241, 12.9249285658558], [77.4913043826011, 12.9249674198255], [77.4913479391782, 12.9250082669861], [77.4913972288024, 12.925050986577], [77.4914769256824, 12.9251169286109], [77.4915725817774, 12.9251951567632], [77.4916382714161, 12.9252424134128], [77.4916900643703, 12.9252723868145], [77.4918013380517, 12.9253267018299], [77.4918477820165, 12.9253519178287], [77.4919234274642, 12.9253987658113], [77.4919929084111, 12.92544592742], [77.4920672116524, 12.9255002700684], [77.4921256707569, 12.9255465873034], [77.4921758624342, 12.9255908918674], [77.4922188488704, 12.9256342216846], [77.4922364832817, 12.9256549232651], [77.4922533413681, 12.9256778675218], [77.4922855872215, 12.925731710047], [77.4923120668679, 12.9257860919131], [77.4923686556309, 12.9259148380496], [77.4923985643976, 12.9259731011186], [77.492429058468, 12.9260202690102], [77.4924619199938, 12.9260590162348], [77.4925006208839, 12.9260947550352], [77.4925475684306, 12.9261314296909], [77.492592781712, 12.9261629230561], [77.4927200182157, 12.9262471726045], [77.4929077104141, 12.9263700555975], [77.4929780467756, 12.9264195559866], [77.4930657862652, 12.9264878780693], [77.4931490302478, 12.9265579018937], [77.4932274721785, 12.9266293674745], [77.493300880616, 12.9267020647051], [77.49334476982, 12.9267499094713], [77.4933912157708, 12.9268054285298], [77.4935368329644, 12.9269951799373], [77.4935919103853, 12.9270635663405], [77.4937591182328, 12.9272630325806], [77.4938146496465, 12.9273245335134], [77.4938666509227, 12.9273778228206], [77.4939215364208, 12.9274296524978], [77.4939830213968, 12.9274839633388], [77.4940526259183, 12.9275421710501], [77.4941410398107, 12.9276132220008], [77.49421829317, 12.9276699416586], [77.494361535825, 12.9277649297653], [77.4944152784154, 12.9278021118392], [77.4944674447545, 12.9278415848861], [77.4945120432442, 12.927879749723], [77.4945948607817, 12.9279596079934], [77.4946681872159, 12.92803852608], [77.4947321547769, 12.9281166490953], [77.494786785839, 12.9281940048423], [77.4948214294489, 12.9282507341424], [77.4948539939508, 12.9283109654051], [77.4948843583075, 12.9283744757206], [77.49491238423, 12.9284409745813], [77.4949379643698, 12.9285102262978], [77.4949608992292, 12.9285817132661], [77.4949810329388, 12.9286549517981], [77.4949981991972, 12.9287293354296], [77.4950135550321, 12.9288204457006], [77.4950200044857, 12.928879930097], [77.4950241661712, 12.9289421269938], [77.4950260587439, 12.9290073379819], [77.4950256991862, 12.9290760670522], [77.4950231410044, 12.9291478592328], [77.4950183508767, 12.9292250151536], [77.4950012231528, 12.9294075052525], [77.4949936551591, 12.9294627173298], [77.4949821657145, 12.9295241079992], [77.4949370469184, 12.9297175785892], [77.4949231424694, 12.9297831547796], [77.4949130847922, 12.9298426380215], [77.4949069316164, 12.929896831878], [77.4949029821856, 12.9299696980751], [77.494902909653, 12.9300450615136], [77.4949067131891, 12.9301233016705], [77.4949144198992, 12.9302050136924], [77.4949259533804, 12.9302900167054], [77.4949415575244, 12.930380513819], [77.4949615197894, 12.9304782722388], [77.4949869510001, 12.930588754741], [77.4950615222751, 12.9308862832231], [77.4950887218184, 12.9310000691462], [77.4951268153503, 12.9311707400159], [77.4951403114745, 12.9312222531671], [77.4951542329349, 12.9312679066657], [77.4951775350352, 12.9313336672681], [77.4952043055309, 12.9314003008993], [77.4952344839791, 12.9314676572514], [77.4952679808913, 12.931535536602], [77.4952850780072, 12.9315662347961], [77.4953061086271, 12.931599561588], [77.4954063164413, 12.9317442489242], [77.4954287853276, 12.931782708275], [77.495446115286, 12.9318186625919], [77.4954660697384, 12.93186992509], [77.4954834078335, 12.9319240188852], [77.495498059187, 12.9319807205836], [77.495509946302, 12.9320397400005], [77.4955190152818, 12.9321008445493], [77.4955251798463, 12.9321635092192], [77.495528390969, 12.9322272502042], [77.4955286195672, 12.9322914588244], [77.4955263882181, 12.9323310633898], [77.4955211049798, 12.9323749056546], [77.4954973316762, 12.9325038248641], [77.4961825791397, 12.9329381519971], [77.4962810810121, 12.9330228131047], [77.4962879085655, 12.9331408025529], [77.496296411987, 12.933290585448], [77.4963079782593, 12.9333757487869], [77.496351003993, 12.9335247513097], [77.4963594191617, 12.9335673240457], [77.4963622637685, 12.9336019713005], [77.496361196822, 12.9336912905741], [77.4963453453405, 12.9337948134156], [77.4963439891912, 12.9338353410947], [77.4963463058623, 12.9338647892483], [77.496355078869, 12.9339099967735], [77.4963694058696, 12.933959610807], [77.4964130344188, 12.934067155896], [77.4964369852607, 12.9341369459917], [77.4964472296201, 12.9341769976127], [77.4964508550463, 12.9342204998077], [77.4964487856198, 12.9342527519376], [77.4964425618741, 12.934286016902], [77.4964312737953, 12.9343193746149], [77.4964193660269, 12.9343429416215], [77.4964064825566, 12.9343617637566], [77.4963897654275, 12.9343800362168], [77.4963102242584, 12.9344485157281], [77.4962930109673, 12.9344728400516], [77.4962843934081, 12.9344981635864], [77.4962827552588, 12.9345222891352], [77.4962860776214, 12.9345516255665], [77.4963157065805, 12.9347049530367], [77.4963174330219, 12.9347508071496], [77.4963148130148, 12.9348412272921], [77.4963240987208, 12.9349130551114]]}}, {"type": "Feature", "properties": {}, "geometry": {"type": "LineString", "coordinates": [[77.6398583377963, 12.9180331347855], [77.6416360272517, 12.9172631161631], [77.6417672339896, 12.9171785551025], [77.6418252506388, 12.9171259607845], [77.6419442484186, 12.916996684411], [77.6420325747854, 12.9169094042427], [77.6421134265802, 12.916823965849], [77.6421724458116, 12.916746744415], [77.6422622400356, 12.9166137514383], [77.6423268890526, 12.9165399484206], [77.6423614627363, 12.91651007162], [77.6423935023592, 12.9164873293641], [77.6425022326892, 12.9164246926084], [77.6427187922618, 12.9163347738716], [77.6429566175942, 12.9162454717753], [77.6431406143823, 12.9161601039455], [77.6433365485715, 12.9160904997478], [77.6434739381855, 12.9160341168107], [77.6436109738274, 12.915966068107], [77.6437259434558, 12.9159009312844], [77.6437762585334, 12.9158688397223], [77.643879473731, 12.9157949368634], [77.6439333035753, 12.9157636742506], [77.6440061488755, 12.9157334170075], [77.6441119142285, 12.9156971620602], [77.6441845402459, 12.9156764397259], [77.6443082361995, 12.9156474995982], [77.6443963574516, 12.9156170794388], [77.6444879617776, 12.9155708243312], [77.6446014992904, 12.9155001285936], [77.6446850731158, 12.9154525924245], [77.6447569302429, 12.9154169318105], [77.6448219223524, 12.9153898281979], [77.6448961575807, 12.9153649517999], [77.6449616101495, 12.9153480862956], [77.6450387606478, 12.9153322667771], [77.6452668936092, 12.9152944078607], [77.645386243262, 12.9152614523088], [77.6454728388551, 12.9152274237336], [77.6457436388794, 12.9150915482771], [77.6458138708311, 12.9150660915703], [77.6458638034128, 12.9150550971393], [77.6459053375775, 12.9150510780557], [77.6460556307745, 12.9150556170665], [77.6461034775799, 12.9150539126503], [77.646250002164, 12.9150280134075]]}}, {"type": "Feature", "properties": {}, "geometry": {"type": "LineString", "coordinates": [[77.5529324323607, 12.9194751320905], [77.5530247734177, 12.9194216854374], [77.5530682551618, 12.9194000098482], [77.553104910133, 12.9193870263847], [77.5531641672452, 12.9193743178812]]}}, {"type": "Feature", "properties": {}, "geometry": {"type": "LineString", "coordinates": [[77.7440825393495, 12.9176665015985], [77.7441119884124, 12.9176819029211], [77.7441422683701, 12.9176894861506], [77.7442392531945, 12.9177042932162], [77.7443200986, 12.9177091723855], [77.744457185594, 12.9177053393135], [77.7447146812907, 12.917671807787], [77.7448146133405, 12.9176654094205], [77.7450307616794, 12.9176739416887], [77.745266629976, 12.9176751345704], [77.7455021031859, 12.9176894740411]]}}, {"type": "Feature", "properties": {}, "geometry": {"type": "LineString", "coordinates": [[77.5614880556599, 12.9196089921002], [77.5614478500211, 12.9196773637109], [77.5613890848646, 12.9197682391666], [77.5613781881951, 12.9197921766069], [77.5613678958123, 12.9198323821195], [77.5613588761137, 12.9198934360064], [77.561353986268, 12.9200039851103], [77.5613550435793, 12.9200623327464], [77.5613634595559, 12.9201745690585], [77.5613636401744, 12.920222089212], [77.5613655727194, 12.9202426149006], [77.5614294293646, 12.9208794425457]]}}, {"type": "Feature", "properties": {}, "geometry": {"type": "LineString", "coordinates": [[77.7207958712514, 12.9180132329661], [77.7205775182195, 12.9175374815741], [77.7193999098167, 12.9165968336266], [77.7193543833223, 12.9165423440681], [77.7192194581315, 12.9164090165961], [77.7191776960826, 12.9163782387959], [77.7191286650258, 12.9163538168094], [77.7190644103304, 12.916331342892], [77.7189867591619, 12.9163123562926], [77.7184630683986, 12.9162177914272], [77.7183214558201, 12.9161824034276], [77.7181978373856, 12.9161376960001], [77.7180727913134, 12.9160810465508], [77.717972844677, 12.9160285703396], [77.7178411201346, 12.915944580653], [77.7186875048294, 12.9145695051707], [77.7186820104264, 12.9140616589488], [77.7190139256443, 12.9082745577105]]}}, {"type": "Feature", "properties": {}, "geometry": {"type": "LineString", "coordinates": [[77.7207958712514, 12.9180132329661], [77.718799468237, 12.9189659049195], [77.7185776337995, 12.9191348326822], [77.7185061216316, 12.9191818906069], [77.7184325613891, 12.919208533238], [77.7183941640147, 12.9192118030412], [77.7183453406378, 12.9192070494009], [77.7182706472095, 12.9191845504176], [77.7178643624272, 12.9190222750252], [77.7173611642608, 12.9188451944403], [77.7171910165658, 12.9187782372127], [77.716970292376, 12.9186786142105], [77.7166081261503, 12.9184878670056], [77.7165281581051, 12.9184379575872]]}}, {"type": "Feature", "properties": {}, "geometry": {"type": "LineString", "coordinates": [[77.701737975563, 12.9184243151338], [77.7015748881476, 12.9185631131212], [77.7014420375991, 12.9186900224133], [77.7013184970561, 12.9187915392484], [77.7011753256067, 12.9189511848592], [77.7009917945507, 12.9191111251453], [77.7008692498982, 12.9192613618673], [77.7006695859785, 12.9194882422095], [77.7005692494365, 12.9196306978538], [77.7005370564217, 12.9197009442992], [77.7005251899662, 12.9197890658785], [77.7005295890789, 12.9200289718976], [77.7005397551737, 12.9202424986426], [77.7005623386051, 12.9204605917148], [77.7006179570517, 12.9207742661388], [77.7007503365863, 12.9213780603107], [77.7007706937835, 12.9215249133163], [77.7007747855552, 12.921622714666], [77.7007671286583, 12.9217183538717], [77.7007445339587, 12.9218084148788], [77.7007083278847, 12.9218966925571], [77.7006241750477, 12.9220244773575], [77.7005305234278, 12.9221254473127], [77.7004203571049, 12.9222057519514], [77.700286111207, 12.9222795864394], [77.7001252969254, 12.9223416032595], [77.6999874262685, 12.9223789718459], [77.6999103222441, 12.9223849024084], [77.6997256699904, 12.9223760705659], [77.699657799688, 12.9223845180807], [77.6992372672838, 12.9226868462745], [77.6991672578605, 12.922974389696], [77.6991703414203, 12.9232611780735], [77.7004498602723, 12.923840664226], [77.701036967436, 12.9241707138899], [77.7011569238065, 12.9242440641641], [77.7014596245724, 12.9244371735937], [77.7016007830017, 12.9245238473945], [77.7017117844667, 12.9245862536311], [77.7019307321793, 12.9247005724459], [77.702019687472, 12.9247488911479], [77.7021099786169, 12.9248022141785], [77.7021878938534, 12.9248538938259], [77.7022457214964, 12.9248969483501], [77.7023029586948, 12.9249438410502], [77.7023598544463, 12.9249947744115], [77.7024167602476, 12.9250500618748], [77.7024633834146, 12.9250985694561], [77.7025106087563, 12.9251505713311], [77.7026088253666, 12.9252672454908], [77.7027111689078, 12.9253988094832], [77.7029148324247, 12.925673247181], [77.7030031223085, 12.9257888793791], [77.7030990635336, 12.9259070737069], [77.7031891225895, 12.9260086636393], [77.7033914267766, 12.9262188575856], [77.7034716730815, 12.9263058052242], [77.7035749931073, 12.9264274739676], [77.7037898296248, 12.9266946338829], [77.7039798592156, 12.9269320815021], [77.7040338428109, 12.9269949020873], [77.7040843908167, 12.9270491320349], [77.7041109077862, 12.9270745913526], [77.7041421875472, 12.9271014656568], [77.7042591455897, 12.9271919087815], [77.7043039217397, 12.927229270349], [77.70434599881, 12.9272707575439], [77.704378466913, 12.9273117607579], [77.7043991532498, 12.9273467856719], [77.7044176729376, 12.9273881701426], [77.7044338907437, 12.9274342181507], [77.7044756729882, 12.9275692056681], [77.7044917073795, 12.9276095959921], [77.704509009423, 12.9276441256966], [77.7045269927622, 12.9276736771231], [77.7045487742452, 12.9277053744123], [77.7046386674037, 12.9278222186242], [77.7046741250239, 12.9278729606684], [77.704724268918, 12.9279544427898], [77.7047686326499, 12.9280332530484], [77.7048013789217, 12.9280980027324], [77.7048514948841, 12.9282050873401], [77.7048784195992, 12.9282658015114], [77.7049479361506, 12.928432747796], [77.7049710215547, 12.9284823641827], [77.7049936841934, 12.9285259080203], [77.7050325103423, 12.9285888194992], [77.7051251908776, 12.9287219799967], [77.7051589222644, 12.9287777083304], [77.7052144653731, 12.9288807364376], [77.705230271548, 12.928916507433], [77.7052417860222, 12.9289495432816], [77.7052508446991, 12.928984326407], [77.7052579431367, 12.9290210350536], [77.7052630140955, 12.9290593266406], [77.7052659905807, 12.9290987104333], [77.7052660739707, 12.9291257580829], [77.7052638074601, 12.9291558337857], [77.7052478068767, 12.9292626670894], [77.705243671419, 12.9293055312193], [77.705242123791, 12.9293854705611], [77.7052447054086, 12.9295007491245], [77.7052497349876, 12.9296336305378], [77.7052576286848, 12.929730359445], [77.7052652687095, 12.9297821070865], [77.7052870738854, 12.929897397666], [77.7052939061168, 12.9299483650453], [77.7052988806777, 12.9300162418785], [77.7053009198083, 12.9300844319074]]}}, {"type": "Feature", "properties": {}, "geometry": {"type": "LineString", "coordinates": [[77.5526049766069, 12.9200284533755], [77.5526912453444, 12.9199661941496], [77.5527745214495, 12.9199060954376], [77.5527993322114, 12.9198739171762], [77.552825452452, 12.9198262190504], [77.5528571843152, 12.9197529413816], [77.5528849707653, 12.9196710841486], [77.5529324323607, 12.9194751320905]]}}, {"type": "Feature", "properties": {}, "geometry": {"type": "LineString", "coordinates": [[77.6796739631907, 12.9188558135473], [77.682631009443, 12.9158800903371], [77.6828222538891, 12.9145744486429]]}}, {"type": "Feature", "properties": {}, "geometry": {"type": "LineString", "coordinates": [[77.5266185975593, 12.9210871758772], [77.526582816392, 12.9209737233832], [77.5265666675628, 12.9209070645735], [77.5265628505698, 12.9208467986964], [77.5265700975367, 12.9207440705605], [77.5265654287782, 12.9206929814486], [77.526552136359, 12.9206465781299], [77.5264889315803, 12.9204882242041], [77.5264649738608, 12.9204156761699], [77.526452247784, 12.9203514010255], [77.5264388186943, 12.9202011095627], [77.5264256417495, 12.9201281762021], [77.5264058496718, 12.9200587075582], [77.5263414826248, 12.9198706601511], [77.5262965879576, 12.9197118624012], [77.5262804376133, 12.9196185626127], [77.5262724465656, 12.9194304394316], [77.5262632675353, 12.9193596555893], [77.5261708662553, 12.9190013590407], [77.5261475303315, 12.9189467417234], [77.5261176256509, 12.9188969014186], [77.5259043629661, 12.9186229358656], [77.5258474165863, 12.9185377464096], [77.5258161271413, 12.9184785069781], [77.5257697212553, 12.9183493406635], [77.525714434735, 12.91810968586], [77.5256772520561, 12.917989561773], [77.5256484799715, 12.9179292246137], [77.5256075295409, 12.9178587769334], [77.5254629424433, 12.9176414515964]]}}, {"type": "Feature", "properties": {}, "geometry": {"type": "LineString", "coordinates": [[77.7391768938718, 12.9191350069152], [77.7390422943406, 12.9191190470653], [77.7388644409177, 12.9191157667743], [77.7386855873882, 12.9191040415766], [77.7383311058648, 12.919121527129], [77.7382466481466, 12.9191061059214], [77.738086297039, 12.9190561600491], [77.7380064078736, 12.9190452933656], [77.7379469945886, 12.9190484088267], [77.7378318689502, 12.9190735493981], [77.7377446315641, 12.9190853839027], [77.7376804147979, 12.9190876535657], [77.7376088845349, 12.9190817587176], [77.7375555962509, 12.919068827025], [77.7374224449569, 12.9190214021625], [77.7372468464274, 12.9189869968284], [77.7371645406972, 12.9189621750847], [77.7371003948476, 12.9189291186443], [77.7370109844498, 12.918864582706], [77.7368933467459, 12.9187898431091]]}}, {"type": "Feature", "properties": {}, "geometry": {"type": "LineString", "coordinates": [[77.7391768938718, 12.9191350069152], [77.7395489888191, 12.9187960224359], [77.7396690646254, 12.9187155610121], [77.7398712118844, 12.9180385599754], [77.7399683334148, 12.9168902961934], [77.7400320383979, 12.9160291938149], [77.7410177572878, 12.9144557055554], [77.7410702590596, 12.9144380768242], [77.7412431360588, 12.9143961077772], [77.7413797669053, 12.9143371731987], [77.7414540592891, 12.9143115866711], [77.7415257628587, 12.9142938330625], [77.7416150422536, 12.9142814640049], [77.7416786502671, 12.9142590663662]]}}, {"type": "Feature", "properties": {}, "geometry": {"type": "LineString", "coordinates": [[77.7391768938718, 12.9191350069152], [77.7392548437847, 12.9193280378516], [77.7393540207267, 12.9195534078167], [77.7394817996337, 12.9198271775555], [77.7395646489507, 12.9199782120624], [77.7395841757589, 12.9200273385699], [77.7396106705698, 12.9201163521272], [77.7393437059286, 12.9207454302268]]}}, {"type": "Feature", "properties": {}, "geometry": {"type": "LineString", "coordinates": [[77.691582591979, 12.9199385813412], [77.6915976956213, 12.9199049113608], [77.691649590891, 12.9198138365798], [77.6916859768783, 12.919759916657], [77.6917592124237, 12.9196701593635], [77.6933416546094, 12.9193066678476]]}}, {"type": "Feature", "properties": {}, "geometry": {"type": "LineString", "coordinates": [[77.7457101486066, 12.919502070623], [77.7456690470215, 12.9193901188182], [77.7455706344093, 12.9189639379386], [77.7455002029824, 12.9185403795536], [77.7454931593186, 12.9182405304312], [77.7455091251835, 12.9179181756853]]}}, {"type": "Feature", "properties": {}, "geometry": {"type": "LineString", "coordinates": [[77.6528652477102, 12.9209374508875], [77.6528344115959, 12.9207566797268], [77.652827318142, 12.9206490657347], [77.6528409961823, 12.9204076830197], [77.6528529428722, 12.9203341631392], [77.6528678690269, 12.9202857690325], [77.6529074582866, 12.9202144010839], [77.6529779421081, 12.9201278401721], [77.6531124101721, 12.9199885326505], [77.6532340898364, 12.9198875290886], [77.653282419612, 12.9198387213895], [77.6533219663103, 12.9197738032077], [77.6533484844193, 12.9196792739431], [77.6533897243779, 12.9193001011981], [77.6534132464051, 12.9189623902558], [77.6534644467755, 12.9187311101835], [77.6536087546804, 12.9178529139037], [77.6536101983008, 12.9177680357561], [77.6536003267868, 12.917679472915], [77.6535790686151, 12.9175873408353], [77.653521013276, 12.9173948176171], [77.6535134560276, 12.9173169636211], [77.6535232254376, 12.9172759710817], [77.6535466380976, 12.9172367406375], [77.6536525894485, 12.9171372376299], [77.6536727626479, 12.9171111330623], [77.6536889499056, 12.9170758696952], [77.653707771005, 12.9169736340968], [77.6537215293195, 12.9167384019012], [77.6537359519078, 12.9166263115652], [77.6537584702775, 12.9165568281552], [77.6538324981318, 12.9164053464111], [77.6538491023398, 12.9163442560587], [77.6538511100386, 12.9162157362212], [77.653821654348, 12.9157448011238], [77.6538030178761, 12.915542143171], [77.6538026845566, 12.9154806738849], [77.6538089651316, 12.9154422770402], [77.6538241660162, 12.915408064424], [77.6538447880177, 12.9153826102723], [77.6539183384436, 12.9153163961894], [77.6539412190751, 12.9152801749579], [77.653952266966, 12.9152453134461], [77.6539536852129, 12.915168317719], [77.6539259695693, 12.91497224026], [77.6539132870716, 12.9148286989373], [77.6539227642073, 12.9145497116869], [77.6539361971966, 12.9144297275858], [77.6539905154302, 12.9141611371727], [77.6540057009316, 12.9141081213774], [77.6540502692188, 12.9140132524447], [77.6540531811957, 12.9139776695958]]}}, {"type": "Feature", "properties": {}, "geometry": {"type": "LineString", "coordinates": [[77.6528652477102, 12.9209374508875], [77.6529910517669, 12.9208986803345], [77.6530652959378, 12.9208836926881], [77.6534803792385, 12.9208405334234], [77.6536089794518, 12.9208427602154], [77.6539061178183, 12.9208828712253], [77.6539694254043, 12.9208819204104], [77.6540289503178, 12.9208732767575], [77.6541236679718, 12.9208459552449], [77.6545415104007, 12.9206862469057], [77.654636914559, 12.9206326609865], [77.6547442381196, 12.9205473836764]]}}, {"type": "Feature", "properties": {}, "geometry": {"type": "LineString", "coordinates": [[77.6528652477102, 12.9209374508875], [77.6521821107056, 12.9210967131789], [77.6518298553202, 12.9211941453673], [77.6516842909406, 12.9212521544089], [77.651628373815, 12.9212909507246], [77.6515918029746, 12.9213320465966], [77.6515578192737, 12.9214042979371], [77.6514872930908, 12.9216622683503], [77.6513749840974, 12.9219079496557], [77.6513617680634, 12.9219611613682], [77.6513380420423, 12.9221518770532], [77.6512909873791, 12.9223299174187], [77.6512299892758, 12.9225106822446], [77.6511289206986, 12.9227449686073], [77.6510344215612, 12.9230299647447], [77.6509114383251, 12.9234700062864], [77.6508813756207, 12.9237439443619], [77.6508528407559, 12.923893035072], [77.6508228678618, 12.9239888750062], [77.650766424109, 12.9241110704035], [77.6505224840873, 12.9243608855796]]}}, {"type": "Feature", "properties": {}, "geometry": {"type": "LineString", "coordinates": [[77.6909273865868, 12.9206814802117], [77.6909852235726, 12.9205051669383], [77.6910064516044, 12.9203893225854], [77.69104659969, 12.9195996636063], [77.6910472150948, 12.9194019710846]]}}, {"type": "Feature", "properties": {}, "geometry": {"type": "LineString", "coordinates": [[77.6909273865868, 12.9206814802117], [77.6909546309333, 12.9207077874455], [77.6909742436235, 12.920729988021], [77.6909865819074, 12.9207512554229], [77.6909928133614, 12.9207711430929]]}}, {"type": "Feature", "properties": {}, "geometry": {"type": "LineString", "coordinates": [[77.7461908275471, 12.9201420587412], [77.7461104763702, 12.9200756470645], [77.7459996959065, 12.9199665385835]]}}, {"type": "Feature", "properties": {}, "geometry": {"type": "LineString", "coordinates": [[77.7461908275471, 12.9201420587412], [77.7462518453429, 12.920129135935], [77.746305830407, 12.9201318145536]]}}, {"type": "Feature", "properties": {}, "geometry": {"type": "LineString", "coordinates": [[77.5241451994293, 12.9224256714303], [77.5240343526024, 12.9223765639316], [77.5238652359266, 12.9222706432587], [77.5236885842023, 12.9222008397346], [77.5236141886053, 12.9221609989736], [77.5235582741168, 12.9221179501377], [77.5235107388097, 12.9220709868026], [77.5233610222857, 12.9218975388979], [77.5233182658341, 12.9218676593484], [77.5232241784239, 12.9218191384091], [77.5231753130625, 12.9217871034453], [77.5230345549029, 12.9216513143957], [77.5229901464071, 12.9216212772768], [77.5229317660146, 12.9215902873953], [77.5227407157, 12.9215079789163]]}}, {"type": "Feature", "properties": {}, "geometry": {"type": "LineString", "coordinates": [[77.6909928133614, 12.9207711430929], [77.6911504713423, 12.9207189351096], [77.691258217117, 12.920689272223], [77.6913126354503, 12.9206694801373], [77.6913745695362, 12.9206336967229], [77.6913963577505, 12.9206150956493], [77.6914217302245, 12.9205846297498], [77.6914441756605, 12.9205456300491], [77.6914641619137, 12.9204993871617], [77.6915058507959, 12.9203630483986], [77.69151448555, 12.9203099358658], [77.6915308894384, 12.9200970629486], [77.691539998752, 12.920048359406], [77.6915537050969, 12.9200029789504], [77.691582591979, 12.9199385813412]]}}, {"type": "Feature", "properties": {}, "geometry": {"type": "LineString", "coordinates": [[77.7462237971007, 12.9202094621011], [77.7461908275471, 12.9201420587412]]}}, {"type": "Feature", "properties": {}, "geometry": {"type": "LineString", "coordinates": [[77.7462237971007, 12.9202094621011], [77.746305830407, 12.9201318145536]]}}, {"type": "Feature", "properties": {}, "geometry": {"type": "LineString", "coordinates": [[77.550963931563, 12.9221965681819], [77.5509689040851, 12.9221830380776], [77.550968667663, 12.9221654743146], [77.5509415297841, 12.922018000386], [77.5509213868788, 12.9218527140309], [77.5509098117203, 12.921619974343], [77.5508901629621, 12.9214270642097], [77.5508687684443, 12.9213008577075], [77.5508261443566, 12.9211083907068], [77.5507996715566, 12.9209355906032], [77.5507861169636, 12.9208978037073], [77.5507713122837, 12.9208768623919], [77.5507517205588, 12.9208611410939], [77.5507322573558, 12.9208514545905], [77.5506727469475, 12.9208369165797], [77.55000728527, 12.920779566409], [77.5497761265391, 12.9207459865719], [77.5480472791958, 12.9200688853354]]}}, {"type": "Feature", "properties": {}, "geometry": {"type": "LineString", "coordinates": [[77.6909101794234, 12.9207945793189], [77.6909159169356, 12.920735786423], [77.6909273865868, 12.9206814802117]]}}, {"type": "Feature", "properties": {}, "geometry": {"type": "LineString", "coordinates": [[77.6909101794234, 12.9207945793189], [77.6909928133614, 12.9207711430929]]}}, {"type": "Feature", "properties": {}, "geometry": {"type": "LineString", "coordinates": [[77.5229420379771, 12.9227670740025], [77.5229389218369, 12.9227058091332], [77.5229131352474, 12.9225289838631], [77.522929463304, 12.9223106177504], [77.5229168759965, 12.9221439158078], [77.5229050393748, 12.9220988885917], [77.5228553689447, 12.9220030311828], [77.5228296227599, 12.9219263041727], [77.5227407157, 12.9215079789163]]}}, {"type": "Feature", "properties": {}, "geometry": {"type": "LineString", "coordinates": [[77.5154424344105, 12.922993185666], [77.5157137053555, 12.9230694555801], [77.5159336612519, 12.9231318796808], [77.5164463159073, 12.9232201674411], [77.5165823000339, 12.923248590989], [77.516696029625, 12.9231990141965], [77.5167842069887, 12.9231367657001], [77.5170623761348, 12.9228393722817], [77.5172164299991, 12.9227027033612], [77.5172961402829, 12.9226521850487], [77.5173774301671, 12.9226278562022], [77.5175662620157, 12.9226254070172], [77.5181345231196, 12.9226531555912], [77.5182504388753, 12.922670015739], [77.5185204906564, 12.9227320861874], [77.5186082056813, 12.9227420102639], [77.5186784958106, 12.9227324471248], [77.5188771982094, 12.9226792640813], [77.5190428473967, 12.9226546654354], [77.5198168799279, 12.9226224946824], [77.5202655661318, 12.9225540740551], [77.5203987695719, 12.9225627957658], [77.5206504478913, 12.9226226561485], [77.5207202584233, 12.9226236949796], [77.5207866898758, 12.9226109078807], [77.5208835339025, 12.9225719648095], [77.5210669298502, 12.9224637956192], [77.5212946081154, 12.9222752158676], [77.5217946836916, 12.9219602344283], [77.5220451494291, 12.9218296816233], [77.5224007039544, 12.9216834279368], [77.5227407157, 12.9215079789163]]}}, {"type": "Feature", "properties": {}, "geometry": {"type": "LineString", "coordinates": [[77.5154424344105, 12.922993185666], [77.5151200629491, 12.9229245770288], [77.51471864321, 12.9229929882088], [77.5144424309146, 12.9231534208811], [77.5142686351047, 12.9233200386446], [77.5140880308137, 12.9235369224399], [77.5138891149072, 12.923803085332], [77.5138733979937, 12.9239267752196], [77.5138413600189, 12.9240267638903], [77.5138033041687, 12.9240899003064], [77.5137362608547, 12.924153373741], [77.5136289306016, 12.9242216306529], [77.5132173995658, 12.9244458843604], [77.5130256287004, 12.9245293540156], [77.5128842951319, 12.9245713330592], [77.5126482353448, 12.9245985991097], [77.5125019130961, 12.9246076233344], [77.5116674370084, 12.9246221363978], [77.5115257061834, 12.9246176231751], [77.5114631769453, 12.9246064759312], [77.5113991105636, 12.9245859480702], [77.5111808589611, 12.9244847765656], [77.5111028192488, 12.9244336056789], [77.5110114892853, 12.9243367412196], [77.5109621820225, 12.9243841627784], [77.5108991121821, 12.924413455393], [77.5107777507205, 12.9244624320724], [77.5106659935712, 12.9244969743009], [77.5105685216004, 12.9244979119703], [77.5104342421368, 12.9245087707266], [77.5103340355493, 12.9244652151093], [77.51027684302, 12.9244533250612], [77.5101249626696, 12.9244966193188], [77.5099730813392, 12.9245399144097], [77.5098030432549, 12.9245953354112], [77.5095963940028, 12.9246451317789], [77.509468462895, 12.9246463619424], [77.5093469208624, 12.92467741178]]}}, {"type": "Feature", "properties": {}, "geometry": {"type": "LineString", "coordinates": [[77.7393437059286, 12.9207454302268], [77.7394360684151, 12.9207201574046], [77.7395879417142, 12.92069815245], [77.739819284132, 12.9206873837109], [77.7399318973874, 12.9206641411568], [77.7400596057243, 12.9206124104383], [77.7403978415628, 12.9204429557628], [77.7405429824285, 12.9203776335512], [77.7407213645364, 12.920320179032], [77.7409182178865, 12.9202728294285], [77.7410445041615, 12.9202688032528], [77.7412138464181, 12.9202950555777], [77.74130863737, 12.9203029887129], [77.7416023530266, 12.9202969400985], [77.7416906606062, 12.9203087388261], [77.7417645378572, 12.9203291696444], [77.7418246901164, 12.9203563687938], [77.7418852424227, 12.9203987009801], [77.7419775409873, 12.9205026741543], [77.7424692119708, 12.921289595154], [77.742513931444, 12.9213913859322], [77.7425503386685, 12.9215037048264], [77.7425871587972, 12.9216572865912], [77.7426428930343, 12.9219467449069], [77.7426751287381, 12.9220263498218]]}}, {"type": "Feature", "properties": {}, "geometry": {"type": "LineString", "coordinates": [[77.7479327986506, 12.921117394977], [77.7478174815924, 12.9210445698554], [77.747653348436, 12.9209048399322], [77.747588250679, 12.9208550224262], [77.7474726103883, 12.92078613544], [77.7472986241605, 12.9207013206231], [77.7472211627828, 12.9206567541401], [77.7471342597941, 12.9205963964205], [77.7470079036511, 12.9204886556691], [77.7469287819334, 12.9204321274136], [77.7468701456695, 12.9204019452386], [77.7466627449953, 12.9203120922313], [77.746305830407, 12.9201318145536]]}}, {"type": "Feature", "properties": {}, "geometry": {"type": "LineString", "coordinates": [[77.7265017026133, 12.9218344678115], [77.7264117660147, 12.9217885704254], [77.7263438776931, 12.9217613732923], [77.7258867987572, 12.9216135444489], [77.7258364565392, 12.9215880130731], [77.7258040912772, 12.9215561656178], [77.7257851566101, 12.9215204000868], [77.7257700014443, 12.9214719093368], [77.7255972952722, 12.9207276295484], [77.7255716632754, 12.9206322441385], [77.7255343015556, 12.9205299856541], [77.7255247420902, 12.9204896460867], [77.7245075722191, 12.9200111147709], [77.7235853151317, 12.9196572338755], [77.7229746140762, 12.9195142220676], [77.7223337840342, 12.9194013985719], [77.7216910112484, 12.9191093358747], [77.7211366893928, 12.9185474598702], [77.7207958712514, 12.9180132329661]]}}, {"type": "Feature", "properties": {}, "geometry": {"type": "LineString", "coordinates": [[77.7472392641009, 12.9216983136425], [77.7472227079169, 12.9216308750522], [77.7471761149007, 12.9214964640495], [77.7471514245708, 12.9214426818729], [77.7471148087573, 12.9213838725824], [77.7468565692631, 12.9210217981574], [77.7465893883384, 12.920693217358], [77.7462237971007, 12.9202094621011]]}}, {"type": "Feature", "properties": {}, "geometry": {"type": "LineString", "coordinates": [[77.5093469208624, 12.92467741178], [77.5112744576442, 12.9236899800551], [77.5115711433634, 12.9236358593927], [77.5116687158327, 12.9235920570706], [77.511747079429, 12.9235222085548], [77.5117982119477, 12.9234432926514], [77.5118351152869, 12.9233522713948], [77.5118620584239, 12.9232312588779], [77.511877668105, 12.9230951786107], [77.511879029975, 12.9229896966202], [77.5118694985572, 12.922897589017], [77.5118057428926, 12.9227006879341], [77.5118024135893, 12.9226038405587], [77.5118824240443, 12.9223220211048], [77.5119537715669, 12.9219493803894], [77.511989011091, 12.9218599056736], [77.5120433322127, 12.92179850668], [77.5121689293887, 12.9217160453302], [77.5122407528545, 12.9216578090335], [77.5124469148717, 12.9214499629178], [77.5126068950751, 12.9213096778302], [77.512694446821, 12.9212459576609], [77.5129493252438, 12.9210891376179], [77.5132062150415, 12.9208790292008], [77.5133541264436, 12.9207675331024], [77.5134093046414, 12.9207122233144], [77.5134704773025, 12.9206268355755]]}}, {"type": "Feature", "properties": {}, "geometry": {"type": "LineString", "coordinates": [[77.5093469208624, 12.92467741178], [77.5092558993615, 12.924714144714], [77.5092549141169, 12.9247146366514], [77.5088530837876, 12.9249153155752], [77.5084825294416, 12.9254837298508], [77.5083924610699, 12.9257379880303], [77.5083944669318, 12.9259387698124], [77.5084208883236, 12.9261440981746], [77.5084817606312, 12.9263825615888], [77.5084870954154, 12.9266416931771], [77.5083740454572, 12.926700755187], [77.5082948487533, 12.926701515574], [77.5082895921635, 12.9267852348703], [77.5081567613786, 12.9269060364334], [77.5080105526473, 12.926907440864], [77.507857302944, 12.9268813509526], [77.5077115055541, 12.926856529205], [77.5074373625341, 12.9268591636773], [77.5071997730343, 12.926861446643], [77.5069137461684, 12.9268940759646], [77.5068645322406, 12.9268467386491], [77.50685145333, 12.9267572206514], [77.5068023587802, 12.9267218353798], [77.5065771321775, 12.9267419269975], [77.5063885765757, 12.9267736203122], [77.5062991119868, 12.9267642864163], [77.5061263208745, 12.9267462570743], [77.5058522382077, 12.9267548658873], [77.505723649623, 12.9266903616251], [77.5054507090229, 12.926202931086], [77.5054250293863, 12.9260717003364], [77.505344997929, 12.9259888006725], [77.5051127649009, 12.9259257111723], [77.5050696648027, 12.9258719188978], [77.5050538378136, 12.9258521659545]]}}, {"type": "Feature", "properties": {}, "geometry": {"type": "LineString", "coordinates": [[77.6878600996098, 12.9229969222801], [77.6857908925586, 12.9222618098259], [77.6857138420155, 12.9222495082443], [77.6856578965409, 12.9222301906538], [77.6856103517312, 12.922198962305], [77.6855762333239, 12.9221583289504], [77.6855537104061, 12.9220976062208], [77.6855498043959, 12.9220048298154], [77.6856115935682, 12.921414345602], [77.6856438286451, 12.9211879220894], [77.6856381573405, 12.9210668212883], [77.6856029774392, 12.9207772948913], [77.6856016666577, 12.9206389462034], [77.6856105823542, 12.920486927186], [77.6856595625535, 12.9202212675611], [77.6856876474282, 12.920113921175], [77.6857219278966, 12.9200386532101], [77.6857989413371, 12.9199348098954]]}}, {"type": "Feature", "properties": {}, "geometry": {"type": "LineString", "coordinates": [[77.6878600996098, 12.9229969222801], [77.6879356518437, 12.9229691169723], [77.6880177107876, 12.9229340158187], [77.6881010652268, 12.9228945885855], [77.6883291458918, 12.9227817059154], [77.6883997487296, 12.9227495944962], [77.6884639806405, 12.9227230981227], [77.6886564477063, 12.9223264398657], [77.6887266737494, 12.922317558045], [77.6892204807198, 12.922222694033], [77.6895883070648, 12.922116864992], [77.6902089015761, 12.921968311438], [77.6902819229357, 12.9219451162629], [77.6903408705584, 12.9219150649877], [77.6903791059597, 12.9218819136226], [77.6904278375646, 12.9218222132058], [77.6906041325612, 12.9215709933522], [77.6906492491142, 12.9214977759573], [77.6906631987426, 12.9214659734195], [77.6906754739497, 12.9214155045638], [77.6906889341238, 12.9211746889401], [77.6907149740318, 12.9210697429651], [77.6907365544182, 12.921022192748], [77.690760044021, 12.9209848815627], [77.6909101794234, 12.9207945793189]]}}, {"type": "Feature", "properties": {}, "geometry": {"type": "LineString", "coordinates": [[77.6918688942817, 12.9230295762406], [77.6918853703477, 12.9229439426997], [77.6918875154437, 12.922866725546], [77.6918799198841, 12.9228243263868], [77.6918607465767, 12.9227634976828], [77.6917984978765, 12.9226233047566], [77.6917767649677, 12.9225455199276], [77.6917712717987, 12.9224924501139], [77.6917536572231, 12.9221039564045], [77.6917423148773, 12.9219603846561], [77.691582591979, 12.9199385813412]]}}, {"type": "Feature", "properties": {}, "geometry": {"type": "LineString", "coordinates": [[77.5352463536444, 12.9247873070392], [77.534361057681, 12.9243820869011], [77.5342357078721, 12.9243247110233], [77.5342125010086, 12.9243082130348], [77.534185783444, 12.9242799795551], [77.5341572381624, 12.9242360144298], [77.5341353623157, 12.9241895867154], [77.5340656845445, 12.9239621862262], [77.5340408810247, 12.9239034689326], [77.5340104544349, 12.9238496795785], [77.533917686988, 12.9237337445613], [77.5336969692287, 12.9235104962867], [77.5336237874243, 12.9234201200524], [77.5335764476642, 12.9233507264326], [77.5335454149074, 12.923286774253], [77.5335269685969, 12.9232205559426], [77.5335087710182, 12.9229219801068], [77.5334962151388, 12.9228524963663], [77.533477210303, 12.9227945439474], [77.5334545093061, 12.9227482813415], [77.5334258767791, 12.922704490393], [77.5332901639548, 12.9225417073863], [77.5332367423099, 12.9224571111596], [77.5331897033278, 12.9223967763644]]}}, {"type": "Feature", "properties": {}, "geometry": {"type": "LineString", "coordinates": [[77.5352463536444, 12.9247873070392], [77.5350325542898, 12.9237638646109], [77.5350068318648, 12.9234695155745], [77.5349912083577, 12.9233719239479], [77.5348899808201, 12.9230538691954], [77.534864058061, 12.9229333633438], [77.5348599100447, 12.922865421625], [77.5348640982797, 12.9227921642099], [77.5349164852469, 12.9225499866255], [77.5349267992443, 12.9224072683581], [77.534910279951, 12.9222932728692], [77.5348398940876, 12.9220689756786], [77.5348235739834, 12.9219908606671], [77.5348152263067, 12.9218467416296], [77.5348313009838, 12.921694198134]]}}, {"type": "Feature", "properties": {}, "geometry": {"type": "LineString", "coordinates": [[77.5356489468465, 12.9249715813621], [77.5352463536444, 12.9247873070392]]}}, {"type": "Feature", "properties": {}, "geometry": {"type": "LineString", "coordinates": [[77.6030144368238, 12.9246970568539], [77.6025793479161, 12.9244590272205], [77.6020713480411, 12.9242092373463], [77.6016987033918, 12.9239793502249], [77.6012706585979, 12.9236235837335], [77.600904396455, 12.9232222683858], [77.6005757237285, 12.9227938090411], [77.6004456239312, 12.9225936568268], [77.6001746079717, 12.9226595972173], [77.6001116360919, 12.9224577135856], [77.6000529771267, 12.922329638138], [77.5996740859054, 12.9217936574107], [77.5995076297212, 12.9215398529711], [77.599364403425, 12.9212959120089], [77.5991898791052, 12.9210350865909], [77.5990736464242, 12.9208456256]]}}, {"type": "Feature", "properties": {}, "geometry": {"type": "LineString", "coordinates": [[77.6505224840873, 12.9243608855796], [77.6501965656296, 12.9242838272737], [77.6468298525657, 12.9242036356216], [77.6460392113798, 12.924096921134], [77.6454077170216, 12.9238308331354], [77.6444811225555, 12.9233095858883], [77.6435842243519, 12.9228310594046], [77.642409415282, 12.9223410004393], [77.6400266995642, 12.9218958922854]]}}, {"type": "Feature", "properties": {}, "geometry": {"type": "LineString", "coordinates": [[77.6505224840873, 12.9243608855796], [77.6507650618943, 12.9244182394446], [77.6508004965793, 12.9245103416267], [77.6508437751795, 12.9246554686968], [77.6508720186126, 12.9247318434361], [77.6509176232205, 12.9248219659137], [77.6509891833295, 12.9249265004361], [77.6511873454461, 12.9251709609843], [77.651279329379, 12.9252683208621], [77.6514056501798, 12.9253803797388], [77.6516557207454, 12.9255772930978], [77.6517232498036, 12.9256392332396], [77.6518539069057, 12.9257855507417], [77.6518911191482, 12.9258382698646], [77.6519139504292, 12.9258809014251], [77.6519602535451, 12.9260193050139], [77.6519927605565, 12.9261591298225], [77.6520202659595, 12.9263040346789], [77.6520599841355, 12.9265895144209], [77.6520869542994, 12.9267473830507], [77.6521825355522, 12.9271672808215], [77.6522430890612, 12.9273996781315], [77.6523143570585, 12.927820567306], [77.6523520032012, 12.927987699171], [77.6524013490615, 12.928141950659], [77.6524511300771, 12.9282536159896], [77.6525101349264, 12.9283523800348], [77.6525970170441, 12.9284692240039], [77.6526413380161, 12.928536740575], [77.6531887549936, 12.9317243665959]]}}, {"type": "Feature", "properties": {}, "geometry": {"type": "LineString", "coordinates": [[77.7386842278894, 12.9236567744001], [77.7386887846435, 12.9236137998034], [77.738716970919, 12.9235392927144], [77.7387687306494, 12.9234537830517], [77.739111094268, 12.9230170550195], [77.7391849694449, 12.9229104198303], [77.7392299212776, 12.9227966943636], [77.7392854275475, 12.9225673777269], [77.7393284015613, 12.9222321611894], [77.7393358350797, 12.922069717581], [77.7393194391275, 12.9219351464354], [77.7392341520103, 12.9214303187577], [77.7392216390786, 12.9212716255666], [77.7392415278783, 12.9208903903124], [77.7392557579283, 12.9208301145975], [77.7392820736083, 12.9207879550213], [77.7393437059286, 12.9207454302268]]}}, {"type": "Feature", "properties": {}, "geometry": {"type": "LineString", "coordinates": [[77.7386842278894, 12.9236567744001], [77.7388897212225, 12.9236740486505], [77.7390140280321, 12.9236844982651], [77.7394743466991, 12.9236662112237], [77.7402398715352, 12.9235753639268], [77.7403553244308, 12.9235647966162], [77.7404487265552, 12.923561803163], [77.740744983574, 12.9235743350966], [77.7414009681544, 12.9236398783051], [77.7416291020947, 12.9236385151133], [77.7417112620438, 12.9236419771389], [77.7419642616912, 12.9236714796674], [77.7420916878071, 12.9236710793351], [77.7422328660629, 12.9236603962608], [77.7423058564168, 12.9236620899587], [77.7425369985392, 12.9236870881042], [77.7426758587974, 12.923712660253], [77.7427671714542, 12.9237233463991], [77.7428491345401, 12.9237290224016], [77.7429791771819, 12.9237259473469]]}}, {"type": "Feature", "properties": {}, "geometry": {"type": "LineString", "coordinates": [[77.5049434747913, 12.9260162897627], [77.5041870167148, 12.9253329116227], [77.504077216972, 12.9252337188781], [77.5039996662613, 12.9251868912866], [77.5039264895706, 12.925169135912], [77.5037381815757, 12.9251556870898], [77.5036893459567, 12.9251366862017], [77.5036514802873, 12.9251081529968], [77.5036103115927, 12.925055690788], [77.503490608425, 12.9248470873435], [77.5034370318481, 12.9247939734373], [77.5033077845822, 12.9246965994372], [77.5032475435527, 12.9246263432429], [77.5032034252435, 12.9245381669629], [77.5031698901709, 12.9244024005521], [77.503140809449, 12.9243310341076]]}}, {"type": "Feature", "properties": {}, "geometry": {"type": "LineString", "coordinates": [[77.6068303906221, 12.9251273177183], [77.6051514276931, 12.9252028154254], [77.6048867793649, 12.9252147138544], [77.6046938122017, 12.9251836557566], [77.6041569428172, 12.9250561481219], [77.6040382614084, 12.9250123840425], [77.6038678181935, 12.9249293086308], [77.6037712702047, 12.9248970338356], [77.6032013609345, 12.9247775193008], [77.6030144368238, 12.9246970568539]]}}, {"type": "Feature", "properties": {}, "geometry": {"type": "LineString", "coordinates": [[77.6007606263121, 12.9254408495919], [77.6030144368238, 12.9246970568539]]}}, {"type": "Feature", "properties": {}, "geometry": {"type": "LineString", "coordinates": [[77.5538251936645, 12.9263927081114], [77.5536738702894, 12.9257492861645], [77.5536659297892, 12.925637526862], [77.5536745178771, 12.9254177539799], [77.5536440679987, 12.9251652782783], [77.5536496999318, 12.9250889934504], [77.5536911050763, 12.9248605171032], [77.553685775186, 12.9246202697009], [77.5536917604438, 12.9245368847121], [77.5537149211363, 12.9244516584447], [77.5537957467129, 12.9242529377088], [77.5538366211601, 12.924061769662], [77.5538370147477, 12.9240494823242]]}}, {"type": "Feature", "properties": {}, "geometry": {"type": "LineString", "coordinates": [[77.5538251936645, 12.9263927081114], [77.5539046666935, 12.9263444108487], [77.5539646783962, 12.9263164575952], [77.5540122341769, 12.9263059338856], [77.5541003627662, 12.9262992403481]]}}, {"type": "Feature", "properties": {}, "geometry": {"type": "LineString", "coordinates": [[77.5538251936645, 12.9263927081114], [77.5538391121415, 12.9264515120178], [77.5538763515985, 12.9265136464153], [77.5539751502309, 12.9266167330697], [77.5541795350388, 12.9268069740684], [77.5542114569772, 12.9268441733716], [77.554234222276, 12.9268833243397], [77.5542529332749, 12.9269434066666], [77.5542659785769, 12.9270295343674], [77.5542872633763, 12.9272964140018], [77.5542913936848, 12.927422181664], [77.554440954769, 12.9276375494357]]}}, {"type": "Feature", "properties": {}, "geometry": {"type": "LineString", "coordinates": [[77.5027840797957, 12.9268913471746], [77.5029148922675, 12.9268519848345], [77.5032768639646, 12.9268542362055], [77.5036511909856, 12.9268004105774], [77.5037841010317, 12.9268227047702], [77.5040556046265, 12.9269333579334], [77.5050506070981, 12.9273388735848]]}}, {"type": "Feature", "properties": {}, "geometry": {"type": "LineString", "coordinates": [[77.5477320887669, 12.926466230618], [77.5476589947929, 12.9264062836888], [77.5474495775477, 12.9262754543958], [77.5472763379471, 12.9261402711886], [77.5470941425865, 12.926042719741], [77.5469267341101, 12.9259299205506], [77.5468641950393, 12.925881974072], [77.5468203923516, 12.9258360419458], [77.5467496509242, 12.9257386609385], [77.5467013504506, 12.9256471132285], [77.5465891937122, 12.925360837243], [77.5464424465593, 12.9249321091975], [77.5464305722916, 12.9248601762061], [77.5464294851071, 12.924789391068], [77.5464635800455, 12.9245365589802], [77.546461573672, 12.9244318973432], [77.5464338035596, 12.924292355737], [77.5463253467841, 12.9238996961304], [77.5463085976795, 12.9237981660814], [77.5463028997726, 12.923714024773], [77.5463071045804, 12.9234726918225], [77.5463226640983, 12.9232961234258], [77.5463448061332, 12.9231600465892], [77.5464218004381, 12.9228561132325], [77.5464350337582, 12.9227650636213], [77.5464403271968, 12.9226651588841], [77.5464305902067, 12.9224579865635], [77.5463943682911, 12.9221760224235], [77.5463926953714, 12.9218417754226], [77.546358376127, 12.9215147945484], [77.5463663345658, 12.9210205369972], [77.5463564901895, 12.9209283844064], [77.5463303046256, 12.9208337702501], [77.5463352542282, 12.9207916971465], [77.5463717822277, 12.920481197374]]}}, {"type": "Feature", "properties": {}, "geometry": {"type": "LineString", "coordinates": [[77.5206096805597, 12.9269426766688], [77.520483601301, 12.9265321099408], [77.5204461784462, 12.9263432510902], [77.5204477394542, 12.926157888023], [77.5205021304055, 12.9260011231389], [77.5206039266812, 12.925862833778], [77.520764186066, 12.9257214020277], [77.5213510886099, 12.925359967293], [77.5214482232949, 12.925266048575], [77.5215981820418, 12.9250734983968], [77.52171625239, 12.9249834204128]]}}, {"type": "Feature", "properties": {}, "geometry": {"type": "LineString", "coordinates": [[77.5206096805597, 12.9269426766688], [77.5214327972322, 12.9264774909422], [77.5226133505351, 12.9257464386614], [77.5227716401056, 12.9256204022038], [77.5228923467369, 12.9255036951822], [77.5229994257298, 12.9253620301611], [77.5230773341695, 12.9252322740625]]}}, {"type": "Feature", "properties": {}, "geometry": {"type": "LineString", "coordinates": [[77.4795334447532, 12.9274917856961], [77.4795595971512, 12.9274636494467], [77.4795943220088, 12.927417857566], [77.4796541418292, 12.9273216435689], [77.4797074539878, 12.927258443308], [77.4797652080565, 12.9272079619969], [77.4798879977371, 12.9271237182558], [77.4799383759591, 12.9270798095732], [77.4799714178436, 12.9270420378473], [77.4800050807186, 12.926995238675], [77.4800988090477, 12.9268161369469], [77.4801319457392, 12.9267652164405], [77.4801700492308, 12.9267184202275], [77.4802148868306, 12.9266738540155], [77.4802556301705, 12.9266402971239], [77.4804607402259, 12.9265007520849], [77.4804975605418, 12.9264675703684], [77.4805276307687, 12.9264337128391], [77.4805921284425, 12.9263346217548], [77.4806276646196, 12.926266190984], [77.4806758514334, 12.9261604912732], [77.4808453722176, 12.9259339674305]]}}, {"type": "Feature", "properties": {}, "geometry": {"type": "LineString", "coordinates": [[77.6008531950491, 12.9263749800683], [77.6008857699486, 12.9262346910383], [77.6008870401137, 12.9261433015623], [77.600860856679, 12.9259895272318], [77.6008549093666, 12.9258535593255], [77.6008452787296, 12.9257745669892], [77.6008029286048, 12.9255602349424], [77.6007606263121, 12.9254408495919]]}}, {"type": "Feature", "properties": {}, "geometry": {"type": "LineString", "coordinates": [[77.5881466086514, 12.9267271835767], [77.588219775894, 12.926681725747], [77.5883108953878, 12.926634786159], [77.5883902749221, 12.926601743188], [77.5884654162101, 12.9265794570493], [77.5888009595698, 12.9265238325553], [77.5891428823893, 12.9264962205737], [77.5892512259387, 12.9264729561005], [77.5895494144234, 12.9263851838425], [77.5896647854594, 12.9263575554198], [77.5897631548862, 12.9263428522638], [77.5897985878368, 12.9263436443487], [77.5898389947518, 12.9263528667493], [77.5898738361071, 12.9263734518382], [77.5898951057893, 12.9263965124394], [77.5899260882574, 12.9264623864182], [77.5900191321826, 12.9269498615876], [77.5900409124509, 12.9270322261167], [77.5900689270067, 12.9271090340347], [77.5901238788188, 12.9272175924514], [77.5903439296736, 12.9275720181511], [77.5904173480635, 12.9276583943713], [77.5905780304454, 12.9277984303166], [77.590950633754, 12.9281642289637], [77.5912328174592, 12.9284780674387], [77.5914876208145, 12.9286947171815], [77.5915964518175, 12.9287721422386], [77.5919522191108, 12.929002229901], [77.5920581098009, 12.9290504305897], [77.5921567198337, 12.9290758131506], [77.5922587307847, 12.929082150825], [77.5923782615632, 12.929067955386], [77.5924813129759, 12.9290428737023], [77.5927257480585, 12.9289688570515], [77.5929058224532, 12.9289347821296], [77.5929900965593, 12.9289365464338], [77.5931291462096, 12.9289683891922], [77.5932356191038, 12.9289849397681], [77.5948827220642, 12.9296181611294], [77.5951778905922, 12.9298829438769], [77.5956848636483, 12.9304765130208], [77.5958857391442, 12.9308545525521], [77.5959060751613, 12.9309194020739], [77.5959241105378, 12.9309914757747], [77.5959403644701, 12.9310724389407], [77.5959575498318, 12.9311757745524], [77.5959689231151, 12.9312560201711], [77.5959772489865, 12.9313318448883], [77.5959786891127, 12.9313481014342], [77.5959820259905, 12.9313938606738], [77.5959813987531, 12.9314364214517], [77.5959712402298, 12.9315269474404], [77.5959693121872, 12.9315648504015], [77.5959728218928, 12.9316030976588], [77.595977126758, 12.9316197367562], [77.5959831989373, 12.931635022986], [77.5959958516979, 12.9316574910834], [77.5960130606373, 12.9316811813538], [77.5960350011009, 12.9317064832386], [77.5960656563039, 12.9317379953306], [77.5960987364891, 12.9317678905244], [77.5961479461464, 12.9318065158818], [77.5962069740564, 12.9318491333538], [77.5962654156466, 12.931886355907], [77.5962907259109, 12.9319002273802], [77.59631938786, 12.9319137411544], [77.5964613751318, 12.9319693923656], [77.5964947357954, 12.931984549671], [77.5965235466412, 12.9319999898677], [77.5965630744853, 12.9320244769799], [77.5966044910958, 12.9320527613923], [77.5966997793106, 12.9321254924228], [77.5967699890988, 12.9321805877823], [77.5967897409394, 12.9321990046088], [77.5968055965539, 12.9322168693779], [77.5968217563461, 12.9322402745955], [77.5968368593989, 12.9322685462968], [77.5968765705414, 12.9323658321338], [77.596905657348, 12.9324559041105], [77.5969142700962, 12.9324756623084], [77.5969240174457, 12.9324919364042], [77.596943511769, 12.9325144799574], [77.5969698363815, 12.9325363782046], [77.5969997663627, 12.9325561762001], [77.5970650146686, 12.9325946325955], [77.597113657925, 12.9326241558242], [77.5971509586363, 12.9326448877333], [77.5971853727672, 12.9326615251032], [77.5972176083301, 12.9326743084263], [77.5972575717743, 12.9326861375538], [77.5973024369122, 12.9326953719823], [77.5973531348906, 12.9327022752737], [77.5974168103222, 12.9327078278712], [77.5974793144893, 12.9327096735799], [77.5975807200797, 12.9327070600596], [77.5976628208816, 12.9327035121889], [77.5977482935392, 12.9326970180356], [77.5978379461341, 12.9326875198595], [77.5979333123806, 12.9326748560233], [77.5981271573616, 12.9326430638904], [77.5984816115769, 12.9325765119031], [77.598568821255, 12.9325593477953], [77.5987805005002, 12.9325144150506], [77.5988909949276, 12.9324942028311], [77.5990547926473, 12.9324704654298], [77.599120622653, 12.9324581768177], [77.5991717600014, 12.932446948883], [77.5995077472139, 12.9323658075842]]}}, {"type": "Feature", "properties": {}, "geometry": {"type": "LineString", "coordinates": [[77.5488363119153, 12.9271864180868], [77.5486417778603, 12.927035990257], [77.5484752659225, 12.9268604694253], [77.5483637435459, 12.9267781505836], [77.5482417146558, 12.9267050845959], [77.5480745112379, 12.9266176590831], [77.5477320887669, 12.926466230618]]}}, {"type": "Feature", "properties": {}, "geometry": {"type": "LineString", "coordinates": [[77.5989427069163, 12.9268818702286], [77.5990433121367, 12.9268478241276], [77.5991308721717, 12.926803576267], [77.599222133092, 12.9267426258704], [77.5993282023862, 12.9266564242145], [77.5994023782742, 12.9265899722115], [77.5994742380687, 12.9265151015824], [77.5995116081588, 12.9264662980116], [77.5995736179423, 12.9263663856454], [77.5996402064204, 12.9262939001713], [77.5996547682321, 12.9262694762185], [77.6007606263121, 12.9254408495919]]}}, {"type": "Feature", "properties": {}, "geometry": {"type": "LineString", "coordinates": [[77.5481919781999, 12.9276805834072], [77.5481238255688, 12.9275627737958], [77.5480804380957, 12.9274735004322], [77.5478924004267, 12.9269925438743], [77.5478226548104, 12.9267896087599], [77.5477320887669, 12.926466230618]]}}, {"type": "Feature", "properties": {}, "geometry": {"type": "LineString", "coordinates": [[77.554440954769, 12.9276375494357], [77.55462947768, 12.9276085989023], [77.5547132998, 12.9275933083355], [77.5548365356156, 12.9276069482707], [77.5550584986487, 12.9276155756634], [77.55537560038, 12.9276148454226], [77.5554682949576, 12.9276726617001], [77.5555333534249, 12.9277067996502], [77.5555681998065, 12.9277357422576], [77.5556235158332, 12.9278006924049], [77.5557202827464, 12.9279271968304], [77.5557442223653, 12.9279524688663], [77.5557814589815, 12.9279845799513], [77.5558134241958, 12.9280067223723], [77.5558555105819, 12.9280278323659], [77.5559458139413, 12.9280633563458], [77.5559835715424, 12.9280741722164]]}}, {"type": "Feature", "properties": {}, "geometry": {"type": "LineString", "coordinates": [[77.5717356808048, 12.9278921743762], [77.5717403201065, 12.9273358201876], [77.5717632897041, 12.9270862772802], [77.5718303299577, 12.9268320086051], [77.5719528305942, 12.9265439950526]]}}, {"type": "Feature", "properties": {}, "geometry": {"type": "LineString", "coordinates": [[77.5717356808048, 12.9278921743762], [77.5720298950302, 12.9278912093926], [77.5722638689602, 12.9279055398445], [77.5723804840907, 12.9279016761616], [77.5725493069563, 12.9279040898131], [77.5726016033248, 12.9278934898488], [77.5727184567712, 12.9278532986134], [77.572764068862, 12.9278428593923], [77.5728153718632, 12.9278405737049], [77.572920972682, 12.9278485415755], [77.5729762340007, 12.9278437955739], [77.57312265789, 12.927788623356], [77.5732826024026, 12.9277619950478], [77.5734399928374, 12.9277146160907], [77.5736225368988, 12.9276975002644]]}}, {"type": "Feature", "properties": {}, "geometry": {"type": "LineString", "coordinates": [[77.6380987569139, 12.9273884636117], [77.6384469987648, 12.9270261798535], [77.6386793235737, 12.9268354102071], [77.6388737054062, 12.9267046499911], [77.6392229988567, 12.9265441355741], [77.6393384968276, 12.9264709693213], [77.6393932501213, 12.9264056854077], [77.6394810498704, 12.9262292416679], [77.6395670767766, 12.9261437447321], [77.6396520378886, 12.9260928355804], [77.6399328108243, 12.9259806276843], [77.6400550046015, 12.9259460601895]]}}, {"type": "Feature", "properties": {}, "geometry": {"type": "LineString", "coordinates": [[77.7382515206731, 12.9265533889676], [77.738306185256, 12.9262512013217], [77.7383621142903, 12.9260642667693], [77.7383882024319, 12.925871514422], [77.7384571100667, 12.9256118041836], [77.7385591734091, 12.9253044398007], [77.7387816484241, 12.9247629384179], [77.7388153996477, 12.9246385147908], [77.7388195847092, 12.9245691520825], [77.7388114586079, 12.9245004434283], [77.7387263780779, 12.9241923702101], [77.7386904229915, 12.9240135111076], [77.7386782139148, 12.9237134824299], [77.7386842278894, 12.9236567744001]]}}, {"type": "Feature", "properties": {}, "geometry": {"type": "LineString", "coordinates": [[77.7382515206731, 12.9265533889676], [77.7377318081559, 12.9264323578043], [77.7375834318731, 12.9264315885506], [77.7371854789986, 12.9264620816595], [77.7369253907188, 12.9264650413196], [77.7368474212323, 12.9264742078826], [77.736768152305, 12.9264963844407], [77.7367140934345, 12.9265228231983], [77.7366492118639, 12.9265626220784], [77.7363757326897, 12.9267511733967], [77.7362739190662, 12.9268468518863], [77.7359457126136, 12.9271849651713], [77.7358383225344, 12.9272727155752], [77.7357513545829, 12.9273286456366], [77.7356907832222, 12.927354810157], [77.7353431775441, 12.9274719201694], [77.7350945198704, 12.9275311251833], [77.7347564889407, 12.9275874095587], [77.7346783329092, 12.9276117952364], [77.7346052810995, 12.9276497425901], [77.7345542250485, 12.9276875253212], [77.7345028013552, 12.9277385648567], [77.7343586988497, 12.9279218343546], [77.7341579808415, 12.9281494542558], [77.7341154278834, 12.9282085615875], [77.7340681532484, 12.928297431196], [77.7340479246301, 12.9283623542548], [77.734042940847, 12.9284645214135], [77.7340491559258, 12.9285120878086], [77.734101005703, 12.9287558908545]]}}, {"type": "Feature", "properties": {}, "geometry": {"type": "LineString", "coordinates": [[77.5536438265787, 12.9289553729482], [77.553752538669, 12.9288750236335], [77.553787072857, 12.9288376978183], [77.5538187286563, 12.9287922193183], [77.5538569094435, 12.9287171535815], [77.5539071327181, 12.9285620171026], [77.5539377875643, 12.9284956549115], [77.5539695192625, 12.928450219028], [77.554057290588, 12.9283504008204], [77.5541101296533, 12.928281729936], [77.554149414307, 12.9282174027776], [77.5542227618085, 12.9280717964033], [77.5543682727911, 12.9278575928349], [77.5544093127064, 12.9277618395947], [77.5544332662083, 12.927682401222], [77.554440954769, 12.9276375494357]]}}, {"type": "Feature", "properties": {}, "geometry": {"type": "LineString", "coordinates": [[77.7287488222163, 12.927348507135], [77.7287231559439, 12.9276328631177], [77.7287235028986, 12.9277991423366], [77.7287619173543, 12.9280809915609], [77.7287772814347, 12.9285645248003], [77.7288393156846, 12.9292004334047], [77.7288828638704, 12.9294413424016], [77.7289777335815, 12.9298175544495], [77.7290249794189, 12.9299163163784], [77.7290964783452, 12.9299946455708], [77.7291920367756, 12.9300505774441], [77.7293021491086, 12.9300794146594], [77.7294227612113, 12.9300869096834], [77.7297329956923, 12.9300854401724], [77.7300113239665, 12.9300408162041], [77.73078368263, 12.9298657579616], [77.7310050015505, 12.9298235852938], [77.7312600232825, 12.9298016224314], [77.7318189771004, 12.9297779950392], [77.7329803720754, 12.9298697141687], [77.7330509101673, 12.9299951985755], [77.7331114057046, 12.930089508057], [77.7331967997538, 12.9302374826844], [77.733227977088, 12.9302788697406], [77.7334040573885, 12.9304799492237], [77.7334465098191, 12.9305427962741], [77.733473184429, 12.9306049577098], [77.7334913571966, 12.930677637349], [77.7335100191521, 12.9308379236181], [77.7335245322395, 12.9309117156788], [77.7336364442525, 12.9312547639576], [77.7336531399261, 12.9313193262375], [77.7336637899949, 12.9314103909584], [77.7336720854302, 12.9316924509436], [77.7336843802168, 12.9317796122316], [77.7337205980798, 12.9319542112913], [77.7337281970396, 12.9320397740907], [77.7337255828175, 12.9320976299738], [77.7336970581935, 12.9322665462857], [77.7336890558295, 12.9323962907707], [77.7336936273853, 12.9325121780454], [77.7337250877297, 12.9328057052279], [77.7337276354169, 12.9328837545566], [77.7337242409441, 12.9329367712726], [77.7336581773824, 12.9332891455936], [77.7336068201624, 12.9334665912502], [77.7335544466185, 12.9336210032509], [77.7335339319339, 12.9337035671506], [77.7335235941693, 12.9337771968939], [77.7335074944477, 12.9340053932276], [77.7334820059389, 12.9341933943105], [77.7334685010288, 12.9345836685704], [77.7334700342549, 12.9346570203094], [77.7334893603147, 12.9348663484072], [77.7335285265721, 12.9350214720117], [77.733533187669, 12.9350768406025], [77.7335267723378, 12.9351022936337], [77.7335154857809, 12.9351208799217], [77.7334949837628, 12.9351380063549], [77.7334739629517, 12.9351467389313], [77.733435356116, 12.9351514869268], [77.7333081650483, 12.935146349579], [77.7332779663394, 12.9351507311837], [77.7332576729112, 12.935159279064], [77.7332365754468, 12.9351761081986], [77.7332150482306, 12.9352026898259], [77.7331725483768, 12.9352826648494], [77.7331423305819, 12.9353604451819], [77.7331129677606, 12.9354656438957], [77.7330934552828, 12.93556861379], [77.733082045555, 12.9356811410509], [77.7330803763629, 12.9357642833986], [77.7330857068468, 12.9358404363697], [77.7330975235874, 12.935891723642], [77.7331297578901, 12.9359747581165], [77.7330875034388, 12.9363229886369], [77.7330903926919, 12.9363452339196], [77.7331177029245, 12.9364063181444], [77.7331240736103, 12.9364445522601], [77.7331372328549, 12.9368089670552], [77.7331371321039, 12.9370168565486], [77.7331424023173, 12.9370651537078], [77.7331543749698, 12.9371115522335], [77.7331869840472, 12.9371839079134], [77.7332300365732, 12.9372427846041], [77.7332997044356, 12.9373053813531], [77.733438247154, 12.9374086733813], [77.7334921068755, 12.9374672442864], [77.7335201500571, 12.937516543842], [77.7335370959037, 12.9375654602008], [77.7335478253665, 12.9376314652553], [77.733546560869, 12.9376816610804], [77.7335220318699, 12.937777180417], [77.7334655926834, 12.9378917028467], [77.733386367751, 12.9380084443112], [77.7332539462483, 12.9381771772175], [77.7331955020382, 12.9382693168081], [77.733073298722, 12.9385445507133], [77.7330208180378, 12.9386784679672], [77.7330070768134, 12.9387304278605], [77.732997067689, 12.9388053170594], [77.7329664894448, 12.9393452892204], [77.7329550498621, 12.9394587842887], [77.7329395777848, 12.9395526341498], [77.7328246590581, 12.9399144296659], [77.7326999741522, 12.9401828567181], [77.7326112625998, 12.9404124693136], [77.7325844826907, 12.9405125904124], [77.732529553911, 12.9407925851861], [77.7324884888627, 12.9409282382484], [77.7324753067885, 12.9409951805819], [77.7314583329708, 12.9459712167054]]}}, {"type": "Feature", "properties": {}, "geometry": {"type": "LineString", "coordinates": [[77.521620714566, 12.9296411412848], [77.5217249874555, 12.9295699968922], [77.5217922799361, 12.9294904633109], [77.5218521802617, 12.929375412068], [77.5218875480496, 12.9292453941485], [77.5218993455443, 12.9290965261192], [77.5218855482305, 12.9288958928717], [77.5217937031845, 12.9285658410458], [77.5216411035891, 12.9282408187532], [77.5213477691527, 12.9277872922923], [77.5211611087378, 12.927439666426], [77.5209891362869, 12.9272506188534], [77.5206096805597, 12.9269426766688]]}}, {"type": "Feature", "properties": {}, "geometry": {"type": "LineString", "coordinates": [[77.521620714566, 12.9296411412848], [77.5211046211357, 12.9298462498963], [77.5209914253739, 12.9299024517675], [77.5208775568536, 12.9299713712123], [77.5206413823775, 12.9301427764305], [77.5204787594412, 12.9302728908764], [77.5204169248597, 12.9303527139121], [77.5203485207271, 12.9304943336714], [77.520174060257, 12.9310946433693]]}}, {"type": "Feature", "properties": {}, "geometry": {"type": "LineString", "coordinates": [[77.4834059049173, 12.9302179493089], [77.484490237774, 12.9301758855703], [77.4845545001048, 12.9301691658539], [77.4845844236408, 12.9301624849449], [77.4846940762527, 12.9301169212294], [77.4847710183691, 12.9300891473589], [77.4848461212082, 12.930056370203], [77.4848825064438, 12.9300458853938], [77.4849166381905, 12.9300405666092], [77.4850506356222, 12.9300377904178], [77.4852589662348, 12.9300417319572], [77.4853397126177, 12.9300461633028], [77.4854143868149, 12.9300455512781], [77.4854759238059, 12.9300514232682], [77.485591071583, 12.9300733972234]]}}, {"type": "Feature", "properties": {}, "geometry": {"type": "LineString", "coordinates": [[77.5706662635628, 12.929648977069], [77.5707171565862, 12.929618757412], [77.5708513716337, 12.9295006292954], [77.5709939292504, 12.9294087355682], [77.5710472839121, 12.9293522345782], [77.5711253510561, 12.9291917529705], [77.5712415424086, 12.9290444862435], [77.5713068525538, 12.9289210300277], [77.5713893439334, 12.9287944212687], [77.5716529333344, 12.9283204689726], [77.5716840479557, 12.9282368206765], [77.5717130279269, 12.9281225501497], [77.5717356808048, 12.9278921743762]]}}, {"type": "Feature", "properties": {}, "geometry": {"type": "LineString", "coordinates": [[77.6810022092084, 12.9287794322403], [77.6813990091204, 12.9285271640588], [77.681724336717, 12.9282274140335], [77.6817637217444, 12.9281670997656], [77.6817970976074, 12.9281100831711], [77.6818253343391, 12.9280548710553], [77.6818487826949, 12.9280007605979], [77.6818615410645, 12.9279651654811], [77.681891735412, 12.9278709569349], [77.6819126415445, 12.9278203524275], [77.6819256953299, 12.9277963753464], [77.6819420689151, 12.927770989195], [77.6820210538896, 12.9276668776188], [77.68203818522, 12.9276417312009], [77.6820519879865, 12.92761838059], [77.6820687406517, 12.9275852910361], [77.682085648834, 12.9275474490113], [77.6821373366496, 12.9274166792665], [77.6821837689344, 12.9273016453093], [77.682211940679, 12.9272256254122], [77.682241383099, 12.9271339802521], [77.682275633675, 12.9270134380539], [77.6823285278566, 12.926801305705], [77.6823986944972, 12.9264914859464], [77.6824235715601, 12.9263876875889], [77.6824628150358, 12.926250637209], [77.682476521665, 12.9261861476984], [77.6824834588872, 12.9261135305195], [77.682486329286, 12.925995419422], [77.6824841281109, 12.9258470719664], [77.6824852811807, 12.9257941491966], [77.6824890629676, 12.9257574566135], [77.6824966737174, 12.9257166730122], [77.6825334862121, 12.9255778544265], [77.6825448860515, 12.9255247666944], [77.6825505405035, 12.9254711255361], [77.6825503479204, 12.9254465501839], [77.682548148235, 12.9254230659695], [77.6825372400915, 12.9253642606254], [77.6825214955781, 12.9253087815543], [77.6825642095688, 12.9252593467765], [77.6826006332314, 12.9252065402074], [77.6826200043987, 12.9251705546055], [77.6826376929819, 12.925128623999], [77.6826537126208, 12.9250817663563], [77.6826772156265, 12.9250030653599], [77.6826942890441, 12.9249424357109], [77.6827083636778, 12.9248842949855], [77.6827195189523, 12.9248283189576], [77.6827277861776, 12.9247743347599], [77.6827330264683, 12.9247021894339], [77.6827331357006, 12.9245663110708], [77.6827350481665, 12.9245119721319], [77.6827417974127, 12.9243993525599], [77.6827458543614, 12.9243647972572], [77.6827513754217, 12.9243341864133], [77.6827670377274, 12.9242667317929], [77.6827816889785, 12.924219204364], [77.682799031825, 12.9241795718986], [77.6828194191767, 12.9241476790005], [77.6828321026157, 12.9241331062893], [77.6828470485958, 12.9241190261472], [77.6828842919515, 12.9240918400109], [77.6829294222912, 12.9240664518148], [77.6830085881426, 12.9240282624228], [77.6830373039315, 12.9240153515072], [77.68306809885, 12.9240036098663], [77.6831375911641, 12.9239830300893], [77.6832051169183, 12.9239681112124], [77.6833574584996, 12.9239395636195], [77.6834221365991, 12.9239246441598], [77.6837044776474, 12.9238525257727], [77.683787769379, 12.923828314181], [77.6838614761824, 12.9238039725839], [77.6839357856433, 12.9237753572117], [77.6840167747049, 12.9237395807012], [77.6840956233064, 12.9237014665606], [77.6842982149434, 12.9235995243279], [77.6844122549427, 12.9235473484117], [77.6847147425192, 12.9234172210098], [77.6848469734568, 12.9233618920124], [77.6849829860886, 12.9233083145464], [77.6851059522299, 12.9232641128013], [77.6852316875245, 12.9232242928029], [77.685350650983, 12.9231926556614], [77.6854646977074, 12.9231687107317], [77.6855748128394, 12.9231522581717], [77.6856606131884, 12.9231448799696], [77.6857535619893, 12.9231421510316], [77.685830401266, 12.9231431119215], [77.6859165336587, 12.923146717994], [77.6862725467519, 12.9231701090553], [77.6863453251551, 12.9231727584452], [77.6864117224155, 12.9231734436112], [77.6866942044536, 12.9231733362054], [77.6868419057645, 12.9231709402731], [77.6869834964337, 12.9231643197468], [77.6871103853934, 12.9231530084197], [77.6872167878777, 12.9231398238847], [77.6873190240025, 12.9231249242391], [77.6874174799465, 12.9231082513089], [77.6875123956364, 12.923089763783], [77.68760403942, 12.9230694083128], [77.6876924691267, 12.9230471671424], [77.6877777958993, 12.9230230129327], [77.6878600996098, 12.9229969222801]]}}, {"type": "Feature", "properties": {}, "geometry": {"type": "LineString", "coordinates": [[77.5216785089245, 12.930395649834], [77.5216105522191, 12.930330796053], [77.5215783632736, 12.9302907766012], [77.5215506080297, 12.9302387937288], [77.5215374535391, 12.9301866787593], [77.5215436527367, 12.9300922671689], [77.521620714566, 12.9296411412848]]}}, {"type": "Feature", "properties": {}, "geometry": {"type": "LineString", "coordinates": [[77.742572144719, 12.9281751591885], [77.7420895571781, 12.9279103488025], [77.7419684635324, 12.9278543878175], [77.7418539565367, 12.9278250755952], [77.741345862406, 12.9277365282895], [77.7412460879208, 12.9277065623266], [77.7411532383871, 12.9276543709699], [77.7407061830745, 12.9273647199578], [77.740625994284, 12.9273060737941], [77.7405628552939, 12.9272377733707], [77.7402745924106, 12.9267860625876], [77.7401481870553, 12.9266162307204], [77.7400429925454, 12.9265189391547], [77.7399315934163, 12.9264589077218], [77.7397843244165, 12.9264187406546], [77.7396643729306, 12.9264100390718], [77.7395375345362, 12.9264189589395], [77.7391731706744, 12.9264720643804], [77.73887954961, 12.9264728965553], [77.7387008258369, 12.9265119631657], [77.7384300841676, 12.9266224515693], [77.7383551048128, 12.9266416431953], [77.7383166720972, 12.9266403482784], [77.7382796456172, 12.9266241912784], [77.7382560300821, 12.9265893190189], [77.7382515206731, 12.9265533889676]]}}, {"type": "Feature", "properties": {}, "geometry": {"type": "LineString", "coordinates": [[77.742572144719, 12.9281751591885], [77.7429342856216, 12.9279478045564], [77.7432063381804, 12.927788876168], [77.7433674984521, 12.9276838378769], [77.7434504416534, 12.9276450959518], [77.743565962712, 12.927609964419], [77.7436682894449, 12.9275905821774], [77.743900924754, 12.9275606894529], [77.7444155342266, 12.9275217257427], [77.7445167638199, 12.9275071315739], [77.7447208195534, 12.927468230813], [77.7449246512791, 12.9274705009311], [77.7451003825801, 12.9274640973318], [77.7453416560712, 12.9274250610503], [77.746040506073, 12.9273568114449], [77.7461313393275, 12.9273332403508]]}}, {"type": "Feature", "properties": {}, "geometry": {"type": "LineString", "coordinates": [[77.7440748725517, 12.9291841362788], [77.7438086547128, 12.9288617305675], [77.7437441926971, 12.9287979536352], [77.7436881150507, 12.9287557550496], [77.7433501502208, 12.9285926327121], [77.742572144719, 12.9281751591885]]}}, {"type": "Feature", "properties": {}, "geometry": {"type": "LineString", "coordinates": [[77.5648174589195, 12.9310540570016], [77.5654419655902, 12.9308072939914], [77.5661108412138, 12.9304421562145], [77.5666933131199, 12.9302069473826], [77.5673867781242, 12.9301805563871], [77.5678038777912, 12.9301386487498], [77.5684064588276, 12.9301114303973], [77.5685848281538, 12.9302086637765], [77.5686503513663, 12.9302343867963], [77.5687863793258, 12.9302495145899], [77.5689383005667, 12.9302438906763], [77.5690364385907, 12.9302271408937], [77.5692361856743, 12.9301653506404], [77.5693749834579, 12.9301358762835], [77.5696134303134, 12.9301106811176], [77.5699521694299, 12.9300924987072], [77.5700290979747, 12.930081142431], [77.5701283236279, 12.9300387641495], [77.5703750229484, 12.9298783955864], [77.5704354780406, 12.9298310435482], [77.5705373862652, 12.9297255027534], [77.5706662635628, 12.929648977069]]}}, {"type": "Feature", "properties": {}, "geometry": {"type": "LineString", "coordinates": [[77.5187376076576, 12.9317883119865], [77.518554184364, 12.9315913280896], [77.5184943106049, 12.9315270278116], [77.5184561652905, 12.9314720603421], [77.5184252309337, 12.9314040248026], [77.5184079182389, 12.9313325455688], [77.5183898522388, 12.9311905827795], [77.5183625037841, 12.9310377286382], [77.5183616117096, 12.930965807171], [77.5183788716639, 12.9308311865686], [77.5183803445682, 12.9307749222573], [77.5183518171203, 12.9305583503386], [77.5183362813942, 12.9303838755706], [77.5183286191604, 12.9302247256015]]}}, {"type": "Feature", "properties": {}, "geometry": {"type": "LineString", "coordinates": [[77.7053009198083, 12.9300844319074], [77.7053072607112, 12.9300862288808], [77.7055574846307, 12.9301872340783], [77.7057705637275, 12.9302554817142], [77.7060294749496, 12.9303855676753], [77.7077276296565, 12.9313126928764], [77.7080841395395, 12.9312829747648], [77.7082407260745, 12.9313740455634], [77.7084391260052, 12.9315533695542], [77.7088231664108, 12.932289768824], [77.7089024361044, 12.9325190387723], [77.7089290326559, 12.9326129342888], [77.7089523847759, 12.9327121318996], [77.7089727393537, 12.9328176615832], [77.7089904971316, 12.9329315815507], [77.7090030438365, 12.9330297865754], [77.7090148061129, 12.9331393577021], [77.7090490271505, 12.933527748216], [77.7090647171476, 12.9336818973259], [77.7090880072609, 12.9338781101617], [77.7090975642242, 12.9339879634393], [77.7091007071258, 12.9340908741717], [77.7090986906368, 12.9342893056706], [77.7090995985604, 12.9343707432463], [77.7091062340103, 12.9345766116588], [77.7091107812965, 12.9346455613046], [77.7091169982599, 12.9347075106244], [77.7091257971473, 12.9347701792948], [77.7091379699974, 12.9348393658891], [77.7091812294484, 12.9350440398482], [77.7091960886215, 12.9351062968475], [77.7092420367527, 12.9352788374035], [77.7092534599472, 12.9353322419285], [77.7092610688871, 12.9353804872427], [77.7092655989201, 12.9354304330539], [77.7092672859602, 12.9354862712147], [77.7092620403209, 12.9356844841907], [77.709263103941, 12.9357632687671], [77.7092681775908, 12.9358412898911], [77.7092762341332, 12.9359282467767], [77.7093124572531, 12.9362376778872], [77.7093661816995, 12.936719992905], [77.7094105948673, 12.9370793181535], [77.7094592974577, 12.937431237301], [77.7095077564224, 12.9377372221627], [77.7095405230615, 12.9380279768246], [77.7095452128821, 12.9380724890376], [77.7095522573037, 12.9381767268327], [77.7095581255944, 12.9382241843972], [77.7095635705833, 12.9382513848935], [77.7095704308547, 12.9382759157037], [77.7095788442574, 12.9382982604994], [77.709588900794, 12.9383186514118], [77.7096112154567, 12.9383526505071], [77.709640849743, 12.9383878851983], [77.7096780759617, 12.9384249235755], [77.7097302062633, 12.9384710438842], [77.7097625139295, 12.9384972144562], [77.7097974078523, 12.9385224556827], [77.7098348611209, 12.938546748872], [77.7098748384778, 12.9385700699985], [77.7099173121108, 12.9385924021865], [77.7099622116122, 12.938613707322], [77.7100094721676, 12.9386339535567], [77.7100589975646, 12.9386531012382], [77.710133635263, 12.9386768009416], [77.7102175631781, 12.938696419316], [77.7103125188339, 12.938712516438], [77.7104340496499, 12.9387277400943], [77.7104937131592, 12.9387334839174], [77.7105550847088, 12.9387374854531], [77.7106832523391, 12.9387402775051], [77.7108192803563, 12.9387361384842], [77.7109647956432, 12.938725021651], [77.7110713593371, 12.938714090311], [77.7111476317517, 12.9387040412699], [77.711215747967, 12.9386919622707], [77.7112767548953, 12.9386774883145], [77.7113272697348, 12.9386614730333], [77.7113822276866, 12.9386396011262], [77.7114346249516, 12.9386156564368], [77.7115643954046, 12.938552724681], [77.7116349737491, 12.9385225374394], [77.7117206455524, 12.938490835431], [77.7118147172054, 12.9384584886477], [77.7120557138229, 12.9383825755827], [77.7122304838102, 12.9383288467573], [77.712328997639, 12.9383002820282], [77.7124225838995, 12.9382761254324], [77.7125077550657, 12.9382577646855], [77.7126049927826, 12.9382408240035], [77.7127027989231, 12.938227136689], [77.7128005794162, 12.9382167848044], [77.7128977639195, 12.9382098302927], [77.7129520646042, 12.9382079390849], [77.7130088669337, 12.9382080272865], [77.7131329922585, 12.9382141782764], [77.7132505421968, 12.938225314617], [77.7135206161351, 12.938256548458], [77.7136473775502, 12.938267231002], [77.7138167604794, 12.9382732113713], [77.713859390783, 12.938276471354], [77.7138972217536, 12.9382812600878], [77.713945814938, 12.9382898311499], [77.7139944102788, 12.9383003886624], [77.7140427622144, 12.9383128791735], [77.7140906269273, 12.9383272401798], [77.7141377567797, 12.9383433965708], [77.714183927136, 12.9383612711902], [77.7142289169465, 12.9383807778108], [77.7142725189455, 12.9384018273519], [77.7143130442609, 12.9384235900499], [77.7143549505528, 12.9384483682207], [77.7144448019745, 12.9385081228893], [77.7145435298523, 12.9385815657976], [77.714585231602, 12.9386156921816], [77.714623067354, 12.938649082831], [77.7146577497534, 12.9386823997143], [77.7146891777769, 12.9387155842633], [77.7147175181987, 12.9387488136075], [77.7147428661807, 12.9387822005799], [77.714773491174, 12.9388290883644], [77.7148034274405, 12.9388829680693], [77.7148334105957, 12.9389449214817], [77.7148690552548, 12.9390265398144], [77.7148892299343, 12.9390775265361], [77.7149092575558, 12.9391351761376], [77.7149642703966, 12.9393169719023], [77.715001578012, 12.9394422727484], [77.7150307532859, 12.9395462225383], [77.7150552805552, 12.939641262146], [77.7150757496745, 12.9397298127495], [77.7150942868294, 12.9398274052922], [77.7151252990381, 12.9400274250369], [77.7151402343856, 12.9401122725917], [77.7151691702892, 12.9402520239389], [77.7151886076153, 12.9409178272426], [77.7152116047354, 12.9413537868072], [77.7152503582078, 12.9417521986025], [77.7157835528915, 12.9419634097679], [77.7158974454076, 12.9420043102988], [77.7161177892503, 12.9420688090802], [77.7162073111936, 12.9421065722394], [77.7162560751817, 12.9421390003591], [77.7163059391493, 12.9421895627043], [77.716459239961, 12.9424083953462], [77.7164848560969, 12.9424322127001], [77.7165267725459, 12.9424549549829], [77.7165752795419, 12.9424697747889], [77.7166491966397, 12.9425322346398]]}}, {"type": "Feature", "properties": {}, "geometry": {"type": "LineString", "coordinates": [[77.6979690954253, 12.9302116026465], [77.6981950881472, 12.9303390953855], [77.6984663284524, 12.9305194230329], [77.6989018706836, 12.9309241551836], [77.6990562266015, 12.9311152192272], [77.6991176778523, 12.9311741279058], [77.6991963032006, 12.9312105727588], [77.6993165973586, 12.931226561408], [77.6994252691632, 12.9312187834408], [77.69951684433, 12.9311919505869], [77.699599838563, 12.9311433567712], [77.6997651647948, 12.9310133005913], [77.6998373478637, 12.9309666172242], [77.6999010989671, 12.9309407841125], [77.699969880434, 12.9309283057884], [77.7001175158115, 12.9309385077532], [77.7004851118024, 12.9310320110583], [77.7010677663446, 12.9310822486849], [77.7012285972934, 12.931068476219], [77.7016664086253, 12.9309436468618], [77.7019062749758, 12.9309033853123], [77.7020357322807, 12.930914895553], [77.7022912118454, 12.9309972049754], [77.7023485653988, 12.9310022378364], [77.7024014083238, 12.9309946413931], [77.7024558610122, 12.9309744642545], [77.7025049808195, 12.930944326748], [77.7026229122062, 12.9308229491119], [77.7026982291588, 12.9307668240387], [77.7030387438098, 12.9306099556335], [77.7031634609707, 12.9305381293473], [77.7032609561984, 12.9304668380742], [77.7035220032062, 12.9302488553235], [77.7037216185498, 12.930113821919], [77.7039276546261, 12.930008105582], [77.7040144133234, 12.9299809761556], [77.7041047290114, 12.9299648091952], [77.7042447882491, 12.9299561791105], [77.7044567740283, 12.9299591522321], [77.7048761548796, 12.9299815434177], [77.704995578365, 12.9299979106966], [77.7053009198083, 12.9300844319074]]}}, {"type": "Feature", "properties": {}, "geometry": {"type": "LineString", "coordinates": [[77.686707678301, 12.9308427624208], [77.6867160360981, 12.9307765085555], [77.6867375494199, 12.9307252407961], [77.6867707260686, 12.9306894569134], [77.6868140674332, 12.930663635548], [77.6869015638165, 12.9306331107681], [77.6871491689161, 12.9305648575822], [77.6874624356311, 12.9304991274427], [77.6875537905325, 12.9304733117593], [77.6876559109573, 12.9304242072202], [77.6878954597157, 12.9302782196625], [77.688005667304, 12.9302190719677], [77.6882013138724, 12.9301541266863], [77.6883941343884, 12.9300713506794], [77.6885272105619, 12.9300380773571]]}}, {"type": "Feature", "properties": {}, "geometry": {"type": "LineString", "coordinates": [[77.686707678301, 12.9308427624208], [77.6866633027295, 12.9309759561565], [77.6866452349152, 12.9310086538596], [77.6866216020573, 12.9310351159652], [77.6865823206445, 12.9310593335589], [77.6865358601584, 12.9310753799773], [77.6864765059887, 12.9310855878719], [77.6864254346577, 12.9310853387834], [77.6863769079956, 12.9310769150232], [77.6863289708037, 12.9310607513779], [77.6861871537321, 12.9309829704475], [77.6861281182919, 12.9309565304178], [77.6860598838029, 12.9309360037508], [77.6859843586201, 12.9309214837105], [77.6853383477915, 12.9308719840517], [77.6851040887137, 12.9308490992904], [77.6849403623137, 12.9308228468171], [77.6844576973116, 12.930730533563], [77.6843187766063, 12.9307107194092], [77.6841967830803, 12.9307103144101], [77.6839918427189, 12.9307411642454], [77.683916813074, 12.9307349098002], [77.683843490361, 12.930708104892], [77.6836728771416, 12.9306141799227], [77.6834445418618, 12.9305247909832], [77.6832354085633, 12.9304058761096], [77.6831358663567, 12.9303657096009], [77.6829948995897, 12.9303385044108], [77.6826389422574, 12.9302972241363], [77.682244961902, 12.9302397284217], [77.6819075079945, 12.9301480135853], [77.681807174307, 12.930144250897], [77.681261649282, 12.9301929283774], [77.6810952865903, 12.9301915153655], [77.6810505674431, 12.9302008507037], [77.6809990711303, 12.9302116008226]]}}, {"type": "Feature", "properties": {}, "geometry": {"type": "LineString", "coordinates": [[77.6871153713125, 12.9315025430154], [77.6871096586562, 12.9314721165517], [77.6870898659714, 12.9314086631857], [77.6870268789789, 12.9312381169476], [77.6869990199168, 12.931174967088], [77.686961203893, 12.9311076694105], [77.6869066234513, 12.9310289550084], [77.6868566765402, 12.9309492099853], [77.6868179951494, 12.9309007773532], [77.6867971919713, 12.9308821128897], [77.6867718403284, 12.9308658828985], [77.6867510070966, 12.9308567123181], [77.686707678301, 12.9308427624208]]}}, {"type": "Feature", "properties": {}, "geometry": {"type": "LineString", "coordinates": [[77.6845003777247, 12.9319901929823], [77.6843871329139, 12.9319976144379], [77.6842925413035, 12.9319844952893], [77.6841761145402, 12.9319471527099], [77.6838820309475, 12.9318249401843], [77.6838059012533, 12.9317987884442], [77.6837137119498, 12.9317811328762], [77.6834849078982, 12.9317572222364], [77.6833909518804, 12.9317365267886], [77.6832772465714, 12.9316877912619], [77.6830894716165, 12.931573248589], [77.6830030884574, 12.9315285572317], [77.6828868921819, 12.9314822492092], [77.6827752388447, 12.9314534840851], [77.6822556537695, 12.9313758154357], [77.6821186932857, 12.93136296762], [77.6820540714133, 12.9313677352702], [77.6819749036586, 12.9313839004475], [77.6805334514093, 12.9311085109665]]}}, {"type": "Feature", "properties": {}, "geometry": {"type": "LineString", "coordinates": [[77.5142019043586, 12.9339787649932], [77.5145839955497, 12.9332167706301], [77.5145703983661, 12.9330816686064], [77.5145752438524, 12.9329973319213], [77.5145900137951, 12.9329014586921], [77.5146227904344, 12.9327906027965], [77.5146311599768, 12.9327408194483], [77.5146292653399, 12.9327002900965], [77.5146130043464, 12.9326231878386]]}}, {"type": "Feature", "properties": {}, "geometry": {"type": "LineString", "coordinates": [[77.5480072377209, 12.933791783159], [77.5479864336603, 12.9337448516638], [77.5479284530669, 12.9336140531846], [77.5479127808098, 12.9335463875811], [77.547914858659, 12.9334734439835], [77.5479271356096, 12.9334297001664], [77.5479454043751, 12.9333935908304], [77.5480026157238, 12.9333292688577], [77.5480986925718, 12.9332593532651], [77.5483661505575, 12.9330904291353], [77.5485892043202, 12.932979073888], [77.5486248759496, 12.9329541212272], [77.5486539113438, 12.9329250151273], [77.5486844184504, 12.9328766661762], [77.5487175866715, 12.9327993992792], [77.5489228566279, 12.9322256556969], [77.5489497159752, 12.9321677692587], [77.5489800004552, 12.9321222711006], [77.5490049366385, 12.9320975814322], [77.5490485704428, 12.932067782438], [77.5492013917119, 12.9319987015522], [77.5492577101829, 12.931965416764], [77.5494073102474, 12.931833860086], [77.5494524569133, 12.9318017577752], [77.5495115703282, 12.9317732339951], [77.5496889583211, 12.9317089622233], [77.549749988089, 12.9316748732911], [77.5498003686919, 12.9316366502897], [77.5498421699189, 12.9315875060362], [77.5498561907912, 12.9315538034311], [77.5498590089072, 12.9315315551521], [77.5498449147187, 12.9314650289279], [77.5497709102902, 12.9313214761306], [77.5497562179091, 12.9312766633062], [77.5497551490942, 12.9312532369564], [77.5497619808653, 12.9312247832927], [77.5498013236139, 12.9311633922189], [77.5499413374501, 12.9310197937191], [77.5500241851512, 12.9309529468514], [77.5500819021993, 12.9309293433571], [77.5501951803738, 12.9309109065785], [77.5502565197411, 12.9308908146414], [77.5503418983969, 12.930846626249], [77.5505256661047, 12.930734080081]]}}, {"type": "Feature", "properties": {}, "geometry": {"type": "LineString", "coordinates": [[77.5174239019099, 12.9346778164472], [77.5209982375663, 12.9381147472461], [77.521069042042, 12.9383795791624], [77.5212331478616, 12.9386836902855], [77.5213890889467, 12.9388335535576], [77.521681539426, 12.9390460385492], [77.5219655597058, 12.9392409732111], [77.5221119135507, 12.939360972787], [77.5223289905678, 12.9398338667152], [77.5223409123503, 12.9398544384004], [77.5225293392688, 12.9404156734241], [77.5227616819248, 12.9407052063404], [77.5228760081819, 12.9408594237955], [77.5230627306038, 12.941094092994], [77.5232042901743, 12.9412860877336], [77.5233889420186, 12.941511916182], [77.5234236945703, 12.9416308311812], [77.5234882645495, 12.9417599369818], [77.5235576202808, 12.9419196524484], [77.5236529727252, 12.9421399936547], [77.5237484940552, 12.9423474422874], [77.5238022358771, 12.9425626045743], [77.5238466674372, 12.942754202041], [77.523884307146, 12.9428869176268], [77.52399033067, 12.9430540757311], [77.5240213693778, 12.9431599531463], [77.5240134602388, 12.9432111712871], [77.5239136999633, 12.9433835629847], [77.5238666252159, 12.9434622657437], [77.5238923591593, 12.9435234921038], [77.5239516368557, 12.9435729582519], [77.5240773313626, 12.9436515987379], [77.5242631803612, 12.9437502143257], [77.5244151109175, 12.9438342490609], [77.524649211972, 12.9440184588846], [77.5247150503241, 12.9441098234107], [77.5247052524051, 12.9443166690192], [77.5246670311009, 12.9444189907558], [77.5246056597301, 12.9445376060654], [77.5245823272678, 12.9446195754124], [77.5245896293434, 12.9447041147313], [77.5246212794164, 12.9447675559019], [77.5246103110636, 12.9447987184027], [77.5245306872406, 12.9448340108558], [77.5245283434224, 12.9448347915817], [77.5244367863367, 12.9448652539591], [77.5242916866615, 12.9449297342181], [77.5242851139038, 12.9449363734189], [77.524281273865, 12.9449420664055], [77.5241719167283, 12.9450163735809], [77.5241645927508, 12.945020494827], [77.5240238658835, 12.9451376136793], [77.5240174575679, 12.9451399100567], [77.5238825425596, 12.9452915713696], [77.5238750287575, 12.9453018173392], [77.5238693950538, 12.9453095054142], [77.5237184894237, 12.9454785256336], [77.5236918526909, 12.9455403865613], [77.5236290327498, 12.9457300221825], [77.5235660976019, 12.9460538918313], [77.5235323034103, 12.9461757725708], [77.5234622036991, 12.9464121019413], [77.5234606380895, 12.9464334564269], [77.5234668046078, 12.9466665445573], [77.5234639720589, 12.9467772592814]]}}, {"type": "Feature", "properties": {}, "geometry": {"type": "LineString", "coordinates": [[77.7219152537803, 12.9330823251001], [77.7220655964367, 12.9323355184405], [77.7221408585837, 12.9318275793111], [77.7222271508773, 12.9314865368066], [77.7222400963127, 12.9313867339594]]}}, {"type": "Feature", "properties": {}, "geometry": {"type": "LineString", "coordinates": [[77.7219152537803, 12.9330823251001], [77.7222341804591, 12.932855661417], [77.7227209421997, 12.932482216729], [77.7227832497459, 12.9324427980056], [77.7229586331787, 12.9323534538627], [77.7230276204418, 12.9323086915874], [77.723095627804, 12.9322457713261], [77.723237012841, 12.9320815987955], [77.7233161096009, 12.9320119068155], [77.7235830799418, 12.9318233223095], [77.7236541353423, 12.9317861897018], [77.7237177329836, 12.9317642651868]]}}, {"type": "Feature", "properties": {}, "geometry": {"type": "LineString", "coordinates": [[77.7216303159411, 12.933549870414], [77.7214882303225, 12.9328140432913], [77.7213964953037, 12.9324162869429], [77.7213370666504, 12.9322311163314], [77.721186330953, 12.931885106987], [77.7211673443846, 12.9318270207631]]}}, {"type": "Feature", "properties": {}, "geometry": {"type": "LineString", "coordinates": [[77.7216303159411, 12.933549870414], [77.7218240299133, 12.9332673975489], [77.7219152537803, 12.9330823251001]]}}, {"type": "Feature", "properties": {}, "geometry": {"type": "LineString", "coordinates": [[77.7216303159411, 12.933549870414], [77.7215687739653, 12.9336380899869], [77.7215171287081, 12.9337352244369], [77.7214772629578, 12.9338385007016], [77.7214555853263, 12.9339273304464], [77.7214508760563, 12.9340017607287], [77.7214571679055, 12.9340833319287], [77.7215117047093, 12.9343648237095], [77.7215158858899, 12.934485887104], [77.7215113316117, 12.934616456405], [77.7214925559881, 12.9347372092514], [77.7213972496911, 12.9350321448659], [77.7213701915344, 12.9351519507238], [77.7213596584269, 12.9352800738232], [77.7213717167094, 12.9354564856202], [77.7213675113422, 12.9356273670016], [77.7213500556819, 12.9357826954449], [77.721304694938, 12.936041143742], [77.7213078247987, 12.936162069061], [77.7213287380181, 12.9363637392064], [77.7213603387699, 12.9366228313971], [77.7213944485406, 12.9368350784346], [77.7213951369828, 12.937081803866], [77.7214027636677, 12.937276193423], [77.7213955457193, 12.9374372867955], [77.7213463422481, 12.9379342981831], [77.721356176556, 12.9386648593617], [77.7213467680988, 12.9388216620932], [77.7213287052111, 12.9389299259133], [77.7212985089083, 12.9390122772695], [77.7212500636486, 12.9390934866843], [77.721197776116, 12.9391579022345], [77.7211284016177, 12.9392164816257], [77.7210775339902, 12.9392482830615], [77.7210073042669, 12.9392800788272], [77.7207282164077, 12.9393726541525], [77.7205825694012, 12.939431886772], [77.7205236307996, 12.9394651147377], [77.7204791302221, 12.939497289562], [77.7203968282556, 12.9395835361114], [77.7203252920049, 12.9396762602536], [77.7202698046354, 12.9397597002645], [77.7200881968859, 12.9400879118445], [77.7200668791852, 12.9401457040885], [77.7200484239378, 12.9402203085761], [77.7200190208528, 12.9404642253371], [77.7200005761432, 12.9405133967147], [77.7199591307984, 12.9405840838829], [77.719176188738, 12.9428014438123], [77.7191371598035, 12.9429119761531]]}}, {"type": "Feature", "properties": {}, "geometry": {"type": "LineString", "coordinates": [[77.6356907643575, 12.9347252508459], [77.6356607595347, 12.9346647266309], [77.6356400060938, 12.9346078454092], [77.6356283100488, 12.9345622691559], [77.6356244365797, 12.9345227651567], [77.6356301101854, 12.9344645526192], [77.6356638248122, 12.9343414782381], [77.6356736478097, 12.9342921349978], [77.6356778225527, 12.9342503733433], [77.6356757737396, 12.9342119295745], [77.6356624263956, 12.9341623281536], [77.6356162863372, 12.9340659634014], [77.6355987356469, 12.934020240332], [77.6355862845486, 12.9339716958678], [77.6355672442791, 12.9338607101649], [77.6355325320606, 12.9337506272466], [77.6355286958463, 12.9336868690183], [77.6355359686075, 12.9335794848851]]}}, {"type": "Feature", "properties": {}, "geometry": {"type": "LineString", "coordinates": [[77.615811090911, 12.9349968945536], [77.6154951146039, 12.9339941133633], [77.6154644617255, 12.9338842348007], [77.6154524148055, 12.933816937678], [77.6154472322121, 12.9337499728322], [77.6154457584266, 12.9333480962729]]}}, {"type": "Feature", "properties": {}, "geometry": {"type": "LineString", "coordinates": [[77.615811090911, 12.9349968945536], [77.6161250888198, 12.9348989223012], [77.6164241015532, 12.9347898759458], [77.6165844864097, 12.9347386769595], [77.6168240559533, 12.9346707568713], [77.6170374509588, 12.9346333792542], [77.6172833761273, 12.9345439839051], [77.617370605107, 12.9345221336822], [77.6175690184339, 12.9345098594396], [77.6192932193486, 12.9344881076805], [77.6194168255852, 12.9344684670789], [77.6195642287189, 12.9344022419207], [77.6196231970753, 12.9343819920514], [77.6196896822396, 12.9343744627039], [77.6197780044379, 12.9343844020319], [77.6199094837275, 12.9344159304294], [77.6200040764347, 12.9344480118398], [77.62008882096, 12.934492401878], [77.6201598354432, 12.9345473679487], [77.6202425938946, 12.9346364366325], [77.6203315889277, 12.9347487996263], [77.620387216943, 12.9348318440187], [77.6205070218371, 12.9350376641546], [77.6205806616255, 12.9351296718901], [77.6206669023601, 12.9352006125956], [77.6208798768061, 12.9353300605908], [77.6210642540753, 12.9354608483029], [77.6212277137822, 12.9355888286993], [77.6213754352251, 12.9357151747954], [77.6214634202222, 12.93580289218], [77.6215197654209, 12.9358723605554], [77.6215584576995, 12.9359359968506], [77.621615996694, 12.9360550030055], [77.621650132807, 12.9361044688868], [77.6226510835682, 12.9378126510468], [77.623572483182, 12.9383005629392], [77.6240053444525, 12.9386786537663], [77.6244775941697, 12.9390945923407], [77.6250292213641, 12.9396435860586], [77.6256387316052, 12.9401346291102], [77.6262659350919, 12.9404533895489], [77.6270114923952, 12.9408261910999]]}}, {"type": "Feature", "properties": {}, "geometry": {"type": "LineString", "coordinates": [[77.7512760658748, 12.9336265191688], [77.7504522173004, 12.9311681836667], [77.7503802569086, 12.9308228458745], [77.7503532571847, 12.9306166738475], [77.7503213689784, 12.9305067836015], [77.7502697986376, 12.9304047213919], [77.7501489921902, 12.9302506417385], [77.7500573409578, 12.9300992509743], [77.7499958762082, 12.9299744061378], [77.7499411585939, 12.929818572661], [77.7498358406012, 12.9296157906736], [77.7498049905735, 12.9295381636393], [77.7497945895935, 12.9294888302352], [77.7497901587719, 12.9294298052655], [77.7497960524278, 12.9293566463074], [77.7498223741365, 12.9291800860494], [77.7498118055346, 12.9290419007352], [77.7498151649925, 12.9290243225888]]}}, {"type": "Feature", "properties": {}, "geometry": {"type": "LineString", "coordinates": [[77.7512760658748, 12.9336265191688], [77.7513196592641, 12.9336094894205], [77.7514545304048, 12.9335764696842], [77.7515106040173, 12.9335568782662], [77.7515693337709, 12.9335252065575], [77.7516172329928, 12.9334801695991], [77.7517032505478, 12.9333678106955], [77.7517991620407, 12.9332152538994], [77.7519035736497, 12.9330759523121], [77.7519782278555, 12.9329562472381], [77.7520188484148, 12.9329124478278], [77.7521258544531, 12.9328229682671], [77.7521867671543, 12.9327501230644], [77.7522759206609, 12.9325988624225], [77.7524651273559, 12.9322356947399], [77.7525048010199, 12.9321776254219], [77.7525642894316, 12.9321111365963], [77.7526750811377, 12.9320174769862], [77.7537674041578, 12.9311608024335], [77.7538617064032, 12.9310720879639], [77.7538959236532, 12.9310126506811], [77.7539213355715, 12.9309327167571], [77.7540076054515, 12.9305466131482], [77.7540489736312, 12.9303305775984], [77.7540812569427, 12.9302265922228], [77.754111293652, 12.9301735070365], [77.754151047406, 12.930129005674], [77.754328992538, 12.9299947590589], [77.7543769172713, 12.9299521505909], [77.7544162621942, 12.9298976771419], [77.7544345709424, 12.9298493128265], [77.7544497954082, 12.9297112415553], [77.7544731513761, 12.9288110351151], [77.7544860864567, 12.92871072735], [77.7545100485519, 12.9286495067771], [77.7545485809495, 12.9286044239144], [77.7546218855592, 12.9285574743517], [77.7551492239228, 12.9283355263985], [77.7552335874215, 12.9282913162326], [77.755292107878, 12.9282474476448], [77.7553477522792, 12.9281799232188], [77.7554439832791, 12.9280199912885], [77.7555155167768, 12.9279144206095], [77.7556716059756, 12.9277118795809], [77.7558257427444, 12.9275465139653], [77.7564714039402, 12.9268923701735], [77.756543472762, 12.9268034104269], [77.7566045237332, 12.9266988609014]]}}, {"type": "Feature", "properties": {}, "geometry": {"type": "LineString", "coordinates": [[77.6154596605475, 12.93503083057], [77.6152138181874, 12.9349206628266], [77.614747434764, 12.9347282135686], [77.6145298930241, 12.9346296250595], [77.6143713259349, 12.9345479055782], [77.6142109797341, 12.9344420787877], [77.6141438588796, 12.9344057004179], [77.6138466121159, 12.9343049072266], [77.613739759115, 12.9342586152868], [77.6136683649186, 12.9342144767283], [77.613624885275, 12.9341745303341], [77.6135853519107, 12.9341244639737], [77.6134227873194, 12.9338599858892], [77.6132143699652, 12.933422007289], [77.6131672296545, 12.9332848022524], [77.6131187679156, 12.9332178399507], [77.6125895575659, 12.9328841578282]]}}, {"type": "Feature", "properties": {}, "geometry": {"type": "LineString", "coordinates": [[77.6154596605475, 12.93503083057], [77.615536028283, 12.9350453143862], [77.6156167166552, 12.9350453091098], [77.6156770187397, 12.935035163202], [77.615811090911, 12.9349968945536]]}}, {"type": "Feature", "properties": {}, "geometry": {"type": "LineString", "coordinates": [[77.555942329575, 12.9356353264348], [77.5558411144533, 12.9355277974244], [77.5555766794355, 12.9353253873239], [77.5554044648521, 12.9351134586977], [77.5553029483313, 12.9350244054314], [77.5551496148034, 12.9349413745568], [77.5545007566838, 12.9341040213672]]}}, {"type": "Feature", "properties": {}, "geometry": {"type": "LineString", "coordinates": [[77.555942329575, 12.9356353264348], [77.5565086018961, 12.9357619996339]]}}, {"type": "Feature", "properties": {}, "geometry": {"type": "LineString", "coordinates": [[77.6354544523822, 12.9350257644461], [77.6354458091684, 12.9350260062821], [77.6354380538075, 12.9350223879087], [77.6354023115835, 12.9349889299863], [77.6353736629227, 12.9349704412395], [77.6352696078163, 12.9349235904111], [77.6352120131578, 12.9349012682894], [77.6351774352853, 12.9348945665996], [77.6350734986655, 12.9348839836875], [77.6349824198047, 12.9348648176008], [77.6349271957448, 12.9348467762043], [77.634784461409, 12.9347880386372], [77.6346923392149, 12.9347611696625], [77.6344577915371, 12.9347210157613], [77.6343455912951, 12.9346948048091], [77.6342719058709, 12.9346808660398]]}}, {"type": "Feature", "properties": {}, "geometry": {"type": "LineString", "coordinates": [[77.5068818011089, 12.9369214351824], [77.5069985870361, 12.9369811688764], [77.5070301185498, 12.9370035189673], [77.5070636116534, 12.9370523722021], [77.5070772229034, 12.937115760435], [77.5070748701362, 12.9371618232043], [77.5070590973996, 12.9372218881278], [77.5069981230054, 12.9373545721618], [77.5069527317061, 12.93749854367], [77.5069201045519, 12.9375675914384], [77.5068768467949, 12.9376244882545], [77.5067280694436, 12.9377701837703], [77.5065045689553, 12.9379362521554], [77.5064254256788, 12.9379769265633], [77.5063186547612, 12.938009380929], [77.5062649483317, 12.938015288329], [77.506232786081, 12.9380044953717], [77.5062122998337, 12.9379780970868], [77.5062079357424, 12.9379396746479], [77.5062312903607, 12.9377877682166], [77.5062375649187, 12.9375940497002], [77.5062681212909, 12.9374353592909], [77.5062780462654, 12.9373573439846], [77.5062801518156, 12.9372917780734], [77.5062687224525, 12.9369854051921], [77.5062778456208, 12.9368930555528], [77.506307837435, 12.9367260792264], [77.506313598768, 12.9366551475701], [77.5063110524033, 12.9365637404063], [77.5062946587327, 12.9363866733927], [77.5062953450396, 12.9363010247353], [77.5063529797434, 12.9358614050171], [77.5063989966894, 12.9356368441737], [77.5064130646161, 12.9355446051241], [77.5064312953196, 12.9352642939074], [77.5064854110822, 12.9349974530968], [77.5064856686226, 12.934922637826], [77.5064630363256, 12.9347265661715], [77.506465447784, 12.9346312209159], [77.5064785012251, 12.9345449429267], [77.5065378800294, 12.9342947760973], [77.5065440437211, 12.9342310188274], [77.5065510740612, 12.9339918690634], [77.5065647336032, 12.9339203474169], [77.5066094999591, 12.9337630573168], [77.5066285680619, 12.9336756554046], [77.5066517234074, 12.933402295329], [77.5066660998359, 12.9333373496416], [77.5067338726085, 12.9331103399858], [77.5067745503533, 12.9328578348808], [77.506789302207, 12.9326554625762], [77.5067885495676, 12.9325766138901], [77.5067785756047, 12.9324691697476], [77.5067464888754, 12.932276917665], [77.5067426283443, 12.9322110603462], [77.5065195803603, 12.9284058979392]]}}, {"type": "Feature", "properties": {}, "geometry": {"type": "LineString", "coordinates": [[77.5812407538209, 12.9367651096925], [77.5814207046189, 12.9366406891601], [77.5816071662333, 12.9365545679506], [77.5817605801198, 12.9365194308969], [77.5819838100994, 12.9365055471009], [77.5822765852869, 12.9365119225582], [77.5828269132767, 12.9365598888912], [77.5840434750523, 12.9367095191581], [77.5843956379046, 12.9367150560751], [77.5846297259036, 12.9366607516651], [77.5848556161308, 12.9365726510362], [77.5849545240205, 12.9364936519151], [77.5850346395547, 12.9364583082132], [77.5851995941299, 12.9365099217086], [77.5853244604399, 12.9365660522679], [77.5855160056745, 12.9367075753609], [77.5857748962495, 12.9369990215579], [77.5858870641527, 12.937241725551], [77.5859552113724, 12.9375179419758], [77.585948389848, 12.937624795565], [77.5859498512, 12.937708561757], [77.585975049384, 12.9379029068908], [77.5859752550783, 12.9380639280076], [77.585980136551, 12.9381810288972], [77.585985283624, 12.9382392859822], [77.5859980443101, 12.938311386876], [77.5860253436621, 12.9384065683362], [77.5860868280707, 12.9385594640565], [77.5861897297988, 12.9387708596142], [77.5862555086801, 12.9388879517246], [77.5863115624541, 12.9389614164226], [77.586490676845, 12.9391451277147], [77.5865320312903, 12.9391813582903], [77.5866596429274, 12.9392775680454], [77.5867161410517, 12.9393305986899], [77.5867846467615, 12.9394161668615], [77.586946630839, 12.9396490151107], [77.586999465539, 12.9397122737402], [77.5870434868661, 12.9397523607273], [77.587112581191, 12.9397949615961], [77.5871856384313, 12.9398219748922], [77.5874623716163, 12.9398449889877]]}}, {"type": "Feature", "properties": {}, "geometry": {"type": "LineString", "coordinates": [[77.5772915383775, 12.9369803477135], [77.5773274633347, 12.9368643468094], [77.5774375283513, 12.9366438701722], [77.5774646271982, 12.9365801992635], [77.5774884034508, 12.9365028775833], [77.5775330020781, 12.9363184767613], [77.5775558588881, 12.9362478614262], [77.5777910767456, 12.935750045943], [77.5779287981553, 12.9353522671721], [77.5779507628588, 12.935250781731], [77.5779573056939, 12.9351299921103], [77.577964004183, 12.9348504481106], [77.5779496759233, 12.9346971546014], [77.5778088278427, 12.9341877152053], [77.5772752752177, 12.9334472313668], [77.5765911383617, 12.9336219710421], [77.5765686462567, 12.9336099000327], [77.5763821454642, 12.9335096961917], [77.5762631709573, 12.9334502094275], [77.5762060275711, 12.9334241628175], [77.5761516000116, 12.9334013056434], [77.5760990446558, 12.9333812866676], [77.5760478973084, 12.9333639288835], [77.5760080338786, 12.9333514069205], [77.5759001615773, 12.9333191486587], [77.5757982615612, 12.9332912031518], [77.5757008559714, 12.9332671667063], [77.5756072181136, 12.9332468631049], [77.5755274362226, 12.933231976138], [77.5754498867025, 12.9332198415922], [77.5753743656631, 12.9332104271523], [77.5753007292351, 12.9332037152688], [77.5752400495989, 12.9332011442253], [77.5751720452023, 12.9332019421761], [77.574958699084, 12.9332148647116], [77.574888645557, 12.9332176631809], [77.5748285830496, 12.9332176083789], [77.5747739104292, 12.9332147511565], [77.5746735721495, 12.9332110853226], [77.5746467778785, 12.93320628961], [77.5746245506687, 12.9331982117507], [77.5746028528402, 12.9331855328159], [77.5745807733148, 12.9331683286547], [77.5745584884418, 12.9331467303328], [77.5745363703385, 12.9331210973634], [77.5745257745659, 12.9331058550598], [77.5745159065176, 12.9330875681748], [77.574487458607, 12.9330185507931], [77.5744742867085, 12.9329921853474], [77.5744395989517, 12.932939722021], [77.5743682151504, 12.9328462474202], [77.574300016684, 12.9327597981958], [77.5742710066243, 12.9327174968108], [77.5742464625212, 12.9326738187541], [77.5742247667548, 12.932628742048], [77.5742062365312, 12.9325829303085], [77.5741911147478, 12.9325369864506], [77.5741828118094, 12.9325012068613], [77.5741708717818, 12.9324238737597], [77.5741640719061, 12.9323906857868], [77.5741469711385, 12.9323322062116], [77.5741106042146, 12.9322272797887], [77.5740839371758, 12.9321411315995], [77.5740660831249, 12.9320982864181], [77.574037474047, 12.9320508846666], [77.5739953413176, 12.9319952531311], [77.5739750899931, 12.9319736229174], [77.5739492357659, 12.9319519856539], [77.5738539507248, 12.931888222643], [77.5738213625211, 12.9318634328199], [77.5737938267871, 12.9318357210686], [77.5737833575052, 12.931821485718], [77.5737749124442, 12.9318067741507], [77.5737660095507, 12.9317863085097], [77.5737579760724, 12.9317623334202], [77.5737392130732, 12.9316863531992], [77.5737256749132, 12.9316225514247], [77.573712171596, 12.9315400524039], [77.5736938275373, 12.9313764857753], [77.5736886320521, 12.9312857954079], [77.5736856691105, 12.931258413061], [77.573678363238, 12.9312284138068], [77.5736666630071, 12.9312043447906], [77.5736467582915, 12.9311781523044], [77.5736236755932, 12.9311548921496], [77.5736004653149, 12.9311376032498], [77.5735784837482, 12.9311272316879], [77.5735678056648, 12.9311248751376], [77.5735561949149, 12.9311243509511], [77.5735295407841, 12.9311287977998], [77.5735032700812, 12.9311379415149], [77.573444345471, 12.9311631219972], [77.5734206326875, 12.9311710217149], [77.5731841277941, 12.9312382903727], [77.5730802961281, 12.9312645805218], [77.5730252667006, 12.931276025284], [77.5729735750501, 12.9312846707459], [77.5729242483493, 12.9312906782847], [77.5728767898139, 12.9312941052016], [77.5727980343815, 12.9312969825242], [77.5727450757693, 12.9312947095885], [77.5726990033068, 12.9312898589382], [77.5726694775675, 12.9312850817871], [77.5726437236526, 12.9312783349509], [77.5726220196759, 12.931269434094], [77.5725950764211, 12.9312535876804], [77.5725702926295, 12.9312345542742], [77.5725495549257, 12.9312137996391], [77.572533840624, 12.9311923187753], [77.5725278477044, 12.9311801406361], [77.572523126629, 12.9311655223809], [77.5725129182421, 12.9311103255368], [77.5725070046542, 12.9310890831945], [77.572471510738, 12.9310117274178], [77.5724583396569, 12.9309761529264], [77.5724459577809, 12.9309356215463], [77.5724089772015, 12.9307880714296], [77.572367010524, 12.9306352644994], [77.5723463602669, 12.9305471874143], [77.572342062838, 12.9305188126416], [77.5723336668876, 12.9304323122969], [77.5723277448532, 12.9304060179289], [77.572319238146, 12.9303836600872], [77.5723048239975, 12.9303549441871], [77.572292377526, 12.9303344348052], [77.5722795499453, 12.9303182594215], [77.5722661834176, 12.9303063852613], [77.5722508049304, 12.9302978005287], [77.5722313517703, 12.9302912020067], [77.5722086620948, 12.9302864992159], [77.5721694688928, 12.9302809888443], [77.5721480248934, 12.9302791115055], [77.5721240647443, 12.930279409188], [77.5720323646643, 12.9302893532667], [77.5719938917535, 12.9302904065675], [77.5719405351861, 12.9302875699849], [77.5719060417108, 12.9302821966372], [77.5718619795511, 12.9302703712136], [77.5718473703019, 12.9302640474369], [77.5718356719634, 12.9302566803849], [77.5718229544365, 12.9302446805436], [77.5718111435649, 12.9302289377981], [77.5718004725807, 12.9302097416642], [77.5717914387137, 12.9301879771394], [77.5717866289451, 12.930166044487], [77.5717822880637, 12.9301104997216], [77.5717740650367, 12.9300749215598], [77.5717465487188, 12.9299814651583], [77.5717375823435, 12.9299210701851], [77.5717337609705, 12.9299070564762], [77.5717285768013, 12.9298954160171], [77.5717158811025, 12.9298762850081], [77.57170029153, 12.9298587807319], [77.5716835623646, 12.9298448481909], [77.571666823944, 12.9298354058939], [77.5716534995352, 12.929831592775], [77.5716373605782, 12.9298304066307], [77.5715702334511, 12.9298358494135], [77.5714329249326, 12.9298316295086], [77.5712540392691, 12.9298200713289], [77.5712036805823, 12.9298178401542], [77.5710860733425, 12.9298164840691], [77.5710315429363, 12.9298131502056], [77.5710000789409, 12.9298091309541], [77.5709713646521, 12.9298035270483], [77.5709448315438, 12.9297962257399], [77.5709202015639, 12.9297871475556], [77.5708709934779, 12.9297651528035], [77.5708337081244, 12.9297450100719], [77.5708032403374, 12.9297239572293], [77.5707792965795, 12.9297016619902], [77.5707764506063, 12.9296984339942], [77.5707813908734, 12.929694269183], [77.5706662635628, 12.929648977069]]}}, {"type": "Feature", "properties": {}, "geometry": {"type": "LineString", "coordinates": [[77.6128632012071, 12.9369786468419], [77.6129674550323, 12.9368904297448], [77.6130300621952, 12.9368433184214], [77.6130638795397, 12.9368271217022], [77.6131547808216, 12.9367977157796], [77.6132036693022, 12.936764711565], [77.6132382894316, 12.9367172708869], [77.6133058432774, 12.9365633369354], [77.613346438625, 12.9364947134022], [77.613410769387, 12.9364189145753], [77.6134739377948, 12.9363720306381], [77.6135115673516, 12.9363553981601], [77.6135575441486, 12.9363418340565], [77.6137786246213, 12.9363068995813], [77.6138508347642, 12.9362850184357], [77.6138768993806, 12.9362693447383], [77.6139066729763, 12.9362431423963], [77.613993411766, 12.9361355188751], [77.6140177655787, 12.9361172450998], [77.6140513536009, 12.9361035422225], [77.6141238230373, 12.9360978025983], [77.6143006793042, 12.9361131195468], [77.6144178002031, 12.9361112451016], [77.6145057359824, 12.9360970261538], [77.614539175701, 12.9360854468474], [77.6145723448426, 12.9360654928047], [77.6146000006307, 12.9360369735761], [77.6146370484237, 12.93598088616], [77.614836047187, 12.935607263883], [77.6149054488568, 12.9355001238905], [77.6149733665924, 12.9354378663813], [77.6151335440982, 12.9353276387698], [77.6151950910399, 12.9352800688207], [77.6153217456079, 12.9351429589943], [77.6154596605475, 12.93503083057]]}}, {"type": "Feature", "properties": {}, "geometry": {"type": "LineString", "coordinates": [[77.531992672448, 12.9384089641938], [77.5319445061432, 12.9382566396561], [77.5319042532199, 12.9381701107138], [77.5318506719359, 12.9381012070107], [77.5317579785934, 12.9380179094423], [77.5316842116963, 12.937975341084], [77.5315055618928, 12.9379002504058], [77.5313734973204, 12.9378338134438], [77.5311164061523, 12.9377507383657], [77.5309430173036, 12.9376668125664], [77.5307881763047, 12.9376035416841], [77.5304559968665, 12.9374047355682], [77.5301738194298, 12.937187834952], [77.5301065232365, 12.9371530644221], [77.529975247911, 12.9371069128694], [77.5299214809387, 12.9370798947556], [77.5298893864518, 12.9370546675534], [77.5298645396931, 12.9370240928117], [77.5298037178335, 12.9368608769858], [77.5297719451565, 12.9368074554216], [77.529740811449, 12.9367700806459], [77.5296906457367, 12.936725030249], [77.5294079048616, 12.936503999693], [77.5293081941306, 12.9364436451339], [77.5292402551863, 12.9364158066203], [77.5291597993185, 12.9363921732138], [77.5289598844535, 12.9363593734352], [77.5288786354086, 12.9363601243769], [77.5288437877513, 12.9363690562218], [77.5287998862405, 12.9363902068713], [77.5287584064086, 12.9364224233243], [77.5287270118468, 12.9364595788612], [77.5287024229883, 12.9365041907586], [77.5286854324137, 12.936552554298], [77.5286654092983, 12.9366786599495], [77.5286699781915, 12.9368330201179], [77.5270244585439, 12.9379485624427]]}}, {"type": "Feature", "properties": {}, "geometry": {"type": "LineString", "coordinates": [[77.6880387780362, 12.9368861766582], [77.6880635804357, 12.9367947903038], [77.6881298748166, 12.936652934625], [77.6881532385619, 12.9365791662643], [77.688163518577, 12.9364737773689], [77.6881557095835, 12.9363469427592], [77.6881300937884, 12.9362130475684], [77.6880988329237, 12.9361032773755], [77.6879836753359, 12.9358150828741], [77.6878904047195, 12.9355509544043], [77.68783441032, 12.9354338498448]]}}, {"type": "Feature", "properties": {}, "geometry": {"type": "LineString", "coordinates": [[77.5575297120528, 12.9383449165763], [77.5573729757412, 12.9382913113641], [77.557205585335, 12.9382415201524], [77.5570956792123, 12.9381994416293], [77.5570130929457, 12.9381526699647], [77.5568388533902, 12.9380209213792], [77.5567924899245, 12.9379986007127], [77.5566733114261, 12.9379558151533], [77.5566183469196, 12.9379283576938], [77.5565608360364, 12.9378858518501], [77.556459599814, 12.9377789125664], [77.556401888992, 12.937729616418], [77.5563479467399, 12.9376988819492], [77.5562010615577, 12.9376323872209], [77.55613606773, 12.9375908671164], [77.5560651218743, 12.9375198865583], [77.55600337333, 12.9374334605854], [77.5559808957295, 12.9373895188513], [77.5559621077512, 12.9373395817149], [77.5559417463035, 12.9372387255691], [77.555938864577, 12.9371684320132], [77.5559436540315, 12.9369421357949], [77.5559349516162, 12.9366847680841], [77.5559403003108, 12.9366182218123], [77.5559532846299, 12.9365457760793], [77.5560221753703, 12.9362956687019], [77.5560306595687, 12.9362305806008], [77.5560320280642, 12.9361747775549], [77.5560071200871, 12.9358862213015], [77.5559881630066, 12.9358000515848], [77.555942329575, 12.9356353264348]]}}, {"type": "Feature", "properties": {}, "geometry": {"type": "LineString", "coordinates": [[77.5675873377289, 12.9382731653731], [77.5674588689455, 12.9381437233576], [77.5673983208622, 12.9380681186981], [77.5673387707243, 12.9379586228643], [77.5672917942509, 12.9378288588852], [77.5672307017694, 12.9374959332526], [77.5670676812619, 12.9369179400386], [77.5669831200926, 12.9365279292503], [77.5668566029083, 12.9360827273966], [77.5667034897442, 12.935431054221], [77.5666883748733, 12.9352821483729], [77.5667074632049, 12.935012933449], [77.5666909788838, 12.9348941116497], [77.5664844758044, 12.9343841256191], [77.5663631647034, 12.9341413875802], [77.5662602956729, 12.9337340238408], [77.5661113319477, 12.9334179893417], [77.5660523198728, 12.9332584136018], [77.5659699108598, 12.9329698604039], [77.5658708599592, 12.9323469973258], [77.5657556597146, 12.9319150231902], [77.5656442477634, 12.9316408380731], [77.5655409671947, 12.9314018726928]]}}, {"type": "Feature", "properties": {}, "geometry": {"type": "LineString", "coordinates": [[77.4848114783019, 12.9395448696637], [77.485049685082, 12.939706014413], [77.4849893004102, 12.9396717481177], [77.4851463283386, 12.9397818622296], [77.4851649145832, 12.9397948970143], [77.485171038853, 12.9398150238503], [77.4851856397987, 12.9398396380032], [77.4851979321685, 12.9398650710541], [77.4852050302207, 12.9398841875213], [77.4852110803582, 12.9399062214586], [77.485223856853, 12.9399747471037], [77.4852273781752, 12.9400001941963], [77.4852606466745, 12.9401095345961], [77.4852611814303, 12.9401634064318], [77.4852911000468, 12.9402239750069], [77.4853309771055, 12.9402912213118], [77.4855321982772, 12.940458352302], [77.4859742675618, 12.9407983732808], [77.486158677164, 12.9409615611467], [77.486291980836, 12.9411324083111], [77.4864324573135, 12.9411616240373], [77.4865557455469, 12.9411872649396], [77.4866810280131, 12.9412864717764], [77.48672174732, 12.9413923372625], [77.4868761623731, 12.9417937927444], [77.4868916022241, 12.9418589398897], [77.4869063982109, 12.9418780180684], [77.486921486268, 12.9418937586248], [77.4869402437041, 12.9419092617854], [77.4869623953369, 12.9419241805189], [77.4869881424901, 12.9419386592711], [77.4870184180395, 12.9419532294355], [77.4870549043101, 12.9419653198485], [77.4871433953145, 12.9419812996505], [77.4871814014375, 12.9419924548711], [77.487216695903, 12.9420079050175], [77.4872509658223, 12.9420256544143], [77.4872835834042, 12.9420453756594], [77.4873140120789, 12.9420667440945], [77.4873560200195, 12.9421032811847], [77.4874110970437, 12.9421611454442], [77.4874355950583, 12.9421892654214], [77.4875082941766, 12.9422804968388], [77.4876412614276, 12.9424346277936], [77.487721164125, 12.9425394115964], [77.4878314504475, 12.9426970277594], [77.4878588296302, 12.9427364419828], [77.4879457213607, 12.942851901629], [77.4879663829235, 12.9428847608903], [77.4879817311489, 12.9429155684155], [77.4879931611277, 12.9429498475589], [77.4880112505, 12.9430368891795], [77.4880231402644, 12.9430750788116], [77.4880409037771, 12.943114517934], [77.4880619699031, 12.9431537032652], [77.4880858703052, 12.9431917601658], [77.4881120059762, 12.9432277348326], [77.488135720275, 12.9432542765434], [77.4881643681479, 12.943279408669], [77.4883767544524, 12.9432539468417], [77.4884560752684, 12.9432651419645], [77.488565512284, 12.9435479705487], [77.4885711403444, 12.9435705920299], [77.4886226283314, 12.9437775149094], [77.4887310862129, 12.9439617443671], [77.4887864832361, 12.9440179905877], [77.4888302531161, 12.944022617763], [77.4888901750503, 12.9440289527998], [77.4889945787458, 12.9441116237142], [77.4890814184271, 12.9442661787678], [77.4891726195711, 12.9443692954551], [77.4893918086674, 12.944352858727], [77.4894799675512, 12.944395045922], [77.4896325155554, 12.9446625234153], [77.4897996851104, 12.9449298592568], [77.4898368664544, 12.9450173560721], [77.4898943923993, 12.9450583530983], [77.4900267428106, 12.945142467675], [77.4901280576971, 12.9452102958524], [77.4901844673208, 12.945250648426], [77.4901900529591, 12.9452548821685], [77.4902114048364, 12.9452708472074], [77.49022938137, 12.9452840111161], [77.4902740841026, 12.9453174282189], [77.4903056677413, 12.9453435357637], [77.4903319861938, 12.9453688289684], [77.4903534820724, 12.9453939098548], [77.4903669711239, 12.945413330019], [77.4903803471358, 12.9454363002181], [77.490428723414, 12.945533315821], [77.4904867644836, 12.9456453374604], [77.4905053868431, 12.9456748250635], [77.4905244342149, 12.9456992480884], [77.4905477558002, 12.9457231134576], [77.4905763304234, 12.945747402956], [77.4906088718319, 12.9457715298536], [77.4906673944169, 12.9458117491529], [77.490723127073, 12.9458467114244], [77.490837962172, 12.945909415453], [77.4908850340125, 12.9459372369723], [77.490962390431, 12.9459883476668], [77.4909997405596, 12.9460140656802], [77.4910615640391, 12.946088792371], [77.4911117005697, 12.9461685141928], [77.4912070792192, 12.9462546971876], [77.4912437648802, 12.9462674942089], [77.4912791259763, 12.9462695468008], [77.4913550865591, 12.9462594404059], [77.491388072347, 12.9462784012291], [77.491429186795, 12.9463026700983], [77.4914656650834, 12.9463261132161], [77.4914961370155, 12.946348318137], [77.4915224361726, 12.9463706280041], [77.4915450923121, 12.946393514802], [77.4915628297666, 12.9464143064278], [77.4915878420012, 12.9464474534388], [77.4916123817119, 12.9464845885012], [77.4916366573641, 12.9465260177153], [77.4916612142881, 12.9465726673761], [77.4916795779062, 12.9466158598296], [77.4917129747959, 12.9467137022507], [77.491729851138, 12.9467520227855], [77.4917498989365, 12.9467889387651], [77.4917715223917, 12.9468246949384], [77.4917945097915, 12.9468589364465], [77.4918186610869, 12.9468913697574], [77.4918582804267, 12.9469388782274], [77.4919217862685, 12.9469999637426], [77.4920717298918, 12.9471276182804], [77.4922302198087, 12.9472569826012], [77.4922940961306, 12.9473290925804], [77.4923133826946, 12.94737022157], [77.4923488164212, 12.947465998836], [77.4923667631568, 12.9475632209182], [77.4924142007611, 12.9476825270461], [77.4926431202708, 12.9477251597614], [77.4927108220168, 12.9477932404291], [77.4928964387376, 12.9477705466913], [77.4929784810257, 12.9477488447718], [77.4931216575394, 12.9477474747906], [77.4932130171268, 12.9477436117991], [77.4933440680042, 12.9477483343798], [77.4937675944432, 12.947683800781], [77.4939600960758, 12.9476795675801], [77.4941277057516, 12.947635252949], [77.4942883838321, 12.947616981089], [77.4946237389273, 12.9475626658436], [77.4949728974381, 12.9475362852098], [77.49577630506, 12.9474604976959], [77.4963024562997, 12.9474303563039], [77.4966988313603, 12.947462415552]]}}, {"type": "Feature", "properties": {}, "geometry": {"type": "LineString", "coordinates": [[77.6925978785492, 12.9377560553457], [77.6923507093298, 12.9378859012296], [77.6921613063701, 12.9379604060622], [77.6920852247595, 12.9379997096862], [77.6919957097667, 12.9380716643667], [77.6919244844238, 12.9381671617583], [77.691899373073, 12.9382225050715], [77.6918856754463, 12.938275415187], [77.691884574421, 12.9385443098578], [77.691867977583, 12.9386520656312], [77.6918410616477, 12.9387484000272], [77.6916153481075, 12.9391806039437], [77.6915729926297, 12.939272944954], [77.6913330739197, 12.9400166292252], [77.6912905687207, 12.9400863693973], [77.6911617238589, 12.9402486345719], [77.6910974775658, 12.9404093953623], [77.6899470459597, 12.9418660432266]]}}, {"type": "Feature", "properties": {}, "geometry": {"type": "LineString", "coordinates": [[77.5874623716163, 12.9398449889877], [77.5873872022722, 12.9396620890442], [77.5872875575636, 12.9393871789042], [77.5872700243047, 12.9392824019848], [77.587272376418, 12.9392282616232], [77.5872813216752, 12.9391869822614], [77.5872996417849, 12.9391424071603], [77.5873293267246, 12.9391012761143], [77.5873673228412, 12.9390668672973], [77.5874571555591, 12.9390003154373], [77.5875254035764, 12.9389392954424], [77.5876702661828, 12.9387554348448], [77.587822453642, 12.9386106475785]]}}, {"type": "Feature", "properties": {}, "geometry": {"type": "LineString", "coordinates": [[77.5874623716163, 12.9398449889877], [77.587491457645, 12.9399164118041], [77.5875257558167, 12.9399725400254], [77.5876630141732, 12.9401335041671], [77.5877949051667, 12.940260690347], [77.5878377468932, 12.9403081058334], [77.5878827889045, 12.9403737101167], [77.5879536429793, 12.9404992471376], [77.5880028224402, 12.9405666226122], [77.5880815155636, 12.9406509715964], [77.5883266312702, 12.9408777062658], [77.5884136436159, 12.9409811272402], [77.5884577908576, 12.9410455946956], [77.5884912496944, 12.9411033581498], [77.5885326931948, 12.9411886676931], [77.5886031901447, 12.9413577140345], [77.5887487989309, 12.9416138910459], [77.5888319259599, 12.941730901985], [77.5889011076995, 12.9418197159115], [77.5889763593143, 12.941906015776], [77.5891089897805, 12.9420439978782], [77.5891636797102, 12.9420893249442], [77.5892667905578, 12.942158113928], [77.5893807939615, 12.9422522020735], [77.5894895762825, 12.942324130969], [77.5895296482668, 12.9423564933584], [77.5896121323166, 12.9424451658173], [77.5896999733802, 12.9425629886837], [77.5897370389308, 12.9426050666733], [77.5898406318538, 12.9426970400465], [77.589943674045, 12.9428006063464], [77.5900945778749, 12.9429242022995], [77.590151283242, 12.9429522045904], [77.5902089668246, 12.94296754629], [77.5902739511491, 12.9429725595779], [77.5903701632043, 12.9429635636333], [77.590422072567, 12.9429703574192], [77.5905866583645, 12.9430249271284], [77.5907653317962, 12.9430715094129], [77.5908846883486, 12.9430341853624], [77.5909322576867, 12.9430648828976], [77.5909593218447, 12.9430883805963], [77.5909897712738, 12.9431222414051], [77.5910126124381, 12.9431557423906], [77.5910245586626, 12.9431820004103], [77.5910604872188, 12.943284265676], [77.5911320200226, 12.9434204181578], [77.59115064635, 12.9434481302373], [77.5912478543467, 12.9435636512466], [77.5912996308864, 12.9436498204187], [77.5913279068901, 12.9437157865746], [77.5913700736107, 12.9438484654065], [77.5913838893827, 12.9438756687743], [77.5914330278607, 12.9439542472444], [77.591447231799, 12.943990753965], [77.5918258428958, 12.9452102425947], [77.5921566008285, 12.9452831665582], [77.5922120420039, 12.9453902433556], [77.5922949046263, 12.9454915481133], [77.5923382153362, 12.945582268651], [77.5923737508674, 12.9456345828087], [77.5924160685846, 12.9456968811269], [77.5925089216559, 12.9457636265801], [77.5925871943043, 12.9458128846781], [77.592748742315, 12.9460301195551], [77.5928867639414, 12.9462383769499], [77.5930215355502, 12.9464122058751], [77.5930955625661, 12.9465553441902], [77.5931967208643, 12.9467556421085], [77.5932849852195, 12.9468458553416], [77.5934094148837, 12.9469257255858], [77.5936707869045, 12.9470693694391], [77.5937335456918, 12.9470625236233], [77.5938138176246, 12.9469884901532], [77.5938887469093, 12.9469273449741], [77.5939605315412, 12.9468552561434], [77.5940643027312, 12.9469521193544], [77.5941632444183, 12.9470373916271], [77.5944858235449, 12.9472352320716], [77.5946704674474, 12.9473817501287], [77.5950227075855, 12.9475413003772], [77.5951707079432, 12.9476399087911], [77.5952894327548, 12.9476962578258], [77.595439129614, 12.9477596079495], [77.5955981712297, 12.9478163809207], [77.5956009377533, 12.9478190022306], [77.5957935537259, 12.9479615867154], [77.5959968277044, 12.9480484683391], [77.5960058908841, 12.9480541970541], [77.5961009111784, 12.9480450885879], [77.5961065489948, 12.948045060415], [77.5961466124254, 12.9481149330547], [77.5960985613743, 12.9481703759464], [77.5960341690137, 12.9482628228367], [77.5959830040997, 12.9483534358431], [77.5959406466218, 12.9484242887905], [77.5959482400677, 12.9485027920837], [77.5960293673653, 12.948559303004], [77.596127956153, 12.9486268352477], [77.5962847347065, 12.948675285195], [77.5964725443513, 12.9487714514371], [77.5964769466746, 12.9487714834489], [77.5965307069027, 12.9487981120983], [77.5965077021299, 12.9488838144171], [77.5964565006363, 12.9489715088731], [77.5964355294176, 12.9490694577577], [77.5963969850608, 12.9492097125556], [77.59635736274, 12.9494031994272], [77.5966039116118, 12.9495200866164], [77.5969292124523, 12.9497215196208], [77.5970560246504, 12.9497945384426], [77.5973681118787, 12.9501074145868], [77.5976223833559, 12.9503642341289], [77.5977106906413, 12.950453426726], [77.5980704717194, 12.9506703964034], [77.5985769448303, 12.9506270992176]]}}, {"type": "Feature", "properties": {}, "geometry": {"type": "LineString", "coordinates": [[77.6980521176571, 12.9387882251857], [77.698010401207, 12.939022340175], [77.6980008450626, 12.939122013721], [77.6980081584508, 12.9398709773346], [77.6980022741038, 12.9400643607902], [77.6979749237137, 12.9402031238657], [77.6978675637672, 12.9405447488127], [77.6978588799225, 12.9406134413646], [77.6978669941237, 12.9406726878806], [77.6978948124133, 12.9407406584328], [77.6980295314392, 12.9409767919147], [77.6981596383502, 12.9412870527924], [77.6982005182684, 12.9413673120832], [77.6982562128024, 12.9414416698652], [77.6984458571665, 12.9416405467926], [77.6985035080184, 12.9417142997621], [77.6985854357971, 12.9418548691565], [77.6989277183811, 12.9425094586399], [77.6990874763598, 12.9427417211244], [77.6991238934302, 12.9427780748663], [77.6992008572117, 12.9428324517957], [77.7012390581742, 12.9452781180123]]}}, {"type": "Feature", "properties": {}, "geometry": {"type": "LineString", "coordinates": [[77.75211829356, 12.9383200329195], [77.7520987510508, 12.938120152254], [77.752095131906, 12.9378513464178], [77.7521018312857, 12.9377899340786], [77.7521317282282, 12.9376729866518], [77.7521489390587, 12.9375760319844], [77.7521519457691, 12.9374753763643], [77.7521341907026, 12.9373834041304], [77.7520033554361, 12.9368701663837], [77.7519121170213, 12.9366215570164], [77.7518928679047, 12.9365518721414], [77.7518847100199, 12.9364387111866], [77.7518819912448, 12.9360100629947], [77.7518729714201, 12.9359074801082], [77.751852342841, 12.9358358667077], [77.7518148734399, 12.9357546642206], [77.7516010575654, 12.9353992727297], [77.7515818415667, 12.9353340959718], [77.751556035285, 12.9351596874115], [77.7515290273472, 12.9350833635493], [77.751256714903, 12.9346697286186], [77.7511962856365, 12.9345553548637], [77.7511563721499, 12.9344487582189], [77.7511393238055, 12.9343766489314], [77.7511310385591, 12.934302291837], [77.7511386677741, 12.9340453045824], [77.7511613510492, 12.9338919694391], [77.7512083868015, 12.9337098917008], [77.7512370896876, 12.9336579544159], [77.7512760658748, 12.9336265191688]]}}, {"type": "Feature", "properties": {}, "geometry": {"type": "LineString", "coordinates": [[77.75211829356, 12.9383200329195], [77.7522610943769, 12.9383467453802], [77.7523219418999, 12.9383504515996], [77.7523861241114, 12.9383488588859], [77.7524860835641, 12.9383342155721], [77.7527080585672, 12.9382764767848], [77.7527966551605, 12.9382625134097], [77.7528952084184, 12.9382585450045], [77.7531146387455, 12.9382823710046], [77.7532616686166, 12.9382826573726], [77.7533278235938, 12.9382759587483], [77.7534108230402, 12.9382616270105], [77.7536244642165, 12.9382103855458], [77.7537006860549, 12.9382054332275], [77.7537704634135, 12.9382082381092], [77.7538485455447, 12.9382225729712], [77.7539118729521, 12.9382438747852], [77.7541093963475, 12.9383471371251], [77.754324441245, 12.9384238143448], [77.7544509546461, 12.9384973844196], [77.7545904946265, 12.9385692269091], [77.754658429429, 12.9385936857428]]}}, {"type": "Feature", "properties": {}, "geometry": {"type": "LineString", "coordinates": [[77.7511775874246, 12.9383574272793], [77.750977104438, 12.9381786489562], [77.7507757444369, 12.9380360129645], [77.750634458428, 12.9379258798712], [77.7505280357989, 12.9378635382079], [77.7504196181667, 12.9378228424143], [77.7499387673463, 12.9377434335642], [77.7496599609296, 12.9376465407007], [77.7494724168693, 12.9375897198359], [77.7491488527304, 12.9375011492523], [77.7489436579393, 12.9374618382196], [77.7483339894113, 12.9373667078026], [77.7480782710561, 12.9373202999905], [77.7478093956803, 12.9372843873085], [77.7474964163496, 12.9372624475933], [77.7472256462004, 12.9372809873888], [77.7471819229411, 12.9372839810713]]}}, {"type": "Feature", "properties": {}, "geometry": {"type": "LineString", "coordinates": [[77.7511775874246, 12.9383574272793], [77.7515260155412, 12.9383195045928], [77.7518322625704, 12.9382943698469], [77.7519462581108, 12.9382973976885], [77.75211829356, 12.9383200329195]]}}, {"type": "Feature", "properties": {}, "geometry": {"type": "LineString", "coordinates": [[77.685248513635, 12.9395031030349], [77.6852832987214, 12.9395675375821], [77.6853144020976, 12.9396040640962], [77.6854435648567, 12.9397216512633], [77.6856028818907, 12.9398484411294], [77.6856921842435, 12.9399396374278], [77.6857288579476, 12.9399918920754], [77.6857554760348, 12.9400450118687], [77.6858213074491, 12.9402590263268], [77.6858633083508, 12.9403453275938], [77.685906157756, 12.940400777943], [77.6859625550246, 12.9404561076481], [77.6860095467654, 12.9404900185523], [77.6860698486894, 12.9405228581936], [77.6861671609515, 12.9405609444455], [77.6862677957421, 12.9405835044223], [77.6868757520704, 12.9406417600073], [77.6873152196838, 12.94072047192], [77.6879242871354, 12.9408125195751], [77.6880667198261, 12.9409415323383]]}}, {"type": "Feature", "properties": {}, "geometry": {"type": "LineString", "coordinates": [[77.5579501189996, 12.9416339038794], [77.557820936845, 12.9417004465539], [77.5576825405721, 12.9417416869493], [77.5574765256344, 12.9417647003094], [77.5572914129316, 12.941801214831], [77.5570375147469, 12.9417964934238], [77.5568074619026, 12.9418625606887], [77.5565234288531, 12.9419056699675], [77.5562461659344, 12.9420116774449], [77.5559746520983, 12.9420738357335], [77.5559121612745, 12.9421066650437], [77.5558631453128, 12.9421487934375], [77.5557860039859, 12.9422697192171], [77.5555294985334, 12.9428894346992], [77.5553494037649, 12.9432456346646], [77.5551978486068, 12.9436454973266], [77.5550971736693, 12.9439684156562], [77.5549670665618, 12.9446091874175], [77.5548552387972, 12.9449800696483], [77.5547979890094, 12.9451080524187], [77.5547133063332, 12.9452222182621], [77.5546259876859, 12.9452996309152], [77.5545115109331, 12.9453684088767], [77.5541736889055, 12.9455399268578], [77.5540219817709, 12.945640258882], [77.5538701272157, 12.9457582305726], [77.5536766364145, 12.9459529536986], [77.5535670187544, 12.9460992061975], [77.5534906115646, 12.9462208788734], [77.5534075351491, 12.9463781627143], [77.5532262000237, 12.9467872376537], [77.5529282644403, 12.9476905414253], [77.5528665589071, 12.9478111367126], [77.5526843735707, 12.9480911241295], [77.5526147956409, 12.9482328670827], [77.5525782612597, 12.9483401128044], [77.5525531167086, 12.9485560672097], [77.5525672389999, 12.9487985682059], [77.5525969298594, 12.9489932562831], [77.5527299340659, 12.9496478569265], [77.5527563970551, 12.9498527107052], [77.5527624545351, 12.9501821305669], [77.5527427309274, 12.9505178662073], [77.5527135982097, 12.9506992001653], [77.5526677066133, 12.9508666585523], [77.5525869238877, 12.9510874839824], [77.5524908007247, 12.9512994061388], [77.5524358575827, 12.9513952336512], [77.5523895049748, 12.951450089873], [77.5521977913687, 12.951592239157]]}}, {"type": "Feature", "properties": {}, "geometry": {"type": "LineString", "coordinates": [[77.7487103309774, 12.9404019635609], [77.7487990379394, 12.940354940908], [77.7489405419664, 12.9403045827628], [77.7489793965879, 12.9402957195895], [77.7490855762934, 12.940303309676], [77.7492624577628, 12.9403252026156], [77.749313755429, 12.9403255567426], [77.7493575872434, 12.9403181450653], [77.7493998890193, 12.94030163489], [77.7494544697832, 12.9402733304468], [77.7495044204207, 12.9402449086222], [77.7495737766607, 12.940201091639], [77.749610307215, 12.9401821978961], [77.7496667930435, 12.9401623420667], [77.7497383515627, 12.9401487869528], [77.749769377384, 12.9401360207556], [77.7498044428054, 12.9401100034076], [77.7498547436312, 12.9400578409606], [77.749881513972, 12.9400330980956], [77.749922099879, 12.940000043348], [77.7499548419396, 12.9399785879373], [77.7499733796293, 12.9399699660757], [77.7499990983022, 12.9399628691575], [77.7500547708713, 12.9399611580474]]}}, {"type": "Feature", "properties": {}, "geometry": {"type": "LineString", "coordinates": [[77.5623664142115, 12.9424939836007], [77.5623735688594, 12.9426881718287], [77.5623065671655, 12.9430378928184], [77.5622837966275, 12.943359068808], [77.5622852926478, 12.9435146501387], [77.5623181012747, 12.9437776852212], [77.5623214937535, 12.9438811536784], [77.5623154570587, 12.9439218306392], [77.5622995719972, 12.9439667639439], [77.5622803804358, 12.9439973973195], [77.5622422711112, 12.9440348932359], [77.5621714271653, 12.9440759074124], [77.5620744079958, 12.9441113507079], [77.5619886669357, 12.94413119875], [77.5618988289008, 12.944137181935], [77.5614574453261, 12.9441044661971], [77.561034497125, 12.9440848403135], [77.5606801085616, 12.9440393309034], [77.5604001882968, 12.9440181341296], [77.560235858644, 12.9439909418041], [77.560099153547, 12.9439565548004], [77.5600143413846, 12.943928113181], [77.5599206627739, 12.9438799358455], [77.5597576400547, 12.9437662016277], [77.5596799695683, 12.9437305587373], [77.5596250767585, 12.943718401571], [77.5595705293596, 12.9437148148211], [77.5595113355602, 12.9437205838323], [77.5594670660727, 12.9437321645702], [77.5594119057501, 12.9437598516054], [77.5593680200546, 12.9437993752453], [77.5593261808344, 12.9438570130049], [77.5592845627862, 12.9439349655679], [77.5592039758745, 12.9441231866863], [77.5590260680771, 12.9445897190025], [77.5589686942493, 12.9447851819576], [77.5589358587738, 12.9448751266055], [77.5588175727639, 12.945137540419], [77.5587423226182, 12.9452489991173], [77.5575681096544, 12.9466247503745], [77.5575502237837, 12.9466345604287], [77.5575325084341, 12.9466494372168], [77.5574812285382, 12.9467159111763], [77.5574244936422, 12.9467810265646], [77.5573929774564, 12.9468112069893], [77.5572921552347, 12.9468957186969], [77.5572568414308, 12.9469327837049], [77.5572162112672, 12.9469815365466], [77.5571239062764, 12.9470747733512], [77.5570764496336, 12.9471333749367], [77.5570190625542, 12.9472241504158], [77.5569822466805, 12.9472752482272], [77.5569450784327, 12.9473140181685], [77.5568834829506, 12.9473660891464], [77.5568618002685, 12.9473895515697], [77.5568498082271, 12.947406816021], [77.556835001154, 12.9474410515868], [77.5568132654371, 12.9475291164398], [77.5568032594593, 12.9475556923361], [77.5567826651758, 12.9475892330145], [77.5567203752766, 12.9476641710364], [77.5566974418808, 12.9477051737561], [77.5566821891243, 12.9477564936065], [77.5566665483925, 12.9478655890225], [77.5566518104255, 12.9479063324348], [77.5566354739154, 12.9479313270573], [77.5566031114149, 12.9479699486285], [77.5565565313719, 12.9480169863094], [77.5565165951382, 12.948052975426], [77.5564931476742, 12.9480816048746], [77.5564692426325, 12.9481309370861], [77.5564485497033, 12.9481905760739], [77.5564406547571, 12.9482271605645], [77.556431752628, 12.9482981144352], [77.5564239515348, 12.9483227687159], [77.55640879832, 12.9483459258282], [77.5563012466133, 12.9484684007943], [77.5562785189749, 12.9485071916172], [77.5562640497538, 12.9485538816731], [77.5562532080192, 12.9486597299552], [77.5562208444276, 12.9488100625821], [77.5562031919104, 12.9488646268129], [77.5561525083631, 12.9489819650334], [77.5561322478874, 12.9490190801213], [77.5561114507319, 12.9490491851043], [77.5559977065529, 12.949180946013], [77.5559363446554, 12.9492487555771], [77.5558922612227, 12.9492924259004], [77.55587103799, 12.9493083055492], [77.5557736111454, 12.9493702955723], [77.5557307691637, 12.9494041918049], [77.5556931373954, 12.9494425388626], [77.5556385507462, 12.9495079491772], [77.5555998474417, 12.9495483521735], [77.5554976803585, 12.9496203808993], [77.5553855905993, 12.9497064039655], [77.5553481788281, 12.9497320985727], [77.5553090829504, 12.949753884158], [77.5552778552611, 12.9497641773306], [77.5551626730678, 12.9497806370591], [77.5550315019515, 12.949795860424], [77.5548936454021, 12.9498245702092], [77.5548017388273, 12.9498522601057], [77.5547375121043, 12.9498803561129], [77.5546234307594, 12.9499446367744], [77.5545809124295, 12.9499766044109], [77.5544961792895, 12.9500636309723], [77.5543975553634, 12.9501515734158], [77.5543758746888, 12.9501778084148], [77.5543349765399, 12.950243208087], [77.5533864016798, 12.9515027674395]]}}, {"type": "Feature", "properties": {}, "geometry": {"type": "LineString", "coordinates": [[77.6292431848746, 12.9421621943347], [77.6292233491218, 12.9419998089077], [77.6291002709521, 12.9413240982215], [77.6290789401561, 12.9412354662573], [77.6290487500943, 12.9411807835918], [77.6290234348472, 12.9411578672723], [77.6289748426252, 12.9411293370236], [77.6285765221684, 12.9409399901911], [77.6283005468326, 12.9407740288753], [77.6282203919634, 12.9407205518245], [77.628133372125, 12.9406521021103], [77.6276349262803, 12.9402135452004], [77.6275974344532, 12.9401679989429], [77.6275882308661, 12.9401473059502], [77.6275774048288, 12.9401229641576]]}}, {"type": "Feature", "properties": {}, "geometry": {"type": "LineString", "coordinates": [[77.5081760285983, 12.9433734694078], [77.508295904349, 12.9433594943064], [77.5084889492624, 12.943313161126], [77.5086590856437, 12.9433116238393], [77.5088867501857, 12.9433350978354], [77.5092606712615, 12.9433022719913], [77.5093945598492, 12.9433093338783], [77.5096763843652, 12.9433584137298], [77.5098111491918, 12.9433600686046], [77.5099315672708, 12.9433365241024], [77.5103023882213, 12.9432195069437], [77.5109494299469, 12.9431450651425], [77.5112000603757, 12.9431024270931], [77.5114514328824, 12.9430340150641], [77.5118790428892, 12.9428800497877], [77.5126834292571, 12.9424471644355], [77.512810166266, 12.9423561413256], [77.5129299142675, 12.942246530329], [77.5133382452571, 12.9417884858162], [77.5134455246941, 12.9416337066605], [77.5138072974118, 12.9410191414294], [77.5138921873434, 12.9408142086695], [77.5140000258931, 12.9404325302926], [77.5141144575746, 12.9401637712492], [77.5141481675718, 12.9400522412933], [77.5141633965986, 12.9398765468102], [77.5143502499228, 12.9393478372036]]}}, {"type": "Feature", "properties": {}, "geometry": {"type": "LineString", "coordinates": [[77.5805026563149, 12.942911326372], [77.5806368243829, 12.9428838206006], [77.5808209694398, 12.9428304520513], [77.5808954584555, 12.9428186083798], [77.5810630599809, 12.9428070721798], [77.5811090701216, 12.9427978847338], [77.5812213757334, 12.9427659072196], [77.5812585458653, 12.9427630528118], [77.5813592262404, 12.9427694575819], [77.5814958548011, 12.9427569395648], [77.5823365047351, 12.9435487585764], [77.582576731306, 12.9439104271335], [77.5824672713035, 12.944413971145], [77.5825645007917, 12.9449807198898], [77.5834269434567, 12.9458984370911], [77.5842841551676, 12.9463082506199], [77.5845140755998, 12.946371255603]]}}, {"type": "Feature", "properties": {}, "geometry": {"type": "LineString", "coordinates": [[77.7514851511502, 12.9414817266645], [77.7514693480842, 12.9413340154133], [77.7514694155461, 12.9412428062169], [77.7514806874347, 12.941041379783], [77.7515193090314, 12.9407920626681], [77.7515219089261, 12.9405544526992], [77.7515054350113, 12.9404565491869], [77.7514335188465, 12.9401998778062], [77.7513159764254, 12.9396169592067], [77.7512957115958, 12.9393602772885], [77.751265300586, 12.9391863735653], [77.7512090189415, 12.9387890155732], [77.7511923233134, 12.9385123612039], [77.7511775874246, 12.9383574272793]]}}, {"type": "Feature", "properties": {}, "geometry": {"type": "LineString", "coordinates": [[77.5171124768202, 12.9439649287745], [77.517011589909, 12.9439030548996], [77.5169107495998, 12.9438122346579], [77.5168070654321, 12.9437375292911], [77.516728614452, 12.9436903759406], [77.5166193132796, 12.9436396264354], [77.5165754933119, 12.9436133587909], [77.5165276686467, 12.9435719909987], [77.5160525371785, 12.9433365735937]]}}, {"type": "Feature", "properties": {}, "geometry": {"type": "LineString", "coordinates": [[77.7183452701916, 12.9424860366657], [77.7176796933401, 12.9408446279118], [77.7174734505424, 12.9406933154522], [77.7174166357521, 12.9406590518403], [77.7172673700938, 12.9405983550781], [77.717106288428, 12.9405179717173], [77.717003726794, 12.9404877919666], [77.7168451218197, 12.9404632578276], [77.7168226640475, 12.9404494754491], [77.716811409414, 12.9404295816321], [77.7168111619182, 12.9404057175664], [77.7168288028746, 12.9403723218385], [77.7169737860258, 12.9402232602125], [77.7170178577708, 12.9401656392244], [77.717044069827, 12.940120203663], [77.7170758093654, 12.9400279853453], [77.7171107622542, 12.9398346995919], [77.7171258095903, 12.9397955214166], [77.717157089631, 12.9397432659937], [77.7171927739098, 12.9396995998304], [77.7172570970353, 12.9396372780525], [77.7173119177913, 12.9395942118656], [77.7174128296472, 12.939527846444], [77.7174834047758, 12.9394716799544]]}}, {"type": "Feature", "properties": {}, "geometry": {"type": "LineString", "coordinates": [[77.5234639720589, 12.9467772592814], [77.5234624965526, 12.9468349219975], [77.5235664528478, 12.9470256609937], [77.5236838902615, 12.9472457544471], [77.5236983725554, 12.9472698997439]]}}, {"type": "Feature", "properties": {}, "geometry": {"type": "LineString", "coordinates": [[77.6240673349467, 12.9459250188339], [77.6241504099412, 12.9466312276686], [77.6241669064544, 12.9467714533648], [77.6241811005991, 12.9468239082218], [77.6245009206022, 12.9474735804394], [77.624568850572, 12.9476803458124], [77.6246350874448, 12.9479360752923], [77.6246652244449, 12.9480054575918], [77.6247012478492, 12.9480550219657], [77.6247569082011, 12.948092557354], [77.6248325406152, 12.9481072311191], [77.6248919745506, 12.9481013075676], [77.6250508352721, 12.9480635242136], [77.625131045639, 12.9480523583355], [77.6255736346444, 12.9480482180928], [77.6257063809084, 12.9480599779556], [77.6258024748276, 12.9480754841342], [77.6258694197956, 12.9480952825915], [77.6259314114323, 12.9481244261972], [77.6259705376276, 12.9481516925938], [77.6260224987957, 12.9482046754168], [77.6260587910716, 12.9482566670248], [77.626085162953, 12.9483078416579], [77.6261174905444, 12.9484134204443], [77.6261585143796, 12.9486615011902], [77.6261852043833, 12.9487288744411], [77.6262228227251, 12.9487880320767], [77.6262770722217, 12.9488450706633], [77.6264760041554, 12.9490215491716], [77.6266521841318, 12.9491267281112], [77.6267064345651, 12.9491660009145], [77.6269008041177, 12.9493589273931], [77.6297226135835, 12.9506461916284], [77.630837305631, 12.951133007272], [77.6313643404501, 12.9511926992455], [77.6315688819524, 12.9511762911116], [77.6318046241724, 12.9513460090788], [77.6321661501986, 12.9516578730578], [77.6330580240154, 12.9523444292167]]}}, {"type": "Feature", "properties": {}, "geometry": {"type": "LineString", "coordinates": [[77.5845140755998, 12.946371255603], [77.5822057753154, 12.9475224958021], [77.5819556889905, 12.9478500641253], [77.5815448129428, 12.9483461586089], [77.5795553225549, 12.9484181707768], [77.5795198485436, 12.9484076309822], [77.5794047881204, 12.9483582784369], [77.5793485334504, 12.9483487954061], [77.5792958246856, 12.9483492070273], [77.5792607412146, 12.9483565651024], [77.579228104998, 12.948369725266], [77.5790171746713, 12.9484958492962], [77.5789756585737, 12.9485146264273], [77.5789406072416, 12.9485232318054], [77.5788608739499, 12.9485245703784], [77.5786026968316, 12.9484889020009], [77.5784026377485, 12.9484806116937], [77.578215997731, 12.9484612350481], [77.5781284682301, 12.9484594586709], [77.5780681881316, 12.9484658155676], [77.5779948784273, 12.9484831553907], [77.57775459293, 12.9485790171529], [77.5777056355692, 12.9485900646601], [77.5759718384338, 12.94991721299], [77.5748820240026, 12.9520123972978], [77.5739491407727, 12.9542016445551]]}}, {"type": "Feature", "properties": {}, "geometry": {"type": "LineString", "coordinates": [[77.5845140755998, 12.946371255603], [77.5852312109446, 12.9465677717216], [77.5858425838498, 12.9467708616587], [77.5862730423559, 12.9471550228967], [77.5863367385959, 12.9474233052939], [77.5864404355774, 12.9479442127632], [77.5855755798171, 12.9504188113286], [77.584773124991, 12.9541891381313], [77.5847656258749, 12.9543508879856], [77.5847751920954, 12.9550278349822], [77.5847661322697, 12.9551648216286], [77.5847365184492, 12.9553652252141], [77.5847185297652, 12.9554376520097], [77.5846891604043, 12.9555188331931], [77.5846300357572, 12.955654690601], [77.5845897957369, 12.9557277303581], [77.5845620623016, 12.9557667795539], [77.5845346845408, 12.9557944138441], [77.5844219495993, 12.9558639911156], [77.5856413079741, 12.9593296248928], [77.5857277058386, 12.9595751784119]]}}, {"type": "Feature", "properties": {}, "geometry": {"type": "LineString", "coordinates": [[77.7280418885561, 12.944982149557], [77.7273060477156, 12.9483954221361], [77.7272654809175, 12.9485870710985], [77.7272207676395, 12.9487264189911], [77.7271194763206, 12.9489322448774], [77.7270401298634, 12.9490540076265], [77.7269758415982, 12.9491101335555], [77.7269099287458, 12.9491405419052], [77.7268160578399, 12.9491596628919], [77.726580304204, 12.9491834623335], [77.7265194991672, 12.949199132304], [77.7264757554458, 12.9492202434141], [77.7264404575462, 12.9492493989627], [77.726398006083, 12.9493018382046], [77.7262348163216, 12.9495600664104], [77.7261439990094, 12.9497302745823], [77.7260665463229, 12.9499382121438], [77.7259966328611, 12.9502197822304], [77.7259633651125, 12.9504273486073], [77.7259452736224, 12.9505006902058], [77.725915737427, 12.9505642138445], [77.7258264087252, 12.9506990972396], [77.725789626238, 12.9507664699961], [77.7257480019786, 12.9508652622017], [77.7257209584445, 12.9509625205962], [77.7257081883178, 12.9510627588167], [77.7257044851914, 12.9511552408495], [77.7257071191262, 12.951258252842], [77.725717211816, 12.9513436753611], [77.725759918146, 12.9515130615607], [77.725858213612, 12.9517699794503], [77.7258800401831, 12.9518913588729], [77.725875870971, 12.952009475575], [77.7258265181259, 12.9522059455785], [77.7258137389626, 12.9523149111452], [77.7258416987554, 12.952784864671], [77.7258226798867, 12.9530578171602], [77.7258254234154, 12.9531570826971], [77.7258428929157, 12.953258328703], [77.725900342453, 12.9534765842701], [77.7259208601593, 12.95357955988], [77.7259350699399, 12.9537040578461], [77.7259499716388, 12.9540111324223], [77.7259712328243, 12.954123256568], [77.7260269821131, 12.9543248820321], [77.7260414465655, 12.954445852438], [77.7260400349522, 12.9545669041343], [77.7260219133978, 12.9547438637416], [77.72599402371, 12.9548705142677], [77.7259542249674, 12.9549816019273], [77.7259113285508, 12.9550594995768], [77.7258212745915, 12.9551848008838], [77.7257564032807, 12.9553716628082], [77.7257359839844, 12.9554133339373], [77.7256951218182, 12.9554579498951], [77.7256457255947, 12.9554846595823], [77.7255956659504, 12.9554985658223], [77.7255072728592, 12.9555088895567], [77.7250240289474, 12.955514663969], [77.7247853696578, 12.9555350931349], [77.7244986077024, 12.9556011748311], [77.724141522609, 12.9556545727602], [77.7240355334405, 12.9556834316617], [77.7239412593457, 12.9557278121703], [77.723731995707, 12.9559648723182]]}}, {"type": "Feature", "properties": {}, "geometry": {"type": "LineString", "coordinates": [[77.5139375909331, 12.9474294087844], [77.5141252006205, 12.9484506611873], [77.5143061963658, 12.9489754151707], [77.514398295102, 12.9492105215745], [77.5144302521832, 12.9492987512261], [77.5144573882155, 12.9493797588509], [77.5145279990417, 12.94959639387], [77.5145601695929, 12.9496996436991], [77.5145892978337, 12.9498026455151], [77.5146120041924, 12.949896055558], [77.5146267290275, 12.9499675635224], [77.514640881851, 12.9500461422709], [77.5146721875561, 12.9502519289714], [77.5146789735011, 12.9503077097748], [77.5146940586042, 12.9504621109442], [77.5147007174753, 12.950508898763], [77.5147086835847, 12.9505504635546], [77.5147188262759, 12.9505889842675], [77.5147331854761, 12.9506312986708], [77.514787916206, 12.9507644185389], [77.5148053642667, 12.9508107859688], [77.5148186980697, 12.950854368818], [77.5148273794144, 12.9508945931488], [77.5148329854075, 12.9509367887617], [77.5148366020573, 12.950984254643], [77.5148401900241, 12.9511357915923], [77.5148411314211, 12.9513425760825], [77.5148432147544, 12.9514905849839], [77.5148471369007, 12.9515340680548], [77.5148538876343, 12.9515722854015], [77.5148642966047, 12.9516084165133], [77.5148798825035, 12.9516477519984], [77.5149411295828, 12.9517702733035], [77.514960400901, 12.951813073301], [77.5149877178899, 12.9518842427785], [77.5150154258569, 12.9519643520851], [77.5151023971138, 12.9522439950589], [77.5151385511205, 12.9523522431685], [77.5152337706531, 12.9526167154648], [77.5153109128773, 12.9528198619783], [77.5153851629279, 12.9530016481542], [77.5154585126838, 12.9531665098508], [77.5154976228403, 12.9532469317529], [77.5155876844731, 12.9534233167519], [77.5156240106844, 12.9534989454133], [77.5155093519384, 12.9540271727367], [77.5156418111109, 12.9540996800369], [77.515672096225, 12.9541253934225], [77.5157047939471, 12.9541654191051], [77.5157880475475, 12.9543112442559], [77.5159638883837, 12.95465158343], [77.5160172674022, 12.9547679724065], [77.5160589182907, 12.9548948521118], [77.5161111950484, 12.9552277972687], [77.5161353105363, 12.9553267226778], [77.5161674431954, 12.9554206086723], [77.5165697959029, 12.9563220758332], [77.5166571036566, 12.9565988620917], [77.516690498796, 12.9566844977737], [77.5167352318367, 12.9567713086133], [77.5168571682077, 12.9569734357429], [77.5169744428885, 12.9572066624198], [77.5170378830526, 12.9573424409906], [77.5172015192036, 12.9577249772827], [77.5172225305811, 12.9577917729382], [77.5172695936754, 12.9580179714531], [77.5173035896127, 12.958148483568], [77.5173973000219, 12.9585624918383]]}}, {"type": "Feature", "properties": {}, "geometry": {"type": "LineString", "coordinates": [[77.5238969846685, 12.9476161015771], [77.5238328967558, 12.94752100942], [77.5236983725554, 12.9472698997439]]}}, {"type": "Feature", "properties": {}, "geometry": {"type": "LineString", "coordinates": [[77.6653949085496, 12.9467804018558], [77.6652870189897, 12.9467614719978], [77.6652361470895, 12.9467450990158], [77.6649792455869, 12.9466179323613], [77.6645336584327, 12.9464262272732], [77.664476522344, 12.9463956283582], [77.6644397327942, 12.9463674041532], [77.6644089288262, 12.9463307397895], [77.6643491770489, 12.946233514561], [77.6643181853979, 12.9461934011497], [77.6641363266051, 12.9460239128633], [77.6636996615751, 12.9455563385611], [77.6636084638214, 12.9454474275683], [77.6635217416263, 12.9453227472639], [77.6633614212428, 12.945040670682], [77.6632662357841, 12.9448866876302], [77.6632058598108, 12.9447986847593], [77.6631060617435, 12.9446677463793], [77.6630718200726, 12.9446167909361], [77.6630542883511, 12.9445795552591], [77.663031770919, 12.9445044235883], [77.663023069552, 12.9444593185646], [77.6630219729274, 12.9444121835965], [77.6630944866044, 12.9437359942048], [77.6631228814468, 12.9433366030171], [77.6631273080573, 12.9431246899848], [77.6631159559574, 12.9429417093879], [77.663060139655, 12.9420420197179]]}}, {"type": "Feature", "properties": {}, "geometry": {"type": "LineString", "coordinates": [[77.6127695743542, 12.9486493654326], [77.613431394231, 12.9485471132081], [77.6141115105542, 12.9483299428802], [77.6144984107599, 12.9480392227158], [77.6147679432705, 12.9477114364054], [77.6150750671999, 12.9472494134181], [77.6161577481052, 12.945674804099], [77.6163965208149, 12.9454357661988], [77.6166264863401, 12.9450533984162], [77.6167336720469, 12.9448156816576], [77.6168047545609, 12.9446213528824], [77.6168104926973, 12.9444707057347], [77.6167314989921, 12.9440271971268], [77.6166101191227, 12.9439647273734], [77.6165499173386, 12.9439259869111], [77.6161263088259, 12.9435894210926], [77.6160648516052, 12.9435519009652], [77.6159347699411, 12.9434899798215], [77.6159003730285, 12.9434658667366], [77.6158784862077, 12.9434433418687], [77.6158580089933, 12.9434083148444], [77.6158424543033, 12.9433524795732], [77.6158036246346, 12.9430681404334], [77.6157630857062, 12.9428535590096], [77.6157559230876, 12.9427767171367], [77.6158093015589, 12.9416676370672], [77.6159598665745, 12.941149819252], [77.6159735140455, 12.9406785936487], [77.6159659869176, 12.9406443201709], [77.6159463478922, 12.9405951389103], [77.6159147817416, 12.9404873946411], [77.6158939682514, 12.9404426157909], [77.6158696703704, 12.9404067552562], [77.615807564439, 12.9403473108436], [77.6155698164288, 12.9401549502376], [77.6155211545588, 12.9401227102103], [77.6154819286623, 12.9401066849845], [77.6154268091103, 12.9401035800632], [77.6153457954124, 12.9401243034187], [77.6150806625683, 12.940228444856], [77.6148423110723, 12.9403293785784], [77.6147887745333, 12.9403478937287], [77.6147511096139, 12.9403545503343], [77.6147238949342, 12.9403534139802], [77.61467206032, 12.9403347190099], [77.6146147920914, 12.9402953287052], [77.6145635622462, 12.9402481490335], [77.6143321210747, 12.9399528004343], [77.6142430204339, 12.939860083981], [77.6139742894229, 12.9396146318502], [77.6138631862061, 12.9395334530335], [77.6137456283261, 12.9394587351133]]}}, {"type": "Feature", "properties": {}, "geometry": {"type": "LineString", "coordinates": [[77.7490368239306, 12.9475771294484], [77.7491990381814, 12.9475766895562], [77.7495272573865, 12.9478315047117], [77.749717227145, 12.9480340339591], [77.7497972507938, 12.948151406573], [77.7497498065691, 12.9483600279251], [77.7497019801145, 12.9485571529909], [77.7497057712846, 12.9487509879743], [77.7499157440341, 12.9487918333134], [77.75034276358, 12.9488257474069], [77.7507567966197, 12.9489430335999], [77.7511625237907, 12.9491199191542], [77.7515773126193, 12.9494340497923], [77.7520210769391, 12.9497545120044], [77.7526215486108, 12.9498608602373], [77.753088469155, 12.9500239186675], [77.7538511224034, 12.9509313140421], [77.7538716942259, 12.9509557899404], [77.7538937825385, 12.9509820709135], [77.7542098738185, 12.9512184874251], [77.7544820273046, 12.9513829843837], [77.7545286276225, 12.9513848085671], [77.7549423543956, 12.9514481451465], [77.755217504916, 12.9515224780878], [77.7556233205513, 12.951435523771], [77.7559200814498, 12.9513772030134], [77.7561282939923, 12.9513088173833], [77.7563501024317, 12.951309921637], [77.75656572269, 12.951348790668], [77.7568008869143, 12.9514271719379], [77.7571095512023, 12.9515094405655], [77.757484378931, 12.9516433885801], [77.7580179607436, 12.9519146017862], [77.7582289009773, 12.9520218193526], [77.7585333103704, 12.9522759094216], [77.7585464155624, 12.9522870414059]]}}, {"type": "Feature", "properties": {}, "geometry": {"type": "LineString", "coordinates": [[77.6064252603369, 12.9501282543694], [77.6059769086953, 12.9488102060442], [77.6059473314303, 12.9487232524141], [77.605929726898, 12.9486523503821], [77.6059133804169, 12.948565484831], [77.6059018822023, 12.9484581135476], [77.605892592225, 12.948403748711], [77.6058824202503, 12.9483648377078], [77.6058521161772, 12.9482737039281], [77.6058409986882, 12.9482291658881], [77.605752021282, 12.94777895863], [77.6057178200287, 12.9476285383441], [77.6056850290736, 12.9474472888941], [77.6056699444389, 12.9473957455721], [77.6056475874318, 12.9473367313494], [77.6056228077329, 12.947287797416], [77.6055524854176, 12.9471694188454], [77.6054568982244, 12.9469999004435], [77.6053825613973, 12.946888824605], [77.6053476807554, 12.9468472181589], [77.605302409427, 12.9468020874344], [77.6052550713478, 12.9467589233503], [77.6051766291662, 12.9466943554374], [77.6051398710457, 12.9466594512918], [77.6051009929765, 12.9466155466926], [77.6050744747208, 12.946576831576], [77.6050621857808, 12.9465505426943], [77.6050545115705, 12.9465259404502], [77.6050205605705, 12.946356013322], [77.6049994904468, 12.9462868785647], [77.6049574969423, 12.9462011916642], [77.6048835641752, 12.9460843657458], [77.6048523970153, 12.9460278118761], [77.6048369822395, 12.9459876359917], [77.60481404743, 12.9459010809491], [77.6047871206117, 12.9458356220336], [77.6047484624552, 12.945768450939], [77.6046984286833, 12.9457024207459], [77.6046599268696, 12.9456587128377], [77.6045545848529, 12.9455511690722], [77.6045332937867, 12.9455252854218], [77.6045201572643, 12.9455041093416], [77.6044901302992, 12.945432810874], [77.6044506565627, 12.9452942173011], [77.6044378180735, 12.9452575742309], [77.6044211326999, 12.9452246158494], [77.6043385242099, 12.9451009985727], [77.6043154815748, 12.9450581190118], [77.6042668682017, 12.9449208715856], [77.6042249512073, 12.9448157193158], [77.6042029869874, 12.9447444431971]]}}, {"type": "Feature", "properties": {}, "geometry": {"type": "LineString", "coordinates": [[77.5985769448303, 12.9506270992176], [77.5982433714285, 12.9500538421038], [77.5982321898478, 12.9500410336337], [77.5982095474148, 12.9500279257044], [77.5981520400005, 12.9500016826805], [77.5981322005984, 12.9499905361459], [77.5981036455447, 12.9499689000433], [77.598085264293, 12.9499513589142], [77.5980728853815, 12.9499372280056], [77.5980612456291, 12.949917807349], [77.5980538191922, 12.9498900484405], [77.5980522923713, 12.9498555254086], [77.5980554295845, 12.9498031862277], [77.5980550457803, 12.9497858016725], [77.5980497777061, 12.949755306419], [77.5980428292465, 12.9497382890825], [77.5980279933948, 12.9497165730535], [77.5980086930586, 12.9496987808919], [77.5979861986096, 12.9496847499572], [77.5979445530381, 12.9496632317335], [77.5979229489252, 12.9496480084149], [77.5979058702231, 12.9496278072158], [77.5978931871901, 12.9496046847423], [77.5978868153591, 12.9495826024205], [77.5978839518994, 12.9495573068311], [77.5978842404287, 12.9494872237097], [77.5978876618134, 12.9494229301678], [77.5978859728867, 12.949389115231], [77.5978796737011, 12.9493703965696], [77.5978702334299, 12.9493528240694], [77.5978319485667, 12.9493063781883], [77.5978113475651, 12.9492758695944], [77.5977902422407, 12.9492390058544], [77.5977768028197, 12.9492070679791], [77.5977413307993, 12.9490658708144], [77.5977320803807, 12.9490209368264], [77.5977190232355, 12.9489348812613], [77.5977031878234, 12.9488685328933], [77.5976971174331, 12.9488372271091], [77.5976927759945, 12.9488099225576], [77.5976881758789, 12.9487606834075], [77.5976857335474, 12.9486942565968]]}}, {"type": "Feature", "properties": {}, "geometry": {"type": "LineString", "coordinates": [[77.5995670234501, 12.95021564359], [77.5995669627124, 12.9502155601769], [77.5988831435324, 12.9492630895843], [77.5988482237142, 12.9492569151671], [77.598833376256, 12.9492522019148], [77.598811078431, 12.9492420303632], [77.5987830403786, 12.9492247663048], [77.598759644838, 12.9492070683572], [77.5987360898623, 12.9491854538082], [77.5986578468631, 12.9491046100501], [77.5986366588295, 12.9490767454169], [77.598626625309, 12.9490541964357], [77.5986200903536, 12.9490266906516], [77.5986130791413, 12.9489629375574], [77.5986075832129, 12.9489358767381], [77.5985990826019, 12.9489157426985], [77.5985842519876, 12.948893463809], [77.5985387807643, 12.9488439249984], [77.5985106376835, 12.9488189240411], [77.5984788869122, 12.9487994591658], [77.5984266611853, 12.9487714153301], [77.5983686192503, 12.9487444946402], [77.5983450149413, 12.9487319735896], [77.5983161586572, 12.9487114752029], [77.5982846408377, 12.9486838255794], [77.5982642681713, 12.9486577478912], [77.5982581788909, 12.94864745889], [77.598252740228, 12.9486341793593], [77.5982495700244, 12.9486175010737], [77.5982488758992, 12.9485905296693], [77.5982457020848, 12.9485615087127], [77.5982415943608, 12.9485439580259], [77.598236874004, 12.9485320843001], [77.5982269273303, 12.9485170175649], [77.5982128483903, 12.9485011346827], [77.5982036172109, 12.94849288896], [77.5981776054108, 12.9484745286155], [77.598168022548, 12.9484652338986], [77.5981612275596, 12.9484545751998], [77.5981481312004, 12.9484276506877]]}}, {"type": "Feature", "properties": {}, "geometry": {"type": "LineString", "coordinates": [[77.5241090171928, 12.9514898079255], [77.5240451821173, 12.949970347441], [77.5240848038027, 12.9496136370884], [77.5245346541466, 12.9494549130336], [77.5244123879605, 12.9489668920713], [77.5243029497098, 12.9484743150905], [77.5242064926996, 12.9480736308111], [77.5239650460159, 12.9477170919903], [77.5238969846685, 12.9476161015771]]}}, {"type": "Feature", "properties": {}, "geometry": {"type": "LineString", "coordinates": [[77.5597098389352, 12.9514399087987], [77.560070371648, 12.9517720524528], [77.560623676634, 12.9524932949722], [77.5611171285471, 12.9530812627048], [77.5616680943871, 12.9535730478215], [77.5630533055559, 12.9542682963379], [77.5634111188303, 12.9544871690476], [77.5637496325414, 12.9546363687711], [77.5640141642561, 12.9547309634226], [77.5642165758194, 12.9547798972214], [77.5647764804501, 12.9549386141373], [77.5648938731373, 12.954954066088], [77.565075786355, 12.954956661411], [77.5652397535373, 12.9549965780118], [77.5652991154379, 12.9549915328748], [77.5654530094317, 12.9548770705566], [77.5656145071356, 12.9548516201492], [77.5657780515592, 12.9548351596267], [77.5668868559295, 12.9547817464257], [77.5669549554257, 12.9547740643479], [77.5670192772631, 12.9547577526663]]}}, {"type": "Feature", "properties": {}, "geometry": {"type": "LineString", "coordinates": [[77.5533864016798, 12.9515027674395], [77.5534841546419, 12.9515351812262], [77.5536140488191, 12.9515803818676], [77.5539365037291, 12.9518271846923], [77.5539506752544, 12.9518272381725]]}}, {"type": "Feature", "properties": {}, "geometry": {"type": "LineString", "coordinates": [[77.5500052481001, 12.9517461108152], [77.5500756688898, 12.9516570092789], [77.5500973698587, 12.9516043787332], [77.5501121526766, 12.9515424876522], [77.5500713223585, 12.9508953023662], [77.5500262609614, 12.9505091882158], [77.5497007075363, 12.9493457105547], [77.5496309714007, 12.9490220249126], [77.5496264936393, 12.9488972478799], [77.5496658179198, 12.9485375876979], [77.5496820208366, 12.9480201215836], [77.5496301026298, 12.9475086841516], [77.5496172748178, 12.9469605466729], [77.5495991473957, 12.946706942631], [77.549574294572, 12.9465153450221], [77.5494977778407, 12.9461589694463], [77.5494753669971, 12.9458848480157], [77.5494866711198, 12.9457095040902], [77.5495253313836, 12.9454938057815], [77.5496714833602, 12.9450017501807], [77.5497537451543, 12.9445901652025], [77.5498563825409, 12.9442123159122], [77.5499703321548, 12.9439250439145], [77.5502191439739, 12.9435251969503], [77.5502695620377, 12.9433664907063], [77.5502756037936, 12.9432655290618], [77.5502640628264, 12.9431746739627], [77.5501397439501, 12.9428185909585], [77.5500957101294, 12.9426087720354], [77.5500732284214, 12.9423376038719], [77.550095367063, 12.9421179221603], [77.5501263156007, 12.9420046980335], [77.5501609215458, 12.9419366375544], [77.5502079849637, 12.9418831897937], [77.5502846720699, 12.9418284439167], [77.5504320056847, 12.9417570073185], [77.5511981929433, 12.9414684370548], [77.5514674304369, 12.9413480777016], [77.5521757897176, 12.9409415357108], [77.5523871259839, 12.9407804569182]]}}, {"type": "Feature", "properties": {}, "geometry": {"type": "LineString", "coordinates": [[77.5539506752544, 12.9518272381725], [77.5539989214284, 12.9518274182977], [77.5540559444404, 12.9518314957121], [77.5541164719181, 12.9517920578553], [77.554158914789, 12.9517615103115], [77.554538494938, 12.9516504710687], [77.555749332595, 12.9514862044286], [77.5561329699346, 12.9514056087022], [77.5569985783269, 12.9512050226273], [77.5571444306705, 12.9511677342943], [77.5575942123373, 12.9508210924118], [77.5579929940621, 12.9507311212035], [77.558461572393, 12.9507934502038], [77.5591266692639, 12.9510068347992], [77.5595979825976, 12.9513368600815], [77.5597098389352, 12.9514399087987]]}}, {"type": "Feature", "properties": {}, "geometry": {"type": "LineString", "coordinates": [[77.5539506752544, 12.9518272381725], [77.5539499486159, 12.9518782213137], [77.5539522763628, 12.9519272013449], [77.5539650884132, 12.9519886285569], [77.5540218575453, 12.9520506619087], [77.5540592701238, 12.9520866286546], [77.5541691292221, 12.9521524833937], [77.5542965921203, 12.9522239024158], [77.5544129628805, 12.9523547116666], [77.5546119320716, 12.9526042684253]]}}, {"type": "Feature", "properties": {}, "geometry": {"type": "LineString", "coordinates": [[77.5286506073694, 12.9522646135685], [77.528640944971, 12.9522810169538], [77.5286265787445, 12.9522967477408], [77.5285772788494, 12.9523314455755], [77.5285532684275, 12.9523450302661], [77.528507716541, 12.9523627298138], [77.5284222069826, 12.9523853472901], [77.5283987186134, 12.9523937969539], [77.5283709436498, 12.9524075934496], [77.5283015509969, 12.9524522266861], [77.5282530110961, 12.9524787198398], [77.5282180090319, 12.952492648816], [77.5281399404422, 12.9525109602846], [77.5281228642594, 12.9525167574148], [77.5280914961588, 12.9525325086533], [77.5280592625816, 12.9525549666754], [77.5280284427748, 12.9525829718792], [77.5279729629152, 12.9526460030497], [77.5279510454299, 12.952673658025], [77.527942819255, 12.9526878881421], [77.527930889219, 12.9527230417183], [77.5279239390122, 12.9527662276683], [77.5279216554194, 12.952800188987], [77.5279222677738, 12.9528423456549], [77.5279242746357, 12.9528589248754], [77.5276075675758, 12.9533759802165], [77.5272427351023, 12.9534512343399], [77.5265697791551, 12.9532786336884], [77.5265352855939, 12.9532330318307], [77.5264973684508, 12.9531701145747], [77.5264043734534, 12.9529808587437], [77.5263752539323, 12.9529044557158], [77.5263421185763, 12.9527936573368], [77.5263232099683, 12.9527396039952], [77.5263086019902, 12.9527037890284], [77.5262810894325, 12.9526451454392], [77.5262657392034, 12.9526179378851], [77.526238377915, 12.9525878156573], [77.5262072893681, 12.9525612359797], [77.5261793092602, 12.9525433754406], [77.5261004280618, 12.9524993902777], [77.5260597703923, 12.9524794780052], [77.5260352882597, 12.9524692278597], [77.526011923544, 12.9524626359038], [77.525956961597, 12.9524514607542], [77.5259158869003, 12.9524489336362], [77.5258459446057, 12.9524500672848], [77.5258253508965, 12.9524515282547], [77.5257932228582, 12.9524567926955], [77.5257383096352, 12.9524628780006], [77.5256740935519, 12.9524773754556], [77.5255072936528, 12.9525295832268], [77.5253991202937, 12.9525589923392], [77.5253671877478, 12.9525695808485], [77.5253536325538, 12.9525761459588], [77.5252975485712, 12.9526114872646], [77.5252448445839, 12.9526533405973], [77.5252163141725, 12.9526703532754], [77.5251853186608, 12.9526837976156], [77.5251326914008, 12.9526989930146], [77.5250831907649, 12.9527161249671], [77.5250636694204, 12.952726558785], [77.5250107439814, 12.9527642690621], [77.5249750552907, 12.952782031437], [77.5249508702368, 12.952792028003], [77.5248575348226, 12.9528235300885], [77.5248059431369, 12.9528439591889], [77.5247804408217, 12.9528574324533], [77.5247087881238, 12.9529012944187], [77.5246157844325, 12.9529444246174], [77.5245996000823, 12.9529545468846], [77.5245814020897, 12.9529715298217], [77.5245724001621, 12.9529772674449], [77.5242159481768, 12.9532044611722]]}}, {"type": "Feature", "properties": {}, "geometry": {"type": "LineString", "coordinates": [[77.6396629257852, 12.951401309853], [77.6397384662873, 12.9515512333098], [77.6398486159829, 12.9518913758323], [77.6400922400504, 12.9524001221021], [77.6405466762778, 12.9530465398091], [77.6406941261661, 12.9532198726542], [77.6408548865438, 12.9533392446099], [77.6412828476888, 12.9535384587722], [77.6417648605567, 12.9538278201913], [77.6418738968824, 12.9538652207679], [77.64215514369, 12.9539059168988], [77.6423705971151, 12.9539892100166], [77.6468885916402, 12.9543042801327]]}}, {"type": "Feature", "properties": {}, "geometry": {"type": "LineString", "coordinates": [[77.5212720520612, 12.9527246407652], [77.5212978506877, 12.9526895102836], [77.5213236035746, 12.9526598128821], [77.5213851287431, 12.9525965535587], [77.5214158972873, 12.9525692244109], [77.5214367416087, 12.9525559510394], [77.5214608993345, 12.9525452349694], [77.5215533075497, 12.9525242460039], [77.5215849490871, 12.952510072123], [77.5216114951196, 12.9524872461355], [77.5216500272401, 12.9524399606807], [77.5216748818724, 12.9524136455541], [77.5216997819882, 12.9523936805608], [77.5217268490152, 12.952377407897], [77.5217640504303, 12.952362198084], [77.5219349045649, 12.952304770069], [77.5219664651216, 12.9522898777626], [77.5220269186289, 12.9522557126897], [77.522073521367, 12.9522343593813], [77.5221543865425, 12.9522119433733], [77.5221869818816, 12.9521993720069], [77.5222175537176, 12.9521790539032], [77.5222614137448, 12.952129573733], [77.5222807184327, 12.952111607174], [77.5223124530988, 12.9520897662768], [77.5223347222768, 12.9520786790276], [77.5223611073591, 12.9520697988767], [77.5224390461843, 12.9520519881703], [77.52258556118, 12.9520051304229], [77.5226263731145, 12.9519852199588], [77.5226929489944, 12.9519354546792], [77.5227435206271, 12.9519085823123], [77.523064592454, 12.9517889748025], [77.5231416030813, 12.9517669156969], [77.5241090171928, 12.9514898079255]]}}, {"type": "Feature", "properties": {}, "geometry": {"type": "LineString", "coordinates": [[77.5242159481768, 12.9532044611722], [77.5241155943854, 12.9516463634455], [77.5241090171928, 12.9514898079255]]}}, {"type": "Feature", "properties": {}, "geometry": {"type": "LineString", "coordinates": [[77.7538511224034, 12.9509313140421], [77.7538818253241, 12.950896209419], [77.7540551303727, 12.9506980518596], [77.7546048807319, 12.9500086422653], [77.7548648868912, 12.9496938320803], [77.7549544977476, 12.94959394633], [77.7553165233397, 12.9492218905817], [77.7554925263693, 12.9489983375773], [77.7555410897131, 12.9489461327012], [77.7555883249767, 12.9489141149971], [77.7556419700744, 12.9488968070265], [77.7557035572154, 12.9488894871381], [77.7558786956755, 12.9488829948078], [77.7559584923494, 12.9488712727018], [77.7560164957163, 12.9488501245727], [77.7560853809948, 12.9488121696035], [77.7565690790518, 12.9484931152895], [77.7566639719386, 12.9484126806192], [77.7571521338072, 12.9479609815583], [77.7572487740924, 12.9478942515992], [77.7574378898782, 12.9477925280136], [77.7574994863725, 12.9477389699617], [77.7575318473951, 12.9476787801954], [77.7575508256554, 12.9476016230714], [77.757565554248, 12.9474584081679], [77.7575633665576, 12.9473659703813], [77.7575300100488, 12.947234064628], [77.7573588973502, 12.9467246015794], [77.757346068974, 12.9466482679896], [77.7573550891413, 12.946595858134], [77.7573880361583, 12.9465168594453], [77.7574291185725, 12.9464454204149], [77.7574782177779, 12.9463847409763], [77.7575546852043, 12.9463171992582], [77.7576559007489, 12.946244483289], [77.7577458095967, 12.9461897990406], [77.7578197453917, 12.9461561019159], [77.75810199554, 12.9460617968468], [77.7583140629381, 12.9459982701371], [77.7588544202817, 12.9458915895836], [77.7588890533179, 12.9458785473866], [77.7589273076089, 12.9458552068613], [77.7589680291048, 12.9458061685797], [77.7589798378658, 12.9457745255818], [77.7589893951556, 12.9457178969371], [77.758999232379, 12.945520612929], [77.7590035549758, 12.945300172736], [77.7589911074093, 12.9451802308123], [77.7589684156092, 12.9451003587016], [77.7589336151618, 12.9450342523134], [77.7586748225699, 12.9446989414471], [77.7586376658796, 12.9446361363032], [77.7586192547861, 12.9445870412116], [77.7586024303833, 12.9444606840645], [77.7585998637416, 12.9440995676247], [77.758591083036, 12.9439479107585], [77.7585737372885, 12.9438322490793], [77.7585306633134, 12.9436593666284], [77.7585215966006, 12.9435922731751], [77.7585240725439, 12.9434973064372], [77.7585430133317, 12.9433509061408], [77.7586169080076, 12.9430057966043], [77.7586368008415, 12.9427378445517], [77.7586487202142, 12.9426486259907], [77.7586754188409, 12.942517921085], [77.7587539466255, 12.9422169099046], [77.7587733138463, 12.9421084348869], [77.758780591318, 12.9420188680047]]}}, {"type": "Feature", "properties": {}, "geometry": {"type": "LineString", "coordinates": [[77.6223026440332, 12.9526982121349], [77.6222846110898, 12.9524315268844], [77.6222234830147, 12.9519732179711], [77.6221470054013, 12.9515838506433], [77.6221197302783, 12.951503025428], [77.6219760098731, 12.9510771339688]]}}, {"type": "Feature", "properties": {}, "geometry": {"type": "LineString", "coordinates": [[77.5237087842305, 12.9539191876093], [77.5236797401562, 12.9538496652404], [77.5236368386428, 12.9537129118173], [77.5236203877654, 12.953649307172], [77.5236194202614, 12.9536111471962], [77.5236416273947, 12.9534921161595], [77.5236690495556, 12.9532630087067], [77.523695104567, 12.953141798234], [77.5237064682947, 12.9531087056521], [77.5237227821544, 12.953076136103], [77.5237939476101, 12.9529712598155]]}}, {"type": "Feature", "properties": {}, "geometry": {"type": "LineString", "coordinates": [[77.5220082902994, 12.9540275612148], [77.5220313102184, 12.9540278008684], [77.5220826896009, 12.9540202669787], [77.5221093928637, 12.9540184489625], [77.5222250912944, 12.9540231324193], [77.522241318078, 12.9540223301771], [77.522260776178, 12.9540181248452], [77.5222881677927, 12.9540090108549], [77.5223472189126, 12.9539838371246], [77.5223865497776, 12.9539724219667], [77.5224198561765, 12.9539656774275], [77.5224572487779, 12.9539610228119], [77.5224912100179, 12.9539596648021], [77.5225931436055, 12.9539653008812], [77.5226149178907, 12.9539646987598], [77.5226632492588, 12.9539567289918], [77.5227049983428, 12.9539468841056], [77.52274736376, 12.9539351250904], [77.5227819990991, 12.9539233198842], [77.5228075377756, 12.9539178241664], [77.522857495126, 12.9539158124315], [77.5229223599956, 12.9539213105625], [77.5229432999489, 12.953920643315], [77.5229892805869, 12.9539123222215], [77.5230366280052, 12.9539013244167], [77.5230851153496, 12.9538950344418], [77.5231030593051, 12.9538945181776], [77.5231173787698, 12.9538959569245], [77.5232012324522, 12.9539183413854], [77.5232395771657, 12.9539246276255], [77.5232724522871, 12.9539276574035], [77.5233673072628, 12.9539245826382], [77.5235322800255, 12.9539306103988], [77.5236418607685, 12.953924867613], [77.5237087842305, 12.9539191876093]]}}, {"type": "Feature", "properties": {}, "geometry": {"type": "LineString", "coordinates": [[77.590716800397, 12.9535247715477], [77.5907314988334, 12.9535141644197], [77.590751849584, 12.953504560794], [77.5908210321674, 12.9534760584079], [77.5910333037709, 12.9533797243379], [77.5913268024464, 12.9532527603437], [77.5914906159817, 12.9531766699143], [77.5915497356928, 12.9531428911405], [77.5916058148065, 12.9530913105656]]}}, {"type": "Feature", "properties": {}, "geometry": {"type": "LineString", "coordinates": [[77.719754341291, 12.9526911498148], [77.7198704141557, 12.9526972872503], [77.7199310119785, 12.9526956453138], [77.7199690628075, 12.9526890102501], [77.7200599172873, 12.9526610257846], [77.7201270980616, 12.9526464314361], [77.7201868397073, 12.9526404171266], [77.7202734584233, 12.9526392512944], [77.7203381873922, 12.9526506150363], [77.7203985252116, 12.9526718521992], [77.7204463138002, 12.9526983442517], [77.7205009385375, 12.952742068589]]}}, {"type": "Feature", "properties": {}, "geometry": {"type": "LineString", "coordinates": [[77.7585464155624, 12.9522870414059], [77.7587688831528, 12.9524760038517], [77.7592442061538, 12.9528389396038], [77.7595808286238, 12.9530708271518], [77.7599219587195, 12.9533113708078], [77.760326343929, 12.9536437628054], [77.7607172630133, 12.9540376559526], [77.7612139562454, 12.9543872016588], [77.7614720287995, 12.9546166028539], [77.7619621173781, 12.9548824361866], [77.7626551731009, 12.9551719580727]]}}, {"type": "Feature", "properties": {}, "geometry": {"type": "LineString", "coordinates": [[77.5242962787588, 12.9548793096707], [77.5242845829872, 12.9542700671605], [77.5242159481768, 12.9532044611722]]}}, {"type": "Feature", "properties": {}, "geometry": {"type": "LineString", "coordinates": [[77.5242962787588, 12.9548793096707], [77.5243089040083, 12.9548806355661], [77.524343627699, 12.9548801562173], [77.5246649536067, 12.9548592787632], [77.5249129052671, 12.9548317950746], [77.5250222286927, 12.9548337644347], [77.5250656643795, 12.9548323214307], [77.5252135383635, 12.9548115467469], [77.5252730091973, 12.9548071971203], [77.5254309398573, 12.9548061796626], [77.5255118994088, 12.9548031457572], [77.5256123926305, 12.9548086147553], [77.5256754924475, 12.9548074191242], [77.5257147686503, 12.9548094152443], [77.5257797956951, 12.9548162716767], [77.5259322975785, 12.9548274746261], [77.5260132654525, 12.954831206639], [77.5260691845431, 12.954843336411], [77.5261009522076, 12.9548535537844], [77.5261956109302, 12.9548924807687], [77.5262818196435, 12.9549224512847], [77.5263426843781, 12.9549469838567], [77.5264119293408, 12.9549794869138], [77.5265063944325, 12.9550303524088]]}}, {"type": "Feature", "properties": {}, "geometry": {"type": "LineString", "coordinates": [[77.6378241615956, 12.9539133427392], [77.63804119955, 12.9538403405582], [77.6381624501822, 12.9537719818709], [77.6382708856836, 12.9536808181762], [77.6384376039873, 12.9534870006704], [77.6386050257953, 12.9532496353822], [77.63882566518, 12.9529828443871], [77.6389108673901, 12.9528568050405], [77.6389680236743, 12.9527260187984], [77.6390289814492, 12.9524285832847]]}}, {"type": "Feature", "properties": {}, "geometry": {"type": "LineString", "coordinates": [[77.5265063944325, 12.9550303524088], [77.526571864621, 12.9550348354079], [77.5266429375498, 12.9550363168811], [77.5266817609754, 12.9550427388653], [77.5267191984353, 12.9550469183051], [77.5267415430167, 12.9550467791948], [77.5267999557429, 12.9550426481838], [77.526859386573, 12.9550429207739], [77.5269217724257, 12.9550524958024], [77.5269949226643, 12.9550671324478], [77.527018167423, 12.955070664446], [77.5271148459483, 12.955075025149], [77.5271808569642, 12.9550752265788], [77.5272069077492, 12.9550765783388], [77.5272307721989, 12.9550804494321], [77.5272910719693, 12.9550938057935], [77.5273807325638, 12.9551181236764], [77.5274138529486, 12.9551249993307], [77.5274755113606, 12.9551340536479], [77.5275539557413, 12.9551404830436], [77.527586583723, 12.9551448445568], [77.527662994061, 12.9551628599884], [77.5277091748763, 12.9551713724182], [77.5277521723592, 12.955175894359], [77.5277751537467, 12.9551800730223], [77.5278165621359, 12.9551834936787], [77.5279172241021, 12.9551960036251], [77.5279308614072, 12.9551988491016], [77.5279571872499, 12.9552076481921]]}}, {"type": "Feature", "properties": {}, "geometry": {"type": "LineString", "coordinates": [[77.524300809356, 12.9551152683436], [77.5237780549719, 12.9541369038541], [77.5237532431671, 12.9540904668811], [77.5237323228255, 12.9540330049645], [77.5237157773575, 12.9539705324089], [77.5237087842305, 12.9539191876093]]}}, {"type": "Feature", "properties": {}, "geometry": {"type": "LineString", "coordinates": [[77.524300809356, 12.9551152683436], [77.5242962787588, 12.9548793096707]]}}, {"type": "Feature", "properties": {}, "geometry": {"type": "LineString", "coordinates": [[77.6242832758081, 12.9544805771749], [77.6242951527779, 12.9542821477124], [77.6242926674067, 12.9541825982366], [77.6242428269172, 12.9534373196248], [77.6242155677615, 12.9532649017856], [77.6241825044255, 12.9531859267489], [77.6241362949499, 12.9531225072894], [77.6239020820151, 12.9529097058878], [77.6238226196549, 12.9528183110103], [77.6237805102982, 12.9527338809489], [77.6237165542495, 12.9525313387524], [77.623630241603, 12.9523731626695], [77.6234994149936, 12.951520865552], [77.6233919632033, 12.9510343286012], [77.6231835166536, 12.9506778834227], [77.6230243973534, 12.9505324293917], [77.6227147577354, 12.9505291104405], [77.6226078777273, 12.9505123793159], [77.6224531204526, 12.9504438683689], [77.6222233656059, 12.9503779272795], [77.6220387946378, 12.9502640258228], [77.6218341859788, 12.9501842582648], [77.6217171426222, 12.9501189230566], [77.6215759619966, 12.9499970725599], [77.6215094762878, 12.949908513768], [77.6214638820903, 12.9498232147381]]}}, {"type": "Feature", "properties": {}, "geometry": {"type": "LineString", "coordinates": [[77.662850091967, 12.9543271515655], [77.6627882259906, 12.9543039970147], [77.6627480526777, 12.9542823271344], [77.6626262413063, 12.954183945845], [77.6625704733993, 12.9541475727978], [77.6622709573638, 12.9540126646938], [77.6620749685346, 12.9539051059247], [77.6614335397485, 12.953660745204], [77.6613650418811, 12.9536272437367], [77.6613011583551, 12.9535853893083], [77.6612357975836, 12.9535314110807], [77.6611607529738, 12.9534530218646], [77.6611069658699, 12.9533865732462], [77.6610088817145, 12.9532474350208], [77.660955232736, 12.9531534856907], [77.6608463191575, 12.9529124108512], [77.6607777093923, 12.9528066877308], [77.6607478153304, 12.9527704952057], [77.6607070004411, 12.9527328703513], [77.6606579988102, 12.9526979182488], [77.660606331701, 12.9526689620778], [77.6605477261799, 12.9526469533983], [77.6604763742677, 12.9526292386508], [77.6604141548754, 12.952619761675], [77.6603481786966, 12.9526179467881], [77.6602254564249, 12.9526279280498], [77.6597832875671, 12.9526838771138], [77.6595803410063, 12.9526927649117], [77.6595243968466, 12.9526891797055], [77.6594631553507, 12.9526778550103], [77.6594216956726, 12.9526624238329], [77.6593848952091, 12.9526379165607], [77.6593575361938, 12.9526089287064], [77.6593292598804, 12.9525639836448], [77.6591986561993, 12.9522481530292], [77.6590520550314, 12.9519722791821], [77.6589854644322, 12.9518643061093], [77.65889214788, 12.9517451426907], [77.6587614724035, 12.9515986381552], [77.6586646368583, 12.9515074470815], [77.6584599910463, 12.9513384079079], [77.6583900368025, 12.9512637409261], [77.6583135280095, 12.9511707377782], [77.6581912444012, 12.9509850085456], [77.6579651415407, 12.950692116573], [77.6578839968327, 12.9505725835877], [77.6578276275711, 12.9504794713777], [77.6577487569963, 12.9503169388465], [77.657605332123, 12.9499324378143], [77.6575477761913, 12.949823982606], [77.6575137485902, 12.9497805250675], [77.657487085425, 12.9497555210116], [77.6573501534406, 12.9496625412223], [77.6572748686115, 12.9495986207435], [77.657217302225, 12.9495295481137], [77.6571811417627, 12.949456059038], [77.6571653193011, 12.9494020917344], [77.6571558154218, 12.9493432611436], [77.6571523293739, 12.9492678822138], [77.6571577050269, 12.9492150067939], [77.6571738469943, 12.9491581261163], [77.6572008716328, 12.9490946634154], [77.6572366184321, 12.9490300358009], [77.657273656585, 12.948977137336], [77.6573542496422, 12.9488984615836], [77.6576093944283, 12.9487204782893], [77.6577662199535, 12.9485860730646], [77.6580157438384, 12.9483318515698], [77.6582789389149, 12.9480418804402], [77.6585872869405, 12.9477166677176], [77.6586434716219, 12.9476411822372], [77.6587482764271, 12.9474632318117], [77.6588767414416, 12.9472896264361], [77.6590838705926, 12.9469315302616], [77.6593163637633, 12.9465747696317], [77.6593699343225, 12.9465145031248], [77.6595304195654, 12.9463614228864], [77.6595894518389, 12.9463162532174], [77.6596935740137, 12.9462502842752], [77.6597240163916, 12.9462248049871], [77.6597740794296, 12.9461685356109], [77.6602813043611, 12.9448997284067]]}}, {"type": "Feature", "properties": {}, "geometry": {"type": "LineString", "coordinates": [[77.5552368423157, 12.9555783325564], [77.5551436465938, 12.9555428674173], [77.5551140195727, 12.955526377255], [77.5549865896913, 12.9554268763912], [77.5547650025859, 12.9552834171077], [77.5546482689496, 12.9551951531396], [77.5545387854271, 12.9550850779966], [77.5544195965692, 12.9549291073026], [77.5543504814185, 12.9548546335599], [77.5542518924193, 12.9547677426116], [77.5540739809812, 12.9546376256196], [77.5539736379939, 12.9545470032735], [77.5537884526596, 12.9543630541385], [77.5536902375404, 12.9542474698138], [77.5536505514485, 12.9541828820112], [77.5536237661813, 12.9541204597791], [77.5535936971646, 12.9540177500498], [77.5535710473484, 12.953912706199], [77.55354203605, 12.9537421442334], [77.553528195536, 12.9536189555979], [77.5534978119645, 12.9531204341541], [77.5534797789315, 12.9530202471871], [77.553449138285, 12.952922069349], [77.55341526443, 12.952845945989], [77.553368446609, 12.952760610435], [77.5533241154398, 12.9526922184081], [77.5532778309552, 12.9526335396656], [77.553195209451, 12.9525454552782], [77.5530858747262, 12.9524433760792], [77.5530246345759, 12.9523930211112], [77.5529576506727, 12.9523505834493], [77.5528622585788, 12.9523069849966], [77.5527611417102, 12.9522834732765], [77.5526499038013, 12.9522834350876], [77.5525596872555, 12.9523016350216], [77.5524494937397, 12.9523439869147], [77.5523210898063, 12.95240830332], [77.5522254475502, 12.9524696343247], [77.5520473608748, 12.9526017608038], [77.551951764366, 12.9526582830542], [77.5518387187868, 12.9527153891243], [77.5517629577098, 12.9527445362896], [77.5516788943137, 12.9527692592063], [77.5513670354286, 12.9528366662836], [77.5512489498213, 12.9528518773198], [77.5508908839556, 12.9528831335715], [77.5505611020766, 12.9529322195778], [77.5503480314292, 12.9529542392466], [77.550088281245, 12.9529984486348], [77.5499768156425, 12.9530094871524], [77.5498116891087, 12.9530126713571], [77.5494845532818, 12.9529789502299], [77.5492133680789, 12.9529927977549], [77.5491114263111, 12.9529889972411], [77.5490333479948, 12.9529716099204], [77.5489614008905, 12.9529393719466], [77.5489103574232, 12.9528986021361], [77.5488685863838, 12.9528434397191], [77.5488412453414, 12.9527864709885], [77.5488156041665, 12.9527106998724], [77.548730904762, 12.9523541189304], [77.5486648660546, 12.9521461930385], [77.5486230205759, 12.952054623443], [77.5485835412255, 12.9519882852411], [77.5485584677927, 12.951960974896], [77.5485078459142, 12.9519275740107], [77.5484888184583, 12.9519086374425], [77.5483358488024, 12.9517563914479]]}}, {"type": "Feature", "properties": {}, "geometry": {"type": "LineString", "coordinates": [[77.5267303535561, 12.955955890315], [77.5267132959656, 12.9559367096464], [77.5267000841651, 12.9559144089894], [77.5266880236119, 12.955884048972], [77.5266789834181, 12.955852299007], [77.5266639133379, 12.9557577371783], [77.526633611424, 12.9556502886543], [77.5266248240425, 12.9556080748509], [77.5266238683915, 12.9555825572352], [77.5266285913255, 12.9555052088641], [77.5266267776797, 12.9554735351378], [77.5266228949943, 12.9554514439061], [77.5266094238893, 12.9553969475778], [77.5265402781906, 12.9551710006905], [77.5265230657585, 12.9550930782087], [77.5265063944325, 12.9550303524088]]}}, {"type": "Feature", "properties": {}, "geometry": {"type": "LineString", "coordinates": [[77.4971968011824, 12.9568687294245], [77.4971311241461, 12.9567308116313], [77.4970526058049, 12.9565179760914], [77.4970166751869, 12.9564697450345], [77.4969555546359, 12.9564290368138], [77.496851743201, 12.956398077395], [77.49668506037, 12.9563950118166], [77.4965389370309, 12.956381232299], [77.4960649458305, 12.9563158529094], [77.49591859368, 12.9562856731206], [77.4957392856746, 12.9562137250808], [77.4951675081693, 12.9559466725702], [77.4948828054145, 12.9558246625895], [77.4947960350757, 12.9557785653047], [77.4943573278601, 12.9555049403325], [77.4937139739629, 12.9549273475689], [77.4929889374504, 12.9543902913258], [77.492898397778, 12.9543333981829], [77.4928114156112, 12.9542974068499], [77.4927227758579, 12.954280542182], [77.4926107114523, 12.9542762272348], [77.4924669123652, 12.9542838268451], [77.492313422436, 12.9543044093587], [77.4912727211387, 12.9545027297258], [77.4902488160601, 12.9547297316835], [77.4901192868548, 12.9547500377733], [77.4900083645343, 12.9547674255704]]}}, {"type": "Feature", "properties": {}, "geometry": {"type": "LineString", "coordinates": [[77.5589032728983, 12.9564999947622], [77.5588492455773, 12.9563351639497], [77.5588349139383, 12.95624885829], [77.5588386483138, 12.9561361476946], [77.558866938048, 12.955943540582], [77.558853007863, 12.9556995982796], [77.5588644984428, 12.9556206107419], [77.5589009090673, 12.95546677073], [77.5589409819688, 12.9552140825956], [77.559014255963, 12.9549697603694], [77.5590338889062, 12.9548831362955], [77.5590625032325, 12.9545471137597], [77.5590529505434, 12.9544702600951], [77.5590500679091, 12.9543784329188], [77.559389664692, 12.9527248444376], [77.5594922231631, 12.9520282280673], [77.5597098389352, 12.9514399087987]]}}, {"type": "Feature", "properties": {}, "geometry": {"type": "LineString", "coordinates": [[77.7326619672182, 12.9551576575482], [77.7326141852077, 12.9550398760964], [77.7325270515581, 12.9549230071492], [77.7324723682297, 12.954820837394], [77.7324385026908, 12.954722584668], [77.7323765159568, 12.9544797839598], [77.7323440572918, 12.954397520082], [77.7323097410458, 12.9543352793362], [77.7322494795441, 12.9542600732192], [77.7322007064264, 12.9542141034136], [77.7321521857125, 12.9541755663722], [77.7320547494533, 12.9541110131323], [77.7319176058926, 12.9540453226809]]}}, {"type": "Feature", "properties": {}, "geometry": {"type": "LineString", "coordinates": [[77.7626551731009, 12.9551719580727], [77.7626463117265, 12.9550973725651], [77.7626492198593, 12.9550528259443], [77.7627166665313, 12.9547833996835], [77.7627596061518, 12.9546851042473], [77.7628767001752, 12.9545130325761], [77.7629157500229, 12.9544436070566], [77.7629381121033, 12.9543747831702], [77.7629467054553, 12.9542802884123], [77.76293219234, 12.9541604133664], [77.7628662731827, 12.95389788357], [77.7628480543492, 12.953728022695], [77.7628373938423, 12.953669259915], [77.7627745170077, 12.953474943829], [77.7627312912203, 12.9532294501165], [77.7626370950114, 12.9529256808317], [77.7625939656198, 12.9527542910527], [77.762575963019, 12.952637072582], [77.7625730404504, 12.9524602464275], [77.7625662384241, 12.9523831259911], [77.7625420407031, 12.9522868282515], [77.7624864268561, 12.9521317710477], [77.7624630308497, 12.9520522946036], [77.762445500387, 12.9519613397355], [77.7624363862961, 12.9518638847036], [77.7624400648214, 12.9517905491165], [77.762455837438, 12.9516866712496], [77.7625007692631, 12.9514774727411], [77.7625310604249, 12.9513744950567], [77.7625502317994, 12.9513311986606], [77.7625760672404, 12.9512896255776], [77.7626787549688, 12.951170603856], [77.7627044627011, 12.9511340735691], [77.7627269228157, 12.9510881759416], [77.7627407092188, 12.9510418075509], [77.7627548743586, 12.9509357390234], [77.7627540839004, 12.9506350310827], [77.762767476119, 12.950495450235], [77.7628019449957, 12.9503212427544], [77.7628633930878, 12.9501580036024], [77.7628913389172, 12.950054668699], [77.762904932719, 12.9499714603183], [77.7629167387683, 12.9498208396289], [77.7629269082945, 12.9492631157382], [77.7629221197947, 12.94917313501], [77.7628988837109, 12.948990771056], [77.7628979271344, 12.9487881540431], [77.7628887477028, 12.9486986209557], [77.7628732795409, 12.9486360537285], [77.7628461271124, 12.9485653377889], [77.7627283074223, 12.9483498728562], [77.7626794379072, 12.9482377963836], [77.7625719309206, 12.9479482225879], [77.7625552217209, 12.9478756569404], [77.7625470124448, 12.9478005892791], [77.762531392546, 12.9474753416187], [77.7625370045578, 12.9473914916155], [77.7625658372345, 12.9472774492979], [77.7626588722026, 12.9470060754067], [77.7626904652991, 12.9468637343094], [77.7626923795988, 12.946819245198]]}}, {"type": "Feature", "properties": {}, "geometry": {"type": "LineString", "coordinates": [[77.7626551731009, 12.9551719580727], [77.7626555792055, 12.9551753755518], [77.7626912084353, 12.9554528750491], [77.7626898967986, 12.9557152925801], [77.7626815890924, 12.9557770722797], [77.7626704752658, 12.9558145769444], [77.762650307734, 12.9558518280917], [77.7626316158045, 12.9558726420702], [77.7625985161654, 12.9558956161094], [77.7625646387217, 12.9559096148497], [77.7624807057684, 12.9559234780451], [77.7624146175618, 12.9559197972346], [77.762214130175, 12.955889351409], [77.762126210677, 12.9558875696715], [77.762053395711, 12.9558944486193], [77.7619961430837, 12.9559073213152], [77.761952924722, 12.9559256782458], [77.7618679515475, 12.9559967236381], [77.7602326754398, 12.9584620764092], [77.7601548363467, 12.9585147517081], [77.7601311207255, 12.958541167069], [77.7601010400301, 12.9585856495672], [77.7600616713346, 12.9586527522378]]}}, {"type": "Feature", "properties": {}, "geometry": {"type": "LineString", "coordinates": [[77.723731995707, 12.9559648723182], [77.723844572314, 12.9561533980158], [77.7238942605415, 12.9561909326827], [77.7239920401312, 12.9562439182406], [77.7240288701947, 12.9562723642047], [77.7240536394206, 12.9563002489036], [77.7240738115488, 12.9563299847836], [77.724105188572, 12.9564036091882], [77.7243061034249, 12.9570910343287], [77.7244745021282, 12.9573378439594], [77.7247112321245, 12.9575934992927], [77.7248935398989, 12.9582225811911], [77.7248964526219, 12.958490243663]]}}, {"type": "Feature", "properties": {}, "geometry": {"type": "LineString", "coordinates": [[77.659734172257, 12.9566807162311], [77.6596666796089, 12.9562583053592], [77.6596649329414, 12.9561888902462], [77.6596793209818, 12.9560564901954], [77.6596716220106, 12.9559947767799]]}}, {"type": "Feature", "properties": {}, "geometry": {"type": "LineString", "coordinates": [[77.7237323026166, 12.9564165439566], [77.7237383984148, 12.9562442258527], [77.7237351662747, 12.9560863478153], [77.7237258899722, 12.9560067025662], [77.723731995707, 12.9559648723182]]}}, {"type": "Feature", "properties": {}, "geometry": {"type": "LineString", "coordinates": [[77.6391919429484, 12.9574047005885], [77.6394917830751, 12.9574049411458], [77.6397353892009, 12.9573776646489], [77.6399057254556, 12.9573821312584], [77.6400485724378, 12.9573758956158], [77.640222533551, 12.9573771588225], [77.6402913956135, 12.9573685565797], [77.6404180553797, 12.9573376439604], [77.6405674534244, 12.9573084511168], [77.6406572967112, 12.9572990767737], [77.6407924502999, 12.9573003429487], [77.6409267116642, 12.9573126477754], [77.64123285685, 12.9573316285612], [77.641368541877, 12.9573298373399], [77.6414417871741, 12.9573325660028], [77.6414888764354, 12.957338166347], [77.6415256740881, 12.9573471712395], [77.641557746698, 12.9573608296244], [77.6415849550661, 12.9573782575793], [77.6416743104605, 12.957462528425], [77.641782283311, 12.9575952459943], [77.6433040309708, 12.9582962720082]]}}, {"type": "Feature", "properties": {}, "geometry": {"type": "LineString", "coordinates": [[77.7273986752282, 12.9568930696941], [77.7273824603167, 12.9569248892348], [77.7273502699935, 12.9570098438968], [77.7272932779224, 12.9571096356939], [77.7272564017274, 12.9571524332522], [77.7271809921262, 12.9572024881636], [77.7248964526219, 12.958490243663]]}}, {"type": "Feature", "properties": {}, "geometry": {"type": "LineString", "coordinates": [[77.5252279610923, 12.9591032319734], [77.5251427014109, 12.9589911177226], [77.5249820794225, 12.9586602511732], [77.5247514899154, 12.957954597559], [77.5246221192764, 12.9575863938667], [77.524513495003, 12.9572342533262], [77.5244193174515, 12.9569770973176], [77.5243845014381, 12.9567900395516], [77.5243372432613, 12.9564964321104], [77.5243332288017, 12.9559586247797], [77.5243033864463, 12.9552495140758], [77.524300809356, 12.9551152683436]]}}, {"type": "Feature", "properties": {}, "geometry": {"type": "LineString", "coordinates": [[77.5252279610923, 12.9591032319734], [77.5256844694363, 12.9591191795861], [77.5257822362961, 12.9591225948558], [77.5259198759749, 12.9591097337314], [77.526233594538, 12.9590629748001], [77.5265077453891, 12.9590102444452], [77.5267187338946, 12.9589402108834], [77.5270173023796, 12.9587856821408], [77.5271443369695, 12.9587348525844], [77.5279183599301, 12.9585654491106], [77.5281109980021, 12.9585355399948], [77.5285937020897, 12.9584927091273], [77.5290123438449, 12.9584408858102]]}}, {"type": "Feature", "properties": {}, "geometry": {"type": "LineString", "coordinates": [[77.7248964526219, 12.958490243663], [77.7248123715673, 12.9588257404524], [77.7246994669711, 12.959199780429], [77.724624300822, 12.959458699173], [77.7245775437891, 12.9596408376116], [77.7245705009979, 12.9598894831478], [77.7246023422254, 12.9601281624174], [77.7246830221495, 12.9603758887493]]}}, {"type": "Feature", "properties": {}, "geometry": {"type": "LineString", "coordinates": [[77.4868008978377, 12.961964599781], [77.4867869722143, 12.9619215354335], [77.4867554687864, 12.9616939195776], [77.4867393915501, 12.9616236216009], [77.4867139159109, 12.9615652854442], [77.4866481425428, 12.9614541305615], [77.4866210352262, 12.9613951224101], [77.4866051858729, 12.9613398782182], [77.4865916019723, 12.9612179546087], [77.4865770547366, 12.961154958562], [77.4864677770751, 12.960922886789], [77.4863962748786, 12.9607190509041], [77.4863308521863, 12.9605941845659], [77.4863058886354, 12.9605361840607], [77.4862854767476, 12.9604716764118], [77.486265623225, 12.9603542018466], [77.4862458003608, 12.9602866654403], [77.4862210563533, 12.9602373165791], [77.4861914796888, 12.9601962330424], [77.4861046150232, 12.9601070131282], [77.4860307903193, 12.9600203881903], [77.4845225433464, 12.9582506102346]]}}, {"type": "Feature", "properties": {}, "geometry": {"type": "LineString", "coordinates": [[77.6424509494564, 12.9605883761915], [77.6427951766507, 12.9608019358117]]}}, {"type": "Feature", "properties": {}, "geometry": {"type": "LineString", "coordinates": [[77.5388141933935, 12.9616612226593], [77.5389616648646, 12.9616229677393], [77.5390931563312, 12.9615765422461], [77.5391832339632, 12.96153497301], [77.5392725079816, 12.9614790238211], [77.5396017563765, 12.961224122819], [77.5399895192958, 12.9608321154295], [77.543834659418, 12.9580657088477]]}}, {"type": "Feature", "properties": {}, "geometry": {"type": "LineString", "coordinates": [[77.6427951766507, 12.9608019358117], [77.6429483501506, 12.9606770352223], [77.6430975751303, 12.960614568221], [77.643239488925, 12.9605521753927], [77.6433707406455, 12.9605185747346], [77.6434692068619, 12.9604960619992], [77.6436921479741, 12.9605119190975], [77.643853128425, 12.9605054968746], [77.6439030600029, 12.9605092718253], [77.6443738367256, 12.9606132256915], [77.6447301657074, 12.9606638772307], [77.6448764524246, 12.9606717617802], [77.6451200883412, 12.960637914434], [77.6454704748492, 12.960613305087], [77.6456499962639, 12.9605932732679], [77.6462374736244, 12.9604827199212], [77.6470569983599, 12.9603018906476], [77.6472130714324, 12.9602843213443], [77.6473506859328, 12.9602858975496], [77.6474524463002, 12.9603016305753], [77.6475565896242, 12.9603284276579], [77.6476294306933, 12.9603602913695], [77.6476903718712, 12.9603976468192], [77.6477654000333, 12.9604694329876], [77.6479930173657, 12.9607471019641], [77.6480492901257, 12.9608004516147], [77.6481157151843, 12.960846106688], [77.6481641319954, 12.960869871284], [77.6482171958779, 12.960887714681], [77.6483981369602, 12.9609221632153], [77.6484957881934, 12.9609464042461]]}}, {"type": "Feature", "properties": {}, "geometry": {"type": "LineString", "coordinates": [[77.6427951766507, 12.9608019358117], [77.6430108715367, 12.9609357539505], [77.6433971712738, 12.9611754137935], [77.6434315326447, 12.9624279900818], [77.6436906660834, 12.9636182661651], [77.6438249090293, 12.964844073777], [77.6440029434427, 12.9650860705773], [77.6441360521768, 12.9652281331281], [77.6442562061393, 12.9655280847781], [77.6443044647576, 12.9659434990916], [77.6444027386729, 12.9663304591729], [77.6451821318453, 12.9662296577221], [77.645196687283, 12.9662119223167], [77.6459714847589, 12.9655743580099], [77.6459703851262, 12.9655411827477], [77.6462855342787, 12.9648583861692], [77.6463933634019, 12.9643847087197], [77.6467932636751, 12.9652534214021]]}}, {"type": "Feature", "properties": {}, "geometry": {"type": "LineString", "coordinates": [[77.7246830221495, 12.9603758887493], [77.725040496605, 12.9606756940617], [77.7250758049509, 12.9606916126622], [77.7251552877041, 12.9607080353217], [77.7253702921348, 12.9607298980394], [77.7254791563489, 12.9607552306981], [77.7255380575803, 12.9607765354501], [77.7255957383408, 12.9608033335813], [77.7258266298378, 12.9609408766831], [77.7259148942221, 12.9609858134339], [77.7259792449629, 12.9610129905684], [77.726049049805, 12.9610334411405], [77.7261283136295, 12.9610500482383], [77.7263574746047, 12.9610806597589], [77.7264895945626, 12.9611065378595], [77.7265919312234, 12.9611408228022], [77.7267137996853, 12.9611995093509], [77.7268894439795, 12.9613064014131], [77.7270122272847, 12.9614155753153], [77.7272031938847, 12.9615655064244], [77.7272617627256, 12.9615980410002], [77.7273651056551, 12.9616375011489], [77.7275622904052, 12.961730676324], [77.7276340638651, 12.961770234142], [77.7278826313972, 12.9619455438731], [77.728115836109, 12.9620975571485], [77.7285936888285, 12.9624760296253], [77.7287362881828, 12.9625649855704], [77.7290791395697, 12.9627501318041], [77.7292266561506, 12.9628465435542], [77.7293749455849, 12.9629497944515], [77.7294446343649, 12.9630062507135], [77.7296533412706, 12.9632192492785], [77.7297403217038, 12.9632943027917], [77.7299581812614, 12.9634459383328], [77.7300053293591, 12.9634709442296], [77.7300865545446, 12.9635044842254]]}}, {"type": "Feature", "properties": {}, "geometry": {"type": "LineString", "coordinates": [[77.7246830221495, 12.9603758887493], [77.7245863861586, 12.960453384186], [77.7244698390376, 12.9604928456449], [77.7242555124147, 12.960504650081], [77.7239564476637, 12.9605108885693], [77.7237644918161, 12.960543094597], [77.7233351853711, 12.9606454756698], [77.7228534480695, 12.9607472365783], [77.7227103136698, 12.9607956729213], [77.7224869811043, 12.9609011536484], [77.7215369092232, 12.9613482864476], [77.7215015200197, 12.961354581586], [77.7214622794018, 12.9613765142505], [77.7213537166334, 12.9613808798143], [77.7212731605897, 12.9613952118569], [77.721035900715, 12.96142474157], [77.7211447822421, 12.9617006013672], [77.7211594227612, 12.9617086543322], [77.7214205164423, 12.961876947583], [77.7214028442725, 12.9622672381684], [77.7211260163489, 12.9623861077656], [77.7206099221122, 12.9623708791777], [77.7200701646041, 12.962354150702], [77.720066067444, 12.9628363521516], [77.7201080648708, 12.9630988418454], [77.7201725872142, 12.9635852275552], [77.720207770704, 12.9638785520476], [77.7201597286274, 12.9644040732332], [77.720083586453, 12.9646184342011], [77.7198876863435, 12.9652408914197], [77.7191464951616, 12.9652942143316], [77.7186816887566, 12.9656097425579], [77.7189051583155, 12.9666259679919], [77.7191360262656, 12.9667471183782], [77.71955242761, 12.9669656273778], [77.7204516547242, 12.9685365349824], [77.7206040997447, 12.9691085704307], [77.7204874574373, 12.9695878140259], [77.7204677665339, 12.9700182418783], [77.7203521634268, 12.9705930799191], [77.7201595552594, 12.9708102058355], [77.7199169115764, 12.9709083478629], [77.718834578597, 12.9706187551511], [77.7186825039892, 12.9705391370508], [77.7185627931127, 12.9705012650493], [77.7182602770045, 12.9704387170016], [77.7177887122722, 12.9703819911151], [77.7174365820407, 12.9702663067056]]}}, {"type": "Feature", "properties": {}, "geometry": {"type": "LineString", "coordinates": [[77.7347304384121, 12.9602849916596], [77.7347556666503, 12.9602137763022], [77.7347931983952, 12.9601397785566], [77.734907621131, 12.9599840813398], [77.7349464932737, 12.9599215807874], [77.734981642879, 12.9598436866552], [77.7350507295435, 12.959658858753], [77.7350957750121, 12.9595807188107], [77.7351799450543, 12.9594827594493], [77.7352884703007, 12.9593857907519], [77.735327944825, 12.9593446370353], [77.735375743019, 12.9592741528702], [77.7354578569947, 12.9591181844014], [77.7355148925717, 12.959034819062], [77.735583457848, 12.9589534743722], [77.7357299160999, 12.9588138278286], [77.7357920224242, 12.9587412140315], [77.7358385690982, 12.9586596409134], [77.7358921591699, 12.9585211790183], [77.7359244436528, 12.9584514414151], [77.7359611886759, 12.9583879324417], [77.7360018193894, 12.9583308948135], [77.7360566517142, 12.9582727548921], [77.7362270337347, 12.9581353933204], [77.7363568906938, 12.9579872833219], [77.7364063700038, 12.9579419809941], [77.7364665610186, 12.9579104928687], [77.7365314320415, 12.9578968037454], [77.7365934826635, 12.957895407108], [77.7368464466878, 12.9579070729395], [77.7369762753167, 12.9578992536196], [77.7370433033247, 12.9578845480214], [77.7372034630493, 12.9578363718342], [77.7372978685671, 12.9578198381171], [77.7373774713708, 12.9578175810379], [77.7376932613104, 12.9578324029311], [77.7378164999525, 12.9578246922529], [77.7379139316703, 12.9578063640776], [77.7380244352587, 12.9577764449366], [77.738116473176, 12.9577441255841], [77.7382114146001, 12.9577009762365], [77.7394640112487, 12.9574764455988], [77.7403404240798, 12.9573955191691], [77.7412569167092, 12.9576368292409], [77.7430209466091, 12.9583646099061]]}}, {"type": "Feature", "properties": {}, "geometry": {"type": "LineString", "coordinates": [[77.758036654563, 12.956750785119], [77.7585464155624, 12.9522870414059]]}}, {"type": "Feature", "properties": {}, "geometry": {"type": "LineString", "coordinates": [[77.6578414997708, 12.9620282162404], [77.657839338153, 12.9618823104388], [77.6578014800708, 12.9612855448236], [77.6578395778149, 12.960844203926], [77.657844211235, 12.9606148978877], [77.6578392613923, 12.9604210774406], [77.6578225131614, 12.9601830136048], [77.6577840416869, 12.9599047898663], [77.657752733086, 12.9597736693634], [77.6576539873512, 12.9594256911097], [77.6578668126143, 12.9573875396157], [77.6578519748433, 12.9559894054186], [77.6578398015344, 12.9548422157594], [77.6576494342948, 12.9541270878865], [77.6564029775515, 12.9512674207859], [77.655417342663, 12.9508933609783], [77.6551751042612, 12.9508775520365], [77.6549099608299, 12.9508734295881], [77.6542769750195, 12.950937509332], [77.6541279817504, 12.9509453215676], [77.6539598342893, 12.9509341497743], [77.6537869670246, 12.9508873923712], [77.6486269070158, 12.9512809087424]]}}, {"type": "Feature", "properties": {}, "geometry": {"type": "LineString", "coordinates": [[77.6525573986391, 12.96263504882], [77.6526867306569, 12.9626197125697], [77.65281081037, 12.9626159345558], [77.6529061573544, 12.9626220588113], [77.6531301507691, 12.9626513292182], [77.6532549620387, 12.9626537417363], [77.6547640130363, 12.9625210961645], [77.6552135462186, 12.9625044444138], [77.65534811608, 12.9624939615853], [77.6554261419166, 12.9624733223962], [77.655518860538, 12.9624308861123], [77.6559107754303, 12.9622235959021], [77.6559708359657, 12.9621872808124], [77.6578414997708, 12.9620282162404]]}}, {"type": "Feature", "properties": {}, "geometry": {"type": "LineString", "coordinates": [[77.6154187405837, 12.9638569350501], [77.615279902417, 12.9635548051717], [77.6151712714309, 12.9632121503708], [77.6151114748761, 12.9630522078182], [77.6150557795709, 12.9629371656396], [77.6149084005687, 12.962684493193], [77.6148041001573, 12.9624864757517], [77.6147314948889, 12.9623232991824], [77.6146382790167, 12.9620715720374], [77.6145941755409, 12.9619171541151], [77.6145660269343, 12.9617529960108], [77.6145579300824, 12.9616069361841], [77.6145637483734, 12.9613720819578]]}}, {"type": "Feature", "properties": {}, "geometry": {"type": "LineString", "coordinates": [[77.7496223251068, 12.9626574273864], [77.7491928655623, 12.962518865168], [77.7490891097947, 12.9624796654108], [77.7489396586726, 12.9624044997493], [77.748414784414, 12.962116515586], [77.7483457534209, 12.9620741050572], [77.7482828122258, 12.962028819024], [77.7479831998148, 12.9617932328969], [77.7479296188277, 12.961737737815], [77.7473511702864, 12.9612348427611]]}}, {"type": "Feature", "properties": {}, "geometry": {"type": "LineString", "coordinates": [[77.6557638009106, 12.9637331979066], [77.6558978416116, 12.9635302445909], [77.655929132897, 12.9634955790663], [77.6559832872959, 12.9634532606135], [77.6560625999375, 12.9634167164395], [77.6562829614212, 12.96335471039], [77.6563752725632, 12.9633216072831], [77.656660777626, 12.9631654346652], [77.6567457599168, 12.9631251917586], [77.6568571744498, 12.9630935990897], [77.6569735222544, 12.9630839401062], [77.6572628860556, 12.9630834329068], [77.657514976414, 12.9631029566383], [77.6575919198484, 12.9630989792022], [77.6576474863581, 12.9630804748621], [77.6577049847982, 12.963039533069], [77.6577459351152, 12.9629918122672], [77.6577782835649, 12.9629326014185], [77.6578056109308, 12.9628408546351], [77.6578199149742, 12.9627270264088], [77.6578255818185, 12.9623367205812], [77.6578414997708, 12.9620282162404]]}}, {"type": "Feature", "properties": {}, "geometry": {"type": "LineString", "coordinates": [[77.5265432976163, 12.9654490849973], [77.5264136426713, 12.9654317565935], [77.5263461361473, 12.9654078816654], [77.5263185679981, 12.9652593211275], [77.5263640594114, 12.9648673995772], [77.5264293548644, 12.9645744840802], [77.5264573336288, 12.9643788569373], [77.5264637780792, 12.9643788205725], [77.5265788194392, 12.9640780163085], [77.5267157123784, 12.9636036901676], [77.526725527795, 12.9634286335995], [77.5266534841843, 12.9630879835886], [77.5266075389754, 12.9628223895951], [77.5266060488253, 12.9626569437459], [77.5266636449931, 12.9624165653182], [77.52664856611, 12.9612821741496], [77.5265103228292, 12.9609685760862], [77.5262957062059, 12.9604263837026], [77.5260699065383, 12.9599812680576], [77.5253552037976, 12.9592705525949], [77.5252279610923, 12.9591032319734]]}}, {"type": "Feature", "properties": {}, "geometry": {"type": "LineString", "coordinates": [[77.7614536605611, 12.9631102758596], [77.7614614259891, 12.963065948667], [77.7614821550924, 12.9629962305931], [77.7614947263559, 12.9629370243464], [77.761512578122, 12.9626955797774], [77.76152426258, 12.962631630558], [77.7615567193005, 12.962499708032], [77.7615647013278, 12.9623681527229], [77.7615858947931, 12.9623092226358], [77.7616133883818, 12.962267004023], [77.7616540661022, 12.9622222200763], [77.7618583519626, 12.9620434966767], [77.7618993271207, 12.9620164119761], [77.7619396237864, 12.9619960353235], [77.7620833632855, 12.9619451079511], [77.7621060119323, 12.9619295905696], [77.7621289891064, 12.9619055332962], [77.7621534493798, 12.9618707278985], [77.7621901658668, 12.9618070278983], [77.7622666181527, 12.9616500951213], [77.7622947041028, 12.9615631647259], [77.7623035330123, 12.9615204070693], [77.7623082386137, 12.9614677358475], [77.7623238322912, 12.9614208604067], [77.7627786525401, 12.9600536095861]]}}, {"type": "Feature", "properties": {}, "geometry": {"type": "LineString", "coordinates": [[77.6546289460436, 12.9651479511673], [77.6547130301665, 12.9650902335952], [77.6547766191268, 12.9650652618006], [77.654824997707, 12.9650612458629], [77.6549436421208, 12.9650767680035], [77.6550199000114, 12.9650628834437], [77.6551102559138, 12.965021483035], [77.6551429649652, 12.9649972246544], [77.6551689548014, 12.9649691014524], [77.6552038585622, 12.9649152037638], [77.6552270206521, 12.9648627827888], [77.6552457817361, 12.9647995244249], [77.6552579255445, 12.9647327191022], [77.6552748999983, 12.964532397791], [77.6552764577725, 12.9642313805665], [77.655284123417, 12.9640799520371], [77.6552946166405, 12.9639781624183], [77.6553174240982, 12.9639019568691], [77.6553584515699, 12.9638479036537], [77.6554307300782, 12.9638065232654], [77.6554960166081, 12.9637874874162], [77.6556594127804, 12.963759545637], [77.6557638009106, 12.9637331979066]]}}, {"type": "Feature", "properties": {}, "geometry": {"type": "LineString", "coordinates": [[77.6467932636751, 12.9652534214021], [77.6468094897501, 12.9652411607153], [77.6469955832068, 12.9651005432794], [77.6470749877865, 12.9650539222501], [77.6475148590819, 12.9649296145946], [77.6479287081029, 12.9647956797547], [77.6480603273666, 12.9647358632622], [77.6484780917161, 12.9644946280754], [77.6485967899398, 12.9644411700064], [77.6487782409891, 12.9644018708112], [77.6490462795672, 12.964327680668], [77.6491186143372, 12.9643243713978], [77.649243132229, 12.9643526511981], [77.6493020210161, 12.9643525440013], [77.649383705451, 12.9643321944098], [77.6496038889369, 12.9642506937279], [77.6496975668897, 12.9642236858363], [77.6498910009175, 12.9641998276582], [77.6500435665652, 12.9641708829434], [77.6502890334139, 12.9641487666288]]}}, {"type": "Feature", "properties": {}, "geometry": {"type": "LineString", "coordinates": [[77.6467932636751, 12.9652534214021], [77.647254787146, 12.9662559897236], [77.6475754236107, 12.9670012583003]]}}, {"type": "Feature", "properties": {}, "geometry": {"type": "LineString", "coordinates": [[77.656208561747, 12.965569977081], [77.6561519906123, 12.9652573793274], [77.6559754562485, 12.9643933335832], [77.6558578617561, 12.9639499633188], [77.6558281005556, 12.9638715262671], [77.6557638009106, 12.9637331979066]]}}, {"type": "Feature", "properties": {}, "geometry": {"type": "LineString", "coordinates": [[77.5473146310828, 12.9677120061657], [77.5472111125716, 12.9680208898669], [77.547154024208, 12.9681912333802], [77.5471167185959, 12.9683458905868], [77.5470986484313, 12.9685918172348], [77.5471033651354, 12.9687159875623], [77.5471244630189, 12.9688593497198], [77.5471574015627, 12.9689876191948], [77.5473715355706, 12.9696304671606], [77.5474121866691, 12.9699006775658], [77.5474879729197, 12.9702128269061], [77.5475012858161, 12.9703387045578], [77.5475059089453, 12.9704733685793], [77.5474972880355, 12.9709376495585], [77.5474820157865, 12.9710225820684], [77.5474271111851, 12.971157244558], [77.5474001781404, 12.971203828973], [77.5472973501706, 12.9713414615922], [77.5472587685519, 12.9714329583832], [77.5472491613545, 12.9715041885797], [77.5472488053022, 12.9715828549407], [77.547255943679, 12.9716819908868], [77.5472779460687, 12.9718250025781], [77.5472765627223, 12.9720000940472], [77.5472685398035, 12.972106220414], [77.5472424160233, 12.972203066591], [77.5472079031674, 12.972282961908], [77.5471753668497, 12.9723354050606], [77.5470420672458, 12.9724710882848], [77.5468822253271, 12.9726852515814], [77.5468273346088, 12.9727775386959], [77.5467894969739, 12.9728715624118], [77.5467676473065, 12.972990105], [77.5467579786929, 12.9731951055513], [77.5467152745645, 12.9734744748971], [77.5466945917095, 12.9738650484221], [77.5466739725441, 12.9739543446462], [77.5466188186381, 12.9740889400045], [77.5466516715558, 12.9764105232863]]}}, {"type": "Feature", "properties": {}, "geometry": {"type": "LineString", "coordinates": [[77.6464696340019, 12.9668151980862], [77.646387995404, 12.9665632623532], [77.6463639395573, 12.966362725277], [77.6463471950324, 12.9661621147284], [77.6463380650636, 12.965990108802], [77.6463725713895, 12.9657961472684], [77.646415071281, 12.9656666415922], [77.6464941254126, 12.9655367641177], [77.6467932636751, 12.9652534214021]]}}, {"type": "Feature", "properties": {}, "geometry": {"type": "LineString", "coordinates": [[77.7400785314316, 12.9659646046239], [77.7397472322276, 12.9657254578189], [77.7396202212717, 12.9656031246152], [77.7394718554481, 12.9654928381632], [77.7393620567819, 12.9653725990651], [77.7392442798766, 12.9652903127543], [77.7391811412763, 12.9652388304394], [77.739143576817, 12.9652181907607], [77.7391202352344, 12.965213843013], [77.7390965423476, 12.9652167825816], [77.7390160039222, 12.9652610873505], [77.7389780782713, 12.9652679554057], [77.7388533935625, 12.96525772326], [77.7386640365442, 12.9652559179187], [77.738500544561, 12.9652283850125], [77.7384193085731, 12.9652220006586], [77.7383309966756, 12.9652259517795], [77.7381426468467, 12.9652486900237], [77.738064227296, 12.9652477600924], [77.7379941803708, 12.9652382470258], [77.7379164826857, 12.9652185190866], [77.7377293460821, 12.9651400747416], [77.7376605285538, 12.9651167284462], [77.7376070777211, 12.9651045311659], [77.7374644800547, 12.9650833630711], [77.7373921331173, 12.9650601125469], [77.7373392559806, 12.965027943551], [77.7372853400296, 12.9649778505579], [77.737235525042, 12.9649160802908], [77.737138884415, 12.9647803628588], [77.7370750690861, 12.9647031725612], [77.7369400586393, 12.9645553374368], [77.7368439249228, 12.9644732747259], [77.7367762521302, 12.9644324563413], [77.7366329695718, 12.9643670646463], [77.7365789001031, 12.9643368537834], [77.7365264632218, 12.9642964893528], [77.7363839801995, 12.9641643674396], [77.7363290175457, 12.9641237268981], [77.7362770839146, 12.9640921484204], [77.7362303268954, 12.9640699373393], [77.7361848993972, 12.964054503584], [77.7360117860567, 12.9640167195975], [77.7359273415608, 12.9639882769085], [77.7357885402449, 12.9639125033163], [77.7356508695342, 12.963821510902], [77.7355947529105, 12.9637943502133], [77.73530963525, 12.9637133909084], [77.7352188272748, 12.9636988612627], [77.7351446704557, 12.9636950364081], [77.7349006301974, 12.9637033611208], [77.734690726424, 12.9637202609086], [77.7346165879948, 12.9637382703862], [77.7345015948091, 12.963787845566]]}}, {"type": "Feature", "properties": {}, "geometry": {"type": "LineString", "coordinates": [[77.7400785314316, 12.9659646046239], [77.740608434729, 12.965782278929], [77.7407209643874, 12.965754769394], [77.7410191245564, 12.9656969538851], [77.7410830055682, 12.965677678453], [77.7411491286834, 12.965645809446], [77.7411866976496, 12.9656187453064], [77.7412309976032, 12.9655749274129], [77.7412980711847, 12.9654790658895], [77.7413884788056, 12.9653037909358], [77.7414386827986, 12.9651573946964], [77.7414609549279, 12.9651102759266], [77.7421385978484, 12.9649265318786], [77.7426005280356, 12.9648260604317], [77.7428979661635, 12.9646890922149], [77.7430232423709, 12.9643744060782], [77.743075887018, 12.9642742311955], [77.7431332280167, 12.9641781612423], [77.7431948918066, 12.9640868207462], [77.7432605040764, 12.9640007655888], [77.7433054451374, 12.9639472641661], [77.7433529101061, 12.9638945373891], [77.7434025022437, 12.9638430275572], [77.7434537880528, 12.9637931845844], [77.7434654126051, 12.9637824071789], [77.7435827892145, 12.9636812778612], [77.7437037328461, 12.9635773602402], [77.7438489353124, 12.9634653684181], [77.7438904235289, 12.963435265407], [77.7439905948301, 12.9633677913864], [77.7440346542789, 12.9633363125652], [77.7440788544665, 12.9633005332811], [77.7441151667028, 12.9632653475568], [77.7441535793501, 12.9632217124637], [77.744188004128, 12.9631776894337], [77.7442181403907, 12.9631336637494], [77.744243819556, 12.9630898847034], [77.7442652908398, 12.9630432078682], [77.744307755767, 12.9629306534217], [77.7445036265506, 12.9627856828288]]}}, {"type": "Feature", "properties": {}, "geometry": {"type": "LineString", "coordinates": [[77.4818350820842, 12.968599209128], [77.4821762163618, 12.9685945279685], [77.4823225717594, 12.9686050840335], [77.4825118154406, 12.9686391366197], [77.4826836104019, 12.9687570237902], [77.4828135233099, 12.9689530020491], [77.4829995209841, 12.9692739481102], [77.4832401433463, 12.9697714278891], [77.4832472405692, 12.9698686893163], [77.4832720632453, 12.9699725758908], [77.4832850267898, 12.9700910615647], [77.4833104375743, 12.9701926566458], [77.4833125492928, 12.9702735200584], [77.4833191276718, 12.9703037418408], [77.4833887458022, 12.9704236644074], [77.4834076780927, 12.9704892217755], [77.4834447716204, 12.9705426541898], [77.4835124489955, 12.9706077479682], [77.4837263643017, 12.9706714454336], [77.4839763647321, 12.9706869855604], [77.4842874735529, 12.9707198736815], [77.4846035549768, 12.9706935362037], [77.4846719194392, 12.9707404933441], [77.4847108709616, 12.9707590912466], [77.4848718972084, 12.9708205191383], [77.4850324294089, 12.9708684668408], [77.4850819031738, 12.9708910967813], [77.4851384034023, 12.9709311595456], [77.485239804347, 12.9710302131266], [77.485360056161, 12.9711232236999], [77.4853904583465, 12.9711566501556], [77.4854195984502, 12.9711981488214], [77.485490552823, 12.971344044403], [77.4855230079224, 12.9713927068754], [77.4855712093911, 12.9714390576896], [77.4856593911003, 12.9715010789757], [77.4856960108344, 12.971530964764], [77.4857587794141, 12.9716042940717], [77.4857881443306, 12.9716534784371], [77.4859048878025, 12.971891978093], [77.4859470946217, 12.9719664064477], [77.4859616235694, 12.9720041930345]]}}, {"type": "Feature", "properties": {}, "geometry": {"type": "LineString", "coordinates": [[77.6475754236107, 12.9670012583003], [77.6476427670212, 12.966949143313], [77.6477181214013, 12.9668908289614], [77.6479312117839, 12.9667673273441], [77.6482427850277, 12.966613188052], [77.6483359947056, 12.9665511432659], [77.6484176699115, 12.9664871949629], [77.6484755059062, 12.9664323841855], [77.6485087160455, 12.9663887985791], [77.6485414299348, 12.9663281781008], [77.6485837444314, 12.966229395152], [77.6486099067577, 12.9661878868321], [77.6487780479945, 12.9660113772894], [77.6488250983267, 12.9659524031894]]}}, {"type": "Feature", "properties": {}, "geometry": {"type": "LineString", "coordinates": [[77.6475754236107, 12.9670012583003], [77.6478222463073, 12.9675749565589], [77.647885383454, 12.9677036943645], [77.6477791295753, 12.9682538938985], [77.6480680017274, 12.9684779995828], [77.6483585072577, 12.9685792800911], [77.6482987651288, 12.9686449845562], [77.648290872536, 12.9686536706901]]}}, {"type": "Feature", "properties": {}, "geometry": {"type": "LineString", "coordinates": [[77.477444418444, 12.9687424781286], [77.4774714897426, 12.9686777179441], [77.4774907890263, 12.9685304917374], [77.4775067631921, 12.9684576767401], [77.477530965722, 12.9683840840693], [77.4775424103122, 12.9683379087912], [77.4775456391014, 12.9683011314436], [77.4775468475722, 12.9681596738495], [77.4775524269539, 12.9681149404081], [77.4775763811557, 12.9680170131954], [77.4775824026301, 12.9679767352631], [77.4775830892311, 12.9677553013432], [77.4776055082338, 12.967608764628], [77.4776181451693, 12.9674550478207], [77.4776438099207, 12.96733607245], [77.4776735918432, 12.96723143631]]}}, {"type": "Feature", "properties": {}, "geometry": {"type": "LineString", "coordinates": [[77.7396606314466, 12.9663431447551], [77.7397811019807, 12.9662078514401], [77.7398654026361, 12.9661232919745], [77.7399353141813, 12.9660668324064], [77.7400785314316, 12.9659646046239]]}}, {"type": "Feature", "properties": {}, "geometry": {"type": "LineString", "coordinates": [[77.7396606314466, 12.9663431447551], [77.7399703176847, 12.9663086649783], [77.7401006749585, 12.966285257854], [77.7402441227853, 12.966279366724]]}}, {"type": "Feature", "properties": {}, "geometry": {"type": "LineString", "coordinates": [[77.7337022730395, 12.9665017556328], [77.7338773585652, 12.9664376312975], [77.7342707349463, 12.9663379987009], [77.7348548606832, 12.9662243849067], [77.7350226708699, 12.9661848684106], [77.7351275686124, 12.966139645558], [77.7352946447593, 12.9660053454051], [77.7353828531367, 12.9659600233169], [77.7355076702353, 12.9659320127519], [77.7357579723661, 12.9659124983804], [77.7358691016168, 12.9659130877244], [77.735959517452, 12.96592419383], [77.7360460258512, 12.9659464005953], [77.7361213393516, 12.9659792128466], [77.7362347441443, 12.9660659378264], [77.7364630529285, 12.9662960248217], [77.7365137134224, 12.9663307366963], [77.7365772283339, 12.9663591968305], [77.7373591125546, 12.9666019173558], [77.7377234561559, 12.9666617428068], [77.7379702040373, 12.9667618567058], [77.7380675630933, 12.9667863324242], [77.7381897148967, 12.966779072106], [77.7386662570082, 12.9666939262354], [77.7390002487005, 12.9666916847439], [77.7391138173589, 12.9666795956895], [77.7391800538615, 12.9666528984123], [77.7392675611744, 12.9666025861096], [77.7395490471968, 12.966423819863], [77.7396606314466, 12.9663431447551]]}}, {"type": "Feature", "properties": {}, "geometry": {"type": "LineString", "coordinates": [[77.6348806714367, 12.9685415013462], [77.6331238819888, 12.9681128280282], [77.6330885006448, 12.9681041954104], [77.6330535122345, 12.9680981506925], [77.6329684101522, 12.9680950054042], [77.6329400043618, 12.9680906258837], [77.6328840892262, 12.9680741778742], [77.6328434177628, 12.9680588999767], [77.6327910179749, 12.9680359922206], [77.6327263109856, 12.968013996775], [77.6327042026813, 12.9680093963021], [77.6325969060005, 12.9679941475609], [77.6324695154035, 12.9679723536316], [77.6324469421957, 12.9679666412249], [77.6324129072165, 12.9679528924232]]}}, {"type": "Feature", "properties": {}, "geometry": {"type": "LineString", "coordinates": [[77.6502443718098, 12.9684848498363], [77.6505920257101, 12.9684249935547], [77.6516096778008, 12.9682172131189], [77.6517313060471, 12.9681868857643], [77.651897144165, 12.9681299163984]]}}, {"type": "Feature", "properties": {}, "geometry": {"type": "LineString", "coordinates": [[77.6502443718098, 12.9684848498363], [77.6504069187971, 12.969109494421], [77.6504275240373, 12.9692161908004], [77.6504505746287, 12.9693969399969], [77.650470627336, 12.9694777334403], [77.6505263255686, 12.9695732784178], [77.6505761327001, 12.9697143478116], [77.6509070340835, 12.9708375452082], [77.6510067926788, 12.971051650001], [77.6511307941973, 12.9712535565625], [77.6513398363827, 12.9714306940309], [77.6515601777954, 12.9715240578811], [77.6517548890014, 12.9715969995615]]}}, {"type": "Feature", "properties": {}, "geometry": {"type": "LineString", "coordinates": [[77.6433818705468, 12.9686366633037], [77.6433708605399, 12.9685505688738], [77.643301704776, 12.968272659436], [77.6432884774508, 12.968199628143], [77.6432880428142, 12.9681113981046], [77.6433121890888, 12.9679541928364], [77.6433151646969, 12.96786972515], [77.6432886204238, 12.96770322307], [77.6432163294522, 12.9674446610488], [77.6431959313576, 12.9673416554065], [77.6431911295491, 12.9672374569088], [77.6431990024554, 12.9670214301834], [77.6432219581773, 12.9669409187659], [77.6432796369063, 12.9668638443473], [77.6434299195929, 12.9667858290515], [77.6436489915869, 12.966759699983], [77.6440924135671, 12.9667456332176], [77.6444098230402, 12.9667997732783], [77.6449754455559, 12.966817926721], [77.6453851548711, 12.9668424441684], [77.6458286783018, 12.966837934089], [77.6464696340019, 12.9668151980862]]}}, {"type": "Feature", "properties": {}, "geometry": {"type": "LineString", "coordinates": [[77.648291798565, 12.9686544797427], [77.6484469571203, 12.9686249796556], [77.6485348705741, 12.9686184356388], [77.6489472866479, 12.968640776431], [77.6491006751656, 12.9686374311325], [77.6499519748495, 12.9685157661519], [77.6502443718098, 12.9684848498363]]}}, {"type": "Feature", "properties": {}, "geometry": {"type": "LineString", "coordinates": [[77.7633069793399, 12.9674626812731], [77.7635153288375, 12.9674472172055], [77.7636554295935, 12.9674259605677], [77.7637418629851, 12.9673951541103], [77.7638204418604, 12.9673411154404], [77.7638778957322, 12.9672776248125], [77.7639258316848, 12.9671974100322], [77.7639653898146, 12.9670997038147], [77.7640395653864, 12.9668505068095], [77.764074493187, 12.9667593817058], [77.7641713819659, 12.9665711316667], [77.7642479896205, 12.9664649985522], [77.7643599544013, 12.9663463933644], [77.7650162820182, 12.9657611533027], [77.7651612406616, 12.9656447491301], [77.7652929882243, 12.9655558333518], [77.7655136440184, 12.965430285923], [77.7659119074223, 12.9652207737238], [77.7665444033742, 12.9649621565498], [77.7671249672033, 12.9646561665656], [77.7675611082168, 12.964410293776], [77.7677956717423, 12.9642657120906], [77.76798580385, 12.9641414858534], [77.7682790635446, 12.9639247898729], [77.7684263291063, 12.9638291758887], [77.768580586253, 12.9637468863776], [77.7693449013467, 12.9633801159554], [77.7694782996195, 12.9633269442455], [77.7697742286376, 12.9632642956942], [77.7699715866445, 12.9631630747942], [77.7699720308304, 12.9631628469465]]}}, {"type": "Feature", "properties": {}, "geometry": {"type": "LineString", "coordinates": [[77.5276442684381, 12.9702897285836], [77.5274971515682, 12.9701626863241], [77.5274190481918, 12.9700699289639], [77.527371049608, 12.9699790573612], [77.5272720894278, 12.969735799813], [77.5272525548866, 12.9696445269492], [77.5272548798326, 12.9695794738539], [77.5272778475492, 12.9695207830719], [77.5273434982042, 12.9694292978805], [77.5273541927122, 12.9693890696393], [77.527594838453, 12.9692857941658], [77.5275780124142, 12.9691917981421], [77.5274534753181, 12.9690641704357], [77.5273090271409, 12.968958915552], [77.5273092070934, 12.9689555718403], [77.5271744122211, 12.9684801333293], [77.5270912630934, 12.9681680838576], [77.5270549234116, 12.967762325386], [77.5269372411363, 12.9673322510773], [77.5269216837208, 12.9672032716931], [77.5268303049728, 12.9669758475723], [77.5267083804448, 12.9662841606272], [77.5265806202674, 12.965556534665], [77.526548189201, 12.9654469775719]]}}, {"type": "Feature", "properties": {}, "geometry": {"type": "LineString", "coordinates": [[77.7773855357049, 12.9683642126798], [77.777014025075, 12.9683146695905], [77.776887958858, 12.9682892963276], [77.7767912047604, 12.9682592181912], [77.7767356423482, 12.9682546199674], [77.7766464930299, 12.9682472430444]]}}, {"type": "Feature", "properties": {}, "geometry": {"type": "LineString", "coordinates": [[77.7773855357049, 12.9683642126798], [77.7774901014178, 12.9682840283685], [77.7775914247058, 12.9681822524542]]}}, {"type": "Feature", "properties": {}, "geometry": {"type": "LineString", "coordinates": [[77.777471164888, 12.9689649006872], [77.7774070084453, 12.9687932545469], [77.7773802848268, 12.9686746143167], [77.7773708064045, 12.9685964760339], [77.7773691453236, 12.96854532926], [77.7773855357049, 12.9683642126798]]}}, {"type": "Feature", "properties": {}, "geometry": {"type": "LineString", "coordinates": [[77.5528933386442, 12.971515176253], [77.553073624011, 12.9714402570223], [77.5531887702168, 12.9714038538146], [77.5533048498476, 12.9713854383409], [77.5534941471478, 12.9713795496608]]}}, {"type": "Feature", "properties": {}, "geometry": {"type": "LineString", "coordinates": [[77.7145710994426, 12.9698864029402], [77.71467545186, 12.9698740860443], [77.714793725028, 12.9698391944112], [77.7149617079912, 12.9698050982482], [77.7150453594149, 12.9697822654324], [77.7151461416562, 12.9697431424381], [77.7152504115765, 12.9696696844305], [77.7153054035902, 12.9696483828921]]}}, {"type": "Feature", "properties": {}, "geometry": {"type": "LineString", "coordinates": [[77.7663091853183, 12.9699194198789], [77.7663988879477, 12.9698815380961], [77.7665415547156, 12.9698441281392], [77.7666031575694, 12.969811612804], [77.7667242806593, 12.9697155156061], [77.7668754718572, 12.9695629364342], [77.7670299500971, 12.9693801206604], [77.7671702757658, 12.9691831386913], [77.7672273201953, 12.9690798605525], [77.7673659655845, 12.9687506495829], [77.7674200785371, 12.9686712258563], [77.767485739291, 12.968608325629], [77.7676362252052, 12.9685174829302], [77.767774637379, 12.9684544246438], [77.7688575541924, 12.9681534712948], [77.7690862435472, 12.9680690726082], [77.7692702833255, 12.9679717040943], [77.7694881246767, 12.967799076118], [77.7697104477828, 12.9676504276417], [77.7697935735653, 12.9675786086644], [77.7698611145768, 12.9674879543261], [77.7699828658251, 12.9672553002813], [77.7700946365549, 12.9671285842533], [77.7702166263035, 12.9670383879927], [77.7705312603574, 12.9668504580953], [77.7707102291653, 12.9667194933744], [77.7708868310119, 12.9665681821733], [77.7718260422273, 12.9656251688762], [77.7722348831935, 12.9652146729814]]}}, {"type": "Feature", "properties": {}, "geometry": {"type": "LineString", "coordinates": [[77.6517548890014, 12.9715969995615], [77.6518917548103, 12.9710976308431], [77.6519395598102, 12.9709232096812], [77.6520410194178, 12.9707441933222], [77.6521468659014, 12.9705234268992], [77.6521788939922, 12.9704775067823], [77.6522078561748, 12.9704497183853], [77.6522444417485, 12.9704271362193], [77.6522922499862, 12.9704110073057], [77.6523989901115, 12.9704045364069], [77.6527508999993, 12.9704410746328], [77.6533973781833, 12.9705984983535], [77.6535563239447, 12.9706279988124], [77.6536520184406, 12.9706302087852], [77.6538853686211, 12.9705984955712]]}}, {"type": "Feature", "properties": {}, "geometry": {"type": "LineString", "coordinates": [[77.6517548890014, 12.9715969995615], [77.6519639250109, 12.9716753066333], [77.652514525335, 12.9718848139278]]}}, {"type": "Feature", "properties": {}, "geometry": {"type": "LineString", "coordinates": [[77.5670579441464, 12.9724514911175], [77.5670577962521, 12.9726175091336], [77.5670356007238, 12.9727283107552], [77.5669982038186, 12.972825257107], [77.5668777809036, 12.9730502028128], [77.5668379900419, 12.9731641531725], [77.5668222103967, 12.9732641512321], [77.566812407187, 12.973491217779], [77.5667962890408, 12.9735734021999], [77.5666977438649, 12.9738241152541], [77.5665787681394, 12.9741549556648], [77.5665561752554, 12.9742449221864], [77.5665351769143, 12.9743887431248], [77.5665139559073, 12.9744709182864], [77.5662855581492, 12.9751379616672], [77.5662456710445, 12.9752742661996], [77.5661887013863, 12.9755910946463], [77.5661780075646, 12.9756997951791], [77.5661847716418, 12.9757685118757], [77.5662265222705, 12.975885348979], [77.5662417741555, 12.9759559071553], [77.5658150204531, 12.9761137057119], [77.5657876987777, 12.9762018984434], [77.5656698618134, 12.9764276054106], [77.565564345645, 12.9767724113242], [77.5654564722833, 12.977041837416], [77.5653589044553, 12.9773551563571], [77.5652948495625, 12.9775118147297], [77.5650780605447, 12.9778876680177], [77.5647318112647, 12.9783675662717], [77.564536892172, 12.978820130851], [77.5645013687358, 12.9790594510448], [77.5644990837491, 12.9796180354511], [77.5644756922355, 12.9801232722643], [77.5644423129563, 12.9803171917604], [77.5642002442967, 12.981295096431], [77.5641887756683, 12.9814750727075], [77.5642296776578, 12.9816225482423], [77.5642873915956, 12.9817079632012], [77.5643669391267, 12.9817753113821], [77.5644583190773, 12.9818165983126], [77.5645745160162, 12.981837253904], [77.5659581839683, 12.981814611193], [77.5661640523235, 12.9818247065611], [77.5663099797996, 12.9818507306373], [77.5665476759978, 12.9819344345652], [77.5672391781747, 12.9822432754347], [77.5676425948337, 12.9824053652775], [77.5686735307718, 12.9827343431807], [77.5690493477751, 12.9828358243193], [77.5691318415797, 12.9828749006659], [77.5701687875677, 12.983742409363], [77.5709211102601, 12.9857906952091], [77.5711978189129, 12.986624588569], [77.5712797922203, 12.9874843148404], [77.5710383734246, 12.9887032565469]]}}, {"type": "Feature", "properties": {}, "geometry": {"type": "LineString", "coordinates": [[77.652514525335, 12.9718848139278], [77.6527718650827, 12.9720196282998], [77.6529259270282, 12.972068251309], [77.653138248194, 12.9720947682156], [77.6534015171291, 12.972099252576], [77.6537162671332, 12.972131895088], [77.6540160149425, 12.9721288363374], [77.6541914776906, 12.9721270456828], [77.6544105766842, 12.9721032978908], [77.6545273999316, 12.9720877641099], [77.6546649042227, 12.9720690316515], [77.6550051296563, 12.9719759246564], [77.6550473642653, 12.9719366520295], [77.6550771614218, 12.9718736034461], [77.6550977228694, 12.9718016865681], [77.6551273288284, 12.9717207138714], [77.6551509688206, 12.9716517530916], [77.6551893240248, 12.9715156851688], [77.6552372396847, 12.9714418222653], [77.6553458003344, 12.9713395653356], [77.65541825596, 12.9712381512836], [77.6555011166185, 12.9711367981146], [77.6555455281868, 12.9710544438173], [77.655591900642, 12.9709266856623], [77.6556252383087, 12.9708755943765], [77.6557102509967, 12.9708117642793], [77.6557509843206, 12.9707726243616], [77.6560390203953, 12.9704233064214], [77.6562325213156, 12.9702131079832], [77.6563136187905, 12.9701327133531], [77.6564534896467, 12.9700153984143], [77.656678900735, 12.9698688206087], [77.6569951111877, 12.969723997358], [77.6570997049788, 12.9696946969876], [77.6572606695844, 12.9696623002514], [77.6575157655397, 12.9696232494525], [77.6578543468778, 12.9696008549512], [77.6579181841331, 12.9695849786786], [77.6580357301875, 12.9695413957673], [77.6580877643493, 12.969530163357], [77.6582700634413, 12.969526737552], [77.6584316438439, 12.9694919082333], [77.6585782086055, 12.9694809201511], [77.6587323095671, 12.9694557475808], [77.6589027443293, 12.9694586660804]]}}, {"type": "Feature", "properties": {}, "geometry": {"type": "LineString", "coordinates": [[77.652514525335, 12.9718848139278], [77.6526871060566, 12.9722639355956], [77.6527468756552, 12.9725146155848], [77.6527643266563, 12.9726142881716], [77.6527777238422, 12.9727800756115], [77.6527676406867, 12.9729090434396]]}}, {"type": "Feature", "properties": {}, "geometry": {"type": "LineString", "coordinates": [[77.7582824239043, 12.9712106060544], [77.7584449190367, 12.9710855895612], [77.7590850813634, 12.9704548644408], [77.7594095409994, 12.9701681803263], [77.7594739725868, 12.9700643262384], [77.7595576995729, 12.9697491957224], [77.7596335091455, 12.9695977521128], [77.7601342777744, 12.9690655476843], [77.7602764005569, 12.9689374007311], [77.7603779638753, 12.9688709620348], [77.7604898090686, 12.9688193813663], [77.7607556810291, 12.9687518862008], [77.760971802685, 12.9687514784477], [77.7614816116375, 12.9688200416221], [77.7616732529508, 12.9688291459016], [77.7618634234238, 12.9688023838594], [77.7620468649598, 12.9687357021316], [77.7621427431459, 12.9686803961456], [77.7622233718251, 12.9686130590175], [77.7622976113567, 12.968517474168], [77.7623595632163, 12.9683993165879], [77.7624331705644, 12.9681458746808], [77.7624517329759, 12.9678203612819], [77.7624707570001, 12.96770434156], [77.7625137523247, 12.9675938747412], [77.7625768469208, 12.9675084974453], [77.7626414265708, 12.9674581876099], [77.7627190726269, 12.9674212409585], [77.762919066186, 12.967381409562], [77.7631073219181, 12.9673931550239], [77.7633069793399, 12.9674626812731]]}}, {"type": "Feature", "properties": {}, "geometry": {"type": "LineString", "coordinates": [[77.7625627454211, 12.9713819718633], [77.7626107097306, 12.9713274202006], [77.7627187246796, 12.9712295721352], [77.7628132407285, 12.9711231838062], [77.7634178350365, 12.9703703564248], [77.7635066409596, 12.9702479802115], [77.7635308457279, 12.9701976844256], [77.7635444793833, 12.9701449788862], [77.763549189325, 12.9700663136554], [77.7635430845911, 12.9699721105735], [77.7634996432934, 12.9696434522715], [77.7634679013357, 12.9695499903894], [77.763376975705, 12.9693992335701], [77.7633423536678, 12.969269999994], [77.7632713964307, 12.9685888803242], [77.7632648645427, 12.9684096095817], [77.7632925774577, 12.9681981763191], [77.7632967302805, 12.9680973232756], [77.7632717511935, 12.9676845211356], [77.7632792852971, 12.9675944268709], [77.7633069793399, 12.9674626812731]]}}, {"type": "Feature", "properties": {}, "geometry": {"type": "LineString", "coordinates": [[77.7164810811347, 12.9718854582061], [77.7165997352471, 12.9718218187348], [77.7168210500393, 12.9717347460784], [77.7170134233978, 12.971674231588], [77.7171678312215, 12.9716370497718], [77.7172425700441, 12.9716119994148], [77.7172793739262, 12.9715936697699], [77.7173097511879, 12.9715725418318], [77.7173411928099, 12.9715410286619], [77.7173624082282, 12.9715111273244], [77.7173794244149, 12.9714767440623], [77.7173896820125, 12.9714426653858], [77.7173956030137, 12.9714113854408], [77.7173999015728, 12.971360061684], [77.717409518542, 12.9710682603286], [77.7174065242884, 12.9708916625765], [77.7174196850167, 12.9707087523284], [77.7174217933017, 12.9704950565537], [77.7174400254402, 12.9703665628095], [77.7174365820407, 12.9702663067056]]}}, {"type": "Feature", "properties": {}, "geometry": {"type": "LineString", "coordinates": [[77.6382293600382, 12.972695575386], [77.6383842985724, 12.9726758559318], [77.6385341749912, 12.9726665931759], [77.6389759941824, 12.9726634065939], [77.6391317842658, 12.9726550889792], [77.6397883381469, 12.9725483696944], [77.6401885736682, 12.9724968744337], [77.6403642460049, 12.9724841940809]]}}, {"type": "Feature", "properties": {}, "geometry": {"type": "LineString", "coordinates": [[77.504708642005, 12.9742366586381], [77.5047822139156, 12.9741467510189], [77.5048362581688, 12.974067189431], [77.5048751977029, 12.9740270354473], [77.5049054724321, 12.9740062607852], [77.5049506551306, 12.973986046342], [77.504988905804, 12.9739759996974], [77.5050433814576, 12.9739705211139], [77.5051299502562, 12.9739741495532], [77.5052952890994, 12.9739962815618], [77.5054984694525, 12.9739806741692], [77.5055606244185, 12.9739833495848], [77.505600876059, 12.9739906866173], [77.5056507425536, 12.9740109530177], [77.5057460895613, 12.9740776154399], [77.5058616786775, 12.9741387657239], [77.5059565634098, 12.9741975305752]]}}, {"type": "Feature", "properties": {}, "geometry": {"type": "LineString", "coordinates": [[77.7119389153167, 12.9726374814189], [77.712008757929, 12.9724866440744], [77.7120591953059, 12.9723127070098], [77.7121190871177, 12.972146595594], [77.7121323214111, 12.9720698520247], [77.7121610043298, 12.9717466281716], [77.7121723407657, 12.9716867583226], [77.7121905009079, 12.9716231569107], [77.7122186757892, 12.9715554257013], [77.7123251353757, 12.9713396173898], [77.7123876724315, 12.9710928122628], [77.7124098583342, 12.9710263738819], [77.7124521464278, 12.970943690371], [77.7125318211357, 12.9708093144223], [77.7125564043863, 12.970752875584], [77.712580515252, 12.9706679091575], [77.7126135606833, 12.9704799671845], [77.7126377563457, 12.9703990857567], [77.7126631617549, 12.9703527234156], [77.7126903574487, 12.9703194103556], [77.7127247271167, 12.9702905473841], [77.7127674495585, 12.9702664537354], [77.7130001183731, 12.970189715043], [77.7130969468374, 12.9701666378539], [77.7131510592635, 12.970160341605], [77.7133379068715, 12.9701519452338], [77.7136987317832, 12.9700905332276], [77.7137927877998, 12.9700802157152], [77.7138939127486, 12.9700769771825], [77.713991537071, 12.9700838059979], [77.7140471160137, 12.9700976490322], [77.7140838799731, 12.9701123062797], [77.7141264016664, 12.9701371393602], [77.7141660547307, 12.9701695860355], [77.7142679681876, 12.9702852053313], [77.7143143381483, 12.970324368789], [77.7143764613722, 12.9703495618546], [77.7144693581956, 12.9703610189118], [77.7145659270404, 12.9703602956132], [77.714866076091, 12.9703365600167], [77.7151286280955, 12.9703275121496], [77.7153306492341, 12.970308704666], [77.7155065899291, 12.9702841213639], [77.7155554302551, 12.9702849113737], [77.7156620811147, 12.9702956110194], [77.7157596702135, 12.9702980067517], [77.7162787924048, 12.9702824963167], [77.7165315450281, 12.9702698646067], [77.7172471263573, 12.9702177045721], [77.7172922104026, 12.9702180773047], [77.7173428321617, 12.9702263371667], [77.7173903293201, 12.9702427191911], [77.7174365820407, 12.9702663067056]]}}, {"type": "Feature", "properties": {}, "geometry": {"type": "LineString", "coordinates": [[77.6461285092844, 12.973534486741], [77.646536969766, 12.973388674174], [77.6469295121831, 12.9732007611073], [77.647062482727, 12.9731151962905], [77.6474033292065, 12.9728466013306], [77.6481048319575, 12.9721844330169], [77.6481394044177, 12.9721456521828], [77.6481673206928, 12.9720992286081], [77.648188063191, 12.9720461287821], [77.6482004193858, 12.9719893715657], [77.6482074396996, 12.9718420757883], [77.6481970367498, 12.9716951751391], [77.64807034097, 12.970962987844], [77.6479356768321, 12.9703625944026], [77.6478637293962, 12.9700863941657], [77.647805527407, 12.9698932914059], [77.6476610775628, 12.9695179807887], [77.6475452072302, 12.9692670853656], [77.647437181966, 12.9690706238735], [77.6472810192418, 12.9688102496903], [77.6471014076632, 12.9684157503251], [77.647049084923, 12.9683385586867], [77.6469048231293, 12.9681581747616], [77.6464696340019, 12.9668151980862]]}}, {"type": "Feature", "properties": {}, "geometry": {"type": "LineString", "coordinates": [[77.4952094950621, 12.9755341458795], [77.4951495114257, 12.9754728951468], [77.4951058344526, 12.9754086030592], [77.4949909881561, 12.9751629481341], [77.4948882362173, 12.9748915800913], [77.494708100925, 12.9743464979525], [77.494617037593, 12.974125713711], [77.4943196167313, 12.9733789316378]]}}, {"type": "Feature", "properties": {}, "geometry": {"type": "LineString", "coordinates": [[77.5349648148041, 12.975422492591], [77.5348531690924, 12.975229588289], [77.5347478705616, 12.9749443829104], [77.5345587173326, 12.9740858839537], [77.5344724598238, 12.9737981030363], [77.5344335875501, 12.9736150506972], [77.5344060434021, 12.9734100392602], [77.5343700846233, 12.9728966975973], [77.5343012262104, 12.9723988367471], [77.5340941035722, 12.9713610603484], [77.5340806522323, 12.9711104649482], [77.534084872848, 12.9709761785568], [77.5341068852271, 12.9708140589999], [77.5341557101088, 12.9705787290935], [77.5344341866567, 12.9689678339293], [77.534439682266, 12.9687997163285], [77.5344329166951, 12.9686865644143], [77.5344142743759, 12.9685647392153], [77.5343826962257, 12.9684575552287], [77.5338371357158, 12.9672475231557], [77.5337659136875, 12.9670525686565], [77.5336645326082, 12.9667050798106], [77.5336290734243, 12.9666125742065], [77.5335976653639, 12.9665601560274], [77.5335581416134, 12.9665188618335], [77.5333928975627, 12.966422340896], [77.5333327281772, 12.9663380634278], [77.5333037711673, 12.9662236276603], [77.5332804045926, 12.9660156775924], [77.5343155771692, 12.964532935691], [77.5343052533564, 12.9643751858768], [77.5342991786165, 12.9638780916185], [77.5342918221879, 12.9638329028517], [77.5342487444535, 12.9636806506898], [77.5342418612371, 12.9636211453867], [77.5337250748996, 12.9614496671477], [77.5342598542752, 12.9610559057707], [77.5344670875366, 12.9607985275745], [77.5347172572969, 12.9604878246939], [77.5378212567046, 12.9576478289269], [77.5380907900135, 12.9574074927759], [77.5384739953164, 12.957065798131], [77.5381108246411, 12.9566082872318], [77.5376944050536, 12.9560836931764], [77.5376171600718, 12.9554476944257], [77.5375339716561, 12.9544599704238], [77.5374210737848, 12.9538577291755], [77.5373913638362, 12.9537245405896], [77.5379612173177, 12.9528666562462]]}}, {"type": "Feature", "properties": {}, "geometry": {"type": "LineString", "coordinates": [[77.6470271053613, 12.9753615471881], [77.646934935851, 12.9752527287125], [77.646800603682, 12.9749986823659], [77.6461285092844, 12.973534486741]]}}, {"type": "Feature", "properties": {}, "geometry": {"type": "LineString", "coordinates": [[77.5466516715558, 12.9764105232863], [77.5469785282318, 12.9777489666915], [77.5468875215768, 12.9777649777312], [77.5468528709662, 12.9777727951597], [77.5468273242193, 12.9777825182506], [77.5468036715424, 12.9777984801815], [77.5467925405607, 12.9778091109727], [77.5467774241096, 12.977827868622], [77.546753401441, 12.9778681961017], [77.5467349453545, 12.9779090138397], [77.546715691105, 12.9779692431094], [77.546707116688, 12.9780147063335], [77.5467051251502, 12.9780469262313], [77.5467068536209, 12.9780957876479], [77.5467142549175, 12.9781483329338], [77.5467202992297, 12.9782181549168], [77.54671910432, 12.9782566804222], [77.5467131692379, 12.9782942693934], [77.5466971828455, 12.9783471007054], [77.5466529759693, 12.9784431022656], [77.5466420403854, 12.978471201441], [77.5466340039691, 12.9784987563376], [77.5466283266623, 12.9785363292324], [77.5466177647919, 12.9786732958713], [77.5466134201718, 12.9787079384235], [77.5466084682794, 12.9787274602132], [77.5465833775893, 12.9787890232566], [77.5465671763298, 12.9788582988308], [77.5465541403192, 12.9788992468797], [77.5465367886484, 12.9789358951525], [77.546500014557, 12.9790009850307], [77.5464866171671, 12.9790340412395], [77.5464778434427, 12.979075407399], [77.546470130123, 12.9791488867685], [77.5464643459746, 12.9791754294055], [77.5464525784255, 12.9792094950817], [77.5464466576641, 12.979233026905], [77.5464347829944, 12.9793161815888], [77.5463907871035, 12.9795469744308], [77.5463779580323, 12.9795880740424], [77.5463485991618, 12.9796478394406], [77.5463383168838, 12.9796811135881], [77.5463357407074, 12.9797054113125], [77.5463362094333, 12.9797300848657], [77.5463508455649, 12.9798204524168], [77.5463517173818, 12.9798416472949], [77.5463453217233, 12.979892903882], [77.5463178671352, 12.9799926542494], [77.5463052012655, 12.9800585523762], [77.5463073339476, 12.9801348869201], [77.5463129250483, 12.9802147490436], [77.5463121923651, 12.9802804760662], [77.546306337258, 12.9803069281506], [77.5462828251261, 12.9803648420002], [77.5462756199282, 12.9803875425716], [77.5462515610402, 12.980543277216]]}}, {"type": "Feature", "properties": {}, "geometry": {"type": "LineString", "coordinates": [[77.7355442626603, 12.9748351140227], [77.7361634903724, 12.9763198983439], [77.7363832533745, 12.9769151086296], [77.7365013580304, 12.9779856357578], [77.7365515776245, 12.9783772676715], [77.7365283106879, 12.9790347880624], [77.7365630228448, 12.9794228117242], [77.7367892418842, 12.9799557814467], [77.7372436325427, 12.980371682452], [77.7377355908455, 12.9807847656842], [77.7395859739385, 12.9814533422414], [77.739676745292, 12.9815156063313], [77.7397256895622, 12.9815365915964], [77.7397722522147, 12.9815509777852], [77.7401353059289, 12.9816183845508], [77.7402003193258, 12.9816256637777], [77.7402649103809, 12.9816268517222]]}}, {"type": "Feature", "properties": {}, "geometry": {"type": "LineString", "coordinates": [[77.6441703856447, 12.9761314036897], [77.6443058807423, 12.9760135871199], [77.6443402558127, 12.9759582140181], [77.644385690069, 12.9758581076175], [77.6444214352279, 12.9757469282945], [77.6444944310889, 12.9753221652586], [77.6445787170698, 12.9749864567649], [77.6446237052383, 12.9748780716139], [77.6447453761487, 12.9746610213996], [77.6448122699517, 12.9744726069432], [77.6449203381651, 12.9742658023169], [77.6449557053438, 12.974229360723], [77.6450022331676, 12.9741992513718], [77.6452138479415, 12.974106512029], [77.6453585596886, 12.9740257077285], [77.6459404631615, 12.9736617551579], [77.6461285092844, 12.973534486741]]}}, {"type": "Feature", "properties": {}, "geometry": {"type": "LineString", "coordinates": [[77.5747415677044, 12.9769921519154], [77.5748595278738, 12.9769815417824], [77.5749244115739, 12.9769851752032], [77.5754006550213, 12.9770637052789], [77.5754735824263, 12.9770731059832], [77.5755373960487, 12.9770759719775], [77.5755670076429, 12.9770833552181]]}}, {"type": "Feature", "properties": {}, "geometry": {"type": "LineString", "coordinates": [[77.6646170242467, 12.97652608787], [77.6646329165427, 12.9764374263612], [77.6646355293164, 12.9764228496109], [77.6646296677947, 12.9764059810924], [77.6645611142529, 12.9763177857582], [77.6645193982494, 12.9762360925745], [77.6644628990679, 12.9760808867805], [77.6644186194383, 12.9759299353635], [77.6644112358428, 12.9758839002748], [77.6644119980797, 12.9758369966644], [77.6644558921178, 12.9756906776159], [77.6644624620273, 12.9756295701377], [77.6644515996982, 12.9755394898583], [77.6644177578538, 12.9754182703772], [77.6643900539191, 12.9753517062307], [77.6643531097271, 12.9752898033934], [77.6643023333702, 12.9752276420831], [77.6641751999124, 12.975097515272], [77.6641441347098, 12.9750506604223], [77.6641284693339, 12.9750086299685], [77.6641248723235, 12.9749736225687], [77.6641292771094, 12.9749391014137], [77.6641823302667, 12.9748183655754], [77.6641947671875, 12.9747593372032], [77.6641889339462, 12.9746702334113], [77.664151355637, 12.9744684572062]]}}, {"type": "Feature", "properties": {}, "geometry": {"type": "LineString", "coordinates": [[77.6663233691356, 12.9776150759945], [77.6662552341656, 12.9774009692136], [77.66619261307, 12.9772041888194], [77.666178790169, 12.977039809312], [77.6661461740487, 12.9758866085709], [77.6661510951419, 12.9757995420342], [77.6661773536423, 12.9757124337589]]}}, {"type": "Feature", "properties": {}, "geometry": {"type": "LineString", "coordinates": [[77.6780096961233, 12.9782349098304], [77.6765293598631, 12.9764010483631], [77.676354002195, 12.9761838100082], [77.6762434852485, 12.976072614077], [77.6761607987607, 12.9760060332516], [77.6759769297919, 12.9758903281806], [77.6759281401794, 12.9758490525859], [77.6758990856792, 12.975815199304], [77.6758728323535, 12.9757667050029], [77.6758463383569, 12.9756778130779], [77.6758007702647, 12.9753893988971], [77.6757756991752, 12.9753293119661], [77.6757398881965, 12.9752814363424], [77.6756919969524, 12.9752486043635], [77.6756284605365, 12.9752291778399], [77.6755085135533, 12.9752150989134], [77.6753882085726, 12.9752112968635]]}}, {"type": "Feature", "properties": {}, "geometry": {"type": "LineString", "coordinates": [[77.6756742990584, 12.9789462911423], [77.6756663479043, 12.9788219575732], [77.6756599909747, 12.9787225526468], [77.6756505410119, 12.9786660332327], [77.6755599847775, 12.9782852552682], [77.6755089871322, 12.9781108630168], [77.6754148619455, 12.9778502568687], [77.6753449842414, 12.977679212552], [77.6752663990286, 12.9775185988084], [77.6751612798837, 12.9773506750815], [77.6750784044075, 12.9772440697699], [77.6748571802095, 12.977005792726], [77.6747843948958, 12.976934100332], [77.6747111316087, 12.9768782590432], [77.6746408731185, 12.9768440264177], [77.6745784519869, 12.9768298675868], [77.6744997522051, 12.9768281224462], [77.6741028955675, 12.9768658186795], [77.6740475582161, 12.9768572618992], [77.6739502839778, 12.9768203646246], [77.6739194408272, 12.9768182255551], [77.6738855643641, 12.9768257414091], [77.673754659055, 12.9768450632318], [77.6736911951342, 12.9768361554228], [77.6735982830622, 12.9768084294497], [77.6735344622995, 12.9767660612766], [77.6734900336187, 12.9767139331727], [77.6734405572232, 12.9765593022805], [77.6733296236451, 12.9763362505549], [77.673189602589, 12.9761542810229], [77.6731180496618, 12.97600289158], [77.6730180072568, 12.9757187989899], [77.6729638707928, 12.9755363699444], [77.6729423371864, 12.9754208345543], [77.6729202632133, 12.9752051005839], [77.672883860745, 12.9750546965844], [77.6727870577314, 12.9747894565946], [77.672682661677, 12.9745977197399]]}}, {"type": "Feature", "properties": {}, "geometry": {"type": "LineString", "coordinates": [[77.5340180004356, 12.9806266900292], [77.5340460413684, 12.9805825449305], [77.5340560119388, 12.9805707884128], [77.5340744275711, 12.9805578292575], [77.534101446634, 12.9805470214165], [77.534133556401, 12.9805406442632], [77.5341728396587, 12.9805384958914], [77.5342225928485, 12.9805398629404], [77.5343447393549, 12.9805496790351], [77.5343802164409, 12.9805485814386], [77.5344166395356, 12.9805432906325], [77.5344668123432, 12.9805278001684], [77.5345510743876, 12.9804824590497], [77.5345998398976, 12.980464738964], [77.5346223989303, 12.9804607334405], [77.5346534428655, 12.9804591830308], [77.5347557579543, 12.9804638076212], [77.5347899020109, 12.9804600821209], [77.5348229548073, 12.9804524028223], [77.5348588520148, 12.9804401350536], [77.5349100783356, 12.9804183406514], [77.5349539912874, 12.980397331306], [77.534998059435, 12.9803720036513], [77.5350195198033, 12.9803639522209]]}}, {"type": "Feature", "properties": {}, "geometry": {"type": "LineString", "coordinates": [[77.7726332698948, 12.9782097494185], [77.7718815515408, 12.9777020518982], [77.7717935478237, 12.9776865056741], [77.7716211330292, 12.9776247849398], [77.7715432147328, 12.9776079351002], [77.7712041657442, 12.9776004597353], [77.7710168262182, 12.9776047801249], [77.7709075070235, 12.9775937723278], [77.7702819745999, 12.9774334838218], [77.7702046005614, 12.9774034826853], [77.7700975949595, 12.9773424874144], [77.7700514876135, 12.9773241219914], [77.7697707655624, 12.9772817404514], [77.7696498463825, 12.9772738303032], [77.7692889890094, 12.9772684744243], [77.7690894562026, 12.977250948266], [77.76891938241, 12.9772502612696], [77.768625368356, 12.9772212192936], [77.7684519896702, 12.9772268587938], [77.7679436126609, 12.9772798455592], [77.767362444561, 12.9772976496718], [77.7670445549134, 12.9773256607365], [77.7668946021089, 12.9773297879262], [77.7667634505915, 12.9773533738598], [77.7665854675984, 12.9774095160368]]}}, {"type": "Feature", "properties": {}, "geometry": {"type": "LineString", "coordinates": [[77.7726332698948, 12.9782097494185], [77.7728218762635, 12.9781771224422], [77.7736348626722, 12.9780990924518], [77.7737438052212, 12.9780972290162], [77.7738748702327, 12.9781029602948], [77.7741750413658, 12.9781075119017], [77.7743752217042, 12.9781236847066], [77.774522479725, 12.9781412966403], [77.7748326885611, 12.9781997593857], [77.7754897095683, 12.9783427815989], [77.7756040219313, 12.9783623109996], [77.7758844692935, 12.9783563885925], [77.7759320296519, 12.9783493714155], [77.7767985343215, 12.9786343314262]]}}, {"type": "Feature", "properties": {}, "geometry": {"type": "LineString", "coordinates": [[77.5461319009895, 12.9805534840238], [77.5461500400441, 12.9806928998161], [77.5461572727301, 12.9808887968474], [77.5461519201158, 12.980955358759], [77.5461336136385, 12.9810010293556], [77.5461090070037, 12.9810332593823], [77.5460630796073, 12.9810725492336], [77.5458285260171, 12.9812146733176], [77.5456897029516, 12.9813057191178], [77.5453109642046, 12.9815697826954], [77.5452465673378, 12.9816215883272], [77.5452110854241, 12.9816597431162], [77.545184589819, 12.9817070641002], [77.5451716727306, 12.9817622541082], [77.5451680434529, 12.9818348668439], [77.5451713673328, 12.9820213321706], [77.5451660969498, 12.9821133638029], [77.5451461169889, 12.9823170714033], [77.5451245769789, 12.9823894683371], [77.5450921100528, 12.9824409919993], [77.5450432277997, 12.9824984739488], [77.5446806039286, 12.9828868343373], [77.5446188649528, 12.9829588650533], [77.5445847458472, 12.9830152582771], [77.5445457862012, 12.9831167899723], [77.5434729095333, 12.984287313712], [77.5430427846183, 12.9853186665742], [77.5424589403794, 12.9864486218439]]}}, {"type": "Feature", "properties": {}, "geometry": {"type": "LineString", "coordinates": [[77.7307732444198, 12.978736694132], [77.7308210372302, 12.9787360122723], [77.7309547136777, 12.9787109745936], [77.7311478650596, 12.9787045161355], [77.7312949972914, 12.9787062041488], [77.7313466618916, 12.978694336964], [77.7314030746991, 12.9786633123589], [77.7314554501449, 12.9786163509304], [77.7315001341651, 12.9785609617285], [77.7315749579449, 12.9784272078547], [77.7316785269496, 12.9782865069077], [77.7317429285595, 12.9781506963221], [77.7317870403531, 12.9780886410186], [77.7318196238399, 12.9780566463612], [77.7318665956998, 12.9780216504438], [77.7320049395763, 12.9779476138206], [77.7320567789003, 12.9779118846978], [77.7321051008898, 12.9778576541328], [77.7321848974351, 12.9777171658878], [77.7322352639053, 12.9776506807546], [77.7322825948307, 12.9776083485793], [77.7324325240693, 12.9774936705903], [77.7325359774307, 12.9774248911947], [77.7325775180865, 12.9773829820863], [77.732608073546, 12.9773222083158], [77.7326425036282, 12.9771843549594], [77.7326981713778, 12.977034558396], [77.7327185180783, 12.9769629226478], [77.7327544881252, 12.9767464306958], [77.7327686159545, 12.9765036769238], [77.7327801815549, 12.9764405517312], [77.7328192963274, 12.9762863474243], [77.7328364878365, 12.976112369049], [77.7328511981531, 12.9760629840648], [77.7329576711022, 12.975951888335], [77.7329714565993, 12.9759115221048]]}}, {"type": "Feature", "properties": {}, "geometry": {"type": "LineString", "coordinates": [[77.7771700022633, 12.9783467834294], [77.7761223030821, 12.9773990489914], [77.775953774939, 12.9773943132261], [77.77567036699, 12.9774197000853], [77.7756228172563, 12.9774190316817], [77.7755754293084, 12.9774108667537], [77.775526195426, 12.9773865169922], [77.7754807863011, 12.9773421207082], [77.775443862225, 12.9772801258068], [77.7754135152883, 12.9771997559385], [77.7754037607248, 12.9771482122482], [77.7754029776669, 12.977104555353], [77.7754085120202, 12.977073394291], [77.7754222416269, 12.9770411800925], [77.7754542769762, 12.9770006623165], [77.7755708968232, 12.9769041014237], [77.7756248276804, 12.9768438590756], [77.7757080901205, 12.9767131233515], [77.77573155126, 12.9766641716372], [77.7757484695507, 12.9766125355807], [77.7757630474403, 12.9765416595581], [77.7757684602454, 12.9764688552625], [77.7757752137968, 12.9758285781568], [77.7757692018457, 12.975785016844]]}}, {"type": "Feature", "properties": {}, "geometry": {"type": "LineString", "coordinates": [[77.5744903859537, 12.9807800822904], [77.5745330735647, 12.9807692517615], [77.5745862153471, 12.9807600215758], [77.5747798397107, 12.9807390119654], [77.5748399111641, 12.9807269295657]]}}, {"type": "Feature", "properties": {}, "geometry": {"type": "LineString", "coordinates": [[77.7682681152274, 12.978805295707], [77.7683486213606, 12.9787897973205], [77.7684956335759, 12.9787779183634], [77.7690143633742, 12.978760660601], [77.7691018046062, 12.9787481747485], [77.7694034868638, 12.9786608175808], [77.7696101345622, 12.9785923005854], [77.7697294964472, 12.9785334188008], [77.7698807099863, 12.9784352962182], [77.7699164743091, 12.9784199769593], [77.7699462426553, 12.9784135063475], [77.7701956241509, 12.9784127908882], [77.770752521091, 12.9783823248682], [77.7712600436044, 12.9783706979028], [77.7718154981529, 12.9783461129554], [77.7721435609419, 12.978304229905], [77.7723926859657, 12.9782513648947], [77.7726332698948, 12.9782097494185]]}}, {"type": "Feature", "properties": {}, "geometry": {"type": "LineString", "coordinates": [[77.5620787723072, 12.9817864201723], [77.561735861663, 12.9821438354019], [77.561597641413, 12.9822879021107], [77.561535817785, 12.9824143970851], [77.5615033385959, 12.9826001847958], [77.5614815923964, 12.9829819679803], [77.5614405387614, 12.983190655163], [77.5613620839979, 12.983440363756], [77.5609063591842, 12.9847354068157], [77.5608652429608, 12.9848771738888], [77.5608483496408, 12.9849915235893], [77.5608343470299, 12.9854906129042], [77.5608420726223, 12.9858861318639], [77.5608057877774, 12.9864168051362], [77.560816216093, 12.9865669623352], [77.5608436982404, 12.986681621819], [77.560919908992, 12.9868320123773], [77.5610385856249, 12.9869560262187], [77.5611866570554, 12.9870592327438], [77.5614839553039, 12.9872179958096], [77.5615807964194, 12.9872927803281], [77.5616537929793, 12.9873981930325], [77.5616879848161, 12.9875403876232], [77.5616878369963, 12.987655896671], [77.5616719301746, 12.9877788998724], [77.56157488937, 12.9881468698677], [77.5614668385622, 12.9884506350952], [77.5612600210508, 12.9888578738073], [77.5612135198776, 12.9890110496037], [77.5611831559485, 12.9891736682138], [77.5611503063627, 12.9895065674221], [77.5611436803642, 12.9897611215595], [77.5611622205551, 12.9899588252007], [77.5612439104404, 12.9903228393149], [77.5612502507115, 12.9905107983983], [77.5612393177099, 12.9906348710526], [77.561110378318, 12.9910234382328], [77.5609801013743, 12.9912805080798], [77.5609021580355, 12.991466125315], [77.5608638310209, 12.9916224395595], [77.56080094219, 12.9920426449485], [77.5607039361365, 12.9922599888573], [77.5606693114294, 12.992376385385], [77.5605951161892, 12.9928257971477], [77.5605804487497, 12.9931227285853], [77.5604765118139, 12.9937500357421], [77.5604586120964, 12.9940569948893], [77.5603927465767, 12.9944264898471], [77.5603537886284, 12.9945507846656], [77.5602840951518, 12.9946548768147], [77.5601794299775, 12.9947402960317], [77.5600419511061, 12.9948179473898], [77.5598019554504, 12.994921458894], [77.5596903107747, 12.9949529246399], [77.5595361655592, 12.9949723741235], [77.559422731844, 12.9949758177459], [77.5592507902855, 12.9949612584219], [77.5592169972353, 12.9952597319335]]}}, {"type": "Feature", "properties": {}, "geometry": {"type": "LineString", "coordinates": [[77.633442512569, 12.9811138607974], [77.6334290099253, 12.9810028503406], [77.6334438908651, 12.9807333383385], [77.6334323596865, 12.9805457313683], [77.6333805070549, 12.9803596585597], [77.6333276693719, 12.9802581990312], [77.6332646173339, 12.9801673983928], [77.6320584708037, 12.9759956581024]]}}, {"type": "Feature", "properties": {}, "geometry": {"type": "LineString", "coordinates": [[77.633442512569, 12.9811138607974], [77.6343488383779, 12.9811483052496], [77.6348842161599, 12.9814481179851], [77.6349484623869, 12.9816908220713], [77.6352323912836, 12.9816429310246], [77.6360296262152, 12.9832764782866], [77.6361100343236, 12.9835051279447], [77.6362298395959, 12.9837716226869], [77.6365087810188, 12.9844467206375], [77.6368449388149, 12.9847788554306], [77.637105665441, 12.9854646057126], [77.6373072951962, 12.9860935899669], [77.6375869161028, 12.9867217811718], [77.637959505313, 12.988151067407], [77.6379852595553, 12.9882609373018], [77.6379888811836, 12.9883682684319], [77.637997420674, 12.9884553034041], [77.637994376401, 12.9885012282089], [77.6379727857904, 12.9885918078652], [77.6379693572353, 12.9886478402573]]}}, {"type": "Feature", "properties": {}, "geometry": {"type": "LineString", "coordinates": [[77.656908143043, 12.9820000802787], [77.6569082433328, 12.9817073347111], [77.6568252366974, 12.9810947205796], [77.6567838352876, 12.9809172774094], [77.6558583913055, 12.9787703597136]]}}, {"type": "Feature", "properties": {}, "geometry": {"type": "LineString", "coordinates": [[77.6540596084298, 12.9826751136711], [77.6540847504054, 12.9826239930522], [77.6541433881903, 12.9824682713372], [77.6543335416483, 12.9820802715819], [77.6545643695534, 12.9815386234324], [77.6547881876919, 12.9810549499189], [77.6549267052934, 12.9807834706329], [77.6550486369745, 12.9805585112087], [77.6550933734506, 12.9804983922428], [77.6551117629828, 12.9792941196511]]}}, {"type": "Feature", "properties": {}, "geometry": {"type": "LineString", "coordinates": [[77.4779408325536, 12.9844407182768], [77.4778018456326, 12.9842621741603], [77.4777017323722, 12.9841597674276], [77.4774408923645, 12.9839415480602], [77.4772605164203, 12.983823380187], [77.4771899940486, 12.9837638796987], [77.4768996544009, 12.9833774004046], [77.4767403901279, 12.9830520840726], [77.4766450649203, 12.982815781792], [77.4765203807485, 12.982601084708], [77.4764627092625, 12.9823610769037], [77.4763931760219, 12.9821643101607], [77.4763541071651, 12.9819656999936], [77.4763197868519, 12.9818653923854], [77.4762225106829, 12.9816672481873], [77.4760780730352, 12.9814558225779], [77.4759457922694, 12.9812058819137], [77.4759077863461, 12.9811175040028], [77.475828545078, 12.9808808066925], [77.4757713847127, 12.9807585091417], [77.4757206005446, 12.9806775866685], [77.4756727342731, 12.9806227216005], [77.4756170719936, 12.9805755852977], [77.4754313321784, 12.9804594932203], [77.4751935252725, 12.9802894675582], [77.4750187351339, 12.9801281983735], [77.474827518277, 12.9799925156038], [77.4746759187784, 12.9798569397925], [77.4744444121709, 12.9797094708381], [77.47436525343, 12.9796334828946], [77.4743066041777, 12.979562644872]]}}, {"type": "Feature", "properties": {}, "geometry": {"type": "LineString", "coordinates": [[77.6846494634, 12.9824151063594], [77.6847549575687, 12.9823869044462], [77.6848614405851, 12.9823271888997], [77.6851606956169, 12.9821891428458], [77.6859106050632, 12.9818155947839], [77.6860639967966, 12.981722316102], [77.6865044957672, 12.9814208665605], [77.686599841619, 12.9813432206899], [77.6867069289137, 12.9812320909362], [77.6867557912495, 12.9811963325723], [77.6868264355537, 12.9811649435764], [77.6870420593975, 12.9810977618356], [77.6872354002887, 12.9809599181378], [77.6872979511319, 12.9809316209499], [77.6874417250144, 12.9808849792436], [77.6874896096512, 12.980845779998], [77.6875006017766, 12.9808180041566], [77.6875013638598, 12.9807736497052], [77.6874448678886, 12.9805801216446], [77.6874343004495, 12.9804917184378], [77.6874432728846, 12.9804359652481], [77.6875045055973, 12.9802549222247], [77.6875057890358, 12.9801905147314], [77.6874903150573, 12.9801094398304], [77.6874050697687, 12.979840422316], [77.6872193032583, 12.9794488318293], [77.6871623864371, 12.9793496860463], [77.687084536247, 12.9792823358596]]}}, {"type": "Feature", "properties": {}, "geometry": {"type": "LineString", "coordinates": [[77.66204282054, 12.982774138419], [77.6620246117253, 12.9826491178436], [77.6619293903004, 12.9821724177614], [77.6619329332475, 12.9816492166988], [77.661887826304, 12.9810360204281], [77.6618996321074, 12.9803396542234], [77.6618937521784, 12.9800279681341], [77.661876061571, 12.9798246516877], [77.6618299250705, 12.9796505892192], [77.6611377475611, 12.9770391757188]]}}, {"type": "Feature", "properties": {}, "geometry": {"type": "LineString", "coordinates": [[77.6505088566912, 12.9831540165742], [77.6508079862774, 12.9831558844153], [77.6509692283961, 12.9831776357589], [77.6517498853558, 12.9833641296453], [77.6518588905651, 12.9834006166389], [77.6519952819459, 12.9834640750423]]}}, {"type": "Feature", "properties": {}, "geometry": {"type": "LineString", "coordinates": [[77.6519952819459, 12.9834640750423], [77.652062825767, 12.9834441406653], [77.6521037907434, 12.983418101364], [77.6521318003118, 12.983375171586], [77.6521466709824, 12.9833106474169], [77.6521487085684, 12.9832169733444], [77.6521399415934, 12.9830624664325], [77.6521021322442, 12.9826213372598], [77.6521063674252, 12.9825312669874], [77.6521194963459, 12.9824722342774], [77.6521406762997, 12.982422294297], [77.6521635487713, 12.9823883542589], [77.6522581858717, 12.9822949131902], [77.6522977503978, 12.9822465607512], [77.6523717594293, 12.9821143558673], [77.6524004725665, 12.9820197699496], [77.6524229533355, 12.9817872060069], [77.6524409521988, 12.9817107801986], [77.6524688479623, 12.9816487248851], [77.652575055548, 12.9814558671015], [77.6526552739725, 12.9812490063239], [77.6527323440995, 12.9810779494452], [77.6528164143183, 12.9808696590196], [77.6528547507639, 12.9808091702194], [77.6530989959712, 12.9804793940249], [77.6531631539261, 12.9803777412901], [77.653239055157, 12.9802305233561], [77.6532852977473, 12.980172441773], [77.6533465962686, 12.9801198310319], [77.6534009625466, 12.9800835106118], [77.6536797418695, 12.9799404061068], [77.6537705598677, 12.9798869419388], [77.6538336415673, 12.979834152103], [77.6539828865382, 12.9796870461479], [77.6540556814499, 12.9796295136483], [77.6544600925506, 12.9797020352894]]}}, {"type": "Feature", "properties": {}, "geometry": {"type": "LineString", "coordinates": [[77.6519907753862, 12.9837052266615], [77.6519862466574, 12.9835863768951], [77.6519952819459, 12.9834640750423]]}}, {"type": "Feature", "properties": {}, "geometry": {"type": "LineString", "coordinates": [[77.4780520755929, 12.9859033385529], [77.4778245857181, 12.985746034414], [77.4776910599714, 12.9856701155977], [77.4775893064511, 12.9856250774176], [77.4772748014366, 12.9855417214427], [77.4770710448637, 12.985505172663], [77.476873886136, 12.985449496801], [77.4766254354503, 12.9854019939833], [77.4763851198016, 12.9853201532483], [77.4760756160131, 12.9852484864038], [77.4756453097469, 12.9850935353779], [77.4755770535513, 12.9850508515565], [77.4755150585736, 12.9849910425883], [77.4753935900579, 12.9848451635734], [77.4752927073629, 12.9846971097026], [77.4752472910129, 12.9846437392439], [77.475069034219, 12.9845009099735], [77.4748332013487, 12.9842559097914], [77.4747931149152, 12.9842043894465], [77.474755634779, 12.9841364799089], [77.4746941645596, 12.9839581405821], [77.4746061369083, 12.9837694207054], [77.4745670495375, 12.983656972557], [77.4745049447817, 12.9833479754173], [77.4744557470867, 12.9831672278094], [77.4744364554421, 12.9829892746057], [77.4743980445601, 12.9828219163737], [77.4743819650071, 12.9826371038426], [77.4743181501813, 12.9822235036241], [77.4742458806278, 12.9820034858357], [77.4741983245463, 12.9817863570873], [77.473983737943, 12.9811806093609]]}}, {"type": "Feature", "properties": {}, "geometry": {"type": "LineString", "coordinates": [[77.7666009790158, 12.9832383903777], [77.7666169697069, 12.9826472273284], [77.7666706434175, 12.9820112848333], [77.7667551887426, 12.9811750044292], [77.7667419236346, 12.9809887647563], [77.7667114121692, 12.9808754683087], [77.7666748243908, 12.9807792523567], [77.7666320991424, 12.9807064922714], [77.7665716882215, 12.9806364488276], [77.7664905691792, 12.9805680141945], [77.7664250866668, 12.9805323408792], [77.7660568551959, 12.9804342925805], [77.7657415920373, 12.9802820084034], [77.7655096273061, 12.9802034128237], [77.7653041080549, 12.9801477356053], [77.7651418495896, 12.9801348362774]]}}, {"type": "Feature", "properties": {}, "geometry": {"type": "LineString", "coordinates": [[77.7666009790158, 12.9832383903777], [77.7663420283619, 12.9833544695899], [77.7662542162802, 12.9833813884091], [77.7661772020083, 12.9833914528457], [77.766077957218, 12.9833811193863], [77.7658725972845, 12.9833262752199], [77.7655690048474, 12.9832626681441], [77.7655110019123, 12.9832357197641], [77.7654588528862, 12.9831928874232], [77.7653447727661, 12.9830074349878], [77.7652447692264, 12.9829071250386], [77.7649180755618, 12.9826548569867], [77.7646988132332, 12.9825514146783]]}}, {"type": "Feature", "properties": {}, "geometry": {"type": "LineString", "coordinates": [[77.6858746595666, 12.9841324072637], [77.6860071291131, 12.9841460240159], [77.6861111043435, 12.9841324446982], [77.6863470902502, 12.9840590369826], [77.6865937653175, 12.9839626614102], [77.6867554121056, 12.9839253736714], [77.6868985524207, 12.9839090864022], [77.6870755969997, 12.9839274333786], [77.6871500059842, 12.9839170411741], [77.6872579672789, 12.9838729991244], [77.6875614783848, 12.9837088655779], [77.6878663238398, 12.9835698271819], [77.6881312092083, 12.9834278846855], [77.688216135145, 12.9833890717304], [77.6882569708207, 12.9833766425614], [77.6883138325882, 12.9833691290593], [77.6884782251156, 12.9833786445688], [77.6885546700408, 12.9833748002585], [77.6886247751635, 12.9833600581998], [77.6887613177455, 12.9833192331084], [77.6888231780174, 12.9833090028328], [77.6888750775536, 12.9833084432226], [77.6889131048128, 12.9833150499598], [77.6889571746697, 12.9833324138462], [77.6889934117959, 12.983355944792], [77.6890342042966, 12.9833961834255], [77.6891269426685, 12.9835133594425], [77.6892486283537, 12.9836064076], [77.6893329345721, 12.9837084444497], [77.6894218690226, 12.9837659865821], [77.689531345129, 12.9838368196561]]}}, {"type": "Feature", "properties": {}, "geometry": {"type": "LineString", "coordinates": [[77.6519981045683, 12.9845495879559], [77.6519907753862, 12.9837052266615]]}}, {"type": "Feature", "properties": {}, "geometry": {"type": "LineString", "coordinates": [[77.6519981045683, 12.9845495879559], [77.6521807389489, 12.9845006903592], [77.6522077638449, 12.9844905720151], [77.6522336754273, 12.984477108916], [77.6522582729664, 12.9844597023528], [77.6522784730339, 12.9844413758473], [77.6523669861246, 12.9843404320872], [77.6523941254284, 12.9843185295666], [77.6524213208362, 12.98430295476], [77.6524590531702, 12.9842895670173], [77.6525666267171, 12.9842693277451], [77.6526099107738, 12.9842574678655], [77.6526443967495, 12.9842409549673], [77.6526803940517, 12.9842188535881], [77.6527541973642, 12.9841621925935], [77.6527793732177, 12.9841461622843], [77.652830913376, 12.9841296450977], [77.6528774730698, 12.9841281001358]]}}, {"type": "Feature", "properties": {}, "geometry": {"type": "LineString", "coordinates": [[77.7682003721084, 12.9834251307083], [77.7674737127719, 12.9832361156685], [77.7670540931401, 12.9831480548105], [77.7668842773414, 12.983149010342], [77.7667772681286, 12.9831755799915], [77.7666009790158, 12.9832383903777]]}}, {"type": "Feature", "properties": {}, "geometry": {"type": "LineString", "coordinates": [[77.5195870709044, 12.9863841606452], [77.5197981596394, 12.9862876356242], [77.5199435790435, 12.9862318700619], [77.5205191710936, 12.9861094967451], [77.5207499897296, 12.9860137111451], [77.5208498332679, 12.9859594344212]]}}, {"type": "Feature", "properties": {}, "geometry": {"type": "LineString", "coordinates": [[77.7712676662929, 12.9840317031481], [77.7710765789057, 12.9839903738573], [77.7704235823772, 12.9839199392121], [77.7702777695781, 12.9839319036873], [77.7698125686922, 12.9840280764249], [77.7696758830157, 12.9840278957474], [77.7695203065618, 12.9840056586256], [77.769196263407, 12.9839145477055], [77.7688189925696, 12.9837773155776], [77.7686320980485, 12.9836844099416], [77.7682003721084, 12.9834251307083]]}}, {"type": "Feature", "properties": {}, "geometry": {"type": "LineString", "coordinates": [[77.7712676662929, 12.9840317031481], [77.7716059687458, 12.9838358791316], [77.7717965034417, 12.9837377059176], [77.7720027084254, 12.9836414746596], [77.7721623880738, 12.9835832452782], [77.7723424019013, 12.9835291338683], [77.7727004638711, 12.9834480004208], [77.7732741761947, 12.9833588361874]]}}, {"type": "Feature", "properties": {}, "geometry": {"type": "LineString", "coordinates": [[77.5760812878737, 12.9863752552376], [77.5755610124479, 12.9857501603417], [77.5754113860686, 12.9855995817659], [77.5751561083777, 12.985381473191], [77.5750849946535, 12.9853073843646], [77.5750260956232, 12.9852064423886], [77.5749339901325, 12.9849405755615], [77.574578224682, 12.9848356881122], [77.5744775444244, 12.9847148323694], [77.5744034755614, 12.9846519084465], [77.5742807251483, 12.9845817856741], [77.573906646049, 12.9844039409335], [77.5737728395578, 12.9843322686563], [77.5736170862017, 12.9842226845703], [77.5733768503038, 12.9840254515599], [77.5728312740229, 12.9833803713655], [77.5726868174552, 12.9827315032843], [77.5725912373606, 12.9823683707328], [77.572513006016, 12.982150812424], [77.5722997493608, 12.9816200495526], [77.5722639008599, 12.9815086884464], [77.5722519307621, 12.9814281759579], [77.5722475912806, 12.9813117553822], [77.5722719245566, 12.9808706110054], [77.5722676268377, 12.9807373840667], [77.5722443405423, 12.9806453507545], [77.5721553402774, 12.9804830569714], [77.5721375014328, 12.9804194111909]]}}, {"type": "Feature", "properties": {}, "geometry": {"type": "LineString", "coordinates": [[77.6327136482603, 12.9860180358922], [77.632859047966, 12.9857288304348], [77.6328782651146, 12.9856608520369], [77.6329098820942, 12.9854504710464], [77.6329315634266, 12.9853901800798], [77.6330100896749, 12.9852271628434], [77.6330601951399, 12.9850038121769], [77.6330906270245, 12.9849324118521], [77.6331625427319, 12.984815498398], [77.6331939211019, 12.9847431778423], [77.6332300437145, 12.9846028403593], [77.6332400258313, 12.9844058557543], [77.6332512801948, 12.9843394857181], [77.6332817087926, 12.9842519595829], [77.6333284356628, 12.9841727485763], [77.6334014993482, 12.9840740578739], [77.6334565402365, 12.9840141759446], [77.6335133572255, 12.9839691569517], [77.6336997250998, 12.9838518694467], [77.6338664710505, 12.9836676430387], [77.6339397529477, 12.9835967695865], [77.6340567160708, 12.9835074565609], [77.6344100827436, 12.9832634405813], [77.6347635340788, 12.9829753578673], [77.6349321390769, 12.9827750134411], [77.6349531664188, 12.9826887497661], [77.6349160759796, 12.9825898630212], [77.6348131703747, 12.9825162071994], [77.6347589257688, 12.9824674419383], [77.6344023577528, 12.9820722553984], [77.6342579530026, 12.9819318253582], [77.6340374447686, 12.9817486629102], [77.6337015719194, 12.9815145074002], [77.6336395701453, 12.9814541908529], [77.6335874236501, 12.9813850601425], [77.6334914866959, 12.9812276195617], [77.633442512569, 12.9811138607974]]}}, {"type": "Feature", "properties": {}, "geometry": {"type": "LineString", "coordinates": [[77.6509528193399, 12.9859274344074], [77.6509687202817, 12.9859222149497], [77.6509837007459, 12.9859152414526], [77.6510027981644, 12.9859031506643], [77.6510210419522, 12.9858892681152], [77.6510465834261, 12.9858655598377], [77.6510956265456, 12.985813431196], [77.6511371133793, 12.985776103212], [77.6511659908895, 12.9857537304356], [77.6511935155661, 12.9857291409749], [77.6512069700082, 12.9857137877742], [77.6512318214417, 12.9856788780834], [77.6512492575791, 12.9856488736174], [77.651472534444, 12.985420746026], [77.6514892482706, 12.9853469838787], [77.6514902971758, 12.9853049327142], [77.651482697199, 12.9852689918515], [77.6514319058103, 12.9851018225972], [77.6514254195778, 12.9850617996595], [77.6514252443216, 12.985024707081], [77.6514385811593, 12.9849573835758], [77.6514764403124, 12.9848773619322], [77.6514905490534, 12.9848392906616], [77.6515140549265, 12.9846871320186], [77.6515602338371, 12.9845643463129], [77.6515724417519, 12.9845188621968], [77.6515783739597, 12.9844511110638], [77.6515649503137, 12.9843314929002], [77.6515732081603, 12.984276378234], [77.6515851986966, 12.984247218906], [77.6516354576445, 12.9841555226135], [77.6516448305589, 12.9841239752178], [77.6516634044218, 12.9840203657529], [77.6516765330964, 12.9839880383428], [77.6516937414356, 12.983960192607], [77.6517286935692, 12.9839197169964], [77.6517940902379, 12.9838601111439], [77.6519907753862, 12.9837052266615]]}}, {"type": "Feature", "properties": {}, "geometry": {"type": "LineString", "coordinates": [[77.4933553379256, 12.9839314049037], [77.4932654164188, 12.9837418987994], [77.4930770085702, 12.9836574330924], [77.4929483900652, 12.9835929283994], [77.4922122835336, 12.9831099336297], [77.4920640451783, 12.9829111497257], [77.4918996783588, 12.9826228760734], [77.491782511044, 12.9821787659664], [77.4917798899621, 12.981915834923], [77.4918241655714, 12.9815793964404], [77.4918487144014, 12.9814061861973], [77.4918441538965, 12.9811911122139], [77.4918586699575, 12.9810760533914], [77.491866911934, 12.9809351116455], [77.4918954323621, 12.9807673439581], [77.4918829565739, 12.9805409436937], [77.4919007319356, 12.9803935110723], [77.4918955462389, 12.9802253211242], [77.4919269489167, 12.9800586154331], [77.4919286476702, 12.97992680122], [77.4919448200725, 12.9797893604052], [77.4919326944201, 12.979602970037], [77.4919416578032, 12.9795478013874], [77.4919779201049, 12.979444302186], [77.491989048887, 12.9793970274311], [77.4919919879049, 12.9793424107466], [77.4919831372075, 12.979196939177], [77.4920072909485, 12.9790735679421], [77.4920120848665, 12.9790201866299], [77.4920095580553, 12.9789397994331], [77.4919955710638, 12.978817606057], [77.4919823663845, 12.9787410869968], [77.4919609880156, 12.978668817739]]}}, {"type": "Feature", "properties": {}, "geometry": {"type": "LineString", "coordinates": [[77.5372681703374, 12.9872445266457], [77.5372562198279, 12.9871617454399], [77.5371862455615, 12.9869728238025], [77.5371693293602, 12.9869106387026], [77.5371540121172, 12.986788259632], [77.537149477288, 12.9866566782219], [77.5371843827997, 12.9864860747597], [77.537179259119, 12.9863281647455], [77.5371815900886, 12.9862716497882], [77.5372140393683, 12.9861452274298], [77.5372215647224, 12.9860961686851], [77.5372200874186, 12.9860494854388], [77.5372040662133, 12.9859553945671], [77.5372031266054, 12.9859139398729], [77.5372106015829, 12.9858738015835], [77.5372399098413, 12.9857865437204], [77.5372499448115, 12.9857179807461], [77.5372493260918, 12.9856721076595], [77.5372300010602, 12.9855254679735], [77.5372351104037, 12.9854746457574], [77.5372607896357, 12.9853724112718], [77.5372663849204, 12.9853214496942], [77.5372472323152, 12.9851351667493], [77.5372466045953, 12.9850627262982], [77.5372528942572, 12.9850232609254], [77.5372667601031, 12.9849783974246], [77.5373265289703, 12.9848530581039], [77.5373449378454, 12.9847995943774], [77.5373533736512, 12.9847473835729], [77.5373620111628, 12.9846030701284], [77.537383611356, 12.9845087763277], [77.5374090052535, 12.9844531239517], [77.5374436105348, 12.9843999628432], [77.5376302156029, 12.9841943222699], [77.5376984388256, 12.9841378532061], [77.5378890338144, 12.9840313971491], [77.5379671455397, 12.9839711687919], [77.5380244388932, 12.9839058421818], [77.5381247203266, 12.9837696069822], [77.5382694741802, 12.9836425909621], [77.5383595040304, 12.9835224725535], [77.5384520494418, 12.9834207314274], [77.5384994457525, 12.9833450211787], [77.538551904595, 12.9832188939435], [77.5386135733915, 12.9830916784064], [77.5386938690282, 12.9828581250372], [77.538795538705, 12.9826908401598], [77.5388454455576, 12.9825597416533], [77.5388692678542, 12.9825102210603], [77.5389257453258, 12.9824279324479], [77.5390419926726, 12.9823102311715], [77.5390755003507, 12.9822665246392], [77.5391150889373, 12.9821912185805], [77.5391715400763, 12.9820466784486], [77.5391981665641, 12.9820082160163], [77.5392964404295, 12.9818921376326], [77.5393856959065, 12.9817246432697], [77.5394926651676, 12.981565826205], [77.5395843417, 12.9814460465636], [77.5396582808743, 12.9812916196167], [77.5396864799914, 12.9812613344509], [77.5397227703109, 12.9812395441429], [77.5397692536714, 12.9812240236867], [77.5399199754561, 12.9811931510883], [77.5399522533807, 12.9811767774094], [77.5399751365512, 12.9811508266109], [77.5399843476336, 12.981113314917], [77.5399800546057, 12.9810789600019], [77.5399249245631, 12.9809392830695], [77.5399086480185, 12.9808713196594], [77.5399086699727, 12.9808267847501], [77.5399205771693, 12.9807000996247], [77.5399107621285, 12.9805884038992], [77.539871794902, 12.9804349383539], [77.5398144401002, 12.9802633255887], [77.5398059638561, 12.9802156591672], [77.5398058364055, 12.9801697443085], [77.5398183224427, 12.9800986656571], [77.539852933778, 12.979973746321], [77.5399713374454, 12.9796284625708], [77.5400092718177, 12.9795555153421], [77.5401047148789, 12.9794379439911], [77.5432902350038, 12.9783316724244], [77.5433239497517, 12.9782921429679], [77.5433506160569, 12.9782666600016], [77.5433772872684, 12.9782470937901], [77.543405559957, 12.9782338099764], [77.5434314953711, 12.9782271325897], [77.543460541035, 12.9782230909021], [77.5435814196319, 12.9782186376986], [77.5436250098452, 12.9782101378276], [77.5436754098855, 12.9781867788594], [77.5437442655611, 12.978137627829], [77.5438046594366, 12.9781030502835], [77.5438282529043, 12.9780950965918], [77.5438505517073, 12.9780914596815], [77.543922961298, 12.9780913636945], [77.5439548337506, 12.9780882682315], [77.5440099568095, 12.9780743981767], [77.544038196123, 12.9780620054477], [77.5440649716323, 12.9780467223959], [77.5441392996572, 12.9779892645634], [77.5441646015925, 12.9779767415585], [77.5441906831137, 12.9779680416199], [77.544241100285, 12.9779582380009], [77.5444032790011, 12.9779453285649], [77.5444366813301, 12.9779385834293], [77.5444644053388, 12.9779293316348], [77.5444979771322, 12.9779142539716], [77.5445249023258, 12.9778989287588], [77.5446217219908, 12.9778283789958], [77.5446633655672, 12.9778020563728], [77.5446893989075, 12.9777889886032], [77.5447262373159, 12.9777750769383], [77.5447629622773, 12.9777654975956], [77.5448242306622, 12.9777551377332], [77.5449135975456, 12.9777443564454], [77.5449697955369, 12.9777284040391], [77.5450053748541, 12.9777119867047], [77.5450369137953, 12.9776924251049], [77.5450762017434, 12.9776614952242], [77.5451489099957, 12.9775982618025], [77.5451797425673, 12.9775770058787], [77.5452085538401, 12.9775610830225], [77.5452542422293, 12.9775414298612], [77.5452916092651, 12.9775285953044], [77.5454413722999, 12.9774967274407], [77.5454729538668, 12.9774866084035], [77.5454990192805, 12.9774744373928], [77.5455346666458, 12.9774490569532], [77.5456290031529, 12.9773625922665], [77.5456806918785, 12.9773255960926], [77.5457496215801, 12.9772890328003], [77.5458528987964, 12.9772561463538], [77.5458809121434, 12.9772433870544], [77.5459046185716, 12.9772286299025], [77.5459470869619, 12.9771915947794], [77.5460054221667, 12.9771338549561], [77.5460602195414, 12.9770847805731], [77.5461700370959, 12.9769977530647], [77.5461929178018, 12.9769682250963], [77.5462212170957, 12.9769080988071], [77.5462410119472, 12.9768724520735], [77.546304479149, 12.9767921719904], [77.5463227320708, 12.9767609835963], [77.5463502847959, 12.9767047169886], [77.5463659923197, 12.9766825773313], [77.5463841027031, 12.9766643523449], [77.5465884115922, 12.9764867086937], [77.5466173804481, 12.9764563395768], [77.5466516715558, 12.9764105232863]]}}, {"type": "Feature", "properties": {}, "geometry": {"type": "LineString", "coordinates": [[77.6854159391226, 12.9860206831858], [77.6854997300249, 12.9859824996227], [77.6856269979545, 12.9859331471877], [77.6857431882492, 12.9858641433962], [77.6857821660756, 12.9858454218548], [77.6858300256451, 12.9858315526566], [77.6859217669831, 12.9858174312573], [77.685968253128, 12.9858017703906], [77.686089826215, 12.9857322961753], [77.6862005475432, 12.9856933172694], [77.6862362460198, 12.9856768374203], [77.6863456923002, 12.9855991241552], [77.6863780303508, 12.9855814531581], [77.6864155169216, 12.9855682385632], [77.6865267310545, 12.9855414364324], [77.6865691201979, 12.9855253977689], [77.6866213937272, 12.9854953142295], [77.6867223303417, 12.9854183302292], [77.6867709221776, 12.9853923896656], [77.686839233142, 12.9853759799237], [77.68692375604, 12.9853731048709], [77.6870713797012, 12.9853940007933], [77.6873203840515, 12.9854474905602], [77.6890670598935, 12.9859621503628], [77.6895721672449, 12.9861192342065], [77.6896212453669, 12.9861414025526], [77.6896576233452, 12.9861628242916], [77.6897251155612, 12.9861722866772], [77.6897616764575, 12.9861075023271], [77.6897913279786, 12.9860259036977]]}}, {"type": "Feature", "properties": {}, "geometry": {"type": "LineString", "coordinates": [[77.7767298595385, 12.9851511377761], [77.776576092124, 12.9850579053706], [77.7764207934495, 12.9849927334404], [77.7750896432184, 12.9845196854042], [77.7748482580005, 12.984448455552], [77.7747091612605, 12.984427632809], [77.7745394201052, 12.9844221900401], [77.7737122935797, 12.9844573257305], [77.773260802987, 12.9844219178775], [77.7730409860095, 12.9843805571575], [77.7719966972263, 12.9841221720114], [77.7712676662929, 12.9840317031481]]}}, {"type": "Feature", "properties": {}, "geometry": {"type": "LineString", "coordinates": [[77.7012899665673, 12.9862084332255], [77.7011996825947, 12.9863270268808], [77.701106785999, 12.9864013060922], [77.7007013782028, 12.9865823867369], [77.7005980356609, 12.9866422257289], [77.7003043321745, 12.986835653569], [77.7002123992108, 12.9868782785899], [77.7001118892502, 12.9869086455499], [77.7000364386342, 12.9869223469376], [77.6999305171682, 12.9869288923565], [77.6996495814427, 12.9869139894429], [77.6995532907208, 12.986893321953], [77.6993389454507, 12.9868152409939], [77.6991657979805, 12.9867649240058], [77.6990598424361, 12.9867469999741], [77.6989374757035, 12.9867387669515], [77.6971413472875, 12.9871820015658], [77.6968595237758, 12.987151825328], [77.696458043055, 12.9870590218767], [77.6955850371648, 12.9867453548187], [77.6953993074197, 12.986662578549], [77.6948868792518, 12.9867924228737], [77.6940362361685, 12.98701635996], [77.6915697933676, 12.9876432049338]]}}, {"type": "Feature", "properties": {}, "geometry": {"type": "LineString", "coordinates": [[77.489762071917, 12.9883798249555], [77.490233188341, 12.9888127505767], [77.490380746626, 12.9889428151246], [77.4907604583644, 12.9891304157263], [77.4911385021135, 12.9891506964146], [77.4915527485724, 12.9891347712562], [77.4919546913124, 12.9891070101845], [77.4928428756383, 12.9892191444324], [77.4929603935745, 12.9892928931691], [77.4929994526456, 12.9893485008649], [77.4930308812528, 12.9893907178564], [77.4931159395794, 12.989540402587]]}}, {"type": "Feature", "properties": {}, "geometry": {"type": "LineString", "coordinates": [[77.5792399762265, 12.9875314082696], [77.579199862618, 12.9874914433692], [77.5791368463268, 12.9874147965458], [77.5791097663246, 12.9873909371144], [77.5790709974284, 12.9873675352197], [77.5790151505561, 12.9873466743913], [77.5788711063935, 12.9873097521903], [77.5787971152141, 12.9872830888123], [77.5787366128724, 12.9872522865555], [77.5785964572355, 12.9871634823617], [77.5785304824309, 12.987130250795], [77.5784361443997, 12.9870952977685], [77.578223578666, 12.9870321361823], [77.5781303022977, 12.9869888201523], [77.577945902023, 12.9868903423364], [77.5777225669963, 12.9868125411224], [77.5776112473176, 12.9867576573069], [77.5775304321917, 12.9867032721611], [77.57737347804, 12.9865813409832], [77.5771816944216, 12.9864553581029], [77.5771321150785, 12.9864169782711], [77.5770778089033, 12.9863594091621], [77.5769778605646, 12.9862351965888], [77.5769420743578, 12.9861881441525], [77.5769085544243, 12.986131618293], [77.5767989971813, 12.9866747719331], [77.5766723230812, 12.9867192364251], [77.5766045102335, 12.9867365287313], [77.5765575089571, 12.9867383861582], [77.5765013877196, 12.986722251561], [77.5764420345381, 12.9866867149879], [77.5763650721942, 12.9866260601597], [77.5760812878737, 12.9863752552376]]}}, {"type": "Feature", "properties": {}, "geometry": {"type": "LineString", "coordinates": [[77.7639454312323, 12.986663724277], [77.763854356408, 12.9864177488667], [77.763760736237, 12.986218611448], [77.7636128132739, 12.98584632496], [77.7635656725601, 12.9857643965785], [77.7635419296145, 12.9857411808604], [77.7635115596088, 12.9857225070701], [77.7634514485409, 12.9857081269481], [77.7632224487879, 12.9857111019493], [77.7631096717741, 12.9857010442208], [77.7630802492121, 12.9857031547507]]}}, {"type": "Feature", "properties": {}, "geometry": {"type": "LineString", "coordinates": [[77.7639454312323, 12.986663724277], [77.7641839260676, 12.9864237399195], [77.7642739199244, 12.9863498735632], [77.7647189569182, 12.9861264069712], [77.7648513445518, 12.9860744112486], [77.7649507767523, 12.9860508865575], [77.7651592431925, 12.9860265780218], [77.7656187416192, 12.9860224971739], [77.7657828870919, 12.986000978782], [77.7660482543965, 12.9858886378442], [77.7664447104326, 12.9856704690364], [77.7665774022347, 12.9856252143868], [77.7666656161927, 12.9856161424234], [77.766760718247, 12.9856255268529], [77.7668301326714, 12.9856513777041], [77.7669731250794, 12.9857381804132], [77.7670299545543, 12.9857534238746], [77.7670824905357, 12.9857550178404], [77.7671675617821, 12.9857403081402], [77.7672662763373, 12.9857055954457], [77.7674502989689, 12.9855969795825], [77.7675297005621, 12.9855302954319], [77.7675950232288, 12.9854575111838], [77.7676397621327, 12.9853864592569], [77.7676701930578, 12.985314737727], [77.7677124381155, 12.9851181746389], [77.767741109618, 12.9845877506852], [77.7677607494194, 12.9844339466899], [77.7677896910314, 12.9843030375707], [77.7678374111532, 12.9841681787423], [77.76796414985, 12.9838815517869], [77.7682003721084, 12.9834251307083]]}}, {"type": "Feature", "properties": {}, "geometry": {"type": "LineString", "coordinates": [[77.6511192190988, 12.9881526093279], [77.6511379947268, 12.9880853558719], [77.6512474888117, 12.9877855908617], [77.6512871617066, 12.9876446761878], [77.6513639680018, 12.9873238216403], [77.6514229401287, 12.9870310703886], [77.6514538897737, 12.9868286864121], [77.6514913266186, 12.9865131102172], [77.6515250121764, 12.9863368498462], [77.6516355546542, 12.9858885594128], [77.6517551099701, 12.9855537185694], [77.651794204311, 12.9854218663687], [77.6519474447428, 12.9848052313294], [77.6519981045683, 12.9845495879559]]}}, {"type": "Feature", "properties": {}, "geometry": {"type": "LineString", "coordinates": [[77.6379693572353, 12.9886478402573], [77.6378976288169, 12.9887195103722], [77.6378126498604, 12.9887825908447], [77.6373919678883, 12.9890619349601], [77.6369594280309, 12.9893411360466], [77.6361215640157, 12.9899141123548], [77.6360773792988, 12.9899510918275], [77.6360413212197, 12.9899953560995], [77.6360190640183, 12.9900384693962], [77.6360116691066, 12.9900746834134], [77.6360164300485, 12.9901488815553], [77.6360306379355, 12.9902023572448], [77.6361195999578, 12.9904095711891], [77.6361620248335, 12.9904952849118], [77.6363669813585, 12.9907886437281], [77.6366641279938, 12.9913025282394], [77.6368600829013, 12.9916078711483], [77.6370374544075, 12.9918611576583], [77.637390177117, 12.9924334796921], [77.6375221973388, 12.9926316812598], [77.63756985245, 12.9926901191519], [77.6385684101707, 12.9941235444494], [77.6387648777946, 12.9947238928604], [77.6387909543068, 12.9951784368418], [77.6387169668896, 12.9952468158213], [77.6389061885872, 12.9956403172757], [77.6390272681588, 12.9960263091182], [77.6390759890646, 12.9964847440721], [77.6390672776758, 12.9970441535821], [77.6387541116647, 12.9983867646749]]}}, {"type": "Feature", "properties": {}, "geometry": {"type": "LineString", "coordinates": [[77.6384232402572, 12.988882632894], [77.6381613870078, 12.9887273157941], [77.6379693572353, 12.9886478402573]]}}, {"type": "Feature", "properties": {}, "geometry": {"type": "LineString", "coordinates": [[77.6384232402572, 12.988882632894], [77.638631444371, 12.9889097793357], [77.6391156046939, 12.9889895414257], [77.6392207100828, 12.988998893413], [77.6393115746273, 12.9889986992343], [77.639535521053, 12.9889737328955], [77.6403088305575, 12.9888535048065], [77.6404249949128, 12.9888447002188], [77.6406362973681, 12.98884974518], [77.6408173090756, 12.9888025270662], [77.6409014233823, 12.9888017902669], [77.640940972755, 12.9888133853759], [77.6409838882982, 12.988837963392], [77.6411030984379, 12.98894123897], [77.6411890891446, 12.9889695870254], [77.6414567138946, 12.9889735987795], [77.6416443622142, 12.9889426949195], [77.6417284146511, 12.9889399411743], [77.6418077764261, 12.9889520192925], [77.6419722720866, 12.9889957431658], [77.6421227607135, 12.9890056071339], [77.6421889834536, 12.9890209499641], [77.6423845413765, 12.9891152887071], [77.642543216235, 12.9892254859089], [77.642618853084, 12.9893019582121], [77.6427494749826, 12.9895026399217], [77.6427949293671, 12.9895594910843], [77.6428206827492, 12.9895805095935], [77.6428557648677, 12.9895960751049], [77.6429275853194, 12.989600024866], [77.6430014031712, 12.9895869260605], [77.643085495971, 12.9895594191205], [77.6433946523448, 12.9893936273655]]}}, {"type": "Feature", "properties": {}, "geometry": {"type": "LineString", "coordinates": [[77.6433946523448, 12.9893936273655], [77.6437060893808, 12.9892675427945], [77.6438859266272, 12.9892087375774], [77.6442189450248, 12.9891273282335], [77.6443270165474, 12.9890826299462], [77.6444022023081, 12.9890393513942], [77.6444564587196, 12.9889802405919], [77.6444831754483, 12.9889010700802], [77.6444858109261, 12.9888249118449], [77.6444729216191, 12.9886094915932], [77.6444876272898, 12.9885013339762], [77.6445284378428, 12.9884219043554], [77.6445612439613, 12.988389825771], [77.6445957571496, 12.988371587975], [77.6446521023614, 12.9883630002743], [77.6448176148947, 12.9883697520369], [77.6450399205414, 12.9883474908812], [77.6453209783142, 12.9883346400303], [77.6457815231423, 12.9882428393878], [77.6461120964544, 12.9881838110989], [77.646231529088, 12.988169166364], [77.6464577511313, 12.9881608081251], [77.6467824519395, 12.9881803641442], [77.646914056284, 12.9881729062973]]}}, {"type": "Feature", "properties": {}, "geometry": {"type": "LineString", "coordinates": [[77.691208233438, 12.9893911756574], [77.6914791045536, 12.9891212118854], [77.691517182639, 12.9890774781629], [77.6915648332836, 12.9890104440028], [77.6922434188679, 12.9880558169832]]}}, {"type": "Feature", "properties": {}, "geometry": {"type": "LineString", "coordinates": [[77.691208233438, 12.9893911756574], [77.690903187902, 12.9894853189759], [77.6907189273668, 12.9895490608119], [77.6903152455447, 12.9897014276124], [77.690230902092, 12.9897394649705], [77.690174515093, 12.9897836519786], [77.6899899333106, 12.9899887705902], [77.6899218346192, 12.9900506304454], [77.689892307927, 12.99006967305], [77.689861745679, 12.9900836575636], [77.6897439398937, 12.9901191776594], [77.689683648972, 12.9901426058099], [77.6896302282409, 12.9901690171012], [77.6895932595669, 12.9901946030727], [77.6895628049917, 12.9902274018513], [77.6895410679576, 12.9902641556508], [77.6895099831583, 12.990368378749], [77.6894876164596, 12.9904096234011], [77.68946356456, 12.9904328731891], [77.6894343393665, 12.9904532315556], [77.6893224085743, 12.9905135460182], [77.689082578375, 12.9906230254386], [77.6889420467336, 12.9906578374134], [77.6887983372598, 12.9907215214469], [77.6886842714023, 12.9907397895842], [77.6886372561566, 12.9907515386277], [77.6885968819066, 12.9907683401295], [77.6885321046522, 12.9908056541548], [77.6884908879823, 12.9908243849315], [77.6883908197025, 12.9908564281083], [77.6882634128423, 12.9909080764464], [77.6880613659925, 12.990963904788], [77.6880130600462, 12.9909839564308], [77.6879845681332, 12.9910008245785], [77.6879660844353, 12.9910177147105], [77.6879551679433, 12.9910339592058], [77.6879466350466, 12.991058204588], [77.6879440721058, 12.9910876358708], [77.6879529220985, 12.9911515716663], [77.6880104849186, 12.9914205294263], [77.6880130108237, 12.9914744472318], [77.6880026109827, 12.9915091666633], [77.6879842947338, 12.9915311753816], [77.6879040092593, 12.9915848093318], [77.6878723249385, 12.991617479783], [77.6878508427202, 12.9916582562942], [77.6878266339617, 12.9917528089476], [77.687806837972, 12.9918010723176], [77.6877818520766, 12.9918347168325], [77.6877256163045, 12.9918868795829], [77.6876934677032, 12.9919232369727], [77.6876721219041, 12.9919576911722], [77.687634986805, 12.9920334266626], [77.6876098288052, 12.9920685454468], [77.6875873387785, 12.9920901537895], [77.6875562137062, 12.9921102570429], [77.6874257063871, 12.9921609019371], [77.6865589398539, 12.9928111736633], [77.6860894867542, 12.9933538197679], [77.6855111328941, 12.9939692978666], [77.6848345793321, 12.9942669935877], [77.6839642134018, 12.9944017595459], [77.6835739818163, 12.9949633115864], [77.6823532375542, 12.9959789861978], [77.6792219478356, 12.9956670391186], [77.6786128057615, 12.9954386105529], [77.6775515656626, 12.9957146282832], [77.6764661560734, 12.9954319370085], [77.6745319114139, 12.9952332239935], [77.673141552625, 12.9949250432808], [77.6720232057453, 12.9948060710913], [77.6710619044228, 12.9945490891968], [77.6701148773701, 12.9942587951687], [77.6697669677615, 12.9942210084409], [77.6698025120809, 12.994555689088], [77.6696918646099, 12.9950646071404]]}}, {"type": "Feature", "properties": {}, "geometry": {"type": "LineString", "coordinates": [[77.4992603620054, 12.9913831903839], [77.4992100253842, 12.9913786205935], [77.4991694963269, 12.9913630919097], [77.4989760496914, 12.991217857128], [77.4986036090087, 12.9910274075563], [77.4984466072228, 12.9909221636189], [77.4983328893343, 12.9907928452397], [77.4981411152968, 12.9904693928198], [77.4980268496695, 12.9903141004208], [77.4978803268828, 12.9901633455923], [77.4976746459268, 12.9899973049531], [77.4975121318073, 12.9898978531702], [77.4972482297051, 12.9897992576237], [77.4970167437724, 12.9896908029346], [77.4968079295809, 12.9895515160483], [77.4965261359041, 12.9894409396026], [77.4964363973914, 12.9894262402109], [77.4963389614425, 12.9894337847373], [77.4959535796361, 12.9895432285543], [77.4957112464488, 12.9896435455529], [77.4956055628315, 12.9896584891879], [77.4954616605449, 12.9896544208427], [77.4952665168799, 12.9896305340366], [77.4950043017332, 12.9895656229314], [77.4949336973723, 12.9895317423111], [77.4947549827293, 12.98941484313], [77.4945159032234, 12.9893235349736], [77.494317672437, 12.9892876542012], [77.4940414139551, 12.9892669476461], [77.4936213746302, 12.9893026042534], [77.4934982751977, 12.9893266118478], [77.4934055459457, 12.9893661752318], [77.493251837182, 12.989470867036], [77.4931159395794, 12.989540402587]]}}, {"type": "Feature", "properties": {}, "geometry": {"type": "LineString", "coordinates": [[77.756794864306, 12.9891664296599], [77.7568641294466, 12.9891024219703], [77.7569132699536, 12.9890716118936], [77.7571430770933, 12.9889682332336], [77.7573280930757, 12.98889272503], [77.7574469728935, 12.9888296286256], [77.7575818686708, 12.9887682844205], [77.7577677166302, 12.9886667071078], [77.7578456890526, 12.9886295719258], [77.7580152117386, 12.9885705030129], [77.7582124375625, 12.9884871312774], [77.7584333793955, 12.988430479925], [77.7584985080504, 12.9884086929524], [77.7586721858504, 12.9883181962539], [77.7588599022394, 12.9882496763766], [77.7590629929432, 12.9881491771116], [77.7592344659289, 12.9881060422068], [77.7593799681927, 12.98804340662], [77.7594319823633, 12.9880267143929], [77.759493115303, 12.9880161419583], [77.7595956744122, 12.9880104445716], [77.7596467836134, 12.9880024735708], [77.7628467440985, 12.9874942142881], [77.7629319227507, 12.9874481395593], [77.7634116500518, 12.9871498503397], [77.7637918869907, 12.9869800603195], [77.763875473011, 12.9869328568788], [77.7639233416376, 12.9868828853622], [77.7639501178782, 12.9868194954044], [77.7639581961325, 12.9867456325556], [77.7639454312323, 12.986663724277]]}}, {"type": "Feature", "properties": {}, "geometry": {"type": "LineString", "coordinates": [[77.6260989334113, 12.9906809699285], [77.6260135026096, 12.9906009773331], [77.6259621990599, 12.9905464492722], [77.6255077977194, 12.9899992679554], [77.6254590459269, 12.9899357683576], [77.6253864589217, 12.9898310836404], [77.6253426425717, 12.9897642791248], [77.6253079451468, 12.9896993563894], [77.6252961514489, 12.9896837598086], [77.6252705748053, 12.9896677911995], [77.6252377158513, 12.9896622646658], [77.6252060276449, 12.9896660151935], [77.6251803914182, 12.9896822448362], [77.6251611475426, 12.9897093294323], [77.6251516318909, 12.9897373681855], [77.6251478697962, 12.9897697393801], [77.6251479782531, 12.9898224858935], [77.6251695515902, 12.9901995487231], [77.6251737452873, 12.9903793452593], [77.6251807365494, 12.9905015263243], [77.6251894983118, 12.990556200888], [77.6251984657842, 12.9905783821042], [77.6252143842947, 12.9906012862597], [77.6252536440568, 12.9906349345776], [77.6253131335456, 12.9906696395738], [77.6253536745473, 12.990685297898], [77.6254069748571, 12.9906942106411], [77.6259118085836, 12.9906935609859], [77.6260989334113, 12.9906809699285]]}}, {"type": "Feature", "properties": {}, "geometry": {"type": "LineString", "coordinates": [[77.6287738202121, 12.9914210403698], [77.6287825821429, 12.9913284324463], [77.6287767584294, 12.9912264149678], [77.6287054148952, 12.9907151992391], [77.6284806221013, 12.9897519741248], [77.6284582949348, 12.9896723095822], [77.6284260145608, 12.9895847523679]]}}, {"type": "Feature", "properties": {}, "geometry": {"type": "LineString", "coordinates": [[77.6287738202121, 12.9914210403698], [77.6283390227435, 12.9914495023852], [77.6282521722125, 12.9914367325674], [77.6280860277426, 12.9913937311211], [77.6277257041347, 12.9912935153773], [77.627578050291, 12.9912451851721], [77.6266212660174, 12.9908842671329], [77.6262352593009, 12.9907145102255], [77.6261709808171, 12.9906939751355], [77.6260989334113, 12.9906809699285]]}}, {"type": "Feature", "properties": {}, "geometry": {"type": "LineString", "coordinates": [[77.5781128772216, 12.9922422485503], [77.5776266116716, 12.9920447326561], [77.5775317426744, 12.9920217202907], [77.5774225923585, 12.9920125846836], [77.5772031611636, 12.9920137621553], [77.5770842579549, 12.9920330913451], [77.5770274424272, 12.9920539004052], [77.576980114382, 12.9920835594173], [77.5769431015953, 12.9921188095791], [77.5768965828074, 12.9921814543517], [77.576861591386, 12.9922071594316], [77.5768222301997, 12.9922193715519], [77.5767839708372, 12.9922218480549], [77.5767063458807, 12.9922076255613], [77.5766216187876, 12.9921609919501], [77.5765580518239, 12.9920954299019], [77.5764562753495, 12.9919013379339], [77.5763101746028, 12.9916988824127], [77.5762781527189, 12.9916430690098], [77.5762522822102, 12.9915811776375], [77.5762291352677, 12.9914826895895], [77.5762251133235, 12.9913836730411], [77.5762769321736, 12.9910602071975], [77.5762696059523, 12.9908057179178], [77.5762756995971, 12.9907149976519], [77.5763027089175, 12.9906293559845], [77.5763827451918, 12.9904849423281], [77.5764253573597, 12.99038609382], [77.5764512715619, 12.990302093732], [77.5764996467592, 12.9900790528924], [77.5765975097517, 12.9898402583668], [77.5766313640101, 12.989729341779], [77.5766441795437, 12.9896591082235], [77.5766492471986, 12.9895826274081], [77.5766246498099, 12.9893331402132], [77.5766264512238, 12.9892325101845], [77.576646930602, 12.9891208996213], [77.5767170429747, 12.9888701658076], [77.5767286169383, 12.9887675416121], [77.5767210214038, 12.9886996047077], [77.5766987240381, 12.9885961004468], [77.5766142310001, 12.9882899424438], [77.5766083964302, 12.9882280239771], [77.5766087157445, 12.9880431723197], [77.5765909930607, 12.9879481060043], [77.5764863809468, 12.9876788426587], [77.576429034629, 12.9874074255658], [77.5763558942176, 12.9871974674395], [77.5762950523914, 12.9869889827967], [77.5761577113153, 12.9866835237378], [77.5760812878737, 12.9863752552376]]}}, {"type": "Feature", "properties": {}, "geometry": {"type": "LineString", "coordinates": [[77.4954031822169, 12.9930872276524], [77.49537098562, 12.9930765884511], [77.4952650329099, 12.9930218670887], [77.4952232424368, 12.99300947872], [77.4951686717215, 12.9930023133703], [77.4949744901735, 12.9930219733073], [77.4948431836476, 12.9930103698501], [77.4947913041043, 12.9930110380829], [77.4945747175356, 12.9930571938671], [77.4945242460759, 12.9930562312637], [77.4944686231405, 12.9930457419685], [77.4943091254458, 12.992996968105], [77.4942295735428, 12.9929524461672], [77.4941374647193, 12.9928700075702], [77.4940509171867, 12.9927565716528], [77.4939619851707, 12.9926050165561], [77.4938714449514, 12.9923963803476], [77.4937779974531, 12.992247566345], [77.4937469649588, 12.9921833455734], [77.4937284266583, 12.9921150556448], [77.4937016219956, 12.9919280821682], [77.4936371030041, 12.9917643238389], [77.493622250952, 12.9917130962831], [77.4936083428997, 12.991523680579], [77.4935981610651, 12.9914739233454], [77.4935744795998, 12.9914182368607], [77.4934920330107, 12.991282758371], [77.4934567974353, 12.9911917539401], [77.4934430278838, 12.9911314656335], [77.4934347600696, 12.9910577464218], [77.493426012013, 12.9909314871129], [77.4934243200478, 12.9907433463782], [77.4934142849413, 12.9906582528287], [77.4933728894186, 12.9905156445983], [77.4932871736738, 12.9903171377278], [77.4932013081246, 12.9900053869329], [77.4931299288173, 12.9898138203511], [77.4931178105766, 12.989733783755], [77.4931159395794, 12.989540402587]]}}, {"type": "Feature", "properties": {}, "geometry": {"type": "LineString", "coordinates": [[77.5734131219738, 12.9930344934315], [77.5734289264517, 12.9930325019165], [77.5737731213544, 12.9929891513115], [77.5739874541274, 12.9929218704448], [77.5741725593829, 12.9928392666753], [77.5743630435896, 12.9926369615585], [77.574891494943, 12.9922717336646], [77.5752578722678, 12.9920695659929], [77.5754691056936, 12.9919854294398], [77.5760945005465, 12.9926114551421], [77.5768799718599, 12.9933011687644], [77.5768929989218, 12.9933219750198], [77.577478975044, 12.9939354183258], [77.5785710884515, 12.9948778118815], [77.5789544067135, 12.9952161705777]]}}, {"type": "Feature", "properties": {}, "geometry": {"type": "LineString", "coordinates": [[77.7607819147858, 12.991111391189], [77.7609799116673, 12.9910656413645], [77.7614878475344, 12.9910045456131], [77.7615834532507, 12.9909866305531], [77.7616367245479, 12.9909663030117], [77.7616895212241, 12.9909345435496], [77.761904106994, 12.9907542096195], [77.7619506897422, 12.9907268882787], [77.762012576412, 12.9907012225606], [77.7621274407977, 12.9906682591309], [77.7631729509392, 12.9904109473836], [77.7632400654336, 12.990397902995], [77.7632829878397, 12.9903954436547], [77.7633442770637, 12.9904098833291], [77.763402433193, 12.9904461950066], [77.7635391159104, 12.9905723527473], [77.7636009801576, 12.9906494929401], [77.7636475495943, 12.9907469417237], [77.7637834746815, 12.9910934488786], [77.7638184873861, 12.9911964639976], [77.7638550725691, 12.9913311942089]]}}, {"type": "Feature", "properties": {}, "geometry": {"type": "LineString", "coordinates": [[77.7651152379428, 12.9912027094354], [77.7648393076317, 12.9905165208595], [77.7647552306184, 12.9903211480031], [77.7647428249451, 12.990274332727]]}}, {"type": "Feature", "properties": {}, "geometry": {"type": "LineString", "coordinates": [[77.7651152379428, 12.9912027094354], [77.7653246040344, 12.9912754954053], [77.7654904970092, 12.9913692178594]]}}, {"type": "Feature", "properties": {}, "geometry": {"type": "LineString", "coordinates": [[77.7638550725691, 12.9913311942089], [77.7640549667663, 12.9912965679821], [77.7642936057588, 12.9912701170688], [77.7651152379428, 12.9912027094354]]}}, {"type": "Feature", "properties": {}, "geometry": {"type": "LineString", "coordinates": [[77.5769881789555, 12.993403559285], [77.5770692414014, 12.9932873289647], [77.5771684215522, 12.9931749996904], [77.5773029020474, 12.9930077167803], [77.5774453494353, 12.9928861160234], [77.5775781561297, 12.9927386983106], [77.5777247209073, 12.9926193730138], [77.5778574988959, 12.9924679541407], [77.5781128772216, 12.9922422485503]]}}, {"type": "Feature", "properties": {}, "geometry": {"type": "LineString", "coordinates": [[77.7617238195875, 12.9917382183737], [77.7617960442528, 12.9917018530741], [77.7618712305825, 12.9916749149421], [77.7625408932782, 12.9914776339021], [77.7626292113005, 12.991456263974], [77.7627670750066, 12.991440427313], [77.7636763975552, 12.9913587870557], [77.7637566557846, 12.9913494507603], [77.7638550725691, 12.9913311942089]]}}, {"type": "Feature", "properties": {}, "geometry": {"type": "LineString", "coordinates": [[77.7664799427472, 12.9917333443389], [77.7662392911682, 12.9917060685727], [77.7660889476877, 12.9916492650205], [77.7658717690868, 12.9915868138445], [77.7657194429541, 12.9915151643384], [77.7654904970092, 12.9913692178594]]}}, {"type": "Feature", "properties": {}, "geometry": {"type": "LineString", "coordinates": [[77.7664799427472, 12.9917333443389], [77.7664864553277, 12.9914655927651], [77.7664654709865, 12.9910249896086], [77.7664501271049, 12.9909209353827], [77.7663890447033, 12.9906984853032], [77.7663784029381, 12.9906035397231], [77.7663743978646, 12.9905132324489], [77.7663789952752, 12.9903254440443], [77.7663941847433, 12.99015551344], [77.7663996629626, 12.9896586903217], [77.7664072058764, 12.9896079256709], [77.7664340421237, 12.9895246356839]]}}, {"type": "Feature", "properties": {}, "geometry": {"type": "LineString", "coordinates": [[77.7664799427472, 12.9917333443389], [77.7666990928838, 12.9916635172918], [77.7670521117407, 12.991600710654], [77.7676932090959, 12.9915478123789], [77.7677818662327, 12.9915315101891], [77.7679683828191, 12.9914814576213], [77.7680820154487, 12.9914640237539], [77.7683545702298, 12.9914402301353], [77.7687306647903, 12.9914199808416], [77.7688829166203, 12.9913946608532], [77.7689234982496, 12.9913995902555], [77.7691082065552, 12.9914427866279], [77.7692434018002, 12.9914327084003], [77.7693244951547, 12.9914366782011], [77.769413994979, 12.9914501217407], [77.7695415981903, 12.9914833308508], [77.7701811748886, 12.9918423521753], [77.7705329633449, 12.9918648993053], [77.7709114169805, 12.9918704844113], [77.7717312210777, 12.991833101429], [77.7722527441675, 12.9917924190428], [77.7723656906228, 12.9917949548031], [77.7724484495391, 12.9918200957616], [77.7725060187141, 12.9918675582409], [77.7727743174124, 12.9922663342306]]}}, {"type": "Feature", "properties": {}, "geometry": {"type": "LineString", "coordinates": [[77.7727743174124, 12.9922663342306], [77.7733189571243, 12.9921772976489], [77.7735257746607, 12.9921270171606], [77.7737848566541, 12.9920124955679], [77.7740944526597, 12.9918241989254], [77.7742675136448, 12.9917765277789], [77.7744504409445, 12.9917540601449], [77.7745874850758, 12.9917535832772], [77.7749673157147, 12.991827826617], [77.7751554491353, 12.9918479572768]]}}, {"type": "Feature", "properties": {}, "geometry": {"type": "LineString", "coordinates": [[77.7324671861042, 12.9929155708931], [77.7324745414421, 12.9926145831156], [77.7324655416049, 12.9923036906524], [77.7324809132575, 12.9919451244242], [77.7324423721035, 12.9913991400072], [77.7323857467025, 12.9909352355532], [77.732363988075, 12.9908366786091], [77.7322386346512, 12.9904324970779], [77.7321736961532, 12.9903167592964], [77.7320540523191, 12.9901505183618]]}}, {"type": "Feature", "properties": {}, "geometry": {"type": "LineString", "coordinates": [[77.7324671861042, 12.9929155708931], [77.7327486890422, 12.9928142843363], [77.7329230101595, 12.9927621309318], [77.733058030571, 12.9927117216837], [77.733241054122, 12.9926586616846], [77.7333048490849, 12.9926297490426], [77.7333978188296, 12.9925708843449]]}}, {"type": "Feature", "properties": {}, "geometry": {"type": "LineString", "coordinates": [[77.6220090792644, 12.9943654357808], [77.6220115170681, 12.9943171082533], [77.6220044644254, 12.9942271450901], [77.6220072902458, 12.9941571623907], [77.6220483171179, 12.9937828280951], [77.6220739418256, 12.9936248890319], [77.6221372375521, 12.9933656851905], [77.6221473001789, 12.9932787996954], [77.6221516916682, 12.9930712010917], [77.6221462442944, 12.9925030051037], [77.6221490647579, 12.9922296491953], [77.6221535519088, 12.9920662446989], [77.6221724028525, 12.9919335992107]]}}, {"type": "Feature", "properties": {}, "geometry": {"type": "LineString", "coordinates": [[77.6905425541534, 12.9937366274027], [77.6906161449586, 12.9936397264237], [77.6907012912024, 12.9934951017106], [77.6907129498759, 12.993450199949], [77.6907066078091, 12.9934025406302], [77.6906865473103, 12.9933645666612], [77.690656807885, 12.9933345667539], [77.6905438851716, 12.993270145821], [77.6904923978785, 12.9932196343634], [77.6904589559329, 12.9931659313165], [77.690374428308, 12.9930000575917], [77.6902096304156, 12.9927389482938], [77.6901252128208, 12.9925524701169], [77.6899465675682, 12.9920999243854], [77.6899117125457, 12.9919898366189], [77.6898991085934, 12.99187394909], [77.6899133282386, 12.9917521466935], [77.6899469898803, 12.9916435941101], [77.6900564407525, 12.9913824405679], [77.6900746781059, 12.9913100226743], [77.6900808182173, 12.9912396605878], [77.6900757935685, 12.9911872819115], [77.6900578313105, 12.9911336008819], [77.6900214292904, 12.9910786356393], [77.689917758564, 12.9909658883211], [77.6899021507097, 12.9909205661654], [77.6899030662517, 12.9908788986487], [77.6899216976549, 12.9908367350808], [77.6899656053243, 12.9907995583042], [77.6900239182309, 12.9907797802947], [77.6901658532773, 12.9907646105533], [77.690227980451, 12.9907464199641], [77.6902804347326, 12.9907157203137], [77.6903721549681, 12.990635132704], [77.6904247808024, 12.9906031737632], [77.6904827049546, 12.990589561581], [77.6906394974291, 12.990590339365], [77.6907057686279, 12.9905705754355], [77.6907809975439, 12.9905187420962], [77.6908997679497, 12.9904049164487], [77.690965795616, 12.9903141609492], [77.691038739011, 12.9901293824112], [77.691118304895, 12.9900181409299], [77.6911408369711, 12.9899703016854], [77.6911622645726, 12.9898035362076], [77.6912028063187, 12.9896461086595], [77.691208233438, 12.9893911756574]]}}, {"type": "Feature", "properties": {}, "geometry": {"type": "LineString", "coordinates": [[77.7607714959964, 12.9930852624396], [77.7608991719385, 12.9930266054082], [77.7612119579605, 12.9929007827181], [77.7614726275943, 12.9928067463035], [77.7615423389695, 12.9927923918839], [77.7616188772622, 12.9927843025483], [77.7619573937132, 12.9927787817103], [77.7620731611183, 12.9927663310826], [77.7621594118355, 12.9927413979287], [77.7624032849861, 12.9926487534038], [77.7625978707292, 12.9925972779784], [77.7626551852898, 12.9925742116542], [77.7627718538381, 12.9925013542013], [77.7628690771641, 12.9924569350909], [77.7633431271377, 12.9923111924031], [77.7635114668499, 12.9922416718105], [77.7638895991746, 12.9920743533397], [77.7641377846256, 12.9919723961706], [77.7641895236221, 12.9919568683979], [77.7643245360136, 12.9919314309293], [77.7644867229549, 12.9918557767151], [77.764595432444, 12.9918360715642], [77.7649309204274, 12.9918053929755], [77.7650951085578, 12.9917964471418], [77.7652514070655, 12.991803067209], [77.7653828367258, 12.9917820331167], [77.7654103250717, 12.9917694859664], [77.7654311009531, 12.9917516978743], [77.765446425986, 12.9917284693232], [77.7654547732329, 12.9917049880771], [77.7654682906651, 12.9915280094472], [77.7654904970092, 12.9913692178594]]}}, {"type": "Feature", "properties": {}, "geometry": {"type": "LineString", "coordinates": [[77.5789544067135, 12.9952161705777], [77.5793544368245, 12.995569279244], [77.580162568064, 12.9964251612737], [77.5808646890436, 12.9972986004298], [77.5819782421237, 12.9984581708728], [77.5828742165492, 12.9992109348126], [77.5831714771744, 12.9994491709682]]}}, {"type": "Feature", "properties": {}, "geometry": {"type": "LineString", "coordinates": [[77.64087450761, 12.9947135810177], [77.6408478573072, 12.9944644324321], [77.6406766293958, 12.9934986398932], [77.6406585374294, 12.9933633847588], [77.6399190406764, 12.9931269846521], [77.6398735390615, 12.9930533148081], [77.6398484783033, 12.9930222810822], [77.6398071955383, 12.992978368913], [77.6397839938617, 12.9929473343475], [77.639768555549, 12.9929190033462], [77.6397464238432, 12.9928638650215], [77.6397232438597, 12.9928236380922], [77.6396993971255, 12.9927939778248], [77.6396525033736, 12.9927502635846], [77.63932043668, 12.9922748354289], [77.6391981161581, 12.9920275565582], [77.6389430073842, 12.9914508200758], [77.6388119685501, 12.9911938925598], [77.6387736512659, 12.9910903776976], [77.6387037574242, 12.9905710745494], [77.6385114522757, 12.9899121622796], [77.6384737675502, 12.9897429913534], [77.6384178590815, 12.9890993529639], [77.6384232402572, 12.988882632894]]}}, {"type": "Feature", "properties": {}, "geometry": {"type": "LineString", "coordinates": [[77.64087450761, 12.9947135810177], [77.641021566039, 12.994692238412], [77.6412643702117, 12.9946669902489], [77.6416842652522, 12.9945714550883], [77.6417419850835, 12.9945673436763], [77.6417938867307, 12.994576160415], [77.6418469497198, 12.9945993971795], [77.6419079054412, 12.9946388636506], [77.6427711485876, 12.9952637294302], [77.6428388836646, 12.9953035033386], [77.6429457843991, 12.9953456673511], [77.6430774719672, 12.9955043174361], [77.6431452541653, 12.995575334903], [77.6432343946004, 12.9956491233577], [77.6433234718232, 12.9957169364155], [77.6434581517445, 12.99577532068], [77.6436541736634, 12.9958719228979], [77.6437554370216, 12.995939611686]]}}, {"type": "Feature", "properties": {}, "geometry": {"type": "LineString", "coordinates": [[77.5773778226847, 12.9954505109276], [77.5775236555616, 12.9954586271419], [77.5778425772146, 12.9954400861921], [77.578059784885, 12.995381925128], [77.578237476549, 12.9953703692362], [77.57843444908, 12.9953203654398], [77.578573203835, 12.9953203074372], [77.5786384694258, 12.9953024775903], [77.5789544067135, 12.9952161705777]]}}, {"type": "Feature", "properties": {}, "geometry": {"type": "LineString", "coordinates": [[77.6310504654425, 12.9951602601342], [77.6310476104516, 12.9951553636763], [77.6308937213504, 12.9947635803155], [77.630795212799, 12.9945475893659], [77.6287580808382, 12.9918128175643], [77.6287414725722, 12.9917659053047], [77.6287386953825, 12.991714563651], [77.6287454786259, 12.9915781196602], [77.6287738202121, 12.9914210403698]]}}, {"type": "Feature", "properties": {}, "geometry": {"type": "LineString", "coordinates": [[77.6453654482632, 12.9950409716535], [77.6453513534415, 12.9949997847046], [77.6453382665382, 12.9949003452834], [77.6452616204556, 12.9939808432805], [77.6451550272827, 12.9934383902585], [77.6451343807176, 12.9933589333153], [77.6451201738936, 12.9933283759707], [77.6450997052265, 12.993300934998], [77.6450739630308, 12.9932803331787], [77.6450437406875, 12.9932675453296], [77.6450015003018, 12.993260022947], [77.6449454964283, 12.9932574477384], [77.6446854383915, 12.9932649982718], [77.6446096878511, 12.9932619203495], [77.6445773883646, 12.9932559408443], [77.6445446197995, 12.9932435953303], [77.6445151674444, 12.9932228731347], [77.6444921309265, 12.9931951321228], [77.6444645154404, 12.9931308165826], [77.6444081422328, 12.9929278083864], [77.6442885431097, 12.9925862651252], [77.6442587069348, 12.992488391836], [77.6441622073106, 12.9920344993623], [77.6441338055976, 12.9918283758571], [77.6433946523448, 12.9893936273655]]}}, {"type": "Feature", "properties": {}, "geometry": {"type": "LineString", "coordinates": [[77.6696918646099, 12.9950646071404], [77.6704302294232, 12.9956968100635], [77.6705094005431, 12.9957526342556], [77.6705743395837, 12.9957814211041], [77.6706020875439, 12.9957996252282], [77.6706692014439, 12.9958648222197], [77.6707245727577, 12.9959347905982], [77.6707580055678, 12.9959865682728], [77.6707888586753, 12.9960494307912], [77.6709207420044, 12.9963964555896], [77.6709583751592, 12.9964757296357], [77.6710363234424, 12.9965932220638], [77.6711863792208, 12.9967705732628], [77.6713042172213, 12.9968801308547], [77.6714494207239, 12.9969923554129], [77.6718149024577, 12.9972185013995]]}}, {"type": "Feature", "properties": {}, "geometry": {"type": "LineString", "coordinates": [[77.6171365608358, 12.9956402507635], [77.6185319524174, 12.9966229311902], [77.6185909276734, 12.9967074193141], [77.6186234113779, 12.9967677200179], [77.6187895195529, 12.997177127419], [77.6190133728826, 12.9976611542971], [77.6190708932137, 12.9977667390531], [77.6192124681102, 12.99797574541], [77.6192719337215, 12.9981001467077], [77.6193107506571, 12.9982060113318], [77.6193205236355, 12.9982524612783], [77.6193223844434, 12.9983024890903], [77.6193034765778, 12.9983986724429], [77.6192580322823, 12.9984971508227], [77.6191277354345, 12.9986795843654], [77.6191128095921, 12.9987405024083], [77.6191271501218, 12.9987998432096], [77.6191492596989, 12.9988350268451], [77.619177782407, 12.9988657407069], [77.6192174813065, 12.9988954121771], [77.6192587210186, 12.9989146760867], [77.6193633889708, 12.998941298801], [77.6196607378973, 12.9989905228202], [77.6197127221015, 12.9990101823201], [77.6197540784183, 12.9990403763046], [77.6197838807238, 12.9990786243094], [77.6198105399903, 12.9991304245633], [77.6198978473242, 12.999359615554], [77.6200029568902, 12.9996109303352], [77.620113185806, 12.99981410631], [77.6204165547533, 13.0001904785681], [77.620536260554, 13.0002945812128], [77.6206524413629, 13.0004323517441]]}}, {"type": "Feature", "properties": {}, "geometry": {"type": "LineString", "coordinates": [[77.7583453150171, 12.9944344152336], [77.7582674583402, 12.9944017010241], [77.758250622062, 12.9943921068189], [77.7582308948715, 12.9943779842466], [77.7581979520535, 12.9943507222958], [77.7581733965517, 12.994326801163], [77.7581401679715, 12.9942858442303], [77.7581228496072, 12.9942587920725], [77.7580955421979, 12.9942016460883], [77.7580871465793, 12.9941786228184], [77.758077340052, 12.9941336131707], [77.7580722090003, 12.9940949900421], [77.7580637958917, 12.9940506186946], [77.7580492044323, 12.9940039887209], [77.7580346834097, 12.9939730749357], [77.7579810360841, 12.9939003255625], [77.7579481085962, 12.9938467549818], [77.7579388919748, 12.9938286274068], [77.7579236153956, 12.9937839323898], [77.7578965283892, 12.9936813450015], [77.7578789756007, 12.9936318937623], [77.7578757054197, 12.9936173786501]]}}, {"type": "Feature", "properties": {}, "geometry": {"type": "LineString", "coordinates": [[77.7580515729033, 12.9945278681243], [77.7580405312441, 12.9945195664342], [77.758029214977, 12.9945086706034], [77.7580060004468, 12.9944783893575], [77.7579912537804, 12.9944516522332], [77.7579706416267, 12.9944028631308], [77.7579643409227, 12.9943819404156], [77.7579584673918, 12.9943408970341], [77.7579561924057, 12.9942535272848], [77.7579542002431, 12.9942271207903], [77.7579467921574, 12.9941834180606], [77.7579412462583, 12.9941618604185], [77.7579350336633, 12.9941457442568], [77.7579225992181, 12.9941225145607], [77.7578897263098, 12.9940683002298], [77.7578516083732, 12.9940119257473], [77.7578399027807, 12.9939867118291], [77.7578252644248, 12.993938750832], [77.7578203714327, 12.9939068314416], [77.7578172728287, 12.9938761585497], [77.7578068746573, 12.9938490509234], [77.7577790631087, 12.9937908687036], [77.7577670073708, 12.9937698137898], [77.7577536614323, 12.9937547959456], [77.7577148079384, 12.993717804646], [77.7577008959133, 12.9937030755507], [77.75768691482, 12.9936828432317], [77.7576687663237, 12.9936466762642]]}}, {"type": "Feature", "properties": {}, "geometry": {"type": "LineString", "coordinates": [[77.6295601781104, 12.9962449599859], [77.6295796931968, 12.9962298217304], [77.6296314449219, 12.9961752121967], [77.6298747739105, 12.9959616386345], [77.6299451614251, 12.9959223030591], [77.6300796981455, 12.9958800654412], [77.6301321345984, 12.995856103411], [77.6301859002152, 12.9958134074457], [77.6303266146353, 12.995676624916], [77.6303966212567, 12.9956266852649], [77.6310504654425, 12.9951602601342]]}}, {"type": "Feature", "properties": {}, "geometry": {"type": "LineString", "coordinates": [[77.7733195947425, 12.9949162537193], [77.7739726660582, 12.9948845333269], [77.7740906515442, 12.9948550613288], [77.7741677556859, 12.9948076635566], [77.7742358784035, 12.9947333987452], [77.7742582285648, 12.9946643482505], [77.774187671262, 12.9942040529706], [77.7740453188268, 12.9938122686367], [77.7739696769124, 12.993710513677], [77.7738038833589, 12.9936085926222], [77.7733793853227, 12.9934661344476], [77.7732131667079, 12.993388529264], [77.7730860584531, 12.9932823779763], [77.7729038777385, 12.9930565773024], [77.7727828083633, 12.9928459391068], [77.7727234721801, 12.9926496556298], [77.7727176731189, 12.9924957295784], [77.7727340534218, 12.9923955469522], [77.7727743174124, 12.9922663342306]]}}, {"type": "Feature", "properties": {}, "geometry": {"type": "LineString", "coordinates": [[77.6422014151333, 12.9968257887799], [77.6421364802622, 12.9961803274438], [77.6421196586964, 12.9958497567933], [77.6421109207544, 12.9957991937636], [77.6420935100415, 12.9957619420867], [77.6420713079829, 12.9957393245933], [77.6420475480087, 12.9957259277154], [77.6419813376952, 12.9957117612805], [77.6413627912321, 12.9957169544172], [77.6413022512655, 12.9957088849965], [77.6412502631849, 12.9956835612011], [77.6412144066192, 12.9956401552009], [77.6411790167127, 12.9955636157636], [77.6409246426243, 12.9948913992311], [77.6408984656779, 12.9948112210572], [77.64087450761, 12.9947135810177]]}}, {"type": "Feature", "properties": {}, "geometry": {"type": "LineString", "coordinates": [[77.6660890210232, 12.9966720714117], [77.6671500439805, 12.9960385868385], [77.6691257830596, 12.9952266114086], [77.6696918646099, 12.9950646071404]]}}, {"type": "Feature", "properties": {}, "geometry": {"type": "LineString", "coordinates": [[77.7612244482826, 12.9957271788809], [77.7611996290228, 12.9956701180399], [77.7611608574049, 12.9954765194139], [77.7611552842594, 12.9954239583718], [77.7611629489902, 12.9953532975953], [77.7612084404078, 12.9951977386828], [77.7612195756186, 12.9951259515919], [77.7612172621779, 12.9950406276235], [77.7611917364258, 12.9947626695874], [77.7611704886754, 12.9946753717784], [77.7610856391952, 12.9944687385756], [77.7610375118225, 12.9943203792677], [77.7609898702184, 12.994124558741], [77.7609749546654, 12.9939909371335]]}}, {"type": "Feature", "properties": {}, "geometry": {"type": "LineString", "coordinates": [[77.6721549729592, 12.9968460463373], [77.6721953787395, 12.996785309802], [77.6722470067748, 12.9966900388905], [77.6723295771559, 12.9965549084374], [77.6723483584381, 12.9965043063917], [77.6723858655666, 12.9963616936437], [77.6723992038759, 12.9963269857201]]}}, {"type": "Feature", "properties": {}, "geometry": {"type": "LineString", "coordinates": [[77.555373790313, 12.99803516836], [77.5555140963196, 12.9972939173827], [77.5558097349658, 12.9968869481945], [77.5560745839944, 12.9964734762068], [77.5562353114112, 12.9961466092605], [77.5565992849114, 12.9960934961887], [77.5569893319304, 12.9960365770749], [77.5575292206809, 12.9959781218357], [77.5579923915934, 12.9959082626332], [77.5583568691832, 12.9958626490688], [77.5592169972353, 12.9952597319335]]}}, {"type": "Feature", "properties": {}, "geometry": {"type": "LineString", "coordinates": [[77.6158542793691, 12.9975515929186], [77.6157616271443, 12.9972676765865], [77.6157129105929, 12.9971537837102], [77.6155451304498, 12.9966691074168], [77.6154994844555, 12.9964602991771], [77.6154950083896, 12.9963883164373], [77.615506420182, 12.9963106627816], [77.6155951575719, 12.9960345628473], [77.6156256460088, 12.9959091465542], [77.6156325977114, 12.9958346419832], [77.6156204641723, 12.9957614408873], [77.6155813806898, 12.9956804148379], [77.6151173172817, 12.9949432172734], [77.6150119866118, 12.9947973648595]]}}, {"type": "Feature", "properties": {}, "geometry": {"type": "LineString", "coordinates": [[77.6725628559035, 12.9969847699062], [77.6724655669267, 12.9969687896763], [77.6723871603838, 12.996947024904], [77.6722770935929, 12.9969047729842], [77.6721549729592, 12.9968460463373]]}}, {"type": "Feature", "properties": {}, "geometry": {"type": "LineString", "coordinates": [[77.6718149024577, 12.9972185013995], [77.6718634702175, 12.9972147990449], [77.6719004075679, 12.9971992420528], [77.6719468313193, 12.9971657338732], [77.6720235274467, 12.9970956035567], [77.672063232258, 12.9970433904288], [77.6721071293015, 12.9969677383547], [77.6721549729592, 12.9968460463373]]}}, {"type": "Feature", "properties": {}, "geometry": {"type": "LineString", "coordinates": [[77.5830543290441, 12.9982530279651], [77.5828879427222, 12.9979412158403], [77.5828380275927, 12.9978757775635], [77.5827815252142, 12.9978288639079], [77.5827131389994, 12.997796644577], [77.5826155966764, 12.9977696200603], [77.582188413123, 12.997701939297], [77.5820504495366, 12.9976704479572], [77.5819420470745, 12.9976179556634], [77.5818744492979, 12.9975388486736], [77.5818451958635, 12.9974714763726], [77.5818209571225, 12.9973797877613], [77.5817687478145, 12.9970129198501], [77.581740410446, 12.9968769663066], [77.5816638878858, 12.9966239939293], [77.5815788591399, 12.9964071904345], [77.5814298223008, 12.9960944833355], [77.5812744756903, 12.9958529523202], [77.5811157209133, 12.9956618020417], [77.5810231970689, 12.9954425548238], [77.5810046789682, 12.9952907664201], [77.5810131168701, 12.9949141857687], [77.5810034698583, 12.9947249500415], [77.5809696660437, 12.9945522344455], [77.5809400481704, 12.9944794810323], [77.5809047906414, 12.9944258471971], [77.5808141100041, 12.9943496469312], [77.5805765391656, 12.9942189092962], [77.5804799745655, 12.9941555610019], [77.5803662781077, 12.994058906748], [77.5802303148565, 12.9939213038063], [77.5800385507227, 12.9937051009606], [77.5799045054178, 12.9935361437153], [77.5798094842453, 12.9933902005687], [77.5796547958277, 12.9931043909155], [77.5795724296019, 12.9930093583119], [77.5795040593898, 12.9929725472625], [77.5794294564411, 12.992960061869], [77.5790838754243, 12.9930010792064], [77.5789130590078, 12.9930021693689], [77.5787749525617, 12.992979410746], [77.5786597045509, 12.9929377743812], [77.5785984805545, 12.9928972747177], [77.5785394877174, 12.9928316814182], [77.5784015583119, 12.9925692480321], [77.5783519190416, 12.9924943376392], [77.57818977978, 12.9923356176561], [77.5781128772216, 12.9922422485503]]}}, {"type": "Feature", "properties": {}, "geometry": {"type": "LineString", "coordinates": [[77.5830543290441, 12.9982530279651], [77.5831270919863, 12.9985044776399], [77.5831468118083, 12.9986739222149], [77.5831789751612, 12.9988439331819], [77.5831724274318, 12.9992095583012], [77.5831583528643, 12.9993998246679], [77.5831714771744, 12.9994491709682]]}}, {"type": "Feature", "properties": {}, "geometry": {"type": "LineString", "coordinates": [[77.5274809471933, 12.9991585811696], [77.5275586443593, 12.9991051140698], [77.5276071824131, 12.999071711574], [77.5277270877759, 12.9990113040295], [77.52800179824, 12.9988382225885], [77.5282660561465, 12.9986601832593], [77.5286168127062, 12.9984059260758], [77.5290917327601, 12.9981103970701], [77.529441896215, 12.9979250754137], [77.5297145601041, 12.9978058631888], [77.5298224771775, 12.9977725024441], [77.5299155094031, 12.9977559892427], [77.5300413726398, 12.9977532186338], [77.5301679007242, 12.9977665043516], [77.5303624855611, 12.9978234655721], [77.5306616326599, 12.9979540243803], [77.5307761541707, 12.9979966840083], [77.5308695533127, 12.9980164576153], [77.5309519393023, 12.9980115616946], [77.5310455431857, 12.9979834654008], [77.5312300143781, 12.9979011817936], [77.5314810173167, 12.9978035868572], [77.5318121122546, 12.9976254737172], [77.5321323611011, 12.9974207819469], [77.5322513252213, 12.9973676204339], [77.5323593680077, 12.9973417274096]]}}, {"type": "Feature", "properties": {}, "geometry": {"type": "LineString", "coordinates": [[77.5276915533132, 12.9992934323493], [77.5261582606623, 12.9995659665741], [77.5260886216909, 12.9995783442994], [77.5259408185571, 12.9996207670233], [77.5258850633245, 12.9996243154385], [77.5258291647462, 12.9996177047368], [77.525745307643, 12.9995858428464], [77.5256210572131, 12.9995018322434], [77.5255655215994, 12.9994713571208], [77.5255132248118, 12.9994540231671], [77.5253437012392, 12.9994167976331], [77.5252990245514, 12.9993991545948], [77.5252549891406, 12.9993735899458], [77.5251919304421, 12.9993156652896], [77.5251416049668, 12.9992345374226], [77.5251188677176, 12.9991748508316], [77.5250880831241, 12.9990449086166], [77.5250677181928, 12.9989842024035], [77.5250347066009, 12.998915814061], [77.5249625501364, 12.9987993529719], [77.5249570572935, 12.9987690414275]]}}, {"type": "Feature", "properties": {}, "geometry": {"type": "LineString", "coordinates": [[77.5839439090044, 12.9987460455878], [77.5839129757182, 12.9987111094075], [77.5838700027245, 12.9986425188659], [77.5838417705693, 12.9986123738315], [77.583697530833, 12.9985365888708], [77.5835661274557, 12.998447873411], [77.5833497150903, 12.9983543989105], [77.5830543290441, 12.9982530279651]]}}, {"type": "Feature", "properties": {}, "geometry": {"type": "LineString", "coordinates": [[77.756463229989, 12.9970921128494], [77.7566223672498, 12.9972714999298], [77.7566635642978, 12.997335892275], [77.7568618681977, 12.9980034065858], [77.7570762704396, 12.9984217498834], [77.757153422829, 12.9985414474233], [77.7573430137098, 12.9987725688728], [77.7574336269502, 12.9988987889143], [77.7575447719636, 12.9990875636843], [77.7576523173805, 12.9993358858107], [77.75786989078, 12.9994862493686], [77.7580554024247, 12.9994599768847], [77.7582378961626, 12.999439536589], [77.7589831185639, 12.9994481512877], [77.7595487222501, 12.9994388032372], [77.7598680131655, 12.9994203860279]]}}, {"type": "Feature", "properties": {}, "geometry": {"type": "LineString", "coordinates": [[77.6328442537169, 12.9984069589173], [77.6329124688378, 12.9982857804074], [77.6329407129761, 12.9982499547654], [77.6329691786989, 12.9982255296902], [77.6330679950673, 12.9981792440653], [77.6332649425706, 12.9981136012257]]}}, {"type": "Feature", "properties": {}, "geometry": {"type": "LineString", "coordinates": [[77.6328442537169, 12.9984069589173], [77.6327310081545, 12.9983920033357], [77.632491882927, 12.9984263169606], [77.632414355044, 12.9984282234002], [77.6323466295754, 12.9984047169107], [77.6323045075838, 12.9983562651365], [77.6322867169718, 12.9983068222172], [77.6322696788868, 12.9982190111342], [77.6322249295963, 12.9979156323541], [77.6322106484467, 12.9977702850249], [77.6322102951215, 12.9976408446188], [77.6322401557465, 12.9974501611454], [77.6322172094242, 12.997102563447], [77.6322021285641, 12.9969952929435], [77.632143371294, 12.9967099309393], [77.6321236303228, 12.9965064124331], [77.632103531651, 12.996425898442], [77.6319580659686, 12.9961611178216], [77.6318269777241, 12.9959521701467], [77.6317588084341, 12.9958602698735], [77.6316586764285, 12.9957622025565], [77.631272953828, 12.995456822581], [77.6311917494258, 12.9953736998224], [77.6311178664186, 12.9952758106892], [77.6310504654425, 12.9951602601342]]}}, {"type": "Feature", "properties": {}, "geometry": {"type": "LineString", "coordinates": [[77.6417070913421, 12.9984298413525], [77.6417281085414, 12.9983840896681], [77.6417753209383, 12.9983068236184], [77.6418125649376, 12.9982719219752], [77.6418435615577, 12.9982564926013], [77.6419037795736, 12.998246704795], [77.6420194841642, 12.9982659675762], [77.6420585629644, 12.9982671580168], [77.6421044309245, 12.9982595922367], [77.6421950242512, 12.9982322555789], [77.642248449854, 12.9982281343105], [77.6422835021123, 12.9982336189189], [77.642329080692, 12.9982498046749], [77.642409301334, 12.9982988658128], [77.6424552753996, 12.9983441415711], [77.6425166726978, 12.9984313940656], [77.6425747169103, 12.9984864744022], [77.6426016735944, 12.9985201100631]]}}, {"type": "Feature", "properties": {}, "geometry": {"type": "LineString", "coordinates": [[77.5831714771744, 12.9994491709682], [77.5832350415951, 12.9996881623648], [77.5831734002522, 12.9997029119465], [77.5830530798579, 12.9997533621861], [77.5829756194588, 12.9997983663608], [77.5829195436461, 12.9998555782199], [77.5828553991649, 12.9999609731456], [77.5828221646181, 13.0000026254151], [77.5827762372094, 13.0000405417752], [77.5826482939883, 13.0001191620126], [77.58258276633, 13.0001769105569], [77.5825377356168, 13.0002447760569], [77.5825105871391, 13.0003274733939], [77.5824922719539, 13.0004511957174], [77.5824931787414, 13.0005583302423], [77.5824655630652, 13.0010058081489], [77.5823675639561, 13.0010951252734], [77.5823217023182, 13.0011477923245], [77.5822907427239, 13.001198570173], [77.5822520208692, 13.0012925166651], [77.5812738091528, 13.0024722040538], [77.5810348139339, 13.0024916913841], [77.5809657350068, 13.0025040553865], [77.5808557152518, 13.0025381450392], [77.580772382157, 13.0025820074036], [77.5806620772988, 13.0026818107512], [77.5803960945459, 13.0030261554136], [77.5803058977647, 13.0031874881988], [77.5802103158143, 13.0034795348136], [77.5800816447006, 13.0037783031847], [77.5800534287814, 13.0038887566814], [77.5800097445595, 13.0041593997053], [77.5799350007956, 13.0044509220253]]}}, {"type": "Feature", "properties": {}, "geometry": {"type": "LineString", "coordinates": [[77.5831714771744, 12.9994491709682], [77.5831787847989, 12.9994550284273], [77.5835203634242, 12.9996932404145], [77.5844808709745, 13.0001355229315], [77.584434844633, 13.0006126340599], [77.5843986056596, 13.0008862970765], [77.5844932499384, 13.0012629534516], [77.5850470242237, 13.0017599401471], [77.5855926780608, 13.0020165442276], [77.5859175531082, 13.002389422301], [77.5858106136985, 13.0026413609675], [77.5857848603337, 13.0027326046675], [77.5857689463651, 13.0028081741453], [77.5857554125723, 13.0028987205993], [77.5857505591706, 13.0029345613833], [77.5857294067073, 13.0031233260771], [77.5857193770744, 13.0032414719922], [77.5857165650519, 13.0033072495517], [77.5857155548644, 13.0033755794397], [77.5857205393689, 13.0034709039619], [77.5857190767657, 13.0035112227313], [77.5857122429899, 13.0035495089817], [77.5857005228252, 13.0035888910073], [77.5856839375454, 13.0036292881896], [77.5856625348028, 13.0036705871236], [77.5856363178956, 13.0037127507346], [77.5856054605513, 13.0037554737355], [77.5855701498437, 13.0037984940706], [77.585530772424, 13.0038413380979], [77.5855024195468, 13.0038683569617], [77.58547052651, 13.0038945338577], [77.5854349307008, 13.003920002307], [77.5853953239388, 13.0039449849141], [77.5853523975523, 13.0039691585862], [77.5853042500842, 13.0039936941504], [77.585180320585, 13.0040497549292], [77.5851177381435, 13.0040755698978], [77.5850596018163, 13.0040970103778], [77.5850046073811, 13.0041145564424], [77.5849522515521, 13.0041283621739], [77.5849022573874, 13.0041368628657], [77.5848452856775, 13.004140437941], [77.5847905956581, 13.0041399699721], [77.5846644359105, 13.0041348004867], [77.5846059770121, 13.0041352472587], [77.5845569379725, 13.0041394533607], [77.5845130194352, 13.0041476414051], [77.5844038632942, 13.0041714374452], [77.58435097291, 13.0041870995341], [77.584327017749, 13.0041971693427], [77.5843067414103, 13.0042083932435], [77.5842898461976, 13.0042209386281], [77.5842762041404, 13.0042349034397], [77.584267745055, 13.0042467838936], [77.5842603132647, 13.0042605341736], [77.5842481886601, 13.004294338758], [77.5842405857317, 13.0043286593457], [77.5842244041703, 13.0044246961955], [77.5842031293547, 13.0045310360008], [77.5841902179882, 13.0046230217851], [77.5841858877989, 13.0046853814472], [77.5841823501926, 13.0048126100994], [77.5841766192268, 13.0049758048337], [77.5841666562372, 13.0053547532173], [77.5841593585229, 13.0055363973304], [77.5841456871425, 13.0057413531283], [77.5841367368889, 13.0058349699248], [77.5841262288231, 13.005924332583], [77.584107661955, 13.0060705395037], [77.5840922107112, 13.0061571227285], [77.5840775565278, 13.0062110739171], [77.5840369792769, 13.0063327575692], [77.5840230463583, 13.0063900768238], [77.5840171074219, 13.0064301890558], [77.5840128230009, 13.0064751742231], [77.5840065585682, 13.006614168426], [77.5840048867598, 13.0067098240717], [77.5840088745054, 13.0069133482123], [77.5840084372069, 13.0070018787825], [77.5840005686191, 13.0071914662061], [77.5840014046997, 13.007260259301], [77.5840094725215, 13.0074261913385], [77.5840108571036, 13.0075015939511], [77.5840071768855, 13.0075827567485], [77.5839971543071, 13.0076730920988], [77.5839836123799, 13.0077595298334], [77.5839466663177, 13.0079672507187], [77.5839319039426, 13.0080733766168], [77.583927095287, 13.008126276619], [77.583924646415, 13.0081759974025], [77.5839245160964, 13.0082233615075], [77.5839267070285, 13.0082688070751], [77.583938269415, 13.0083877624952], [77.5839455323083, 13.0084378301276], [77.5839541100194, 13.0084840793759], [77.5839746880782, 13.0085668688444], [77.5840077473358, 13.0086733811608], [77.5840195101378, 13.0087060226929], [77.5840345291403, 13.0087417938243], [77.5840918433777, 13.0088618807943], [77.5841123029395, 13.0089083242521], [77.5841296750987, 13.0089561021266], [77.5841411306242, 13.0090001661794], [77.5841514644241, 13.009058147141], [77.5841579396824, 13.0091113295283], [77.5841606826618, 13.0091607844662], [77.5841597062129, 13.0092068632653], [77.5841559885324, 13.0092413592775], [77.5841489150639, 13.0092796542558], [77.5841167327264, 13.0094052312846], [77.5840769803027, 13.0095471411177], [77.5840649332334, 13.0095950232527], [77.5840431837278, 13.0097000180926], [77.584030704743, 13.0097847341324], [77.5840254832874, 13.009854875865], [77.5840227537879, 13.0099570910621], [77.5840218403791, 13.0100484685789], [77.5840235470149, 13.0101207908538], [77.5840291368508, 13.0101851720592], [77.5840531661579, 13.0103474170953], [77.5840601525492, 13.0104221793537], [77.5840720339403, 13.0106343050266], [77.5840725073241, 13.0106981282826], [77.584069867002, 13.0107539925454], [77.5840632506566, 13.0108087508613], [77.5840526131158, 13.0108575106543], [77.5840378082916, 13.0109009337937], [77.5840187260691, 13.0109393303524], [77.5839929822841, 13.0109768184693], [77.5839604832196, 13.0110136014469], [77.5839211933551, 13.0110497193883], [77.5838750232656, 13.0110852562982], [77.5838222441696, 13.0111200676316], [77.5837621749235, 13.0111546615792], [77.5836943110938, 13.0111893503311], [77.5836159206389, 13.0112255343254], [77.5835282219747, 13.0112604061749], [77.5834555772195, 13.0112830924241], [77.5833725980532, 13.0113021711691], [77.5832961694786, 13.0113156275853], [77.583080521912, 13.0113486514256], [77.5828714377101, 13.0113885888045], [77.5828105238628, 13.0113971682947], [77.5827556681567, 13.0114018586626], [77.5826870425144, 13.0114037599028], [77.5826062956249, 13.0114025538371], [77.5825471958244, 13.0113997390862], [77.5824845543208, 13.0113947868148], [77.582342572626, 13.0113779329986], [77.5822037387304, 13.0113513357775], [77.5821491013439, 13.0113443685601], [77.5821133791063, 13.0113430754357], [77.5820759970361, 13.011344138742], [77.5820365627232, 13.0113475669022], [77.5819942973906, 13.0113534263926], [77.5819209216479, 13.0113675594193], [77.5817727364609, 13.0114022288182], [77.5817101041173, 13.0114153387527], [77.5815822826554, 13.0114398683963], [77.5814906466395, 13.0114594392907], [77.5813932837068, 13.0114845510428], [77.581181268003, 13.0115478937379], [77.5810870040226, 13.0115733232717], [77.5809653045711, 13.0116037986869], [77.5808939067047, 13.0116173001322], [77.5808491183781, 13.011622337128], [77.5807992710099, 13.0116254269513], [77.5806567097707, 13.0116270190224], [77.5805535782551, 13.0116253538717], [77.5804282168026, 13.0116194640272], [77.5803014882416, 13.0116143935923], [77.5802486489171, 13.0116109549962], [77.5801945730284, 13.0116044786726], [77.580146920285, 13.0115949227479], [77.5801038511198, 13.0115817002205], [77.5800171638965, 13.0115480637857], [77.5799796828879, 13.0115353882389], [77.5798971193894, 13.0115144592019], [77.5798042990984, 13.0114975991757], [77.5797019061165, 13.0114844074446], [77.5795400190099, 13.0114685017233], [77.5794164003923, 13.0114582105345], [77.579302697372, 13.0114523713098], [77.5791793246683, 13.0114507126594], [77.5790390994258, 13.0114535941967], [77.5789421507833, 13.0114576904938], [77.5788634080084, 13.0114630250325], [77.5787975079683, 13.0114699610376], [77.5786438671486, 13.0114898918165], [77.5784770042852, 13.0115078977283], [77.5784406689479, 13.0115096051052], [77.5784000440107, 13.0115095527553], [77.5782635753748, 13.011503290732], [77.5782125073364, 13.0115023032109], [77.5781619437729, 13.0115042152334], [77.5781167531958, 13.011509568352], [77.5780560559389, 13.011521936353], [77.5779675465519, 13.0115447237536], [77.5779356829533, 13.0115544037644], [77.577846025793, 13.0115855946188], [77.5778177774067, 13.0115929403233], [77.5777920634379, 13.0115972333964], [77.5777481776496, 13.0115995740547], [77.5776778373534, 13.0115977634176], [77.5776398518748, 13.0115955534945], [77.5775984515828, 13.0115909111049], [77.5774001658567, 13.0115566166273], [77.5773519408886, 13.0115506181929], [77.5773085497506, 13.011547778033], [77.5772323206984, 13.0115462886937], [77.577176750541, 13.0115483894089], [77.5771321530753, 13.0115540815821], [77.5770187159489, 13.0115749688943], [77.5769293935148, 13.0115856976451], [77.5768430661475, 13.0115930141147], [77.5767731202833, 13.0115947823688], [77.5766150056557, 13.0115913355559], [77.5765443203986, 13.0115943975982], [77.5764428601096, 13.0116059442304], [77.5763599259584, 13.0116210994441], [77.5762370794301, 13.0116561329759], [77.5761317639574, 13.0116824683213], [77.5760027375135, 13.0117216656791], [77.5759474935416, 13.0117350162006], [77.5758632527281, 13.011747131508], [77.5757718443414, 13.0117530616243], [77.5757232217238, 13.0117531705057], [77.5756701239702, 13.0117506830544], [77.5755345220016, 13.0117369277636], [77.5754462169142, 13.0117241428094], [77.5753322628725, 13.0117033993063], [77.5752313104925, 13.0116846542597], [77.5751739375566, 13.0116696684376], [77.5751346521853, 13.0116549872516], [77.5750890241021, 13.0116340521502], [77.575006618543, 13.0115928981096], [77.5748630373631, 13.0115263782687], [77.5748218242056, 13.0115041687876], [77.5747864141562, 13.0114819080105], [77.5746982164057, 13.0114133872818], [77.5746450782963, 13.0113775384882], [77.5745880028674, 13.011343081224], [77.5745274963459, 13.0113103221498], [77.5744641192849, 13.0112795646774], [77.5743984671046, 13.0112510983209], [77.5743311561715, 13.0112251888979], [77.5742628090389, 13.0112020768687], [77.5741940313042, 13.011181966725], [77.5741258927707, 13.0111651369515], [77.5740584346871, 13.011151567264], [77.5739921565259, 13.0111413566028], [77.5739274873895, 13.011134570276], [77.5738648837942, 13.0111312516376], [77.5738046139463, 13.0111314097725], [77.5737469763606, 13.011135044431], [77.5736922150205, 13.0111421387389]]}}, {"type": "Feature", "properties": {}, "geometry": {"type": "LineString", "coordinates": [[77.6125383304238, 12.9995400804198], [77.6126475340666, 12.9994662025508], [77.6127162800096, 12.9994282146511], [77.6129722616094, 12.9993261242802]]}}, {"type": "Feature", "properties": {}, "geometry": {"type": "LineString", "coordinates": [[77.7130344679796, 12.9986400302261], [77.7147188710015, 12.9980682190616]]}}, {"type": "Feature", "properties": {}, "geometry": {"type": "LineString", "coordinates": [[77.6744275327706, 12.999056893005], [77.6743456863899, 12.9990321977214], [77.6742940175414, 12.9990070144324], [77.6742145905548, 12.9989507797393], [77.6741170123114, 12.9988707255716], [77.6740337811911, 12.9988213333586], [77.6739771550447, 12.9987988018944], [77.6738825583484, 12.9987703713167], [77.6738305426402, 12.9987502955916], [77.6735974245564, 12.9986253327236], [77.6735416321771, 12.9985991862629], [77.6734809137722, 12.998578789052], [77.6733913541983, 12.9985561747539], [77.6733409610681, 12.9985364616237], [77.6732927398953, 12.9985026956984], [77.6731667282874, 12.9983894726574], [77.6731071743828, 12.9983521267555], [77.6730323471056, 12.9983231164277], [77.6728774080723, 12.9982845999175], [77.6727995473373, 12.9982559486762], [77.6727392557011, 12.9982204197431], [77.6725966711317, 12.9981129453712], [77.6725228253609, 12.9980715701156], [77.6724752390978, 12.998056303242], [77.6723557284323, 12.9980332705635], [77.6722886347847, 12.9980068950341], [77.6722137720454, 12.9979572596809], [77.6720699505577, 12.9978395406792], [77.6720082699649, 12.9978021269249], [77.6719579610759, 12.9977826032229], [77.6718114713983, 12.99774574525], [77.6717332386231, 12.9977187199374], [77.671563613849, 12.9976447622135], [77.6714183718805, 12.997588386217], [77.6713870156313, 12.9975717767932], [77.6713633208905, 12.9975505616735], [77.6713543200528, 12.9975353817089], [77.6713498576134, 12.9975190303302], [77.6713511175379, 12.9974982522106], [77.671357527377, 12.9974807618054], [77.6713873800588, 12.9974424402641], [77.6714496356629, 12.9973920783376], [77.6715097756991, 12.9973514088825], [77.671570576258, 12.9973176272349], [77.6718149024577, 12.9972185013995]]}}, {"type": "Feature", "properties": {}, "geometry": {"type": "LineString", "coordinates": [[77.574631541244, 13.0000952221783], [77.5747819536783, 13.000129012432], [77.5748312698886, 13.0001400900361], [77.5748643303179, 13.0001413349744], [77.5748910148479, 13.0001387014256], [77.5749558187883, 13.0001250823613], [77.5749834492035, 13.0001230447284], [77.5750438152098, 13.0001226473261], [77.5751277386746, 13.0001096931993], [77.5751475876012, 13.0001091683249], [77.5752223195608, 13.0001141185918], [77.5752493280353, 13.0001144875559], [77.5752760181634, 13.0001124872282], [77.5753073084228, 13.0001073623148], [77.5753390641594, 13.0001055619753], [77.5753997161558, 13.0001111858263], [77.5754180621524, 13.0001114392547], [77.5755212782957, 13.000095398036], [77.5755669612569, 13.0000908024423], [77.5756609460297, 13.0000938892631], [77.5757182240778, 13.0000985229155], [77.5758454319676, 13.0001212994184], [77.5758759343953, 13.0001225045642], [77.5759063982576, 13.0001206871623], [77.5759881349182, 13.0001051028558], [77.5761596716663, 13.0000768029847], [77.5762225982575, 13.0000708128694], [77.5763451116953, 13.0000628526451], [77.5763773097126, 13.0000568657454], [77.5764021595359, 13.0000482215703], [77.5764760164242, 13.0000173161206], [77.5765490070903, 12.9999925527366], [77.5765728201171, 12.9999805769977], [77.5766314764027, 12.999946120988], [77.5766648513672, 12.9999311647212], [77.5767652558748, 12.999893214411], [77.5767933846862, 12.9998860048458], [77.5768095825941, 12.9998848737436], [77.5768317085585, 12.9998870762233], [77.5768482387987, 12.9998905602269], [77.5768986624472, 12.999909495435], [77.5769347958964, 12.9999290829504], [77.576949153042, 12.999940089819], [77.5769604479161, 12.9999514703978], [77.5769769795911, 12.9999765981918], [77.5770013518671, 13.0000255722478], [77.5770389737529, 13.0000839334401], [77.5770831129999, 13.0001840503459], [77.5770906365996, 13.0002054794244]]}}, {"type": "Feature", "properties": {}, "geometry": {"type": "LineString", "coordinates": [[77.5621634756409, 13.0004797407733], [77.5621538237207, 13.0004213030912], [77.5620649273616, 13.0001400608892], [77.5619640820936, 12.999901671729], [77.5618999538863, 12.9997148352793], [77.5617511961745, 12.9994137448216], [77.5616750200295, 12.9991811967404], [77.5615870896921, 12.9989670360563], [77.5614373813754, 12.9986656908311], [77.5613237460692, 12.99829038059], [77.5612555928376, 12.9980990572105], [77.5612338807682, 12.9980129111181], [77.5612245435407, 12.997924670691], [77.5612388369058, 12.9976657884509], [77.5612319535442, 12.9975151728045], [77.5612052774387, 12.9973925580388], [77.5611606086028, 12.9972954057493], [77.5610393231084, 12.9971282660494], [77.5607261357615, 12.9967772660982], [77.5606434530658, 12.9966957497556], [77.56049899904, 12.9965733405727], [77.560366923679, 12.9964389622041], [77.5601890855377, 12.9963057035594], [77.5601123774245, 12.9962638566137], [77.5599416398468, 12.9961907791757], [77.5598468206284, 12.9961175665609], [77.5597479678484, 12.9960001297691], [77.5596244883453, 12.9958803355558], [77.5595734837349, 12.9958196744241], [77.5592169972353, 12.9952597319335]]}}, {"type": "Feature", "properties": {}, "geometry": {"type": "LineString", "coordinates": [[77.6937929726847, 12.9991502348143], [77.6937898254022, 12.9991870760937], [77.6938227726409, 12.9993664329382], [77.6938268032981, 12.9995329820212], [77.6938331232744, 12.9995912215769], [77.6938497770614, 12.9996511127356], [77.6939175572139, 12.9998383160092], [77.6939390878987, 12.9998849628541], [77.693782715823, 13.0003337527849], [77.6937965475489, 13.0005019147251], [77.6938129887262, 13.0006090117425], [77.6938931656408, 13.0009047035834], [77.6939222277037, 13.0009866074515], [77.6939906732671, 13.0011165175688], [77.6940493432397, 13.0012567164054], [77.6940784480999, 13.0013099767261], [77.6941230678348, 13.0013652232835], [77.6942577734472, 13.0014859646076], [77.6943095290319, 13.0015460603868], [77.6943762129007, 13.0016567956851], [77.6944165740751, 13.0017577073199], [77.6944599353082, 13.0019616393835], [77.6945173478743, 13.0021326802807], [77.6945623214492, 13.002313915624], [77.6946242371472, 13.0024933923215], [77.6946519647068, 13.0026710830237], [77.6946844570416, 13.0028219909005], [77.694684346814, 13.0029216559874], [77.6946407430199, 13.0031132205538], [77.6946202117554, 13.0032429341035], [77.69397070345, 13.0043445420002], [77.6940240736347, 13.0064652573404], [77.6943343840239, 13.0069688072514], [77.6949857794287, 13.0069003934348], [77.6952126635796, 13.0069841975945], [77.695722200951, 13.0066476841409], [77.6962537450178, 13.0064899259364], [77.6965603092287, 13.0068954103137], [77.6969278241892, 13.0073014935661], [77.6971866155788, 13.0075932203961], [77.6972496643418, 13.0080771423638], [77.6974576064432, 13.0083242716628], [77.6976075762041, 13.008346674704], [77.6979673726989, 13.0082686435834], [77.6983900750983, 13.0080419883995], [77.6989031195609, 13.0078048983735], [77.6993675677793, 13.007735286377], [77.6999325827012, 13.0077253879896], [77.700477389793, 13.0075939218492], [77.7008491618693, 13.0077466311283], [77.7009251597251, 13.007851311909], [77.7012352645343, 13.0079297955617], [77.7019663467889, 13.0078319401134], [77.7031555521825, 13.0078496178182], [77.704518982566, 13.0078444000105], [77.7046346529971, 13.0078708368054]]}}, {"type": "Feature", "properties": {}, "geometry": {"type": "LineString", "coordinates": [[77.6728583276177, 12.9993967335799], [77.6727804993774, 12.9994128753385], [77.6727224042685, 12.9994095763689], [77.672583018422, 12.9993855570163], [77.6725155702067, 12.9993705868518], [77.6724723737032, 12.9993543136277], [77.6724470975663, 12.9993359994381], [77.6724340588466, 12.999318590912], [77.6724259074043, 12.99929525105], [77.6724237482813, 12.9992430505805], [77.6724304707026, 12.9991782694135], [77.6724546212165, 12.999033379389], [77.6724891353092, 12.9988788131406], [77.6724954230569, 12.9988381386786], [77.6724960130046, 12.9988113265549], [77.6724919428463, 12.9987863655607], [77.6724853943847, 12.9987688757556], [77.6724725692324, 12.9987486094369], [77.6724434258956, 12.9987198088445], [77.6724007655609, 12.9986942315559], [77.6723511386235, 12.9986736304416], [77.6722079216335, 12.9986235271468], [77.6721623046726, 12.9986024745743], [77.6721170600802, 12.9985715423857], [77.672021389008, 12.9984793930356], [77.6719671404218, 12.9984396163373], [77.6718948731853, 12.9984002653938], [77.6717622333058, 12.9983484494301], [77.6717124363881, 12.9983194457535], [77.67168098383, 12.9982928161565], [77.6716095950898, 12.9982158952386], [77.6715278904505, 12.9981398483348], [77.6713909836441, 12.9980360466344], [77.6698536120445, 12.9976970420331], [77.6679594687474, 12.9972864216492], [77.6676957416792, 12.9972413283586], [77.667558850238, 12.9972044911268], [77.6674119039561, 12.9971390764513], [77.6673335050632, 12.9971016371649], [77.6664501839688, 12.9967649865511], [77.6660890210232, 12.9966720714117]]}}, {"type": "Feature", "properties": {}, "geometry": {"type": "LineString", "coordinates": [[77.7709351337435, 12.9984217522971], [77.7715083683076, 12.9984374129169], [77.7718019407965, 12.9984300578272], [77.7722882867483, 12.9983582760291], [77.7726586810834, 12.9983834986113]]}}, {"type": "Feature", "properties": {}, "geometry": {"type": "LineString", "coordinates": [[77.7017390802601, 12.9992090744269], [77.7015356210488, 12.9991376024325], [77.7014796337734, 12.9991086054476], [77.7013957608944, 12.9990464056014], [77.701356203553, 12.9990236912102], [77.7011303682576, 12.9989381153548], [77.7010790886329, 12.9989065741884], [77.7009560969132, 12.9988094660778], [77.7008978448214, 12.9987708816296], [77.7008365526856, 12.9987437039423], [77.7006746395507, 12.9986973586105], [77.7006192110539, 12.9986749492346], [77.7005679553217, 12.9986445847778], [77.7003678105647, 12.9985059419871], [77.7003075897982, 12.9984777313018], [77.7002549973304, 12.998463876991], [77.700116075021, 12.9984442330956], [77.700066568964, 12.9984329609718], [77.7000134231602, 12.9984119812123], [77.6998882869685, 12.9983478756744], [77.6997792876108, 12.9983176391648], [77.699611120012, 12.9982988330335], [77.6994244515966, 12.9982642811358], [77.6993427324416, 12.9982545661036], [77.6988129991226, 12.9982353735568]]}}, {"type": "Feature", "properties": {}, "geometry": {"type": "LineString", "coordinates": [[77.7017390802601, 12.9992090744269], [77.7017513924569, 12.9990007384343], [77.7017654648456, 12.9988668437552], [77.7017694415842, 12.9987270820319], [77.7018110930256, 12.9986073468612], [77.7018219320169, 12.9985612068314], [77.701826228977, 12.9985068582913], [77.7018234863919, 12.9984211469213], [77.7018302195627, 12.9983703331742], [77.7018462069929, 12.9983256996636], [77.7019092561819, 12.998192484932], [77.701932609969, 12.9981168138132], [77.7019408390151, 12.9980421547066], [77.7019385367149, 12.9979240125732], [77.7019462428542, 12.9978675128764], [77.7019631469102, 12.9978154794202], [77.7020162041021, 12.9976939823209], [77.7020342508739, 12.9976300731151], [77.7020410775842, 12.9975633935525], [77.7020395951273, 12.9974376727162], [77.7020443697325, 12.997371793212], [77.7020582464305, 12.9972934438086], [77.7021033873684, 12.9971424900763], [77.702115684979, 12.9970170675537], [77.7021155886757, 12.9969588938421]]}}, {"type": "Feature", "properties": {}, "geometry": {"type": "LineString", "coordinates": [[77.5403607556945, 13.000927118591], [77.5403274788359, 13.0008930962576], [77.5402578876583, 13.0008074167019], [77.5401169607209, 13.0006897685706], [77.5400578927409, 13.0006316537498], [77.5400112549281, 13.0005664208153], [77.5399598838854, 13.0004657559081]]}}, {"type": "Feature", "properties": {}, "geometry": {"type": "LineString", "coordinates": [[77.6206524413629, 13.0004323517441], [77.620987508727, 13.0004575461153], [77.6210618902814, 13.0004583922184], [77.6211417866324, 13.0004524819731], [77.6213395872413, 13.0004136719614], [77.6224207213481, 13.000172913833], [77.623047333432, 13.0000727931716], [77.6239245187041, 12.9999879073426]]}}, {"type": "Feature", "properties": {}, "geometry": {"type": "LineString", "coordinates": [[77.7712677310119, 12.9989266187287], [77.7711533767754, 12.9988520994157], [77.77108877061, 12.9988650977461], [77.7710356551789, 12.9988587616817], [77.7709967467478, 12.9988320685825], [77.7709775164255, 12.998800637982], [77.7709652045637, 12.9987504927094], [77.7709351337435, 12.9984217522971]]}}, {"type": "Feature", "properties": {}, "geometry": {"type": "LineString", "coordinates": [[77.6752400130309, 13.0000828895735], [77.6750758764443, 13.0000505229997], [77.6749967610739, 13.0000295985612], [77.6749417197597, 13.00001073593], [77.6748157268167, 12.9999557836208], [77.67475358732, 12.9999329677289], [77.6741914258345, 12.999779911737], [77.6737476730004, 12.9996369368661], [77.6730910359361, 12.9994375368302], [77.6730103809174, 12.9994179419932], [77.6728583276177, 12.9993967335799]]}}, {"type": "Feature", "properties": {}, "geometry": {"type": "LineString", "coordinates": [[77.6646364133799, 13.000269149649], [77.6647192927958, 13.0000412279226], [77.6647898576518, 12.9998014817203], [77.6649678009316, 12.999345514067], [77.6650599302646, 12.9988426229599], [77.6660890210232, 12.9966720714117]]}}, {"type": "Feature", "properties": {}, "geometry": {"type": "LineString", "coordinates": [[77.5549046463083, 13.0014999248851], [77.5548415644226, 13.001395883826], [77.5548098448013, 13.0013231668151], [77.5547955181259, 13.0012691708084], [77.5547721721791, 13.001114516225], [77.5547303670467, 13.0009843987594], [77.5546753004077, 13.0008516788461], [77.5546546685362, 13.0007792619265], [77.5546416937778, 13.0006413086495], [77.5546615714424, 13.0004242865812], [77.5547112488315, 13.0000792023108], [77.5547450064362, 12.9999342055765], [77.5548050201027, 12.9997663558284], [77.5550252227364, 12.9992014721021], [77.5550614341634, 12.9990903715615], [77.5550755836912, 12.9989965671515], [77.5550825631421, 12.9987345045772], [77.5551126556658, 12.9985850266356], [77.5551382287961, 12.9985174284315], [77.5551679007054, 12.9984683550473], [77.55520695904, 12.9984274730796], [77.5552851165535, 12.9983625735851], [77.5553189864417, 12.9983247078275], [77.555373790313, 12.99803516836]]}}, {"type": "Feature", "properties": {}, "geometry": {"type": "LineString", "coordinates": [[77.7598680131655, 12.9994203860279], [77.7597612519097, 12.9992677449908], [77.7596206024482, 12.9990835516013], [77.7595355888434, 12.9989164112025], [77.7594951789735, 12.9988075775878], [77.7594632952935, 12.9986399716455], [77.7594194254357, 12.9984915487139], [77.7593916393289, 12.998352857913], [77.7593800291048, 12.998020252211], [77.7593366588125, 12.9977645046126], [77.7593390770046, 12.9974937692166], [77.7593304788153, 12.9974304464242], [77.7593165726131, 12.9973854407314], [77.7592909320137, 12.9973348977389], [77.7592466542947, 12.997275620783], [77.759014988543, 12.9970043318843], [77.7588882088247, 12.9968811706099]]}}, {"type": "Feature", "properties": {}, "geometry": {"type": "LineString", "coordinates": [[77.6209442235694, 13.0008900056607], [77.6208644313597, 13.0008036435444], [77.6208059799245, 13.000723950832], [77.6206524413629, 13.0004323517441]]}}, {"type": "Feature", "properties": {}, "geometry": {"type": "LineString", "coordinates": [[77.5751570565486, 13.0013673443189], [77.5751421356009, 13.001353398618], [77.5751254131719, 13.0013419236444], [77.5751094550389, 13.0013343385495], [77.575088755734, 13.0013279975596], [77.5749935752384, 13.0013117583719], [77.5749251637151, 13.0012901635574], [77.5748936401166, 13.0012826000677], [77.5748493985615, 13.0012771738168], [77.574787831339, 13.0012744915492], [77.5747568472203, 13.0012676020809], [77.5746007418678, 13.0012328908806]]}}, {"type": "Feature", "properties": {}, "geometry": {"type": "LineString", "coordinates": [[77.6729180821016, 13.0004771994159], [77.6729380826874, 13.0003746881942], [77.672955556157, 13.0002392214453], [77.67297855607, 13.000024778378], [77.6729813218673, 12.9999407580023], [77.6729773718126, 12.9999131705664], [77.6729684570117, 12.9998850542883], [77.6729105919693, 12.999762086579], [77.6728943861952, 12.9997129595502], [77.6728869886328, 12.9996685776142], [77.6728757311606, 12.9995356877725], [77.6728583276177, 12.9993967335799]]}}, {"type": "Feature", "properties": {}, "geometry": {"type": "LineString", "coordinates": [[77.5582464541911, 13.0016928695874], [77.558253225, 13.0016509809589], [77.5582428347779, 13.0016208365676], [77.5580453571466, 13.0013946567086], [77.5579989035411, 13.0013201303918], [77.5579718565742, 13.0012534851783], [77.5579548776746, 13.0011122959289], [77.5579794869244, 13.000810221272], [77.557967275331, 13.0007307263366], [77.5579360391383, 13.0006531092568], [77.5578799825894, 13.0005776692655], [77.557715716667, 13.0004240669727], [77.5576384780689, 13.000323459347], [77.5574297378269, 12.999993945709], [77.5572811587719, 12.9996440082241], [77.5570439158964, 12.99935497781], [77.556901699955, 12.9991019398854], [77.5567849999791, 12.9989186639291], [77.5567049859059, 12.9988257490393], [77.555373790313, 12.99803516836]]}}, {"type": "Feature", "properties": {}, "geometry": {"type": "LineString", "coordinates": [[77.6229142015493, 13.0011590074308], [77.6228504826758, 13.0011164175764], [77.622801650971, 13.0010901392764], [77.6225414044359, 13.0009814819894], [77.6224730139048, 13.0009622220316], [77.6221670882453, 13.0008929251087], [77.6220655946679, 13.0008871387435], [77.6217474186471, 13.0008902689814], [77.621134711891, 13.0008846643389], [77.6209442235694, 13.0008900056607]]}}, {"type": "Feature", "properties": {}, "geometry": {"type": "LineString", "coordinates": [[77.7113042143089, 13.0007294534426], [77.7114873878531, 13.0007214592823], [77.7117283727365, 13.000737359953]]}}, {"type": "Feature", "properties": {}, "geometry": {"type": "LineString", "coordinates": [[77.7117283727365, 13.000737359953], [77.7118573816927, 13.0006642448899], [77.7120339705517, 13.0005774481159], [77.7120802018225, 13.0005435878417], [77.7121101793868, 13.0005098486308], [77.7121532476018, 13.0004346630917], [77.7122510265728, 13.0002011529064], [77.7123409363478, 13.0000229127191], [77.7123969755514, 12.9998360363009], [77.7124187345765, 12.9997856645729], [77.7124725371701, 12.9997085745818], [77.7126984867408, 12.9994386024055], [77.7130344679796, 12.9986400302261]]}}, {"type": "Feature", "properties": {}, "geometry": {"type": "LineString", "coordinates": [[77.7044148411855, 13.0008600526646], [77.7022898583511, 12.9994413251958], [77.7019771438698, 12.9992899305801], [77.7017390802601, 12.9992090744269]]}}, {"type": "Feature", "properties": {}, "geometry": {"type": "LineString", "coordinates": [[77.7044148411855, 13.0008600526646], [77.7044960172416, 13.0007733387469], [77.7046024878881, 13.0006150047919], [77.7046667022914, 13.0005328967777], [77.7047413897678, 13.0004565369979], [77.7048053701669, 13.0004086904326], [77.704914618439, 13.0003552843524], [77.7051154992724, 13.0002942139313], [77.7052933540039, 13.0002108039054], [77.7054910233612, 13.0001449915461], [77.7057732921911, 13.0000010535467], [77.7058557489115, 12.9999479038572], [77.7059248921387, 12.9998817644271], [77.7059746389723, 12.9998117223422], [77.7060017378306, 12.999751402553], [77.7060414326171, 12.9996274452785], [77.7060997745623, 12.9995010008644]]}}, {"type": "Feature", "properties": {}, "geometry": {"type": "LineString", "coordinates": [[77.5763421203443, 13.0022185562523], [77.5763311378222, 13.0021675646482], [77.5763248973087, 13.0021099651538], [77.5763205097369, 13.0020886133358], [77.5762867992817, 13.0019671320303], [77.5762738442571, 13.0019349724266], [77.5762597682732, 13.0019123896205], [77.5762006069328, 13.0018357621893], [77.5761792840992, 13.0018034751372], [77.5761172174472, 13.0016870879079], [77.5760907780926, 13.0016208405503], [77.5760802435455, 13.0015987781946], [77.576069601405, 13.001581108551], [77.5760519676168, 13.0015598927178], [77.5760029725739, 13.0015102495814], [77.5759719930463, 13.0014747996234], [77.575943216758, 13.001448399282], [77.5759191391361, 13.0014332390383], [77.5758963494393, 13.0014231587279], [77.5758684725632, 13.0014145400857], [77.5758406938424, 13.0014100754091], [77.5757967822197, 13.0014068025765], [77.5756632782842, 13.0014042020456], [77.5755902913508, 13.0014124159228], [77.5755373819833, 13.0014144867739], [77.575431250705, 13.0013980745542], [77.5753352631915, 13.0013899681921], [77.5752706172168, 13.0013767806164], [77.5751570565486, 13.0013673443189]]}}, {"type": "Feature", "properties": {}, "geometry": {"type": "LineString", "coordinates": [[77.5762045889742, 13.0022831626508], [77.5761921336885, 13.0022683550621], [77.5761748162259, 13.0022522631568], [77.5761227276257, 13.0022175657503], [77.5761011052673, 13.0021987493197], [77.5760477326902, 13.0021296325539], [77.5759925780103, 13.002071465142], [77.5759709297663, 13.0020525486709], [77.5759138564257, 13.0020087027148], [77.5758591269245, 13.0019539650376], [77.5757868696544, 13.0018918521207], [77.575757449894, 13.0018733623905], [77.5756841545975, 13.0018402856185], [77.5756560355532, 13.0018234724076], [77.575622566914, 13.001799388958], [77.5755854929054, 13.0017771563039], [77.5755076851395, 13.0017445371288], [77.5754856168057, 13.0017329381623], [77.5754667860576, 13.0017200061042], [77.5754147941382, 13.0016773382677], [77.5753788267463, 13.0016528811553], [77.5753646368761, 13.0016413051825], [77.575350163926, 13.0016270280061], [77.5753369299652, 13.0016094292144], [77.5753046555445, 13.001548217622], [77.5752829368994, 13.0015162198867], [77.5752153754386, 13.0014383519623], [77.5751570565486, 13.0013673443189]]}}, {"type": "Feature", "properties": {}, "geometry": {"type": "LineString", "coordinates": [[77.7687849503573, 13.000501983619], [77.7687338380319, 13.0004978822521], [77.7686267143878, 13.000517898968], [77.7685683232988, 13.0005021302954], [77.7685193873222, 13.000466604574], [77.768448735263, 13.0003981885782], [77.7683799526942, 13.0002954265757], [77.7683192881504, 13.0001564181789], [77.7682816594432, 13.0000306713446], [77.7682594082787, 12.9999146572179], [77.7682303133986, 12.9996588455836], [77.7681809612236, 12.9994635229067], [77.7680848431919, 12.9991862730906], [77.7679795112257, 12.9989765016858], [77.7679021477576, 12.9987737406897], [77.7678881690049, 12.9986920166985], [77.7678743790001, 12.998523394284], [77.7678721236287, 12.9984439517104], [77.7678792066398, 12.9983721871179], [77.7679137089107, 12.998240234788], [77.7679368337624, 12.9980664212122], [77.7680358091698, 12.9977976623112], [77.768063771887, 12.9977448705586], [77.7680926835477, 12.9977085388669], [77.7681122562647, 12.9976923865991], [77.7681511123104, 12.9976758525463], [77.768199914427, 12.9976797655947], [77.7682344940931, 12.9977000864006], [77.7683168738065, 12.9977783230703], [77.7683859005682, 12.9978134856261], [77.7684707251844, 12.9978328387385], [77.768687632266, 12.9978573149154], [77.7687861536775, 12.9978799733961], [77.7691010315824, 12.9979895706234], [77.769388629378, 12.9981050897435], [77.7695191201213, 12.9981463276859], [77.7699662567288, 12.9982106339671], [77.7704753456093, 12.9983319042998], [77.7709351337435, 12.9984217522971]]}}, {"type": "Feature", "properties": {}, "geometry": {"type": "LineString", "coordinates": [[77.7099912275698, 13.001131609295], [77.7100215711368, 13.0010249050393], [77.7100870986112, 13.0009134024177], [77.7101113223702, 13.0008377417764], [77.7101192926611, 13.0006959752065], [77.7101019436453, 13.0005480700363], [77.710099472718, 13.0004781498439], [77.7101092267984, 13.000409872575], [77.7101329770227, 13.0003402350457], [77.7102544117925, 13.0001159246521], [77.7103869119588, 12.9998178850767], [77.7104401704442, 12.9997238794007], [77.7104711156641, 12.9996877824269], [77.7105060899706, 12.9996581863847], [77.7106993426265, 12.9995300641494], [77.7107328841599, 12.9994963763918], [77.7107600414452, 12.9994568202581], [77.7108184620498, 12.9993264095798], [77.7110243671205, 12.9987662379442], [77.7110542364309, 12.9987055691468], [77.7110824989077, 12.9986721903517], [77.7111239475727, 12.9986497408431], [77.7111879823202, 12.9986421866312], [77.7114719562493, 12.9986658558216], [77.7116400412931, 12.9986631875484], [77.7118164515437, 12.9986992005942], [77.7119753815635, 12.9987229912693], [77.7125647899172, 12.9987994713378], [77.7130344679796, 12.9986400302261]]}}, {"type": "Feature", "properties": {}, "geometry": {"type": "LineString", "coordinates": [[77.7118114284349, 13.0012029324405], [77.7117837958766, 13.0010240243795], [77.7117283727365, 13.000737359953]]}}, {"type": "Feature", "properties": {}, "geometry": {"type": "LineString", "coordinates": [[77.5733093635715, 13.0030020584547], [77.5695783807609, 13.0030473014223], [77.5695618765404, 13.0031199087908], [77.5695240087912, 13.0032026538874], [77.5694344293071, 13.0033482805999], [77.5692999051087, 13.0035232337571], [77.5687442720835, 13.0041377090268], [77.5686845953847, 13.004212433217], [77.5686460028329, 13.0042750204456], [77.5679070116644, 13.0060056705654], [77.5678747912439, 13.0060924776099], [77.5678557478698, 13.0061673822864], [77.5678415307845, 13.0063445359084], [77.5678712796156, 13.0068294400474], [77.5678875497899, 13.006911439626], [77.5679225733973, 13.0069901619726], [77.5681421677296, 13.0073305899081], [77.5682195905414, 13.0074325393477], [77.5683815222958, 13.0075813921709], [77.5685521397136, 13.0077220061337], [77.568643435389, 13.0077860927082], [77.5687309844188, 13.0078240967238], [77.5688286339124, 13.0078413162219], [77.5693521123377, 13.0078397015999], [77.5695072176899, 13.0078197738434], [77.5697053154323, 13.0077800429727], [77.5698190481308, 13.0077464843659], [77.5699392549703, 13.0076955650604], [77.570208599281, 13.0075524674031], [77.5713635728571, 13.0068777913554], [77.5715255371559, 13.0067940987899], [77.5716658340553, 13.0067454325497], [77.5718092773948, 13.0067100048847], [77.571913939711, 13.0067005065674], [77.5720095928108, 13.0067075980814], [77.5720916855487, 13.0067314835606], [77.5721553876852, 13.0067735362609], [77.5721960475515, 13.0068264464492], [77.5722257207482, 13.0069006531947], [77.5723066329881, 13.0074243154092], [77.5723092466731, 13.0075014041013], [77.572299437562, 13.0076404677478], [77.5723034168477, 13.0077064033988], [77.5725986344589, 13.0079685273419], [77.5728175062723, 13.0081211478172]]}}, {"type": "Feature", "properties": {}, "geometry": {"type": "LineString", "coordinates": [[77.6636386104102, 13.0024064765629], [77.6639741282328, 13.0011038602981], [77.6639984568181, 13.001030931252], [77.6640422135606, 13.0009478799744], [77.664577268791, 13.0004370713592], [77.6646364133799, 13.000269149649]]}}, {"type": "Feature", "properties": {}, "geometry": {"type": "LineString", "coordinates": [[77.6215608456976, 13.0030020962159], [77.6215471900032, 13.0029373554054], [77.6214833166519, 13.0027357485657], [77.6214555267592, 13.0025828958821], [77.6214381241597, 13.0025191125814], [77.6213529260236, 13.002360403841], [77.6213117811799, 13.002241837827], [77.6212535025561, 13.0020985729277], [77.6211729807273, 13.0019312235559], [77.6211200647169, 13.0017923058748], [77.6210292753676, 13.0015906625687], [77.6209979778182, 13.0015065020569], [77.6209789408972, 13.001407962722], [77.6209593030092, 13.0012133376401], [77.6209475778619, 13.0010479873291], [77.6209442235694, 13.0008900056607]]}}, {"type": "Feature", "properties": {}, "geometry": {"type": "LineString", "coordinates": [[77.5750313590646, 13.0036844426522], [77.5748983622877, 13.003620672753], [77.5747956977504, 13.0035901377058], [77.5746926468683, 13.0035774287165], [77.5743416293674, 13.0035678166872], [77.5742273824549, 13.0035399214321], [77.5741325033063, 13.0034953741205], [77.5740694331566, 13.0034379768357], [77.5740180067021, 13.0033468115764], [77.5738664902722, 13.0029297397427], [77.5738554099785, 13.0028992399822]]}}, {"type": "Feature", "properties": {}, "geometry": {"type": "LineString", "coordinates": [[77.5750313590646, 13.0036844426522], [77.5753428911718, 13.0038263404385], [77.5754271306325, 13.0038578115799], [77.5754737693183, 13.0038666577885], [77.5757073968389, 13.0038984051039], [77.5757554509699, 13.0039098662333], [77.5758152114072, 13.0039299745655], [77.5758636769808, 13.0039400583526], [77.5759755816346, 13.00393488741], [77.5760559265514, 13.003946977445]]}}, {"type": "Feature", "properties": {}, "geometry": {"type": "LineString", "coordinates": [[77.6135628206696, 13.0033312122664], [77.6135809141764, 13.0032144102037], [77.6135860965863, 13.003068407731], [77.6135811703963, 13.0029894207069], [77.6135621473835, 13.0028920483104], [77.6135366182521, 13.0028106045937], [77.6135038812506, 13.0027284032185], [77.6132951334497, 13.0022891826551], [77.6123898369558, 13.0005338026425]]}}, {"type": "Feature", "properties": {}, "geometry": {"type": "LineString", "coordinates": [[77.7619484016994, 13.0017983552548], [77.7619856246638, 13.0017327962042], [77.7620056771385, 13.0016826869338], [77.7620120286142, 13.001589710047], [77.7619923894386, 13.0014377997947], [77.7619699220462, 13.0013219928624], [77.7619391330923, 13.0012207095602], [77.7619006064186, 13.0011301036524], [77.7617724934184, 13.0008753158593], [77.7617269358146, 13.0008033904335], [77.7616896621966, 13.000758073601], [77.7616085657724, 13.000693950724], [77.7614559965648, 13.0006221332355], [77.7613963107141, 13.0005861639148], [77.7612435131467, 13.0004441606103], [77.7611963161443, 13.000386646016], [77.7611468186009, 13.0002878027169], [77.7610737241705, 13.0000620895719], [77.7610618452587, 13.0000007909637], [77.7610554433234, 12.9998919934304], [77.7610466736098, 12.9998451148918], [77.7610216041698, 12.9997903051473], [77.7609818065517, 12.9997366394067], [77.7609348922227, 12.9996917501593], [77.7608768569207, 12.9996533187128], [77.7607945634307, 12.9996140025857], [77.7607150490797, 12.9995864190235], [77.7602237318552, 12.9994670637834], [77.7598680131655, 12.9994203860279]]}}, {"type": "Feature", "properties": {}, "geometry": {"type": "LineString", "coordinates": [[77.7619484016994, 13.0017983552548], [77.7621246363431, 13.0018829038241], [77.7622947353558, 13.0019456815862], [77.7624491038427, 13.0020233300293], [77.7625728873554, 13.0020709009025], [77.7627427465615, 13.0021498584445], [77.7628687686063, 13.0021969238505], [77.7629083483246, 13.0022176889168], [77.7642585419839, 13.0030023615975]]}}, {"type": "Feature", "properties": {}, "geometry": {"type": "LineString", "coordinates": [[77.6309635262454, 13.0034635300639], [77.6310531758762, 13.0034067163414], [77.6311690029118, 13.0033251692396], [77.6312737260024, 13.0032808810582], [77.6313013523377, 13.0032652068391], [77.6313277058745, 13.00324179789], [77.6314286024402, 13.0031300358194], [77.6314910284458, 13.0030843832149], [77.631531537806, 13.0030676378858], [77.6315805485766, 13.0030568103924], [77.6317140654345, 13.0030574230802], [77.6324297984151, 13.001911869211], [77.6324151450165, 13.001625457676], [77.6324134335379, 13.0010224048889], [77.6324004823209, 13.0006917388686], [77.6324190007427, 13.0003775407941], [77.6324617467024, 13.0001165137224], [77.6324649926289, 13.0000357441103], [77.6324605648512, 12.9999770358626], [77.632435521408, 12.9998936703877], [77.6322959818591, 12.9996232879305], [77.6322461721826, 12.9995051827635], [77.6321635209399, 12.9992821553951], [77.6320522112213, 12.999047538745], [77.6320165039601, 12.9989136398406], [77.6320078750854, 12.9988067655627], [77.6320144550357, 12.9987750714127], [77.6320322432122, 12.998742331298], [77.6320757172415, 12.9987131602839], [77.632125595568, 12.9987016889505], [77.6323037369268, 12.9986845245975], [77.632385808797, 12.9986706678841], [77.6326517401148, 12.9985929898769], [77.632734558556, 12.9985629255752], [77.6327750384101, 12.9985367326521], [77.6328010920785, 12.9985063478755], [77.6328271058237, 12.9984593389866], [77.6328442537169, 12.9984069589173]]}}, {"type": "Feature", "properties": {}, "geometry": {"type": "LineString", "coordinates": [[77.4935593935559, 13.0050054168721], [77.4935592465853, 13.0050045400857], [77.4935449824363, 13.004919519889], [77.4934900134481, 13.0047347526867], [77.4934647472252, 13.004683950622], [77.4934125284473, 13.0046063875659], [77.4933986436162, 13.0045764652601], [77.4933889591077, 13.0045473455554], [77.4933658828672, 13.0044155691163], [77.4933334489745, 13.0042768651222], [77.4933186545905, 13.00412889884], [77.4933125362372, 13.0040905951498], [77.4933031933373, 13.0040543489844], [77.493275838446, 13.0039756046235], [77.4932634717294, 13.0039316273726], [77.4932119641994, 13.003693026237], [77.4931995981859, 13.0035717466746], [77.4932003359673, 13.0035135336014], [77.4932065651562, 13.0034663843969], [77.4932139192057, 13.0034358198177], [77.4932256995406, 13.0034032241168], [77.4932878553821, 13.0032851434415], [77.4933043903607, 13.0032480631787], [77.4933140632698, 13.0032027204092], [77.4933157267411, 13.0031468764494], [77.4933054042834, 13.0030595234451], [77.4932907528536, 13.0029896567476], [77.4932742774303, 13.0029341162524], [77.4932500078853, 13.0028803085509], [77.4932273989278, 13.0028440479698], [77.4931997791607, 13.0028084887522], [77.4931689488212, 13.0027761072536]]}}, {"type": "Feature", "properties": {}, "geometry": {"type": "LineString", "coordinates": [[77.6228860385809, 13.0037385392013], [77.6226254933176, 13.0034178550633], [77.6225142939338, 13.0032925189299], [77.6224477446673, 13.003233136092], [77.6223213068834, 13.0031570336504], [77.622274295245, 13.0031133967811], [77.6222521324154, 13.0030780523965], [77.6222429170384, 13.0030466118257], [77.6222447481196, 13.0030124659264], [77.6222581163264, 13.0029828551274], [77.6222795565693, 13.0029575949127], [77.622321029223, 13.002923810913], [77.6230018770821, 13.0024512668271], [77.6235822939757, 13.0020838560763], [77.6237834750502, 13.0019483725876], [77.6240775711073, 13.0017218990531], [77.6241123559648, 13.0016785069056], [77.6241533452439, 13.0015981873253]]}}, {"type": "Feature", "properties": {}, "geometry": {"type": "LineString", "coordinates": [[77.7209623478598, 13.0027602786231], [77.7208407912838, 13.0026595976084], [77.7205929415449, 13.0024317960966], [77.7205441136282, 13.0023720428611], [77.7205201872729, 13.0023213204039], [77.7205018970495, 13.0022580139157], [77.7204496646853, 13.0020168739595], [77.7203298777635, 13.0015162620929], [77.7201723349498, 13.000924851747], [77.7201545686873, 13.0008154408615], [77.7201370657478, 13.0005699411842], [77.7201146253278, 13.000453264852], [77.7200440771191, 13.0002455625913], [77.7198952710597, 12.9999439804282], [77.7198491298119, 12.9998504667833]]}}, {"type": "Feature", "properties": {}, "geometry": {"type": "LineString", "coordinates": [[77.5296249856399, 13.0048416639448], [77.5298978542673, 13.0049142521835], [77.5300264575717, 13.004948463238], [77.5301324987553, 13.0049599776122], [77.530220282734, 13.0049466482673], [77.5302763757229, 13.0049116247304], [77.5304907775988, 13.0046527188512], [77.5306526876313, 13.0044916785843], [77.5307826350114, 13.0042975259847], [77.5308668285581, 13.0041991242938], [77.5310081773626, 13.0040541936888], [77.5313804472998, 13.0037422947216], [77.5315586493409, 13.0035632633109], [77.5316819274289, 13.0034495394294], [77.5320934721174, 13.0029664957292], [77.5324897316151, 13.0025240076957], [77.5326271910133, 13.0023985608129]]}}, {"type": "Feature", "properties": {}, "geometry": {"type": "LineString", "coordinates": [[77.5803143296955, 13.0045732137528], [77.5801639352332, 13.0045294206312], [77.580049259438, 13.0044871089554], [77.5799350007956, 13.0044509220253]]}}, {"type": "Feature", "properties": {}, "geometry": {"type": "LineString", "coordinates": [[77.7573467512458, 13.0028549726161], [77.7574563671628, 13.0027387983569], [77.7575599321096, 13.0026737650284], [77.7582477399576, 13.002348234668], [77.7587600591616, 13.0021337495843], [77.7589001125545, 13.0020895036158], [77.7594597864262, 13.0019489901519], [77.7603444364327, 13.0017134790464], [77.7604769897937, 13.0016916413185], [77.7606293116962, 13.0016923442985], [77.7613553904138, 13.0017559563253], [77.7619484016994, 13.0017983552548]]}}, {"type": "Feature", "properties": {}, "geometry": {"type": "LineString", "coordinates": [[77.5751556480466, 13.0047643124364], [77.5751278587897, 13.0042367404399], [77.5750313590646, 13.0036844426522]]}}, {"type": "Feature", "properties": {}, "geometry": {"type": "LineString", "coordinates": [[77.5751556480466, 13.0047643124364], [77.575484718666, 13.0044483731021], [77.5755279878474, 13.0044105093873], [77.5755928507004, 13.0043609087954], [77.5756362004269, 13.0043341530265], [77.5757333723065, 13.0042824862492], [77.5757654611658, 13.0042706018205], [77.5758294845631, 13.0042563387235], [77.575859750017, 13.0042436430227], [77.5758835312395, 13.0042275650458], [77.5759489075773, 13.0041723841306], [77.5759898583114, 13.0041485061115], [77.5760358282532, 13.0041302320158], [77.5761055941501, 13.0041085541985], [77.576135647867, 13.0040949860386], [77.5761632590403, 13.0040766791656], [77.5762459182459, 13.0040095185906], [77.5762698680447, 13.0039936214085], [77.576304987165, 13.0039761235518]]}}, {"type": "Feature", "properties": {}, "geometry": {"type": "LineString", "coordinates": [[77.732319150857, 13.0032568264167], [77.7322763843841, 13.0028898146337], [77.7322707769081, 13.0028416930612], [77.7322363334285, 13.0027157523398], [77.7321781373536, 13.0025717283816], [77.7321614204403, 13.0025069866595], [77.7321273347606, 13.0022467044106], [77.7321227671083, 13.0020050426967], [77.7321545605864, 13.0014677834373], [77.7322297108512, 13.0007906667766], [77.7322475968181, 13.0006755363979], [77.7322657309091, 13.0006159688481], [77.7322938855957, 13.0005608305778], [77.7323348027664, 13.0005086410484], [77.7323815487396, 13.0004664091094], [77.7326358125694, 13.0002789310244], [77.7327273077498, 13.0002322983409], [77.732845580601, 13.000187348439], [77.7324046106435, 12.9995384508952], [77.7319151016441, 12.999352396089], [77.7313296786577, 12.9993107551237], [77.7307851154492, 12.9987817541447], [77.730883073197, 12.998612814745], [77.7309554127433, 12.9984500762111], [77.7313080515696, 12.9974810903657], [77.731329367217, 12.9973777043939], [77.7313372780977, 12.997245237243], [77.7313293782735, 12.997111491098], [77.7312990919888, 12.9969244935842], [77.7313380311922, 12.9962736782926], [77.7314092817602, 12.9962050379673], [77.7314421040365, 12.9961637061895], [77.731596281912, 12.9959074480885], [77.7316356430128, 12.99582943233], [77.7316645934457, 12.995726642645], [77.7316951018264, 12.9954963243999], [77.7317190020186, 12.9953905670792], [77.7317573117551, 12.9952896337541], [77.731859562132, 12.9950744432174], [77.7318862887163, 12.9949969967112], [77.7319160026238, 12.9948517708272], [77.7319435821385, 12.9946385222597], [77.731966039224, 12.9945493971074], [77.7320174897624, 12.9944404013979], [77.7322113287719, 12.9941347981916], [77.7322867071974, 12.9939869310062], [77.7323397005354, 12.9937424891319], [77.7323737267511, 12.9934804645676], [77.7324487459969, 12.9931077738462], [77.7324671861042, 12.9929155708931]]}}, {"type": "Feature", "properties": {}, "geometry": {"type": "LineString", "coordinates": [[77.5798665680941, 13.0049300075584], [77.579903236395, 13.004778745553], [77.5799152074503, 13.0045907665822], [77.5799350007956, 13.0044509220253]]}}, {"type": "Feature", "properties": {}, "geometry": {"type": "LineString", "coordinates": [[77.5756060342185, 13.0049904040269], [77.5754560052235, 13.004879011398], [77.5751556480466, 13.0047643124364]]}}, {"type": "Feature", "properties": {}, "geometry": {"type": "LineString", "coordinates": [[77.5781983057542, 13.0053124847873], [77.5781954683748, 13.0052734661672], [77.5782064304339, 13.0051926960281], [77.5782082232747, 13.0051203837871], [77.5781812710132, 13.0043515973671], [77.5781807208896, 13.0042387980066], [77.5781879617599, 13.0041555342986], [77.5782048662936, 13.0040982922156], [77.5782301372755, 13.0040453179876], [77.5783369711396, 13.0038767554078], [77.5784083120388, 13.00378187073], [77.578531244744, 13.0036513583668]]}}, {"type": "Feature", "properties": {}, "geometry": {"type": "LineString", "coordinates": [[77.4765342165753, 13.0064179621932], [77.4766568711888, 13.0063991585756], [77.476813097554, 13.0063752096986], [77.4768719276102, 13.0063584536363], [77.4769842045465, 13.0063088544279], [77.4771103383179, 13.0062658377473], [77.4771487653853, 13.0062461692598], [77.4772415633913, 13.0061898486186], [77.477345587088, 13.0061493342309], [77.4773812670429, 13.0061326897793], [77.4774128545399, 13.0061127459425], [77.4774802820854, 13.006061383779], [77.4775555391622, 13.0060147038024], [77.4775852253762, 13.0059928635739], [77.4776138846623, 13.005962067654], [77.4776559728052, 13.005900415245], [77.477725136171, 13.005842281846], [77.4777612224528, 13.0058013363793], [77.4781092398348, 13.0052919183202], [77.4781468180757, 13.0052834766652], [77.4784837000446, 13.0052077960671], [77.4785252513053, 13.0049740561115], [77.4784486440389, 13.0046236456361], [77.4785063269357, 13.0045406226595], [77.4785745532956, 13.0044144676904], [77.4786388005408, 13.0042560783929], [77.4787146962602, 13.0041657075932], [77.4787689369563, 13.0041042326536], [77.4788671268729, 13.0040495072071], [77.4789801552568, 13.0040161560674], [77.4791301054406, 13.0040183086823], [77.4792067827945, 13.0040068190011], [77.4793856271587, 13.0039728379973], [77.479549989208, 13.0039533393087], [77.479697434366, 13.0039390211431], [77.4799896639234, 13.0039075422711], [77.4800717334426, 13.0038844955812], [77.4801816173961, 13.003898018032], [77.4802995621732, 13.0038678385574], [77.4804237744223, 13.0038434276374], [77.4804747815859, 13.0037998582693], [77.480531466865, 13.003769411333], [77.480625782748, 13.0037482486875], [77.4808766535539, 13.0037558947476], [77.4809866128362, 13.0037420643463], [77.4810700059094, 13.0037125952501], [77.4814506420969, 13.0035415897895], [77.4815063928289, 13.0034990003775], [77.4815426873554, 13.0034506501399], [77.4817064841735, 13.003335759093], [77.4818723696818, 13.0032630262697], [77.4825895613127, 13.0030649254325], [77.4833864081779, 13.0027973175529], [77.4849078752955, 13.0024632983672], [77.4850680077935, 13.0024620975919], [77.4852825793367, 13.0026205057673], [77.4853672002185, 13.0026600313433], [77.4854762065516, 13.0027109478025], [77.4857116100402, 13.0028485390235], [77.4858849611104, 13.0029974805651], [77.4860175555953, 13.0030930269402], [77.4861636335662, 13.003073697579], [77.4863278498847, 13.003039853089], [77.4864391304067, 13.0029883020022], [77.4865405690584, 13.0028713223674], [77.4865654027101, 13.0028748917828], [77.486643768735, 13.0028713472941], [77.48671776863, 13.0028717170235], [77.4867469972744, 13.0028671498428], [77.4868475328043, 13.0028424470011], [77.486940098044, 13.0028115185823], [77.4872421615786, 13.0026945342579], [77.4873299631882, 13.002658432751], [77.487440123097, 13.0026079211242], [77.4875088559665, 13.0025711024437], [77.4875505411163, 13.0025446712406], [77.4876693236805, 13.0024618580585], [77.4877649757472, 13.0023877233201], [77.4878235195598, 13.0023336812367], [77.4878747741642, 13.0022786998086], [77.4879209253878, 13.0022229026459], [77.4879846716581, 13.0021617868554]]}}, {"type": "Feature", "properties": {}, "geometry": {"type": "LineString", "coordinates": [[77.6635785821182, 13.0049817471242], [77.6637117137799, 13.0048993582677], [77.6638410280543, 13.0047463474043], [77.6639035959127, 13.0046878096486], [77.66398097689, 13.0046400571026], [77.6642074294303, 13.0045266966608], [77.6642479686543, 13.0044969781383], [77.6642863762059, 13.0044536439696], [77.6645162008022, 13.0040997427126], [77.6646119329804, 13.0039030824333], [77.6646440812893, 13.0037468304444], [77.6646560504091, 13.0035033929431], [77.6646772735682, 13.0033211931505], [77.6646957394572, 13.0032328582679], [77.6647254982894, 13.0031695459629], [77.6649546775781, 13.0029059745537], [77.6651704239466, 13.0026404668117], [77.6653136434407, 13.002486397629], [77.6654265237065, 13.0023984788155], [77.6656856597162, 13.0022594861439], [77.6657218852383, 13.0022295263266], [77.6657474595935, 13.002193316079], [77.6657634604254, 13.0021316022088], [77.6657587499764, 13.0020839093476], [77.665734715113, 13.0020156027779], [77.6656823642695, 13.0019164988317], [77.6654560162471, 13.0015705041458], [77.6646364133799, 13.000269149649]]}}, {"type": "Feature", "properties": {}, "geometry": {"type": "LineString", "coordinates": [[77.7186054874403, 13.0045871659153], [77.718759137901, 13.0044857600771], [77.7188094983122, 13.0044417351404], [77.7188465739411, 13.00439698219], [77.7189057052299, 13.004304759214], [77.7189559408535, 13.0042095598664], [77.7189852790894, 13.0041329482293], [77.7190071330692, 13.0040450806843], [77.719014373037, 13.0039810060576], [77.71900798214, 13.0038972918014], [77.7189293836781, 13.0036556218532], [77.7189071298963, 13.0035570050167], [77.7188959651017, 13.0034483378359], [77.7188845435909, 13.0032005447241], [77.7188727823085, 13.0031204901848], [77.7188418289162, 13.0030394072747], [77.718786844098, 13.0029671769481], [77.7187199102608, 13.0029104377899], [77.7185394716195, 13.0027868808126], [77.7184723774545, 13.0027330041616], [77.7183990657566, 13.00264985269], [77.7183321112291, 13.0025372485899], [77.7181431240151, 13.0021522010558], [77.7179672227417, 13.0016582328569], [77.7179322971976, 13.0015353318557], [77.7181427361766, 13.0000223878263]]}}, {"type": "Feature", "properties": {}, "geometry": {"type": "LineString", "coordinates": [[77.7048648726844, 13.0049050197041], [77.7050968112486, 13.0044181126149], [77.7051930899875, 13.0042383745929], [77.7052205040708, 13.0041629879682], [77.7052323314074, 13.0040964162306], [77.7052312829521, 13.0040202820742], [77.7052056474109, 13.0037766765661], [77.7051980977839, 13.0035408898688], [77.7051495192657, 13.0033126087241], [77.705128917373, 13.0030959972854], [77.7051140971287, 13.0030351316385], [77.7050933332764, 13.0029819333357], [77.70507126491, 13.0029433460195], [77.7050310478272, 13.0028907073254], [77.7044148411855, 13.0008600526646]]}}, {"type": "Feature", "properties": {}, "geometry": {"type": "LineString", "coordinates": [[77.7048648726844, 13.0049050197041], [77.7051359246995, 13.004901394308], [77.7052993953566, 13.0048913897982], [77.7056038933138, 13.0048421704229], [77.7057372323977, 13.0048141308249], [77.7058720675683, 13.0047716543352], [77.7060433219641, 13.0047312758601], [77.7063573455512, 13.0046417613597], [77.706464932392, 13.0046187751279], [77.7066145394252, 13.0046004165494], [77.7068602553962, 13.0045971106217], [77.7072999608038, 13.004612107737], [77.7074390212283, 13.0046013837141], [77.7077496802044, 13.0045932537489], [77.708233793624, 13.004548399087], [77.7084347275716, 13.0045554391265], [77.7087415111934, 13.0045449066654], [77.7089460090727, 13.0045216312778], [77.7096446670707, 13.0045014006929], [77.7098584603057, 13.0044819688753], [77.7100330551863, 13.0044557140401], [77.7101131043967, 13.0044294096008], [77.7101716828438, 13.0043932389204], [77.7102925942815, 13.0042811756783]]}}, {"type": "Feature", "properties": {}, "geometry": {"type": "LineString", "coordinates": [[77.533419945979, 13.0068341189378], [77.5334734044295, 13.0067947259562], [77.5337291652177, 13.0066062586586], [77.533862166625, 13.0064883703818], [77.5339621330041, 13.0064112738905], [77.5340807783988, 13.0063085324031], [77.5343331947968, 13.0061457559119], [77.5344755650441, 13.0060368503579], [77.534521327123, 13.0059845919831], [77.5346288390777, 13.0058276929979], [77.5347610069902, 13.005668388405], [77.5348479891229, 13.0055839666915], [77.5350407557385, 13.0054271237105], [77.5351099194014, 13.0053537547161], [77.5351463342161, 13.0052998827501], [77.5352071529241, 13.0051826152308], [77.5352482484533, 13.0050912296979], [77.5352614310896, 13.0050380789184]]}}, {"type": "Feature", "properties": {}, "geometry": {"type": "LineString", "coordinates": [[77.6769686776042, 13.0057879705599], [77.6769669413317, 13.0058132406142], [77.676952251145, 13.0058956059578], [77.6769497273308, 13.0059392615672], [77.6769757237565, 13.0061149163497], [77.6769919567341, 13.006369647018], [77.6769924740215, 13.0064297822936], [77.6769666342774, 13.006755060103], [77.6769519972674, 13.0071257525872], [77.6769417185381, 13.0072113309022], [77.6769280915623, 13.0072619396608], [77.6769182642974, 13.0072794482689], [77.6769002563652, 13.0073004994264], [77.6768797297537, 13.0073176956596], [77.6768506559387, 13.0073362150079], [77.6768087385388, 13.0073537810227], [77.6766966781759, 13.0073828607531], [77.6766509335382, 13.0074017779422], [77.6765839096655, 13.0074434810819], [77.6764727771787, 13.0075292481062], [77.6764350987366, 13.0075465788189], [77.6763110896781, 13.0075926107302], [77.6762656595379, 13.0076171481521], [77.676227888722, 13.007641929055], [77.6761888037946, 13.007673029999], [77.6761535768363, 13.0077100254344], [77.6760738138116, 13.0078174578565], [77.6759873780075, 13.0079210348238], [77.6762100223885, 13.0083921852472], [77.6763295233623, 13.0087242801]]}}, {"type": "Feature", "properties": {}, "geometry": {"type": "LineString", "coordinates": [[77.6567966447524, 13.0061534204486], [77.6569086814262, 13.0061819106755], [77.6570404998929, 13.0061972517461], [77.6571068999939, 13.0062119980116], [77.6571554547476, 13.0062303680508], [77.6572836454215, 13.0062932094346], [77.6573612455599, 13.0063223087244], [77.6575803309589, 13.0063900674514], [77.6576326236912, 13.0063994699772], [77.6576748477816, 13.0063988477174], [77.6577537077133, 13.0063810253797], [77.6579549903458, 13.0063186573947], [77.6582741177345, 13.0061983579008], [77.6584708222231, 13.0061054783771], [77.6586411544293, 13.0060406527646], [77.6586964585859, 13.0060155490284], [77.6587415181986, 13.0059871715879], [77.6588483774419, 13.005897518906]]}}, {"type": "Feature", "properties": {}, "geometry": {"type": "LineString", "coordinates": [[77.7291835323402, 13.0054462606597], [77.7291178509225, 13.0053617635953], [77.7290818778615, 13.0053216875719], [77.7290519478222, 13.0052961559423], [77.7289740233072, 13.0052431516943], [77.7289280504164, 13.0052040941052], [77.7287775979547, 13.0050594162031], [77.7285427168232, 13.0048238554006], [77.7285018907468, 13.0047757634395], [77.7283933661261, 13.0046172205962], [77.7283705598371, 13.004588547996]]}}, {"type": "Feature", "properties": {}, "geometry": {"type": "LineString", "coordinates": [[77.7291835323402, 13.0054462606597], [77.7292902220088, 13.005411068722], [77.7293844067356, 13.0053861383921], [77.7294352430062, 13.0053596152968], [77.7294684887521, 13.005320076702], [77.7295216551193, 13.0051991152688], [77.7295507182409, 13.0051467597774], [77.7295812426517, 13.0051046129482], [77.7296361327924, 13.0050565855532], [77.729783692788, 13.0049536436284], [77.7298300961596, 13.004930673897], [77.7298847772368, 13.0049105258267], [77.7301193369818, 13.004845473236], [77.7302347302552, 13.0048212508262], [77.7333668171904, 13.0035286906822]]}}, {"type": "Feature", "properties": {}, "geometry": {"type": "LineString", "coordinates": [[77.5033296627254, 13.0080377722789], [77.5032164174445, 13.0088994405856], [77.5032697272206, 13.0093531198062], [77.503420304064, 13.0097819548002], [77.5034468393739, 13.0099968432179], [77.5034509182329, 13.010403187424], [77.5033340747685, 13.0109063169085], [77.5032416080745, 13.0114092120362], [77.5023571874332, 13.0131628055775], [77.5019714780915, 13.0135968156099], [77.5017076513518, 13.014029648555], [77.5015155151286, 13.0143183605627], [77.5010098366546, 13.0149447672608], [77.5005517101296, 13.0154511891633], [77.5003815517311, 13.0155006401861]]}}, {"type": "Feature", "properties": {}, "geometry": {"type": "LineString", "coordinates": [[77.5346738649555, 13.0077995235931], [77.5347041453258, 13.0077720052634], [77.5347609675613, 13.0077203660355], [77.5349565278892, 13.0075754493637], [77.5351232335512, 13.0074803111788], [77.5352080006742, 13.0074464356869], [77.5352956951675, 13.0074310743895], [77.535498612757, 13.0074475808088], [77.5357167812941, 13.0074341316165], [77.5359336460839, 13.0073896002621], [77.5361794547789, 13.0073491649066], [77.536279995537, 13.0073244496677], [77.5363607363224, 13.0072958605488], [77.5364207284592, 13.007263701374], [77.536483994717, 13.0072176392075], [77.5368270102226, 13.0069143931032], [77.5369023448612, 13.0068643947947], [77.5370935899835, 13.0067581441472], [77.5372631153865, 13.006626687595]]}}, {"type": "Feature", "properties": {}, "geometry": {"type": "LineString", "coordinates": [[77.7521486097009, 13.0056952586829], [77.7516197971007, 13.0047849628933], [77.7515795531674, 13.0046059905471], [77.7515616762259, 13.0045469489123], [77.7515420573211, 13.0045001053216], [77.751471845164, 13.0043651962217], [77.7514163386919, 13.0041877975676], [77.7513951532736, 13.0041414077769], [77.7513723096902, 13.0041040399427], [77.75134666341, 13.0040721507012], [77.7513196456199, 13.004046875716], [77.7512587058786, 13.0040071286774], [77.7510604330511, 13.0039238574401], [77.7509881753877, 13.0039025742182]]}}, {"type": "Feature", "properties": {}, "geometry": {"type": "LineString", "coordinates": [[77.7521486097009, 13.0056952586829], [77.752231104423, 13.0055544671223], [77.7523364931195, 13.0054355533585], [77.753062008451, 13.0048381048062]]}}, {"type": "Feature", "properties": {}, "geometry": {"type": "LineString", "coordinates": [[77.5747203461663, 13.0075514273286], [77.5747908597164, 13.0072516446484], [77.5747884607303, 13.0071034004429], [77.5747651512957, 13.0069939237112], [77.574723786167, 13.0069086171549], [77.5746573950012, 13.006842442762], [77.5745845287592, 13.0068099299305], [77.5744744107437, 13.0068015057958], [77.5743684890204, 13.0068310741276], [77.574264233289, 13.0069005744477], [77.5741494898268, 13.0070232842374], [77.5739342613805, 13.0073081810641], [77.5738132156544, 13.0074241105935], [77.5736570103708, 13.0075257476493], [77.573298553864, 13.007714603056], [77.5728175062723, 13.0081211478172]]}}, {"type": "Feature", "properties": {}, "geometry": {"type": "LineString", "coordinates": [[77.7288512387504, 13.0060017422945], [77.7288960150788, 13.0059307319183], [77.7289712579832, 13.0058405681577], [77.7290040709278, 13.0057897495841], [77.7290238732716, 13.0057423813329], [77.7290694834567, 13.0055942572944], [77.7290970601906, 13.0055331758101], [77.7291232700892, 13.0054997401711], [77.7291835323402, 13.0054462606597]]}}, {"type": "Feature", "properties": {}, "geometry": {"type": "LineString", "coordinates": [[77.5728175062723, 13.0081211478172], [77.5730683482245, 13.0083337939359], [77.573260690996, 13.0085470191401], [77.5734096042102, 13.0088037034163], [77.5735298588629, 13.0091180379874], [77.5736224918455, 13.0095904134502], [77.5736922150205, 13.0111421387389]]}}, {"type": "Feature", "properties": {}, "geometry": {"type": "LineString", "coordinates": [[77.6517790269872, 13.0073385154388], [77.651741122018, 13.007295937431], [77.6516964675601, 13.0072302951662], [77.6511950474562, 13.0063953534392], [77.6511530749643, 13.006341131443], [77.651082835795, 13.0062747097439], [77.651062651615, 13.0062482116222], [77.6509946422631, 13.0061589265505]]}}, {"type": "Feature", "properties": {}, "geometry": {"type": "LineString", "coordinates": [[77.7568177067148, 13.0062480608005], [77.7567214183824, 13.0062903054269], [77.7565846461844, 13.0063340416136], [77.7564326384143, 13.0064147510059], [77.7559843393519, 13.0066950281177], [77.7559446022782, 13.006715755218], [77.7559061479478, 13.0067429401065], [77.7558038450044, 13.0068512597375], [77.7557508092007, 13.0068902487944], [77.7557041808226, 13.0069120111159], [77.7556203721191, 13.0069383643345], [77.7555632311268, 13.0069609925834], [77.7553802486375, 13.007049226408], [77.7546823987954, 13.0072553687207], [77.7545710993687, 13.0073103888467], [77.754433799018, 13.0073994134111], [77.7543691409582, 13.0074304155954], [77.7542922061678, 13.0074469386279], [77.7541443987185, 13.0074597607349], [77.7539932720655, 13.0075047863527], [77.7539513997755, 13.0075126282408], [77.7539118251845, 13.0075148125857], [77.7538561691738, 13.0075083511854], [77.7537910706216, 13.0074862016759], [77.7536410897086, 13.0074062180321], [77.7534804346461, 13.0073349924224], [77.7533181576793, 13.0072381727894], [77.7532355540247, 13.007207496329], [77.7531978620605, 13.0071311135941], [77.753111914545, 13.0070940219169], [77.753010252307, 13.0070253296819], [77.7529615091055, 13.0069981572906], [77.7529064660268, 13.0069747716449], [77.7527917681731, 13.0069336679456], [77.7527489308544, 13.0069139159966], [77.7527169365791, 13.0068947734473], [77.7526002691174, 13.0068125900618], [77.7525444166549, 13.0067821362466], [77.7525112567789, 13.0067713157417], [77.7524766102753, 13.006765023126], [77.7522783925362, 13.0067521860939]]}}, {"type": "Feature", "properties": {}, "geometry": {"type": "LineString", "coordinates": [[77.7737302322309, 13.0061008602441], [77.7737093184469, 13.0059860614205], [77.7736097913006, 13.0058638991981], [77.7735221326567, 13.0057250514034], [77.7734575524483, 13.0056068712451], [77.7734209055738, 13.0055056502386], [77.7734058308323, 13.0054179669085], [77.7733848456619, 13.0051839504217], [77.7733198242316, 13.004855193642], [77.7732944639804, 13.0045733961597], [77.7732754316317, 13.0044986119577], [77.7732108433549, 13.0043381386067], [77.7731837000565, 13.0042432276422], [77.773176770694, 13.004191420812], [77.7731790185662, 13.0040482297616], [77.7731722640417, 13.003968724572], [77.7730992716068, 13.0037315557258], [77.7730896499971, 13.0036549166692], [77.773083037313, 13.0034598689452], [77.7729925029553, 13.0031235708879], [77.7729863254215, 13.0030586696988]]}}, {"type": "Feature", "properties": {}, "geometry": {"type": "LineString", "coordinates": [[77.7701391875796, 13.0063184332153], [77.7701294925481, 13.0062873859146], [77.7701064315488, 13.0061261681704], [77.7699379517701, 13.0051042009239], [77.7699181173322, 13.0049471427527], [77.7699032369671, 13.004769823612], [77.769905377315, 13.004669468605], [77.769927434742, 13.0044903603884], [77.7699326223423, 13.004259320908], [77.7699476421047, 13.0041945707895], [77.7699896283454, 13.0040921761659], [77.7700003740045, 13.0040530047938], [77.7700034181392, 13.0039987878192], [77.7699871799695, 13.0038885001464], [77.7699856903169, 13.0038369683511], [77.7699945026663, 13.0037980714518], [77.7700334695782, 13.0036850102002], [77.7700399984282, 13.0036368344338], [77.7700379781924, 13.0035892874089], [77.770001040568, 13.0034324298733], [77.7699572091901, 13.0031913882541], [77.769928233842, 13.0030879897162], [77.7699105893278, 13.0030519804088], [77.7698896057536, 13.0030228818781], [77.7698143912311, 13.0029555034058], [77.7697836830603, 13.0029192234262], [77.7697612038713, 13.0028777112206], [77.7697358905578, 13.0028014624476], [77.7696868065881, 13.0026064392819], [77.769667387635, 13.0025052565836], [77.7696257795419, 13.0022074294159], [77.7687680533563, 13.0009017865897]]}}, {"type": "Feature", "properties": {}, "geometry": {"type": "LineString", "coordinates": [[77.7522783925362, 13.0067521860939], [77.752221158169, 13.0066176925584], [77.7521536069935, 13.0064237376052], [77.7520966865316, 13.0062442025714], [77.7520728008675, 13.0061386320278], [77.7520686558731, 13.0060466603304], [77.7520815090872, 13.0059413197259], [77.7521113363505, 13.0058070623963], [77.7521486097009, 13.0056952586829]]}}, {"type": "Feature", "properties": {}, "geometry": {"type": "LineString", "coordinates": [[77.7432735580805, 13.00707242688], [77.7432738160919, 13.006858253675], [77.7432936845675, 13.0067137143324], [77.7434114144444, 13.0062415506718], [77.7434878217687, 13.0058466227285], [77.7435081608596, 13.0056718411378], [77.7435078704251, 13.0055126677984], [77.7434673109003, 13.0051887448324], [77.7433241152561, 13.0044832630445], [77.7430216983939, 13.0025049060097], [77.7429933591557, 13.0022443696574], [77.742948476156, 13.001489225833], [77.742888110949, 13.0011518596819]]}}, {"type": "Feature", "properties": {}, "geometry": {"type": "LineString", "coordinates": [[77.6697625383462, 13.0077580966588], [77.6697008066357, 13.0077120108105], [77.6696286598067, 13.0076648857346], [77.6695860967728, 13.0076407083697], [77.669520220095, 13.0076139731352], [77.6693325708386, 13.0075491359582], [77.6693143082035, 13.0075405176983], [77.6693009100925, 13.0075314844145], [77.6692884938194, 13.0075184679461], [77.6692789790003, 13.0075027286353], [77.6692371272973, 13.0074039153666], [77.6692203695512, 13.007373383595], [77.6692034774235, 13.0073529358684], [77.6691565729357, 13.0073042635733], [77.66910036676, 13.007220419776], [77.6690637071768, 13.0071759024043], [77.6690327408921, 13.007148067956], [77.6690045144481, 13.0071266003673], [77.6688153148453, 13.0069993945961], [77.6687318266479, 13.0069412597981], [77.6686704547975, 13.0068889049597], [77.6686333658273, 13.006854013863]]}}, {"type": "Feature", "properties": {}, "geometry": {"type": "LineString", "coordinates": [[77.6697625383462, 13.0077580966588], [77.6698231400039, 13.0077402644036], [77.6699391559945, 13.0077185834127], [77.6700360162454, 13.0077130397344], [77.670144310265, 13.0077192650427]]}}, {"type": "Feature", "properties": {}, "geometry": {"type": "LineString", "coordinates": [[77.6217541796391, 13.0082489838528], [77.6217547697519, 13.0082307975691], [77.6217492143733, 13.0081663887461], [77.6217470098442, 13.0080697266701], [77.6217424976386, 13.0080242726895], [77.6217386876385, 13.0080025000518], [77.6217263195558, 13.0079654757296], [77.6217157155671, 13.0079431556256], [77.6216943989162, 13.0079108779391], [77.6216544838049, 13.0078565190333], [77.6216290347566, 13.0078256129278], [77.6216113128642, 13.0078076893978], [77.6215920880773, 13.0077915842703], [77.621569231743, 13.007777345256], [77.6215365634368, 13.0077601265577], [77.6214900744284, 13.0077385159898], [77.6214080285462, 13.0077045699334], [77.6213676886869, 13.0076844772746], [77.6213366651836, 13.0076642127747], [77.6213232159727, 13.0076571222588], [77.6213056825398, 13.0076527453138]]}}, {"type": "Feature", "properties": {}, "geometry": {"type": "LineString", "coordinates": [[77.6273249671642, 13.0083868542996], [77.6273483058402, 13.0083670021476], [77.6273554222538, 13.0083629984234], [77.627364034614, 13.0083604566244], [77.6274188659986, 13.0083545539634], [77.627450189573, 13.0083542836685], [77.6274859353057, 13.0083555748424], [77.627498686702, 13.0083543932086], [77.627601841619, 13.0083323855722], [77.6276823050542, 13.0083230115907], [77.6277281412375, 13.0083138338774], [77.627747359069, 13.0083088691912], [77.6278168167545, 13.008287014015], [77.6315613431241, 13.0074927763538], [77.6324076674423, 13.0075446999742]]}}, {"type": "Feature", "properties": {}, "geometry": {"type": "LineString", "coordinates": [[77.7468704959689, 13.0072614251636], [77.7469261591137, 13.0072607499146], [77.7470698452807, 13.0072414995513], [77.7471328019409, 13.0072413432194], [77.747184310189, 13.0072504398881], [77.7473074299837, 13.0072861418277], [77.7474051674449, 13.0072941761254], [77.7476661542612, 13.0072874046402], [77.748111608719, 13.0072655650673], [77.7485409367599, 13.007217210338], [77.7490752602006, 13.0071413704406], [77.7491669130116, 13.0071236766871], [77.7492913416341, 13.0070822131028], [77.7493931621519, 13.0071263004239], [77.7494182000313, 13.0071119214315], [77.7494679322385, 13.0070754815557], [77.7494846562648, 13.0070666359471], [77.7495310671337, 13.0070492219594], [77.7495985193046, 13.0070303564096], [77.7496672385471, 13.0070167085934], [77.7497175694479, 13.0070116855454], [77.7498971065807, 13.0070145320989], [77.7499660417114, 13.0070098573964], [77.7500277057974, 13.0069983465805], [77.7501378851086, 13.0069699567099], [77.7501914067006, 13.0069630605692], [77.7502400416123, 13.0069615485768], [77.7503295725568, 13.0069668241975], [77.7503804676247, 13.0069744551966], [77.7505263869229, 13.0070043240112], [77.7505833936701, 13.0070118973916], [77.7506660881553, 13.0070156627483], [77.7507013113111, 13.0070264598135], [77.7507186217032, 13.0070264334365], [77.7508659999713, 13.0070248697142], [77.7509200817192, 13.0070303439869], [77.7509879092546, 13.0070277376391], [77.7512951050589, 13.0069849482315], [77.7513816285929, 13.0069843322561], [77.7516085062895, 13.0069959608129], [77.7516876580596, 13.0069890698235], [77.7517398940514, 13.0069740380858], [77.7518677020503, 13.0069253244358], [77.7521329826407, 13.0068163980601], [77.7522783925362, 13.0067521860939]]}}, {"type": "Feature", "properties": {}, "geometry": {"type": "LineString", "coordinates": [[77.6699770396369, 13.00819388067], [77.6699252480345, 13.0081201339867], [77.669873302121, 13.008034722586], [77.6698342429954, 13.0079798529081], [77.6698160717786, 13.0079481062401], [77.6697976022675, 13.0079029510137], [77.6697834563494, 13.0078578831801], [77.6697625383462, 13.0077580966588]]}}, {"type": "Feature", "properties": {}, "geometry": {"type": "LineString", "coordinates": [[77.6699770396369, 13.00819388067], [77.6700056382475, 13.0081474243351], [77.6700670629389, 13.0080550896746], [77.6701524876006, 13.0079371698807], [77.670182898007, 13.0078814767682]]}}, {"type": "Feature", "properties": {}, "geometry": {"type": "LineString", "coordinates": [[77.7046346529971, 13.0078708368054], [77.7046325570755, 13.007781455845], [77.7046112101207, 13.0076245742006], [77.7046088730435, 13.0074232324246], [77.7045632865811, 13.0072580667332], [77.7045344336775, 13.0070831979235], [77.704496494642, 13.0069586416086], [77.7044633268153, 13.0068227832874], [77.7044483015726, 13.0067797403472], [77.7043779423078, 13.0066276027261], [77.7043539575578, 13.006555720357], [77.7043343629341, 13.0064753719989], [77.7043254589507, 13.0064117174032], [77.7043231453932, 13.0062990112096], [77.7043147486402, 13.0061990344392], [77.704320548669, 13.0060589748375], [77.7043179839036, 13.0060114712782], [77.7042660921005, 13.0058294774234], [77.7042369285312, 13.0055701475529], [77.7042439787807, 13.0055259494356], [77.7042636088626, 13.005477179276], [77.7043567257085, 13.0053315888393], [77.7044094998556, 13.0052625423593], [77.704562487417, 13.005091114118], [77.7045982459311, 13.0050565582185], [77.7046366166977, 13.0050283392556], [77.7048648726844, 13.0049050197041]]}}, {"type": "Feature", "properties": {}, "geometry": {"type": "LineString", "coordinates": [[77.4996279628017, 13.0101497225723], [77.4996752663895, 13.0102899865854], [77.4996940534319, 13.010400451748], [77.4997651687939, 13.0111077747145], [77.4997910704074, 13.0114769215694], [77.4997879787838, 13.0115478511281], [77.4997761026213, 13.0116332263672], [77.4996804620893, 13.0120335876072], [77.4996446812905, 13.0122772863597], [77.4994702236003, 13.0130172558099], [77.4995524455715, 13.0134371908641], [77.4996534037192, 13.0137804483363], [77.499714400212, 13.0140284734443], [77.4998145920401, 13.014295242171], [77.4998360111036, 13.014486275173], [77.4999945150437, 13.014733358277], [77.5001732891052, 13.0150567417345], [77.5003815517311, 13.0155006401861]]}}, {"type": "Feature", "properties": {}, "geometry": {"type": "LineString", "coordinates": [[77.6222747146336, 13.0091245514333], [77.6222716423679, 13.009074810682], [77.622266878542, 13.009053108236], [77.6222540704239, 13.009012276908], [77.6222441855716, 13.0089854587004], [77.6222363798688, 13.0089691307006], [77.6222270229679, 13.0089546712848], [77.6221900480653, 13.0089049263436], [77.6221742067492, 13.0088874689972], [77.6221647206755, 13.0088800891362], [77.6221517193266, 13.00887389305], [77.6221371124266, 13.00886982899], [77.6221224859243, 13.0088685449338], [77.622092370202, 13.0088689216368]]}}, {"type": "Feature", "properties": {}, "geometry": {"type": "LineString", "coordinates": [[77.487473046283, 13.0105598713952], [77.487486825442, 13.0105945529176], [77.4874983631744, 13.0106179079731], [77.4875113573289, 13.0106371652397], [77.4875283828067, 13.0106551442413], [77.4875581995348, 13.0106770256597], [77.4878559841387, 13.0108609618552], [77.48790215315, 13.0108836693839], [77.4879490261502, 13.0109001911149], [77.4880345129679, 13.0109189526462], [77.4882043340038, 13.0109415211064], [77.4882561550682, 13.0109512154474], [77.4882982389199, 13.0109634290886], [77.4883766252569, 13.0109946455962], [77.4884139949092, 13.0110049854108], [77.4885717462559, 13.0110345540762], [77.4886072034371, 13.0110356974197], [77.4887166177878, 13.0110315874342], [77.4887865800104, 13.0110250713842], [77.4889171764355, 13.0110012741016], [77.4889859117005, 13.0109913807485], [77.4893416578801, 13.0109458338113], [77.4894273523251, 13.0109439461122], [77.4896118394248, 13.0109505462712], [77.4897199653741, 13.0109444840311], [77.4898484098645, 13.0109330306783], [77.4899673416203, 13.010936704609], [77.4900098333981, 13.0109308016067], [77.4900406840927, 13.01092102412], [77.4901013520461, 13.0108820375781], [77.4901327418505, 13.0108685785712], [77.4901678759352, 13.0108607160225], [77.4902062788928, 13.010857623276], [77.4902317328358, 13.0108599303744], [77.4902646081603, 13.0108668860925], [77.4903201449804, 13.0108889168398], [77.4903698145403, 13.0109194633629], [77.4904391753606, 13.0109733334418], [77.4904621995756, 13.010988283005], [77.4905017947806, 13.0110079731207], [77.4905912692783, 13.0110410086952], [77.4906906521137, 13.0111030525669], [77.4905584507663, 13.0113360874012], [77.4904501168743, 13.0114733869389], [77.4903346116991, 13.0116250983437], [77.4903204153436, 13.0116682637614], [77.490310553311, 13.0117933619622], [77.4903382947728, 13.0117911033761], [77.490451848183, 13.0118038672514], [77.4906745959852, 13.011775906254], [77.490744164065, 13.0117744801266], [77.4908136843133, 13.0117821951291], [77.4908908637398, 13.0118077529165], [77.4910480350241, 13.0118968949227], [77.4912705808307, 13.011969359118]]}}, {"type": "Feature", "properties": {}, "geometry": {"type": "LineString", "coordinates": [[77.6763295233623, 13.0087242801], [77.675329370418, 13.008216392107], [77.6752298447553, 13.0081646892033], [77.6751842708464, 13.0081328977235], [77.6751523708431, 13.0081005315941], [77.6750830571394, 13.0080095262764], [77.6750397381636, 13.0079703959397], [77.6749122129823, 13.0078971984267], [77.6748742794114, 13.0078704845814], [77.6748370270011, 13.0078322898783], [77.6747539675446, 13.0077227677661], [77.6747025857459, 13.0076755701961], [77.6746526660332, 13.0076427203748], [77.6744766758162, 13.0075433445755], [77.6741414558337, 13.0072830856627], [77.6740919773641, 13.007250561793], [77.6740440891412, 13.0072268999415], [77.6739838608044, 13.0072086861888], [77.6739115420082, 13.0071997871318], [77.6738493038442, 13.0072007746356], [77.6737037283957, 13.0072133161888], [77.673526221314, 13.0072121744132], [77.6734376443367, 13.0072292812733], [77.6732393066523, 13.0072927361244], [77.6731667935625, 13.0073034494545], [77.6731130453913, 13.0073013021958], [77.6730431950429, 13.0072835848516], [77.6728501380985, 13.0071993517573], [77.6726697957766, 13.0071391917959], [77.6724731359922, 13.0070516981518], [77.6723769402817, 13.007026783754], [77.6722002487419, 13.0069979738065]]}}, {"type": "Feature", "properties": {}, "geometry": {"type": "LineString", "coordinates": [[77.6763295233623, 13.0087242801], [77.6764050468298, 13.0089341588221], [77.6765389106015, 13.0091920264158], [77.6765810803388, 13.0092588053359], [77.676940072654, 13.0090416837412], [77.6769881138219, 13.0090289887073], [77.6770373468111, 13.0090184964484], [77.677087368098, 13.0090102924322], [77.6771377656748, 13.0090044441471], [77.6771881125913, 13.0090010002648], [77.6772380359852, 13.008999984508], [77.6772871600563, 13.009001404369], [77.6773351419824, 13.009005249836], [77.6774085274562, 13.0090159769859], [77.6774824070472, 13.0090324824391], [77.6775552228255, 13.0090544182151], [77.6776253961388, 13.0090813082699], [77.6776576713004, 13.0090969215117], [77.6777273095467, 13.0091354119123], [77.677757506122, 13.0091495487974], [77.6778078789441, 13.0091677377102], [77.6778894796784, 13.0091919504366], [77.6779430318763, 13.0092060232279], [77.6780681894479, 13.0092344033493], [77.6781269450248, 13.009251047589], [77.6781713167464, 13.009267185385], [77.6782737321917, 13.0093100302191], [77.6783205827293, 13.0093275923105], [77.6783647736826, 13.0093405357858], [77.678475491184, 13.0093674576916], [77.6785054404095, 13.0093767440876], [77.6785316973444, 13.009386821123], [77.678578086585, 13.0094104956588], [77.6786683841398, 13.009467285319], [77.6787079039035, 13.009489289963], [77.6787773128411, 13.0095266522732], [77.6788067567546, 13.0095407832385], [77.6788378259304, 13.0095519234965], [77.6788663633598, 13.0095573968169], [77.6788868237364, 13.0095583074891], [77.6789097848858, 13.0095571985775], [77.6789717186555, 13.0095482550472], [77.6790034281172, 13.0095415560098], [77.6790380960489, 13.009531706147], [77.679138331037, 13.0094957408353], [77.6791772819027, 13.0094790226077], [77.6792794168014, 13.0094277335182], [77.6793108633619, 13.0094158608144], [77.6793398977912, 13.0094085985648], [77.6793795696874, 13.0094033430372], [77.6794213467347, 13.0094014344484], [77.6794641911748, 13.0094029214596], [77.679506781429, 13.00940776081], [77.6795354806611, 13.0094135467604], [77.6795670392799, 13.0094225661635], [77.6796651516749, 13.0094586415791], [77.6797364851273, 13.0094869897082], [77.6798852290209, 13.0095522765515], [77.6799660948328, 13.0095836951606], [77.6801587356747, 13.0096500666994], [77.6802439973538, 13.0096823783926], [77.6802895598946, 13.0097020654914], [77.6803310215348, 13.0097221545035], [77.68036922317, 13.0097430522941], [77.6804045726037, 13.0097649859145], [77.6804609322642, 13.009803586493], [77.6805097591021, 13.0098399170328], [77.6805531102627, 13.0098755136984], [77.6805915807742, 13.0099108798471]]}}, {"type": "Feature", "properties": {}, "geometry": {"type": "LineString", "coordinates": [[77.6697513193472, 13.0088751225457], [77.669767166887, 13.0088035659675], [77.6698042762748, 13.0087119134098], [77.669816527183, 13.0086721215694], [77.6698325341866, 13.0085892141489], [77.6698486816599, 13.0084790655729], [77.6698655995919, 13.0084103391194], [77.669881348309, 13.0083691435558], [77.66991258074, 13.0083041687678], [77.6699770396369, 13.00819388067]]}}, {"type": "Feature", "properties": {}, "geometry": {"type": "LineString", "coordinates": [[77.5257696098125, 13.0103211192039], [77.5257740013113, 13.0100400149236], [77.5257926283315, 13.009864639561]]}}, {"type": "Feature", "properties": {}, "geometry": {"type": "LineString", "coordinates": [[77.7565235957778, 13.0079765360537], [77.7565760903399, 13.0079187453554], [77.7566159274185, 13.0078833028178], [77.7566654138436, 13.0078495716041], [77.7567755214451, 13.0077855264294], [77.7568048731769, 13.0077632555712], [77.7568330842563, 13.0077365515744], [77.7568781270756, 13.0076811895804], [77.7569279468868, 13.0076057862446], [77.7569449748162, 13.0075713756], [77.7569546565947, 13.0075326835896], [77.757588515718, 13.0068089615618], [77.7576052594332, 13.0067687699383], [77.7576291404282, 13.0066734728578], [77.7576834100204, 13.0065603869708], [77.7578124290595, 13.006329090619], [77.757856698764, 13.0062648335994], [77.7578990214211, 13.0062138625837], [77.7580704117049, 13.0060223434366], [77.7581446305692, 13.0059473969281], [77.7584140430903, 13.005704654054], [77.7586453602874, 13.0055084804085], [77.7588197984091, 13.0053438376411], [77.759778217719, 13.0042481360208], [77.7600175177901, 13.0039842078995], [77.7603584158879, 13.0036461724445], [77.7607807785767, 13.0032449488699], [77.7609076537727, 13.0031141682541], [77.7609756239556, 13.0030366951994], [77.7610231364226, 13.0029742362262], [77.7614356026434, 13.0023850087222], [77.7615036829308, 13.0023076103015], [77.7616597506389, 13.0021575761613], [77.7616973080247, 13.0021094043116], [77.7617606548904, 13.0020050243382], [77.761799277591, 13.0019515666508], [77.7619484016994, 13.0017983552548]]}}, {"type": "Feature", "properties": {}, "geometry": {"type": "LineString", "coordinates": [[77.6296269893149, 13.0095786140685], [77.6295444249456, 13.0096416273751], [77.629466463966, 13.0096789145749], [77.6293892298954, 13.0096921727217], [77.6293072798259, 13.0096858773714], [77.629254600819, 13.0096678688897], [77.6292039120562, 13.0096407031343], [77.6289225392867, 13.0094480274068], [77.6288245125397, 13.0093926282626], [77.6287396958565, 13.0093706406211], [77.6285224454204, 13.009346080561], [77.628334192623, 13.0092981091084]]}}, {"type": "Feature", "properties": {}, "geometry": {"type": "LineString", "coordinates": [[77.5238552019322, 13.0110397414205], [77.523557012087, 13.0108387153634], [77.5234936820327, 13.0107815966009], [77.5234238267648, 13.0106917902358]]}}, {"type": "Feature", "properties": {}, "geometry": {"type": "LineString", "coordinates": [[77.5238552019322, 13.0110397414205], [77.5240591272461, 13.011039636198], [77.5244718974383, 13.0109776590662], [77.5251560134358, 13.0109342668595], [77.5253859601474, 13.0108894715828], [77.5255068613489, 13.0108247357179], [77.5256148008034, 13.0107094536506], [77.5256779905461, 13.0105850087824], [77.5257696098125, 13.0103211192039]]}}, {"type": "Feature", "properties": {}, "geometry": {"type": "LineString", "coordinates": [[77.5269184333252, 13.0110873829672], [77.5267372284073, 13.0108767403262], [77.5266902855411, 13.0107773355715], [77.5266079424102, 13.0106790472152], [77.5265093950407, 13.0105960480756], [77.5264275302845, 13.0105479692597], [77.5263264257162, 13.0105024891869], [77.5260639487009, 13.0104255207318], [77.5258710784295, 13.0103501572314], [77.5257696098125, 13.0103211192039]]}}, {"type": "Feature", "properties": {}, "geometry": {"type": "LineString", "coordinates": [[77.6491990626367, 13.0099079371732], [77.6490991158942, 13.0098543205761], [77.6490318204533, 13.0098066319003], [77.6488279770363, 13.0096342099667], [77.6487553690719, 13.0095663583298], [77.6486624245334, 13.0094567117924], [77.6481542397557, 13.0088058173396], [77.6480343244259, 13.0086731426786], [77.6479761884531, 13.0086088234315]]}}, {"type": "Feature", "properties": {}, "geometry": {"type": "LineString", "coordinates": [[77.7729576709627, 13.0087679161801], [77.7726123714082, 13.0087195749046], [77.7725465084012, 13.0086932274221], [77.7723993273328, 13.008603499142], [77.7722920675894, 13.0085511902021], [77.7721824714189, 13.0085133601034], [77.7720868795885, 13.0084977454277], [77.7719287176227, 13.0084926979136], [77.7716343056712, 13.0085015069631], [77.7710307207553, 13.0085780604421], [77.7706154399144, 13.0085655785635], [77.7705348517573, 13.0085770713973], [77.7704737190153, 13.0085973823212], [77.7702080270175, 13.0087617536409], [77.7698793207848, 13.0089040675841]]}}, {"type": "Feature", "properties": {}, "geometry": {"type": "LineString", "coordinates": [[77.7529843636038, 13.009071015806], [77.7529510282149, 13.0089746422857], [77.7529339124338, 13.0088043679614], [77.7529254535678, 13.008764545143], [77.7528648943802, 13.0086282968136], [77.7528462501501, 13.0085619059386], [77.7528274570093, 13.0084643292742], [77.7528138229894, 13.0084218586154], [77.7527969571336, 13.0083925584365], [77.7527581155993, 13.0083493336329], [77.7527395531259, 13.0083215600099], [77.7527201980347, 13.0082776442106], [77.752694932062, 13.0082019831813], [77.7524673025734, 13.0074823123257], [77.7523162377723, 13.0069467641906], [77.7522783925362, 13.0067521860939]]}}, {"type": "Feature", "properties": {}, "geometry": {"type": "LineString", "coordinates": [[77.6805915807742, 13.0099108798471], [77.6806162731088, 13.0099361784371], [77.6806409676494, 13.0099655385786], [77.6806956481468, 13.0100408443425], [77.6807223942805, 13.0100734498744], [77.6807493472323, 13.0101015544534], [77.6807805965469, 13.0101312406969], [77.6808724316462, 13.0102105012819], [77.6809647210674, 13.0102950816226], [77.6810020599995, 13.0103263002427], [77.6810438540669, 13.0103544157787], [77.6810640410962, 13.0103648597024], [77.6810840890504, 13.0103730791446], [77.6811165358516, 13.0103826049711], [77.6811536606098, 13.0103897020392], [77.6811961031113, 13.010394580543], [77.6812511081119, 13.010398077992], [77.681302119699, 13.0103976662538], [77.6814267295413, 13.0103885800295], [77.6815531679502, 13.0103841055419], [77.6816177924987, 13.0103838754982], [77.6816795826078, 13.0103875330609], [77.6817341922424, 13.0103956453205], [77.6817989583469, 13.0104110629327], [77.6818608990457, 13.0104306074523], [77.6819187746877, 13.0104538869879], [77.6819717940913, 13.0104805772814], [77.6820105678125, 13.0105038501619], [77.6820474123073, 13.010529001228], [77.6820816695536, 13.0105555810811], [77.6821128694315, 13.0105832223937], [77.6821449834785, 13.0106174823079], [77.6821769073859, 13.0106592458067], [77.682206896684, 13.0107048704568], [77.6822633131063, 13.0107977835591], [77.6822849709215, 13.0108349818614], [77.6823336580554, 13.0109256026153], [77.6823608332807, 13.0109695498661], [77.6824189397323, 13.0110487846012], [77.6824779651609, 13.011117952542], [77.6825078872208, 13.0111488374692], [77.6825380877391, 13.0111772596224], [77.6825685704676, 13.0112032252867], [77.6825993381689, 13.0112267344334], [77.6826280694032, 13.0112456646582], [77.6826617341046, 13.0112645077111], [77.6827827271614, 13.0113220341525], [77.6828283378955, 13.0113461593922], [77.6828599447254, 13.0113660535492], [77.6828927692266, 13.0113898611686], [77.6829276475774, 13.0114181490486], [77.6829683065735, 13.0114539320368], [77.6830687226386, 13.0115444004382], [77.6831029725096, 13.0115722412951], [77.6831347198674, 13.0115953445463], [77.6831675313857, 13.0116159714744], [77.6831996592596, 13.0116326550162], [77.683231606567, 13.0116456573656], [77.6832636619595, 13.0116550911683], [77.6832933225813, 13.0116609823215], [77.6833606556703, 13.0116713411096], [77.6834570225761, 13.0116894430908], [77.6835527635907, 13.0117093961995], [77.6836478768933, 13.0117312022615], [77.6837423633783, 13.0117548585579], [77.6838362221556, 13.0117803678082], [77.6839294550504, 13.0118077281871], [77.6840220620649, 13.011836939695], [77.6841041316237, 13.0118647145593], [77.6841785230753, 13.0118929058251], [77.6842628240644, 13.0119278736815], [77.6845092370272, 13.0120346058208], [77.6845868113024, 13.0120651651682], [77.6846624378261, 13.0120919441626], [77.6848207604542, 13.0121416139393], [77.6848806383239, 13.012159303565], [77.6851263206354, 13.0122284360863], [77.685202526929, 13.0123968965747], [77.6851590196493, 13.0125745364046], [77.6850650173315, 13.0128084570686], [77.6850123788258, 13.0130608452716], [77.6849850033688, 13.0132882050224], [77.6849864583127, 13.0135652209475], [77.6849882231811, 13.0139013747587], [77.6851196282973, 13.0141403833866], [77.6852669039829, 13.0143793124501], [77.6853095957886, 13.0144603879252], [77.6854779771503, 13.0147314082177], [77.6856682513884, 13.0149708464045], [77.6858284803596, 13.0152067499775], [77.6858486124265, 13.0152417964188], [77.6859271834184, 13.015404251583], [77.6859540743327, 13.0154485480774], [77.6859743028465, 13.0154715081923], [77.6859993642757, 13.0154906005849], [77.6860260718074, 13.0155024868864], [77.6860544012072, 13.015508851233], [77.6860991846925, 13.0155115969313], [77.6862631208042, 13.0155088071219], [77.6863744482727, 13.015510828051], [77.6867557852907, 13.0155419308914], [77.6870747732874, 13.0155436160823], [77.6872641082152, 13.015551222169], [77.6873976442229, 13.0155628808806], [77.6874573037251, 13.0155721923146], [77.6875188594282, 13.0155861337278], [77.6877356043879, 13.0156522322371], [77.6878101379017, 13.0156682604205], [77.6879943652328, 13.0156849282176], [77.6882622928873, 13.015803294861]]}}, {"type": "Feature", "properties": {}, "geometry": {"type": "LineString", "coordinates": [[77.5736922150205, 13.0111421387389], [77.5736442555196, 13.011151770174], [77.5735990864815, 13.0111643164341], [77.5735568273432, 13.0111797447149], [77.573517577237, 13.0111980188], [77.573487623105, 13.0112161536606], [77.5734583482681, 13.0112389562072], [77.5734294912669, 13.0112666250822], [77.573400621496, 13.0112995747233], [77.5733724211805, 13.0113366853159], [77.5733425782297, 13.0113806856223], [77.573224994424, 13.0115745184734], [77.5731964973711, 13.01161841417], [77.5731698213926, 13.0116561953429], [77.5731376469184, 13.0116968516271], [77.5731056463765, 13.0117316852803], [77.573073222037, 13.0117613436792], [77.5730400552879, 13.0117861118596], [77.5729901699311, 13.0118152044676], [77.5729313540373, 13.0118418180734], [77.572864102162, 13.0118662892674], [77.5727218769765, 13.0119110864033], [77.5726617948558, 13.0119317850063], [77.5726008062188, 13.0119568706907], [77.5725489401817, 13.0119836745707], [77.5724584552563, 13.0120385187217], [77.57238164988, 13.0120898040022], [77.5723141556641, 13.0121404557457], [77.5722549389936, 13.0121912918917], [77.572219365047, 13.0122259305314], [77.5721870807781, 13.012261056925], [77.5721534562246, 13.012301572117], [77.5721227543707, 13.012342101684], [77.5720951342873, 13.0123824353531], [77.572070697658, 13.0124224266616], [77.5720436620718, 13.01247217477], [77.5720213178734, 13.0125190467534], [77.572003321508, 13.0125637678739], [77.5719895707305, 13.0126066083729], [77.5719769084913, 13.0126630656669], [77.5719689675513, 13.0127241903213], [77.5719657761354, 13.0127897706493], [77.57196735265, 13.0128594468962], [77.5719719234923, 13.0129136598642], [77.571979544221, 13.0129666382881], [77.5719901056797, 13.0130176252583], [77.5720034906555, 13.0130660654134], [77.5720144989841, 13.0130964195497], [77.5720293435451, 13.0131293312383], [77.572088900598, 13.0132399909443], [77.5721099787042, 13.0132838456795], [77.5721412533105, 13.0133595586973], [77.572169517034, 13.0134345688778], [77.5721947272217, 13.0135087610043], [77.5722168515782, 13.0135820414403], [77.5722373139279, 13.0136582808835], [77.5722538810195, 13.0137285627876], [77.572266980785, 13.0137947141953], [77.572276754457, 13.0138574754364], [77.5722818673936, 13.0139179592457], [77.5722818533776, 13.0139847385355], [77.5722767806361, 13.0140613008365], [77.5722594713014, 13.01422297806], [77.5722538300191, 13.0142929264491], [77.5722521119783, 13.0143664515121], [77.5722560800469, 13.0144319716459], [77.5722673861523, 13.0145123384988], [77.5722922737115, 13.0146500767895], [77.572320063169, 13.0148077723246], [77.5723403498037, 13.0149025910421], [77.5724728623986, 13.0156601884269], [77.5725220423173, 13.0161424560539], [77.5725112750619, 13.0162919043573], [77.5725035681227, 13.0163703276848], [77.5724925253926, 13.0164442479086], [77.5724782356311, 13.01650789203], [77.5724588269775, 13.0165669215474], [77.5724474343812, 13.0165931929721], [77.5724348724769, 13.0166174034933], [77.5724211042283, 13.0166396248506], [77.5724061141598, 13.0166598752664], [77.5723898795377, 13.0166781838762], [77.5723723839931, 13.0166945716215], [77.5723423758634, 13.0167162015408], [77.5723044417269, 13.0167365522196], [77.5722655838527, 13.0167533714528], [77.5721709376852, 13.0167903074184], [77.5721269050779, 13.0168105848714], [77.5720707054239, 13.01684155516], [77.5719432812942, 13.0169168161121], [77.5718815358141, 13.0169495732933], [77.571824584496, 13.0169752992607], [77.5717597651908, 13.0170006379937], [77.5715276714758, 13.0170786111716], [77.5714371080156, 13.017112454568], [77.5712921785321, 13.0171660444465], [77.5712419892785, 13.0171863394711], [77.5711889497359, 13.0172123074935], [77.5711448192212, 13.0172401711183], [77.5711223989455, 13.017258273599], [77.5710995258414, 13.017280532812], [77.5710753056087, 13.0173076984534], [77.5710052504212, 13.0173919521465], [77.5709813423005, 13.0174165064355], [77.5709583030539, 13.017436327981], [77.5709330977582, 13.0174544643945], [77.5709054773503, 13.0174716914962], [77.5708751461544, 13.0174881965208], [77.5708414902986, 13.0175043144098], [77.5707778962773, 13.0175306472268], [77.5706330763182, 13.017584625102], [77.5705725071848, 13.0176104255639], [77.5704723486833, 13.0176587123741], [77.5702150097569, 13.0177876191838], [77.5701390032629, 13.0178234789195], [77.5700698833054, 13.0178539906143], [77.5699408257061, 13.0179066898073], [77.5698042609655, 13.0179584415656], [77.5696722595555, 13.0180051673181], [77.5695310135131, 13.0180530245153], [77.5694292647257, 13.0180854477466], [77.5693365013873, 13.0181121633394], [77.5692510957746, 13.0181334738274], [77.569148443791, 13.0181534582018], [77.5688998953983, 13.0181925318348], [77.5686612938942, 13.0182321147001], [77.5685680290603, 13.0182495249721], [77.5684705027379, 13.0182722942322], [77.5683848918848, 13.0182982935821], [77.568301799857, 13.0183311558448], [77.5681522035751, 13.0184002891053], [77.5680926014156, 13.0184260063057], [77.5679949860933, 13.0184641168514], [77.5678470076753, 13.0185190407512], [77.5675546042646, 13.018623777556], [77.5673437604725, 13.0187086055735], [77.5672888259873, 13.0187270876389], [77.567238826409, 13.0187401091573], [77.5671884310141, 13.0187488748227], [77.5671313368676, 13.0187545754635], [77.5669487098697, 13.0187608163562], [77.5668874590361, 13.0187647006146], [77.5667341152544, 13.0187801222433], [77.5665595788191, 13.0188006701932], [77.5663238616024, 13.0188376413521], [77.5662692162555, 13.0188443086502], [77.5662200373125, 13.0188481825593], [77.5661734251119, 13.0188491689191], [77.5660680073357, 13.0188474136232], [77.5660208679021, 13.0188490972177], [77.5658906885846, 13.0188595947256], [77.5658453297135, 13.0188653487762], [77.5658049996788, 13.018872344976], [77.5657663690392, 13.0188813444639], [77.565731194653, 13.0188921455473], [77.5656990512802, 13.0189048807268], [77.5656697214568, 13.0189196379837], [77.5656019877114, 13.0189595127269], [77.5655572592759, 13.0189921408546], [77.5655395435012, 13.0190085918573], [77.5655252099846, 13.0190250265492], [77.5655141594586, 13.019041557941], [77.5655063556764, 13.0190582451161], [77.5655012816996, 13.019078664531], [77.5654997167857, 13.0191032403226], [77.5655063014987, 13.0191834792556], [77.5655070693266, 13.0192075856542], [77.56550486603, 13.0193718890987], [77.5655001683506, 13.0194670788726], [77.565490043982, 13.0195549601398], [77.5654827800859, 13.0195949139553], [77.5654739496581, 13.0196327935948], [77.5654560993243, 13.0196981135716], [77.5654402154757, 13.0197475251004], [77.5654231883696, 13.0197906906461], [77.5654045867384, 13.0198284104168], [77.5653712591566, 13.0198835625598], [77.5653364892862, 13.0199312574392], [77.5653009077143, 13.0199706341488], [77.5652648179539, 13.0200013707657], [77.5652442401981, 13.020014326631], [77.565221112908, 13.0200251313149], [77.5651951876197, 13.0200339047244], [77.5651659391529, 13.0200408273255], [77.5651093088276, 13.0200486623605], [77.5649689812077, 13.0200596746372], [77.5649331667807, 13.0200649781579], [77.5649019526945, 13.0200719644517], [77.564761514032, 13.0201022718172], [77.564709256566, 13.0201166379115], [77.5646823489614, 13.0201267472605], [77.564658953384, 13.020138077653], [77.5646386389229, 13.0201508375336], [77.5646212078881, 13.0201651562458], [77.5646062836735, 13.0201808785091], [77.5645920535344, 13.0201992229469], [77.5645784829355, 13.0202202359769], [77.5645655074496, 13.0202440140027], [77.5645412770471, 13.0202997491376], [77.5645167510131, 13.0203724196776], [77.5645109022663, 13.0203949192732], [77.5645068087549, 13.0204188488304], [77.5645037386066, 13.0204720247191], [77.5645067472594, 13.0205297995583], [77.564519884635, 13.0206458371173], [77.5645236607611, 13.0206938470891], [77.5645237221494, 13.0207431432897], [77.5645187240112, 13.0207859810915], [77.5645108491861, 13.0208212908927], [77.5645004918513, 13.0208566650097], [77.564487630638, 13.0208921759299], [77.5644722314933, 13.0209279170454], [77.5644542747699, 13.0209639490817], [77.5644336684274, 13.0210004608669], [77.5644103202203, 13.0210376213554], [77.5643840706004, 13.0210756850914], [77.564337151981, 13.0211371919034], [77.5642809255292, 13.0212039982965], [77.5642208965098, 13.0212706336078], [77.5640578545857, 13.0214460363933], [77.5640113393606, 13.0214988543022], [77.5639716880578, 13.021546698559], [77.5631483693632, 13.0212935027733], [77.5620225016147, 13.0215438412233], [77.5619433175812, 13.0215640464232], [77.5618721025973, 13.0215978583282], [77.5615848814221, 13.0217850505616], [77.5612723530476, 13.0219156510092], [77.5610673956475, 13.0220626563743], [77.5609913589363, 13.0221042050221], [77.5607437790922, 13.0221820320441], [77.5603924730819, 13.0222437668447], [77.5603240462561, 13.022271076697], [77.5602736944412, 13.0223122638962], [77.5602318619829, 13.0223953296383], [77.5602302031381, 13.0224889113078], [77.5602498896808, 13.0225434028685], [77.5603710134486, 13.0227082962064], [77.5604094130787, 13.0227913128054], [77.5604645167154, 13.0231731234494], [77.5604655192919, 13.023271391218], [77.5604319778006, 13.0233732979165], [77.5603600549541, 13.0234792446425], [77.5602591124277, 13.0235863806329], [77.5600786942049, 13.0237497250775], [77.5599876585469, 13.0238093444468], [77.5597333539618, 13.0239385525632], [77.5593113455751, 13.0241749701994], [77.5591586099658, 13.0242361347213], [77.5588520342032, 13.0243242461636], [77.5587302878751, 13.0243693093375], [77.558597580454, 13.0244361843876], [77.5583145606804, 13.0246038386282], [77.5581928286853, 13.0246628851224], [77.5574378713243, 13.0248993347881], [77.5571762518622, 13.0249696914444], [77.5569122509655, 13.0250767335941], [77.5566757620969, 13.0251436092351], [77.5561626256424, 13.025397146052], [77.5560555716651, 13.0254794391715], [77.5558512070239, 13.0256920183722], [77.5557316636393, 13.0259009121729], [77.5555812200402, 13.0261136604324], [77.5555437371636, 13.0261906893478], [77.5555006222173, 13.0263446534476], [77.5554541601608, 13.0264567229521], [77.5554218728762, 13.0266051242773]]}}, {"type": "Feature", "properties": {}, "geometry": {"type": "LineString", "coordinates": [[77.6117280405515, 13.0107815042179], [77.611740172091, 13.0105963622961], [77.6117528187076, 13.0105004280316], [77.6118017258646, 13.0102963577084], [77.6118406903267, 13.0101699968082], [77.611865408539, 13.010120019982], [77.6118940035867, 13.0100775106411], [77.6120569712049, 13.0098818263959], [77.6121215687993, 13.0097963825639], [77.6121482542822, 13.0097490753986], [77.612187158567, 13.0096509433863]]}}, {"type": "Feature", "properties": {}, "geometry": {"type": "LineString", "coordinates": [[77.6117280405515, 13.0107815042179], [77.6119766388574, 13.010662607567], [77.6123068844238, 13.0105260558403]]}}, {"type": "Feature", "properties": {}, "geometry": {"type": "LineString", "coordinates": [[77.6646344572003, 13.0102512001302], [77.6645674584201, 13.0102145948568], [77.6645299146127, 13.0101865536997], [77.6645035784508, 13.0101506761515], [77.6644957490924, 13.0101215979767], [77.6644962276781, 13.0100873203809], [77.6645038553158, 13.010050956596], [77.6645758607008, 13.0098277985818], [77.6645806123881, 13.0097822398634], [77.6645720513022, 13.0097330489824], [77.6645485194006, 13.009676716148], [77.6645053932092, 13.0095969881431], [77.6643519353321, 13.0093544658575], [77.6642949695386, 13.0092875761523], [77.6642342632631, 13.0092481037925], [77.6641589697731, 13.0092194556633], [77.6639193881697, 13.0091470716535], [77.6638322986611, 13.0091059278613], [77.6637978275943, 13.0090781440773], [77.6637637732204, 13.0090380500689], [77.6637040032741, 13.0089256176229], [77.6636611310389, 13.0088088135891], [77.6636402775796, 13.0086933842347], [77.6636005071854, 13.0080222028052], [77.6635891019554, 13.0079141329666], [77.6635532185587, 13.0077882376854], [77.6634751124425, 13.0076193482791], [77.6634411095721, 13.0075184791661], [77.6634163597268, 13.0074767618986]]}}, {"type": "Feature", "properties": {}, "geometry": {"type": "LineString", "coordinates": [[77.6024070864024, 13.0109598461038], [77.6026083304599, 13.0109497844118], [77.6030666029052, 13.0108878511202], [77.6031841469473, 13.010887842191], [77.6032621223067, 13.0109038930852], [77.6033416701663, 13.0109364256436], [77.6033996293361, 13.0109695814229], [77.6035357421699, 13.0110618055617], [77.6035859418648, 13.0110868405878], [77.6036455811927, 13.0111025722124], [77.6037722200292, 13.0111087613492]]}}, {"type": "Feature", "properties": {}, "geometry": {"type": "LineString", "coordinates": [[77.6111210731636, 13.0111425085616], [77.6109482706423, 13.0108098684033], [77.6105314184014, 13.009879781619], [77.6105088937738, 13.0098377091984], [77.610460893151, 13.0097676991794]]}}, {"type": "Feature", "properties": {}, "geometry": {"type": "LineString", "coordinates": [[77.6111210731636, 13.0111425085616], [77.6114284656962, 13.0109150109418], [77.6115628381438, 13.0108470911306], [77.6117280405515, 13.0107815042179]]}}, {"type": "Feature", "properties": {}, "geometry": {"type": "LineString", "coordinates": [[77.7503323653228, 13.0112626231218], [77.7502963893459, 13.0112479425634], [77.7502410747976, 13.0112346865828], [77.75021197791, 13.0112193558297], [77.7501943694546, 13.0112049140629], [77.750118844361, 13.0111298922887], [77.7500403482499, 13.0110663074186], [77.7499648978501, 13.0109867735656], [77.7499102942201, 13.0109409919269], [77.7498773483878, 13.0109061078304], [77.749861495614, 13.0108842934154], [77.7498113864407, 13.0107984701032], [77.7497785901691, 13.0107635283954], [77.749735407029, 13.0107389514037], [77.7496442682653, 13.0107062099941], [77.7495745635818, 13.0106610725532], [77.7495415711864, 13.0106453512131], [77.7495064801327, 13.0106356375771], [77.7494423741746, 13.0106273760615], [77.7494050182904, 13.0106197116856], [77.7493021166673, 13.0105876693596], [77.7492592137178, 13.0105776374228], [77.7491284947657, 13.0105629185713], [77.7491006566202, 13.010554040354], [77.7490433903717, 13.0105276016995], [77.7490100340611, 13.0105164703434], [77.7489711887883, 13.0105101640343], [77.748865335381, 13.0105022536383], [77.7487410061603, 13.0104672277491], [77.7487116777196, 13.0104634699971], [77.7486710046133, 13.0104628369536], [77.7485464862196, 13.0104724103629], [77.7485006854077, 13.0104665028934], [77.7484671775707, 13.0104559981713], [77.7484301008718, 13.0104387237711], [77.7484004505552, 13.0104183833516], [77.7483123762901, 13.0103473827231], [77.7482861753516, 13.0103329162218], [77.748253350145, 13.0103206535792], [77.7482088960127, 13.0103112178268], [77.7480185208563, 13.0102958459881], [77.7478422548184, 13.0102718151441], [77.7477461151552, 13.0102553100383], [77.7475772205706, 13.0102191287943], [77.7474811381449, 13.0101936863265], [77.7473425841175, 13.0101384041504], [77.7471409782012, 13.0100724367014]]}}, {"type": "Feature", "properties": {}, "geometry": {"type": "LineString", "coordinates": [[77.7031896972578, 13.0117922715868], [77.7031552303322, 13.0117857879075], [77.7031029534284, 13.0117651183025], [77.7030554435669, 13.0117341151386], [77.7029962698691, 13.0116700034125], [77.70295061544, 13.011589449613], [77.7029209300838, 13.0115033453297], [77.7028859242915, 13.0113574822603], [77.702854261562, 13.0111124919724], [77.702847169735, 13.0109993765736], [77.7028500939408, 13.0107582571463], [77.7028716783747, 13.0105064190912], [77.7028706211708, 13.0104423700786], [77.7028561379254, 13.0103660433872], [77.7028283450169, 13.0102893648735], [77.7027952054236, 13.0102430615758], [77.7027541339115, 13.0102151348936], [77.7027104168955, 13.0102032225512], [77.7026540026098, 13.0102010515661], [77.7023983511685, 13.0102423007609], [77.7023158893832, 13.0102656744469], [77.7022026270947, 13.0103256299452], [77.70214071456, 13.010346492232], [77.7019100338007, 13.0103712492209], [77.7017721333301, 13.010396038619], [77.7015524910148, 13.0103784418252], [77.7014190869974, 13.0103847601394], [77.7012718356069, 13.0103672871343], [77.7010283109875, 13.0103600454424], [77.7008206139198, 13.0103356540835], [77.700610841161, 13.0103511522574], [77.7004730399601, 13.0103334927531], [77.7003615355908, 13.01032852082], [77.7003212125536, 13.0103140568534], [77.700230720366, 13.0102630448231], [77.7000755877742, 13.0102192162493], [77.6999322883343, 13.0101477642151], [77.6998122047583, 13.0101082066537], [77.6996577314225, 13.0100339510866], [77.6995610687842, 13.009967705453], [77.6995015287241, 13.009937547587], [77.6994180706884, 13.0099081535594], [77.6992756075652, 13.0098694230478], [77.699221259577, 13.0098473286939], [77.6991175696804, 13.0097781044302], [77.6990166071089, 13.0096802232394], [77.6989546814197, 13.0096298366361]]}}, {"type": "Feature", "properties": {}, "geometry": {"type": "LineString", "coordinates": [[77.7031896972578, 13.0117922715868], [77.7033682150868, 13.0105414343637], [77.7033729508936, 13.0105082524445], [77.7033681359924, 13.010433096964], [77.7033753736882, 13.0103845932655], [77.7033977062205, 13.0103246908062], [77.7034320634023, 13.0102723777046], [77.7035678972562, 13.0101526025903], [77.7037109325917, 13.0100704775867], [77.7037831967241, 13.0100123617745], [77.7038180530191, 13.0099694718116], [77.7038859861545, 13.0098456690265], [77.7039315164394, 13.0097814758507], [77.7040172361749, 13.0096876517197], [77.704162133673, 13.0095119659992], [77.7043003784343, 13.0093803640061], [77.7043402763982, 13.009327257735], [77.7043579107007, 13.009288215842], [77.7043701294532, 13.0092449773959], [77.7043904090116, 13.0090739423923], [77.7044032195664, 13.0090182485733], [77.7044241595636, 13.0089645305566], [77.704507448108, 13.0087898710484], [77.7045426780048, 13.0087008362329], [77.7045652957256, 13.0086309911049], [77.7045939548259, 13.0085110016185], [77.7046332636406, 13.008389905587], [77.7046439756382, 13.0083278523183], [77.7046574331024, 13.0081168000674], [77.7046357374022, 13.0079170612619], [77.7046346529971, 13.0078708368054]]}}, {"type": "Feature", "properties": {}, "geometry": {"type": "LineString", "coordinates": [[77.617618594423, 13.0127445963374], [77.6179666937313, 13.0126857209469], [77.6183010560157, 13.0126104675495], [77.618723398609, 13.0125575630036], [77.6188779752197, 13.0125488839836], [77.6191524518168, 13.0125515767033], [77.6194991376135, 13.0125109328295], [77.6199657630403, 13.012481422868], [77.6203612497687, 13.0124838529547], [77.6204256160786, 13.0124891388977], [77.6204693719268, 13.0125001836772], [77.6205061182714, 13.0125195546903], [77.6205350032237, 13.0125465829867], [77.6205806459389, 13.0126237206111], [77.6206854404427, 13.0129208247598], [77.62079372406, 13.0133292150774], [77.6208422677275, 13.0134270684134], [77.6208974827639, 13.0134966948552], [77.6209389945468, 13.0135298362436], [77.6209923612226, 13.0135559728715], [77.6210530294133, 13.0135698332567], [77.6212776345831, 13.0135953681531], [77.6213432737654, 13.0136197797867], [77.6214031945742, 13.0136577182209], [77.621460054864, 13.0137196786592], [77.6215471557337, 13.0138951527499], [77.6215991099283, 13.0139678826596], [77.6216442536467, 13.0140042530261], [77.6217840935483, 13.0140848980669], [77.6218587532838, 13.0141408089229], [77.6219364390201, 13.0142243435696], [77.6220281379548, 13.0143741545928], [77.6220873700995, 13.0144458386876], [77.6221479852188, 13.0144927344489], [77.6222897930021, 13.0145681627959], [77.6224038531869, 13.0146824158489], [77.6224595659403, 13.0147279942327], [77.6225043603059, 13.014752763581], [77.6225548234363, 13.0147691027422], [77.622730667763, 13.0147911308375], [77.6228012543536, 13.0148085682087], [77.6230913115674, 13.0149342791202], [77.623155751861, 13.0149332323876], [77.6232385199175, 13.0149147224275]]}}, {"type": "Feature", "properties": {}, "geometry": {"type": "LineString", "coordinates": [[77.559301628658, 13.0133912460468], [77.5593252952832, 13.0131797892536], [77.5594075544102, 13.0128103181606], [77.5594496588555, 13.0127241963761], [77.5595578080137, 13.0125864534458], [77.559605547426, 13.0125101092353], [77.5596401873211, 13.0124243953916], [77.5596767224441, 13.0122893152451], [77.5597267661643, 13.0120447756277], [77.5598300480929, 13.0112307175551], [77.5598672637983, 13.0110107132], [77.5600773646815, 13.0101697413012], [77.5601289161046, 13.0099915175616], [77.5601811097651, 13.0098476792844], [77.5602417453488, 13.0097236318711], [77.5603196073891, 13.0096148264456], [77.5608633577513, 13.009052887639], [77.5610089655945, 13.0088828655923], [77.5612826735688, 13.0085074252406], [77.5613397045566, 13.0084054124033], [77.5613760335457, 13.0083100347536], [77.5613913930937, 13.0082249439862], [77.5613896728819, 13.008160070404], [77.5613708136963, 13.0080844342553], [77.5613343324284, 13.0080067956739], [77.5612680879618, 13.0079077282962], [77.5611975695981, 13.0078254603503], [77.5611171546149, 13.0077462922578], [77.5609843467798, 13.0076358750028], [77.5609329488249, 13.0075791268899], [77.560888742308, 13.0074967373109], [77.5608656777093, 13.0073995934112], [77.5608608963042, 13.0073198484417], [77.5608684437433, 13.0072166130268], [77.560886194706, 13.007144746911], [77.5609148067934, 13.0070782006326], [77.5609508622292, 13.0070217736477], [77.5609941188752, 13.0069734193098], [77.5611283831759, 13.00688454559], [77.561173849391, 13.0068407905865]]}}, {"type": "Feature", "properties": {}, "geometry": {"type": "LineString", "coordinates": [[77.6447818469932, 13.0126110100561], [77.6420774280533, 13.0116518715535], [77.6420315437404, 13.0116355989829], [77.641963292447, 13.0115973025847], [77.6419239237322, 13.0115809482575], [77.641561558111, 13.011482054608], [77.641358939711, 13.011403999245], [77.6408393039673, 13.0112236329609], [77.6406726088379, 13.0111490596766], [77.6404226903518, 13.0110109354379], [77.6401763498099, 13.0108521236034], [77.6401136392882, 13.0108028218836], [77.6398561109775, 13.0105803279581], [77.6397964831026, 13.0105237847021], [77.639743152601, 13.0104650832452]]}}, {"type": "Feature", "properties": {}, "geometry": {"type": "LineString", "coordinates": [[77.613449687349, 13.0129696998247], [77.6134474600425, 13.012541765005], [77.6134388441466, 13.0121662007657], [77.6134436122804, 13.0120645179636], [77.6134597531463, 13.0119599136269]]}}, {"type": "Feature", "properties": {}, "geometry": {"type": "LineString", "coordinates": [[77.622660156026, 13.013478575705], [77.6225746189972, 13.0134204632491], [77.6224267565784, 13.0133479843972], [77.6223462383697, 13.0132976021975]]}}, {"type": "Feature", "properties": {}, "geometry": {"type": "LineString", "coordinates": [[77.622660156026, 13.013478575705], [77.6222008137082, 13.0124222966226], [77.622058006574, 13.0120147983259], [77.6220377811713, 13.0119350298653], [77.6220289915763, 13.011868341953], [77.6220151101366, 13.0114388563353], [77.6219994660952, 13.0112792185473], [77.6219574463746, 13.0111206297621], [77.621858479221, 13.0108679740439], [77.6217620180439, 13.0106508720956], [77.6216541463426, 13.0104284983545], [77.6214568277395, 13.0101002792868], [77.6214145940573, 13.0100465220244], [77.6213672916073, 13.0099997198769], [77.6211458314269, 13.0098317347172], [77.6211246388713, 13.0098051418439], [77.6210974025924, 13.0097507731116]]}}, {"type": "Feature", "properties": {}, "geometry": {"type": "LineString", "coordinates": [[77.6113934655453, 13.0137286318295], [77.6113428325794, 13.0132949908902], [77.6113121392868, 13.012410115992], [77.6112987627615, 13.0121662844501], [77.6112032613069, 13.0115368331377], [77.6111210731636, 13.0111425085616]]}}, {"type": "Feature", "properties": {}, "geometry": {"type": "LineString", "coordinates": [[77.6113934655453, 13.0137286318295], [77.6116882663712, 13.0136040966354], [77.612495802762, 13.0133296381299], [77.6130654789082, 13.0131277159343], [77.613449687349, 13.0129696998247]]}}, {"type": "Feature", "properties": {}, "geometry": {"type": "LineString", "coordinates": [[77.5211898731512, 13.0148333788038], [77.521305458932, 13.0147223358747], [77.5216100522943, 13.0144938828579], [77.5219540156061, 13.0140807876743], [77.5220713549882, 13.0138864863882], [77.5221888969827, 13.0135893582433], [77.5222739173117, 13.013431336026], [77.5224260943004, 13.0132247428073], [77.5226858408939, 13.012930399981], [77.5228193017376, 13.0127350852143], [77.5228838894523, 13.0125938142934], [77.5229899531709, 13.0122762842298], [77.5230533267706, 13.0121541815517], [77.523451301877, 13.0116577272093], [77.5238552019322, 13.0110397414205]]}}, {"type": "Feature", "properties": {}, "geometry": {"type": "LineString", "coordinates": [[77.6108268641507, 13.0141412519865], [77.6110257552104, 13.0139818172608], [77.6113934655453, 13.0137286318295]]}}, {"type": "Feature", "properties": {}, "geometry": {"type": "LineString", "coordinates": [[77.6108268641507, 13.0141412519865], [77.6108886672908, 13.0142961211861], [77.6109355941132, 13.0143942995827], [77.6109878939496, 13.0144751179167], [77.6110790689873, 13.0145976261255], [77.6111299436548, 13.0146567224474], [77.6111746861756, 13.0146942968704], [77.6112247098876, 13.014715336982], [77.6112768689959, 13.0147147114098], [77.6113189396476, 13.0146995113523], [77.6113837055468, 13.014658780598], [77.6117591816182, 13.0143638442325], [77.6123305337319, 13.0139389953483], [77.612412678, 13.0138874885826], [77.6125724042939, 13.0137998068315], [77.6126560676201, 13.0137567280674], [77.6127640639492, 13.0137105249004]]}}, {"type": "Feature", "properties": {}, "geometry": {"type": "LineString", "coordinates": [[77.5003815517311, 13.0155006401861], [77.5002125909538, 13.015669604314], [77.5001906116221, 13.0159088657641], [77.5001452136363, 13.0162439723021], [77.4999530741675, 13.0165326846478], [77.4993715392321, 13.0170103742891], [77.4991918355984, 13.0171259304458], [77.4991094300156, 13.0171465582794], [77.4990513075404, 13.0171853660987], [77.4989329617618, 13.0173207089346], [77.4987464350667, 13.01733402091], [77.4985862650063, 13.01740727937], [77.4982768841591, 13.0176323169096], [77.4979708490403, 13.0179696731187], [77.497813302555, 13.0181082149376], [77.4973352909174, 13.0183674093716], [77.4970170177707, 13.0185868493815], [77.4966997686127, 13.0188703026171], [77.4960020321476, 13.0200374645814], [77.4953427956054, 13.0222504629398]]}}, {"type": "Feature", "properties": {}, "geometry": {"type": "LineString", "coordinates": [[77.6438767464429, 13.0142613695471], [77.6473328651373, 13.0146395456619], [77.6475445713972, 13.0145798213143], [77.6477972794144, 13.0144754586115], [77.6482249772695, 13.014341623893], [77.6485854543229, 13.0142430942754], [77.6493608049116, 13.013931273228], [77.6503118995664, 13.0136136392855], [77.6503978143538, 13.0135790879627], [77.6504662721976, 13.0135325056613], [77.6505102465626, 13.0135109275539], [77.6507934402229, 13.0134239238479]]}}, {"type": "Feature", "properties": {}, "geometry": {"type": "LineString", "coordinates": [[77.7056654295628, 13.0138210948831], [77.7055735235385, 13.0134091863671], [77.7055647752209, 13.0133699779234], [77.7055605589987, 13.0132669604073], [77.7055210953847, 13.0130615309952], [77.7055179671298, 13.0129766713795], [77.705525315281, 13.0129043449637], [77.7055428061185, 13.0128362127107], [77.7055714354298, 13.0127688694071], [77.7056809947048, 13.012603872319], [77.7057087462112, 13.0125523397234], [77.7057275478011, 13.0124931063322], [77.7057340775385, 13.0124324697952], [77.7057291628037, 13.012382576172], [77.7057106747488, 13.0123316443864], [77.705601742549, 13.0121893573757], [77.7052018192791, 13.0122657984088], [77.7051225508216, 13.012282330228], [77.7049859630635, 13.0123262508697], [77.7048432017105, 13.0123489337237], [77.7047188145735, 13.012345239174], [77.7046533202313, 13.0123338515951], [77.704575426211, 13.0123099553217], [77.7044832690735, 13.0122588829519], [77.704362716871, 13.0121565437949], [77.7042698991815, 13.0120633319644], [77.7040972501358, 13.011866107681], [77.7040368309174, 13.0118087347522], [77.7039699958056, 13.0117632383281], [77.7039013110061, 13.0117382349218], [77.703815626331, 13.0117279609696], [77.7036978473718, 13.0117321366024], [77.7035846312423, 13.0117509062775], [77.7033993389818, 13.011794284134], [77.7033078290584, 13.0118041479271], [77.7032338351647, 13.0118005749948], [77.7031896972578, 13.0117922715868]]}}, {"type": "Feature", "properties": {}, "geometry": {"type": "LineString", "coordinates": [[77.5187293286642, 13.0157065631373], [77.5187343595423, 13.0156087089042], [77.5187585438035, 13.0154919828294], [77.518765952158, 13.0154299013929], [77.518769462633, 13.0153481809232], [77.5187652585928, 13.0152696948645], [77.5187127286276, 13.0149606601143], [77.5186814446568, 13.0146931254182], [77.5186036967828, 13.0143574235685], [77.5185808936484, 13.0142364575966], [77.5185693765392, 13.014122760727], [77.5185682302807, 13.0139351334074], [77.5185597027266, 13.0138229434129], [77.5185445543235, 13.0137563025454], [77.5185168141413, 13.0136792719717], [77.5184227412606, 13.0134724257065], [77.5184023423368, 13.0134374856415], [77.5182220023931, 13.0133714758912], [77.51821112935, 13.0133223435797], [77.5182199021228, 13.0132676167746], [77.5182298394331, 13.0131070512444], [77.5182510751314, 13.0129880138169], [77.5182943975755, 13.0128527269368], [77.5184099720852, 13.0126504500442], [77.518449607831, 13.0125544750744], [77.518471273037, 13.0124392018981], [77.5184823211105, 13.0122370022415], [77.5185127491131, 13.0121276006202], [77.5186494219228, 13.0118747542899], [77.5187301900698, 13.011628592717], [77.5187848900717, 13.0115116055598], [77.5188331446751, 13.0114426711701], [77.5188846920094, 13.0113866598037], [77.5189519225594, 13.0113312161874], [77.5190590049629, 13.0112596992724], [77.5190962079827, 13.0112234824126], [77.519128830238, 13.0111657801043], [77.519137518656, 13.0111019009686], [77.5191315401172, 13.0110636288825], [77.5191149627388, 13.0110170492393], [77.5189830145584, 13.0107535829806], [77.5189373105704, 13.0105795078449], [77.5189087160509, 13.0105058808347], [77.5187472559061, 13.010206151553], [77.518626160435, 13.0100091633924], [77.5185424736779, 13.0098364615877], [77.5184137753284, 13.0096530721922], [77.5183124751425, 13.009369447442], [77.5182605284108, 13.0092751901486], [77.5182108308755, 13.0092193577346], [77.5181614238616, 13.0091828072902], [77.5176551210638, 13.0089096600344], [77.517341330352, 13.0087069762481], [77.5172799985516, 13.0086531267047], [77.5172363730274, 13.0086001000605], [77.5172065969048, 13.0085412362419], [77.517189824665, 13.0084786666412], [77.5171841042285, 13.0084036599838], [77.5171821558766, 13.0081095196923], [77.5171614974468, 13.0076984489177], [77.5171751969365, 13.0073429350508], [77.5171669358148, 13.0070770355828], [77.5171793955661, 13.0069728444319], [77.5172019052812, 13.0068966441194], [77.5172289883273, 13.0068374815649], [77.5172688147636, 13.0067735541812], [77.5173188608634, 13.0067091472712], [77.5174089760714, 13.0066213046558], [77.5175829472363, 13.006499836592], [77.5176317348457, 13.0064491485743], [77.517657647896, 13.0063948535658], [77.5176970230003, 13.0062652230247], [77.5177170257206, 13.0061369170498], [77.5177152413063, 13.0056998037999], [77.5177015603469, 13.0056243476718], [77.5176522705458, 13.0054431954264], [77.5176347233764, 13.0053140331979], [77.5176377871862, 13.005197185104], [77.5176728350219, 13.0049415970292], [77.5176808409351, 13.0048126828716], [77.5176749461296, 13.0046908884045], [77.5176353374532, 13.0043865527405], [77.5176307263706, 13.0042685205551], [77.5176417680424, 13.0041709060708], [77.5176618318034, 13.0040838904346], [77.5177659956722, 13.0038082774062], [77.5177951071159, 13.0037080138736], [77.5178124340187, 13.0036028846894], [77.5178143614554, 13.0034869122564], [77.5178075951958, 13.0033917879857], [77.517791927992, 13.0032889358588], [77.5176780430535, 13.0028180221569], [77.5176282390818, 13.0025389599276], [77.5175881867861, 13.0021964066518], [77.5175836566773, 13.0020765115772], [77.5175896733691, 13.0019828271976], [77.5176104156488, 13.0018975875687], [77.5176499740343, 13.0018112646431], [77.5177462616312, 13.0016541908688], [77.5178738269702, 13.0014888593963], [77.5179257927636, 13.0014098056639], [77.5180442607042, 13.0011485268272], [77.5182059674336, 13.0008713400909], [77.5182961844033, 13.0006981844267], [77.5183342224499, 13.0006057695837], [77.5183560860091, 13.0005177273151], [77.5183746026402, 13.0004053397841], [77.5184100355848, 13.0000619567549], [77.5184315791094, 12.9999096005597], [77.5185056614051, 12.9996205167303], [77.5185233828263, 12.9995283983944], [77.5185524970205, 12.9992435445831], [77.5186172654047, 12.9988627077347], [77.518642308253, 12.9985157709589], [77.5186540212768, 12.9984286502562], [77.5186976685645, 12.9982605758833], [77.5187805387716, 12.9980798498782], [77.5189917847886, 12.9977337247711], [77.5190428382735, 12.9976720962511], [77.519105758328, 12.9976191127343], [77.5192313297619, 12.9975485231724], [77.5195026873531, 12.9974258579118], [77.5201334800909, 12.9970843482105], [77.5203553048324, 12.9969796950517], [77.5213044961531, 12.9962162133386], [77.5218814592922, 12.9955682830278], [77.5215409736893, 12.994872109449], [77.5215100573985, 12.994860144929], [77.5214857446178, 12.994844381296], [77.5213116779323, 12.9946997845635], [77.521233244425, 12.9946314624281], [77.5211936176167, 12.9945777657683], [77.5211652033825, 12.9945279906606], [77.5211450178941, 12.9944834508284], [77.521135487432, 12.9944483862406], [77.5211298527759, 12.9944074319881], [77.5211285194532, 12.9943574996534], [77.52113164895, 12.9943263561278], [77.5211419583146, 12.9942926529037], [77.5211599558464, 12.994261838451], [77.5211778937553, 12.9942402671771], [77.5212091345948, 12.9942103794091], [77.5212853351766, 12.9941531937545], [77.5214963722933, 12.9940207580651], [77.5217291995809, 12.9938990084151], [77.521831863332, 12.9938263266667], [77.5218639678317, 12.9938075287979], [77.5219078932504, 12.9937883053317], [77.5220128753741, 12.9937505141723], [77.5220762628576, 12.9937229893276], [77.5222340069438, 12.993642553706], [77.5222847734473, 12.9936198946668], [77.5224252319284, 12.9935785424024], [77.5224845099321, 12.9935566463116], [77.5225088617854, 12.9935526639451], [77.5226560830852, 12.9935285881592]]}}, {"type": "Feature", "properties": {}, "geometry": {"type": "LineString", "coordinates": [[77.6232385199175, 13.0149147224275], [77.6231960660417, 13.0148202926266], [77.6229911329759, 13.0144993783476], [77.62292454027, 13.0143478529918], [77.6229027871805, 13.0141796839502], [77.6229203571667, 13.0138588295806], [77.6229038588531, 13.0137667913504], [77.6228756316341, 13.013701343586], [77.6227903991297, 13.0135917922785], [77.622660156026, 13.013478575705]]}}, {"type": "Feature", "properties": {}, "geometry": {"type": "LineString", "coordinates": [[77.7712021001249, 13.0139408647083], [77.771520692709, 13.0139488799235], [77.7715984630855, 13.013956326557], [77.7717076284329, 13.013983765723], [77.7719610029265, 13.014067230381], [77.7721510801013, 13.0141060884398]]}}, {"type": "Feature", "properties": {}, "geometry": {"type": "LineString", "coordinates": [[77.6154895052736, 13.0161185350513], [77.6153157417722, 13.0157583134507], [77.6152443728539, 13.0155662944224], [77.6151350059052, 13.0150264801356], [77.6150746899817, 13.0146167376006], [77.6150543924527, 13.0145515320808], [77.6149899498744, 13.0144065834118], [77.6149549840015, 13.0143073241753], [77.6148609958625, 13.0139219357429], [77.6148121819587, 13.0138029562491], [77.6146576893482, 13.0134874293585], [77.6144692603192, 13.0129823520477], [77.6144419341279, 13.0129302238123]]}}, {"type": "Feature", "properties": {}, "geometry": {"type": "LineString", "coordinates": [[77.6154895052736, 13.0161185350513], [77.6157042205538, 13.0159716222543], [77.6159598421065, 13.0158489978434], [77.6163497162014, 13.0156172443208], [77.6166718386863, 13.0154628417628], [77.6169272904312, 13.0153488992237]]}}, {"type": "Feature", "properties": {}, "geometry": {"type": "LineString", "coordinates": [[77.7284058006174, 13.0153876506279], [77.7284415228304, 13.0153990994495], [77.7284751658358, 13.015413923358], [77.7286159787362, 13.0154988190431], [77.7288044760515, 13.0155802136279], [77.7288782138041, 13.0156220644283]]}}, {"type": "Feature", "properties": {}, "geometry": {"type": "LineString", "coordinates": [[77.670711258574, 13.0163542805928], [77.6710100199574, 13.0163853459509], [77.6711859859001, 13.0164207694065], [77.6712566732123, 13.0164243501861], [77.671420636141, 13.0164006136342], [77.6719740934224, 13.0162867236582], [77.6720677108855, 13.0162792779016], [77.6721582791699, 13.0162887106959], [77.6722072681066, 13.0163089148524], [77.6722636372971, 13.0163599349427], [77.6724084449337, 13.0166081584265], [77.672495338447, 13.0167245034353], [77.6725750535636, 13.0167756694004], [77.6726469367302, 13.0167823378517], [77.6727808628079, 13.0167426907875], [77.6734520711166, 13.0164533703113], [77.67417755888, 13.0160652585761], [77.6742607323619, 13.0160060567505], [77.6743107239201, 13.0159504556838], [77.6744442646565, 13.0156603028813], [77.6745129938516, 13.015539805745], [77.6747357850447, 13.0152552663158], [77.675014740718, 13.0148540052594], [77.6750908206042, 13.0147666539883], [77.6751837767439, 13.0146866754076], [77.6753204225735, 13.01459620133], [77.675867199734, 13.0142977829], [77.6760517663545, 13.0141773430419], [77.6761838052112, 13.0140400253937], [77.676349051759, 13.0137599545536], [77.6764323582166, 13.0136554202584], [77.6765600977188, 13.0135564510256], [77.6767946254439, 13.0134276962132], [77.6769299834458, 13.0133094749005], [77.6770462232232, 13.013163341405], [77.677186526542, 13.0129564114366], [77.6772308686615, 13.0128655715709], [77.6773274520893, 13.0125929575627], [77.6773811695637, 13.0125068711299], [77.677434644281, 13.0124506871979], [77.6775096622384, 13.0123964543494], [77.6776055043654, 13.0123484204475], [77.677927433302, 13.0122407696177], [77.6780351951365, 13.0121936983508], [77.6781167494376, 13.0121400672651], [77.6782811429799, 13.0119992556898], [77.6783839087181, 13.0119377990358], [77.6788269131232, 13.0117628905925], [77.6789696488343, 13.0116922698532], [77.6790871857863, 13.0115964784122], [77.6792319949787, 13.0113891706041], [77.6793126501809, 13.0113014740597], [77.6805915807742, 13.0099108798471]]}}, {"type": "Feature", "properties": {}, "geometry": {"type": "LineString", "coordinates": [[77.6084913649642, 13.0174007626776], [77.6079798281251, 13.017234067429], [77.6077897414345, 13.0171528186301], [77.6077193699525, 13.0171295613977], [77.6069038966596, 13.0169440869741], [77.6067050356405, 13.0168868228804], [77.6066281036225, 13.0168725824113], [77.6064469064449, 13.0168676962983], [77.6060276936191, 13.0168964160974], [77.6057005188456, 13.0169080569303], [77.6055921729239, 13.016917680558], [77.6053065398099, 13.0169639282596], [77.6049579226575, 13.0169683168514], [77.6048411838034, 13.0169854181412], [77.6046611030349, 13.0170356375533], [77.6045470362587, 13.0170500259885], [77.6040849205716, 13.01704835881], [77.6039810047852, 13.0170350995805], [77.6037540219091, 13.0169685437787], [77.6035480578341, 13.0168685341996], [77.6032923071525, 13.0167841170135], [77.6030890402147, 13.0167641298335], [77.6027904175655, 13.0167622586348], [77.6026847422332, 13.0167371021237], [77.6026184223406, 13.0167000823774], [77.6025541750718, 13.0166427237345], [77.6024239539291, 13.0164531657614], [77.6023854706028, 13.0163800898959], [77.6023446762736, 13.0162716879264], [77.6022962661204, 13.0160667417695], [77.6022621467454, 13.0159869863926], [77.602163341344, 13.0158297862027], [77.6020784207782, 13.0156720445752], [77.6019437262991, 13.0155192752829], [77.6017740972657, 13.015271897199], [77.6016948193864, 13.0151111382078], [77.6015374400898, 13.0148598543011], [77.601506160048, 13.0147836478305], [77.6014832949142, 13.0146814122889], [77.6014741933658, 13.014580981923], [77.6014762576501, 13.0144654498563]]}}, {"type": "Feature", "properties": {}, "geometry": {"type": "LineString", "coordinates": [[77.6084913649642, 13.0174007626776], [77.6083787442945, 13.0170471523652], [77.6082961067931, 13.0167145881686], [77.6082496456065, 13.016614210099], [77.6081571959444, 13.0164749081346], [77.608128636837, 13.0163975182132], [77.608111423097, 13.016023709393], [77.6080604716513, 13.0156218245608], [77.6080629305713, 13.0154912117922], [77.6080878130865, 13.0153223574072], [77.6081273579358, 13.0151696180559], [77.6081772946618, 13.0150609994502], [77.6082464031772, 13.0149599050248], [77.6083265248355, 13.014878302277], [77.6084266360379, 13.0148078860656], [77.6085525733323, 13.0147429160216], [77.6087386048277, 13.0146680288294], [77.6087560747355, 13.0146952583942], [77.6088895378249, 13.0147104436666], [77.6089246632745, 13.0148057030863], [77.6089305390378, 13.0149012559084], [77.6089024399165, 13.0150114933302], [77.6089031402734, 13.0150784145543], [77.6089184145625, 13.0151404091219], [77.6089530898598, 13.0151926466397], [77.6090313396318, 13.0152157629064], [77.6091954536575, 13.015182899972], [77.6092590948689, 13.0151414383713], [77.6099746932838, 13.0147583843017], [77.6100705450467, 13.0147248068011], [77.6102688093851, 13.0146926736629], [77.6103132215729, 13.0146778549191], [77.6103541708027, 13.0146561219108], [77.6104560858353, 13.0145735358477], [77.6106223702992, 13.0144083071138], [77.6107053347364, 13.0143073148489], [77.6108268641507, 13.0141412519865]]}}, {"type": "Feature", "properties": {}, "geometry": {"type": "LineString", "coordinates": [[77.627775712588, 13.017428204923], [77.6297718885411, 13.0172019192904], [77.6298404640288, 13.0171941454215], [77.6299189133036, 13.0171736886871], [77.6303818541021, 13.0170282037006], [77.6304596215386, 13.0169907308088], [77.6306071182115, 13.0168446056684], [77.6306505125401, 13.0167890962584], [77.6306771949953, 13.0167284678746], [77.6307116637135, 13.0165657945702], [77.6307314335979, 13.0165073737961], [77.6307725939761, 13.0164450907072], [77.6307977351879, 13.0164215818495], [77.6308338298566, 13.0163987396714], [77.63098350294, 13.0163393628908], [77.6311391632562, 13.0162532340764], [77.6312224430222, 13.0162173646344], [77.6319043622397, 13.0160072880959], [77.632584416637, 13.0158080761102], [77.6327350322237, 13.0157504432989], [77.6327797013601, 13.0157246274408], [77.6328167574431, 13.0156946193847], [77.6328811897429, 13.0156206183488], [77.6330228239814, 13.0154278754228], [77.6330908591922, 13.0153439897279], [77.6333924230083, 13.0150235122489], [77.6334450353459, 13.0149296387905], [77.6335052736075, 13.0147603347145], [77.6335490169813, 13.0146899071062], [77.6336056458068, 13.0146323630913], [77.6337435746828, 13.0145281697636], [77.6337860292514, 13.0144704968715], [77.6338140606295, 13.0143947948485], [77.6338524499483, 13.0141823889253], [77.6339400073674, 13.0138318152461], [77.6341417100461, 13.0131814890729], [77.6341830774086, 13.0130622727147], [77.6342261644444, 13.0129594989512], [77.6342409683734, 13.0128969846176]]}}, {"type": "Feature", "properties": {}, "geometry": {"type": "LineString", "coordinates": [[77.6095509920573, 13.0183412998105], [77.6094376392072, 13.0181632145778], [77.6093377749602, 13.0180643943767], [77.6092094419781, 13.0179961370696], [77.6088943470089, 13.017876492655], [77.6087482259297, 13.0177819528468], [77.6086106938992, 13.0176250038801], [77.6084913649642, 13.0174007626776]]}}, {"type": "Feature", "properties": {}, "geometry": {"type": "LineString", "coordinates": [[77.6367043146182, 13.0184459555813], [77.6367973556239, 13.0184447525864], [77.636910221693, 13.0184321944534], [77.6388232193069, 13.0181459637382], [77.639109172086, 13.0181118806792], [77.6400771198347, 13.0180161937273], [77.6401889725604, 13.0180082293133], [77.640351918231, 13.0180037573494], [77.6405598257453, 13.0179725554497], [77.6406472179433, 13.0179636484232], [77.6407118606985, 13.0179675466672], [77.6408435393962, 13.0180071247902], [77.6409031028222, 13.0180142402497], [77.6409695107676, 13.0180028267556], [77.6411026237117, 13.0179565642625], [77.6411328588142, 13.0179529587911], [77.6411635104274, 13.0179571842742], [77.6411971144202, 13.0179727507868], [77.6412223332196, 13.0179943931873], [77.6413354826462, 13.0181543456544], [77.6413649502687, 13.0181828160122], [77.6413891794409, 13.0181984464001], [77.6414294014259, 13.0182124457906], [77.6414870876893, 13.0182209976686], [77.6415518318705, 13.0182235955632], [77.6416310894179, 13.0182196295826], [77.6417663272555, 13.018212862571]]}}, {"type": "Feature", "properties": {}, "geometry": {"type": "LineString", "coordinates": [[77.6101507743718, 13.0190249305889], [77.610119674701, 13.0189051139523], [77.610077893104, 13.0188192831846], [77.6099016887866, 13.0185873340045], [77.609748030244, 13.0184423794442], [77.6095509920573, 13.0183412998105]]}}, {"type": "Feature", "properties": {}, "geometry": {"type": "LineString", "coordinates": [[77.6441696856047, 13.0187043824546], [77.6442523394438, 13.0186581552093], [77.6443161219934, 13.0186224824508], [77.6444446217842, 13.0185306942741], [77.6445371082763, 13.018484231135], [77.6446742189847, 13.0184454288208], [77.6448454795457, 13.0184223928322], [77.6450958913318, 13.0184060572082], [77.6451970370775, 13.0184067984317], [77.6453905292865, 13.0184307143218], [77.6458558119792, 13.0185057382404], [77.6460044497922, 13.0185139379475], [77.646089387546, 13.0185035888241], [77.6462682754277, 13.0184460048902], [77.6464576151975, 13.0183563528186], [77.6465792331061, 13.0182716561199], [77.646774737082, 13.0181005267095], [77.6468286440799, 13.0180676219901], [77.6468888910461, 13.0180434190964], [77.6470567829817, 13.0180164420794], [77.6471940594436, 13.0180109369903], [77.64730337032, 13.0180278660289], [77.6476297006726, 13.018099543114], [77.6477052057922, 13.0181090805642], [77.647770003972, 13.0181070726304], [77.6478322937406, 13.0180908789627], [77.647899023549, 13.0180598702874], [77.6482849392413, 13.0178325765691], [77.6483431641868, 13.0178084265517], [77.6483903000716, 13.0177995461045], [77.6484655408976, 13.0178112731677], [77.6486626304309, 13.0179029100475], [77.6487692839726, 13.0179271072352], [77.6489427968096, 13.0179202751658], [77.6492969196557, 13.0178678917622], [77.6494172710128, 13.0178714108715], [77.6495245113077, 13.01790434842], [77.6498412243972, 13.018042543103], [77.650110968787, 13.0181247290992], [77.65031460299, 13.018215654434], [77.6503833905638, 13.0182296005742], [77.650459695557, 13.0182332623648], [77.6505468070024, 13.0182286216443], [77.6506203538621, 13.018215336792], [77.6506602103043, 13.0181996212009], [77.650699493022, 13.0181691183741], [77.6507179801776, 13.0181414579808], [77.6507652132873, 13.0180348359753], [77.6507893890451, 13.018006079407], [77.6508205155318, 13.0179853985759], [77.6509005411563, 13.0179640641036], [77.6511665643575, 13.0179488152063], [77.6512685651288, 13.017927619041], [77.6514454394149, 13.0178378129586], [77.6519555897282, 13.017614395723], [77.6523176232966, 13.0174196130418], [77.6524162972882, 13.0173444447117], [77.652559749737, 13.0171944959377], [77.6526409138951, 13.0171273057156], [77.6527429501435, 13.0170696757132], [77.6530701543337, 13.0169125542722], [77.6531451695831, 13.0168683251808], [77.6531938616791, 13.0168308527481], [77.6532475588607, 13.0167768927394], [77.6533212414061, 13.0166870161233], [77.6535386982187, 13.0163805075909], [77.6537248776778, 13.0161763917338]]}}, {"type": "Feature", "properties": {}, "geometry": {"type": "LineString", "coordinates": [[77.6070233761167, 13.01980769397], [77.6074539178063, 13.0194615230087], [77.6078854019318, 13.0190834105606], [77.6079401081049, 13.0190129939169], [77.6079770163944, 13.0189447899439], [77.6080372970432, 13.0187199745839], [77.60805955131, 13.01866623821], [77.6080997923917, 13.018612589177], [77.6081479025479, 13.0185762590862], [77.6082347406551, 13.0185457747346], [77.6083231103773, 13.018537507282], [77.6089624842967, 13.018563009748], [77.6091804466789, 13.0185517111978], [77.609271159158, 13.0185268826983], [77.6093625824124, 13.0184831754265], [77.6094341700675, 13.0184368671973], [77.6095509920573, 13.0183412998105]]}}, {"type": "Feature", "properties": {}, "geometry": {"type": "LineString", "coordinates": [[77.5778223503213, 13.0204475876539], [77.5780360583486, 13.0205960677018], [77.5780940733957, 13.0206584741141], [77.5781558972907, 13.0207469530071], [77.5782251355359, 13.0208746018474], [77.5783552687592, 13.0211892608906], [77.5783885856704, 13.0212927584294], [77.5784046599888, 13.0213887166242], [77.5784055028496, 13.021457345449], [77.5783959440873, 13.0215148416484], [77.5783303100205, 13.0216992836778], [77.5783112486638, 13.0217822213915], [77.5783102011644, 13.0220983227422], [77.5782724749174, 13.0223914621321], [77.5782707561765, 13.0225305054313], [77.578292867799, 13.0227668002701], [77.57830503188, 13.0230525762169], [77.5783181414416, 13.0231506797522], [77.5783444913111, 13.023224368828], [77.5784289099123, 13.0233754507642], [77.5784935154538, 13.0235543660981], [77.5785465158487, 13.0237644165597], [77.5785640349116, 13.0239145460495], [77.5785576307682, 13.0239669380376], [77.5785303091586, 13.0240710677975], [77.578518185087, 13.0242124903775], [77.5785020264005, 13.0242878825932], [77.5784028008303, 13.0245141080204], [77.5783191354434, 13.0247705667767], [77.5782414676074, 13.024888354351], [77.5769616388729, 13.0257815393325], [77.5750811120285, 13.0277571671011], [77.5738661208068, 13.0295704322875], [77.5697034476889, 13.0328105775544], [77.5698177046111, 13.0329716242065], [77.5698721219534, 13.0330356950843], [77.570352470193, 13.0335219951291], [77.5703872652578, 13.0335741562501], [77.5704498994239, 13.0337111339347], [77.5708276130987, 13.0344030631099], [77.5709066702749, 13.0349759683125], [77.5708655684012, 13.0357173920456], [77.5706545644245, 13.0365322139409], [77.5704420782625, 13.0372036275684], [77.5687408592436, 13.0380729454254], [77.568526049099, 13.0386608443411], [77.5684919932603, 13.0388319284356], [77.5685404865683, 13.0389763963543], [77.5684542269971, 13.0394943612853], [77.5683618175906, 13.0401328502461], [77.5681795929785, 13.0412604779715], [77.568077036793, 13.0417596386222], [77.5681277343634, 13.0420815850089], [77.568062292266, 13.0422752939626], [77.5679396603935, 13.0423651842813], [77.5681078960086, 13.0428433023603], [77.5681892095527, 13.0430961906578], [77.5682792085991, 13.0435124272317], [77.568373880065, 13.0438980627434], [77.5684064336171, 13.044068536327], [77.5684035189895, 13.0442266613074], [77.5685040037759, 13.0445952469308], [77.5685414671435, 13.0448071977637]]}}, {"type": "Feature", "properties": {}, "geometry": {"type": "LineString", "coordinates": [[77.6126957685448, 13.020348349621], [77.6127282836324, 13.0200663716196], [77.6127413068487, 13.0195110552959], [77.6127404439234, 13.0190693213928], [77.6127132683721, 13.0182765117012], [77.6127190674174, 13.0180676041959], [77.6127424756988, 13.0179739428749], [77.6128470910909, 13.0178058144359], [77.6129224352305, 13.0176332353546], [77.613128219808, 13.0170307237884], [77.6131598002852, 13.0168978656252], [77.6132441104564, 13.0160754710144], [77.6132387288951, 13.0159677282896], [77.6132061760536, 13.0157865304269], [77.6132075389829, 13.015667027655], [77.613347631217, 13.0143493662154], [77.6134063900389, 13.0136901926082], [77.613449687349, 13.0129696998247]]}}, {"type": "Feature", "properties": {}, "geometry": {"type": "LineString", "coordinates": [[77.6126957685448, 13.020348349621], [77.6129673643231, 13.0203915207183], [77.6131525670785, 13.0203961798019], [77.6136111653521, 13.0203444233308], [77.6137224539796, 13.0203192764264], [77.6138039752002, 13.0202841225682], [77.6138737718925, 13.0202250641093], [77.6139186444547, 13.0201572833396], [77.6139714981767, 13.020035955917], [77.6140664203644, 13.0197658420029], [77.6141022815387, 13.0196966226185], [77.6141463573258, 13.0196352858292], [77.6142596872748, 13.0195334648698], [77.6145187147586, 13.0193659619639], [77.6147381071078, 13.0192041951827], [77.6148258544248, 13.0191238272234], [77.6149014876278, 13.0190246656734], [77.6149742100114, 13.0189017780839], [77.6150471178115, 13.0187559128736], [77.6152361332315, 13.0182949374251], [77.6152948097025, 13.0181928165581], [77.6154329244332, 13.0179876191099], [77.6154711896752, 13.0178957393359], [77.6154709120545, 13.0178382043244], [77.6154468172025, 13.0177727454227], [77.6151911609928, 13.0173594513267], [77.6151371953463, 13.0172508988987], [77.6150937530902, 13.0170847069814], [77.6150719881341, 13.0168575387632], [77.615080084634, 13.0167739929497], [77.615112888901, 13.0166989574503], [77.6151598775625, 13.0166517812304], [77.6152995795905, 13.0165559376136], [77.6153665880983, 13.01646739424], [77.6154278333293, 13.0163254446931], [77.6154895052736, 13.0161185350513]]}}, {"type": "Feature", "properties": {}, "geometry": {"type": "LineString", "coordinates": [[77.6116218822504, 13.0212113903524], [77.6114721223692, 13.0210328847257], [77.6113187549566, 13.020902588433], [77.6111614497957, 13.0207016037641], [77.6109820522884, 13.020525056813], [77.6108708697826, 13.0203926078323], [77.6106516146081, 13.0200386958473], [77.6104878677257, 13.0198100286618], [77.610445150781, 13.0197387263162], [77.6101507743718, 13.0190249305889]]}}, {"type": "Feature", "properties": {}, "geometry": {"type": "LineString", "coordinates": [[77.6125667619004, 13.0214586659755], [77.6123250556147, 13.0214299597773], [77.6120875538453, 13.0213612924327], [77.6119492292969, 13.0212910426119], [77.6118510916195, 13.0211919091782], [77.6117898673847, 13.0210971367157], [77.611742141371, 13.0209940251441], [77.6116074009615, 13.0206028845779], [77.6115311287372, 13.0203448980566], [77.6114851004354, 13.0202245789898], [77.6113270380158, 13.0199149791724], [77.611225083289, 13.0196428253781], [77.6111641669254, 13.0195540654267], [77.6110250648741, 13.0194425517196], [77.6107868017903, 13.0192993401069], [77.6106023609088, 13.0192136156223], [77.6101507743718, 13.0190249305889]]}}, {"type": "Feature", "properties": {}, "geometry": {"type": "LineString", "coordinates": [[77.6125667619004, 13.0214586659755], [77.6126027051243, 13.0212222625603], [77.612636482647, 13.0207755358837], [77.6126957685448, 13.020348349621]]}}, {"type": "Feature", "properties": {}, "geometry": {"type": "LineString", "coordinates": [[77.6125667619004, 13.0214586659755], [77.612531665142, 13.0216027810178], [77.612518728909, 13.0216821982828], [77.6125193730798, 13.0219329053147], [77.6125089880275, 13.0221668747464], [77.6125176034073, 13.0222718411906], [77.6125607649555, 13.0224920167139], [77.6125678240568, 13.0225924889657], [77.6125811517058, 13.0226291256003], [77.613128923446, 13.023073549738], [77.6133464349949, 13.0233581927917], [77.6135120824309, 13.0235701735846]]}}, {"type": "Feature", "properties": {}, "geometry": {"type": "LineString", "coordinates": [[77.6265573044276, 13.0214697064027], [77.6265364468183, 13.0214235719079], [77.6265179479451, 13.021375431421], [77.6264979397327, 13.0212781543465], [77.6265108118957, 13.0210877718629], [77.626508342539, 13.0210369782136], [77.6264956218831, 13.0209734853139], [77.6264648489642, 13.0208823620429], [77.6264095093011, 13.0207415317997], [77.6263748628863, 13.0206533630666], [77.6262369837577, 13.0203024813782], [77.6262066754149, 13.0202492107809], [77.6261666927619, 13.0202024885594], [77.6259393133247, 13.0200268555755], [77.6258394006161, 13.0199297148775], [77.6257968357901, 13.0198694648532], [77.6257569809473, 13.0197830074008], [77.6255165174605, 13.0191709453959], [77.6253406433081, 13.0186894918053], [77.6252273207296, 13.0183625365754], [77.6250194257343, 13.017849165847], [77.6249648887939, 13.0177545526656], [77.6248735514253, 13.0176324680287], [77.6247674999748, 13.0175086956885], [77.6247189149399, 13.0174564978976], [77.6246410965644, 13.017372894427], [77.6245826017585, 13.0172930648803], [77.6245433924101, 13.0172153166653], [77.6244782440502, 13.0170554560804], [77.6244311419717, 13.016925852356], [77.6243592668607, 13.016728083052], [77.6243319437201, 13.0166677262004], [77.6242968487701, 13.0166102296228], [77.6242562826643, 13.0165527107258], [77.6241949808467, 13.0164657896483], [77.6240184531396, 13.0162051404202], [77.6237697745645, 13.0157473619862], [77.623686184654, 13.0156176032781], [77.6234035718333, 13.0152364374167], [77.6232385199175, 13.0149147224275]]}}, {"type": "Feature", "properties": {}, "geometry": {"type": "LineString", "coordinates": [[77.696086152073, 13.0208162306204], [77.6961305490538, 13.0206711400327], [77.6962220606378, 13.0202057220756], [77.6962735184364, 13.0200213836234], [77.6963059352401, 13.0198783129363], [77.6963300228328, 13.0198053468998], [77.6964904696889, 13.0194588615581], [77.6966543207264, 13.0191688525539], [77.6967831035413, 13.0189055459712], [77.6968599837275, 13.0187896980815], [77.6969702733605, 13.0186570242883], [77.6985435424438, 13.0167644307355]]}}, {"type": "Feature", "properties": {}, "geometry": {"type": "LineString", "coordinates": [[77.7192242073726, 13.0209529202628], [77.7194554415723, 13.0208566178505], [77.7196247778509, 13.0207860941968], [77.7197514133194, 13.0207134946218], [77.7201995427124, 13.020393489221], [77.7202912835393, 13.0203181626338], [77.7204489310586, 13.0201640479336], [77.7205538416034, 13.0200395294159], [77.72059637331, 13.0199719686816], [77.720673963565, 13.0198161278642], [77.7207791009524, 13.0196575624323], [77.7208276761836, 13.0195298402854], [77.720935824961, 13.0190884437337], [77.7209695681503, 13.0189731149532], [77.7210150085883, 13.018872692379], [77.7211165291641, 13.0186935179602], [77.7211427829666, 13.0186280386723], [77.721158705422, 13.0185535277706], [77.7211828442507, 13.0183579768183], [77.7212147117298, 13.0182513543272], [77.721299393758, 13.018086107442], [77.7216671741627, 13.0174732667481], [77.7217082111239, 13.0173814288241], [77.7217146404448, 13.0173270728267], [77.72171051861, 13.0172987247866], [77.7216979660713, 13.0172691048225], [77.7216663660397, 13.0172367823876], [77.72159470682, 13.017197954565], [77.7215681640573, 13.017177559217], [77.7215444216534, 13.0171446465836], [77.7215266539167, 13.0170998527196], [77.7214519995419, 13.0167052970757], [77.7214497863819, 13.0166353280031], [77.7214666075558, 13.016569982082], [77.7215022068909, 13.0165124616592], [77.7215430150033, 13.0164708776166], [77.7218292744432, 13.0162410858656], [77.7219487643228, 13.0161626619077], [77.7222207697888, 13.0160111355864], [77.7222961663803, 13.0159531339706], [77.7223502828355, 13.01587129966], [77.7224698726655, 13.0155900919607], [77.7225194712814, 13.0154989978932], [77.7225725290011, 13.0154286309346], [77.7227486912346, 13.0152344049949], [77.7228149303114, 13.0151342580473], [77.7228810824532, 13.0149806130785], [77.7229750335455, 13.014692671836], [77.7230092622421, 13.0145465825937], [77.7230755658621, 13.0141813866101], [77.7231666134272, 13.0139706750063], [77.7232111434028, 13.0137913392005], [77.7232315119205, 13.0137309759181], [77.7233157355505, 13.0135727310044], [77.7233752853226, 13.0133897342694], [77.7234566346914, 13.0132314282953], [77.7235146144182, 13.0130937960587], [77.7237161613822, 13.012752468771], [77.7238527820824, 13.0124764163221], [77.7238800530044, 13.0124045486779], [77.7239126719778, 13.0122568015584], [77.7239355891349, 13.012184609276], [77.7240423738683, 13.0119434159966], [77.7241143493408, 13.0118014442826], [77.7241683278214, 13.0116263200052], [77.7242560381871, 13.0114673961033], [77.7243206387559, 13.0112944764188], [77.7243525926737, 13.0112462597681], [77.7244450273628, 13.0111336567867], [77.7245301346154, 13.0109428377505], [77.724662459842, 13.010802617703], [77.724702138709, 13.010736222237], [77.7247701863936, 13.0105776539033], [77.7247922982693, 13.0105008440384], [77.7248037445559, 13.0103860729039], [77.7247982970735, 13.0102629688367]]}}, {"type": "Feature", "properties": {}, "geometry": {"type": "LineString", "coordinates": [[77.626757974014, 13.0228305553192], [77.6275769425395, 13.0231144116062], [77.6276979391379, 13.0231563486918], [77.627781364359, 13.0231777636239], [77.6284049441203, 13.023287135251], [77.6287920304406, 13.0233754385483], [77.6289192542166, 13.02339392256], [77.6291805420957, 13.0233916130241], [77.6293367673929, 13.0234002905642], [77.6294041270141, 13.0233967513745], [77.6295963468918, 13.0233703021374], [77.6297929499718, 13.0233115032879], [77.6298975086086, 13.0233033268752], [77.6301944141285, 13.0233226419944], [77.6305166771506, 13.0233292783854], [77.6308128147621, 13.0233472508833], [77.6308982187203, 13.0233573638031], [77.6309968105435, 13.0233860071985], [77.6310395882888, 13.0233909526447], [77.6312092591734, 13.0233169571824], [77.6313435835606, 13.0233159635771], [77.6314860483404, 13.0232895150311], [77.6315403620508, 13.0232839549601], [77.6315845349961, 13.023287007964], [77.6317028477114, 13.0233091992203], [77.6317556612997, 13.0233093828461], [77.6318242554089, 13.0232934628508], [77.631927604686, 13.0232467106757], [77.6319715700363, 13.0232315982016], [77.6320301627169, 13.0232196038666], [77.6320936134351, 13.0232149934079], [77.6321367042987, 13.0232169641871], [77.6321797690652, 13.0232256213403], [77.6323717061425, 13.0232966524125], [77.6324360980798, 13.0233155452793], [77.6324622747892, 13.0233132647506]]}}, {"type": "Feature", "properties": {}, "geometry": {"type": "LineString", "coordinates": [[77.5228239372094, 13.0239918256451], [77.5231406405581, 13.0238404137006], [77.5235802293448, 13.0236980474446], [77.5241041438679, 13.0234892288185], [77.5245775237459, 13.0233159311836], [77.524869299689, 13.0231920290064], [77.5251417158058, 13.0230499258475], [77.5252691911313, 13.022992810014], [77.5253812450136, 13.0229574826553], [77.5256994445638, 13.022881183799], [77.5257849751927, 13.0228540653689], [77.5258607787265, 13.0228220861594], [77.5263651470933, 13.0225545637789], [77.5266654713347, 13.0223750968545], [77.5271838156651, 13.0220081766716], [77.527398015822, 13.0218398159943], [77.5275141174374, 13.0217280903269], [77.5278764543285, 13.0213794093506]]}}, {"type": "Feature", "properties": {}, "geometry": {"type": "LineString", "coordinates": [[77.6135120824309, 13.0235701735846], [77.6135836502298, 13.0236617586022], [77.6138413690265, 13.0240607297103], [77.6140411892449, 13.024517651637], [77.6142625344411, 13.0254148088587], [77.6144812538813, 13.0258141722883], [77.6145149212404, 13.0262345247377], [77.6144565045589, 13.0262434013229], [77.614423660445, 13.0263656373661], [77.6142624987544, 13.0265646263491], [77.61438142821, 13.0266701759381], [77.6144981278368, 13.026751045785], [77.6149349005786, 13.0269937665834], [77.6155249958817, 13.0273528092417], [77.6158525556581, 13.0275340691144], [77.6165136894509, 13.027870802702]]}}, {"type": "Feature", "properties": {}, "geometry": {"type": "LineString", "coordinates": [[77.6677523419912, 13.0233755440585], [77.6665358433515, 13.0212236169026], [77.6665243291717, 13.0211912207561], [77.6663824479311, 13.0209837602013], [77.6663221790821, 13.0208629725864], [77.6662879549103, 13.0207140701642], [77.6662792605643, 13.0204630240556], [77.6662586842141, 13.0203473612769], [77.6661952929865, 13.0201786739148], [77.6660985064275, 13.0200127375704], [77.665724529923, 13.0195818554428], [77.6653214383541, 13.0192021641424], [77.6652613691893, 13.0191053733813], [77.6651848416782, 13.0188863548219], [77.6651317334208, 13.01880000242], [77.6650599974216, 13.0187506535905], [77.664861854113, 13.0186825410582], [77.6647935937163, 13.0186319268978], [77.6647413385473, 13.0185703662635], [77.664675826812, 13.0184628240382], [77.6644910568257, 13.0181119764352], [77.6643296694392, 13.0178852113795], [77.6642663028956, 13.017780853953], [77.6641635683343, 13.0175699645538], [77.6640153787516, 13.017215898339], [77.6638108525607, 13.0168467136037], [77.6637304158333, 13.0167336835851], [77.6636057722038, 13.0166290719963], [77.6633050161634, 13.016458934797], [77.6632227281318, 13.0164243023365], [77.6630353319153, 13.016367703249], [77.6629721317711, 13.016331345187], [77.6628977945398, 13.0162400319166], [77.662685842345, 13.0158888705958], [77.6626258902223, 13.0158215687516], [77.6625553490086, 13.0157954535709], [77.6623827984554, 13.0158003522171], [77.6623228624258, 13.0157609440198], [77.662285879303, 13.0156958453512], [77.6619248820081, 13.0148502237655], [77.6618256245935, 13.0146705091754]]}}, {"type": "Feature", "properties": {}, "geometry": {"type": "LineString", "coordinates": [[77.6677523419912, 13.0233755440585], [77.6692426875781, 13.0217530589917], [77.670012515201, 13.0209785969187]]}}, {"type": "Feature", "properties": {}, "geometry": {"type": "LineString", "coordinates": [[77.4828865505474, 13.0254667705631], [77.4828831839304, 13.0254452732719], [77.4828615779705, 13.0254038270559], [77.4828477311946, 13.0253626073518], [77.4828145477348, 13.0251807079104], [77.4828008832403, 13.0251269874038], [77.4827779085352, 13.0250769936048], [77.4827016695619, 13.0249459338477], [77.4826815741551, 13.0248994207448], [77.4826691143565, 13.0248577486286], [77.4826597740522, 13.0247788476256], [77.4826611058475, 13.0245509580312], [77.4826549441073, 13.02448929521], [77.4826073219601, 13.0243188901447], [77.4825870268806, 13.0241716998571], [77.4825769257343, 13.0241240727319], [77.4825063622427, 13.0239147522003], [77.4824868525465, 13.0238398002253], [77.4824731161663, 13.0237607208534], [77.4824589081931, 13.0235925127656], [77.4824473182703, 13.0235186459116], [77.4824006480766, 13.0233916702181], [77.4823893843369, 13.0233460048705], [77.4823870321448, 13.0232804656435], [77.4824058643432, 13.0230873955835], [77.4824059982681, 13.0230071524316], [77.4823984964186, 13.0229604237629], [77.4823649247575, 13.0228418453063], [77.4823566596343, 13.0227953615661], [77.4823502802537, 13.0225788377371], [77.482344248907, 13.0225133156743], [77.4822983664369, 13.022337551356], [77.4822902210541, 13.0222769067665], [77.4822921756643, 13.0222372477688], [77.4823009742673, 13.0221837484171], [77.4823437021739, 13.0220405685771], [77.4823588281503, 13.0219720601702], [77.4823701696664, 13.0218891193204], [77.4823693020611, 13.0218212709678], [77.4823503557713, 13.0217231106894], [77.482288417627, 13.0214612734297], [77.4822723641073, 13.0213742373621], [77.4820729731216, 13.0199006752068], [77.4819417231246, 13.0191136815901], [77.4818865272878, 13.0187552780929], [77.4818640409019, 13.0186461432988], [77.4818271378083, 13.0185560875617], [77.4817914190295, 13.0184689234318]]}}, {"type": "Feature", "properties": {}, "geometry": {"type": "LineString", "coordinates": [[77.5020451706027, 13.0252992736184], [77.5021168856683, 13.0253290892439], [77.5021957931554, 13.0253665629396], [77.5024321633641, 13.0254918791578], [77.5025023164435, 13.0255277278909], [77.5025950760974, 13.0255748126942], [77.5028260068731, 13.0256969682114], [77.5029329547313, 13.0257515231982], [77.5030042110677, 13.0257855523255], [77.5030844682298, 13.0258216005081], [77.5033588630274, 13.0259377357307], [77.5034625904447, 13.0259832921035], [77.5035651581955, 13.0260319152343], [77.5036555951082, 13.0260793581309], [77.5037018180688, 13.0261062067725], [77.5037524695337, 13.0261380025787], [77.5039347627749, 13.0262601327224], [77.5040150706358, 13.026309906783], [77.5040864391416, 13.0263482838693], [77.5041368406659, 13.0263718909684], [77.5041899473774, 13.0263945593851], [77.5043058198354, 13.0264377247921], [77.5045925944423, 13.0265220480546], [77.5047779187231, 13.0265709403162], [77.5049372698814, 13.0266146084178], [77.5055788252022, 13.0271677640062], [77.505752544175, 13.0271574808202], [77.5064203587618, 13.0271474357335], [77.5065088680504, 13.0271339161387], [77.5066684690221, 13.0270946865877], [77.5068019972483, 13.0270778880339], [77.5069103384315, 13.0270835336239], [77.5071598403483, 13.0271132191733], [77.5074871853222, 13.0271277133359], [77.5075803301543, 13.0271356831236], [77.5076990068467, 13.0271632454011], [77.5078301039915, 13.0272050925767], [77.5080071075519, 13.0273048839792], [77.5080695445883, 13.027335342287], [77.5081238102326, 13.0273564771057], [77.5081765545729, 13.0273700192856], [77.5083264381976, 13.0273852031103], [77.5083867863271, 13.0273997413501], [77.5084423397771, 13.0274266893041], [77.5085329753742, 13.0274851409098], [77.5085749778445, 13.0275027551248], [77.5086273943547, 13.0275130207232], [77.5087534735781, 13.0275215782345], [77.5088156711953, 13.0275319162172], [77.5088755554037, 13.0275504323551], [77.5089848719191, 13.0276010214242], [77.509049800822, 13.0276234386985], [77.50911756932, 13.0276353940954], [77.5092161981953, 13.0276418383576], [77.5092772900054, 13.0276506130594], [77.5094448217657, 13.0277047759886], [77.5095205359226, 13.0277184576616], [77.5097243664245, 13.0277128700215], [77.509785886926, 13.0277201099398], [77.5099028781334, 13.0277415889177], [77.5099718041188, 13.0277440453658], [77.5100354184281, 13.0277351268843], [77.5101985225389, 13.0276925472576], [77.5103292604492, 13.0276685378931], [77.5104179159187, 13.0276613200647], [77.5106289833542, 13.0276620383879], [77.5107009864371, 13.0276587755796], [77.5107980584429, 13.0276477157503], [77.5110387857194, 13.0276097743865], [77.5112360227498, 13.0275964090467], [77.5113018095473, 13.0275970687293], [77.5113835521414, 13.0276045648783], [77.5114535009679, 13.0276167189574], [77.511596440569, 13.0276499104346], [77.5117598524465, 13.0276694179309], [77.5117852833655, 13.0276678242643]]}}, {"type": "Feature", "properties": {}, "geometry": {"type": "LineString", "coordinates": [[77.6672794211673, 13.0238903900283], [77.6677523419912, 13.0233755440585]]}}, {"type": "Feature", "properties": {}, "geometry": {"type": "LineString", "coordinates": [[77.6372828363225, 13.0243573658338], [77.637332504144, 13.0243587447847], [77.6373982947962, 13.0243519328713], [77.6378032398128, 13.0242643289368], [77.6381100792303, 13.0241655562722], [77.6384066455672, 13.0240925716418], [77.6386880684338, 13.0239843844418], [77.6388055621641, 13.023954016119], [77.63892487274, 13.0239451266146], [77.6391730884332, 13.0239536552725], [77.6394161628844, 13.0239481818292], [77.6397803783163, 13.0239613642246], [77.6398577456278, 13.0239536875637], [77.6399359579743, 13.0239350711063], [77.6400517570077, 13.0238901810669], [77.6405353617315, 13.0236782044136], [77.6406150489949, 13.0236230807407], [77.6409612154238, 13.0233473091588], [77.641040019627, 13.0232911247629], [77.6415611962201, 13.0230153963486], [77.6416325362455, 13.0229842353219], [77.6417413974532, 13.0229485478636], [77.6421080308658, 13.0228384976911], [77.6422819487675, 13.0227929934462], [77.642460121637, 13.0227656663895], [77.6427368127589, 13.0227483035919], [77.6431464255993, 13.0226696215652], [77.6432756045925, 13.022659083815], [77.6433155988073, 13.0226704688355], [77.6434036155423, 13.0227373151424], [77.6434859512546, 13.0227795014439], [77.6437348845918, 13.0228921218309], [77.6438461714421, 13.0229263445696], [77.645680333355, 13.0234903741419]]}}, {"type": "Feature", "properties": {}, "geometry": {"type": "LineString", "coordinates": [[77.6594826415617, 13.0247628266889], [77.6595843289042, 13.0247717761772], [77.659666813929, 13.0247681714079], [77.6598388600469, 13.0247482895846], [77.6599423782656, 13.0247252455924], [77.6604331428901, 13.0245894024357], [77.6617046813804, 13.0241804197777], [77.6626001624117, 13.0239041065756], [77.6628754600864, 13.0238320292436], [77.6635789777182, 13.0236653956734], [77.6641123327737, 13.0235219888607], [77.6643419852007, 13.0234688744404], [77.6644289844105, 13.0234556585813], [77.6644948556981, 13.0234540146107], [77.6645444732885, 13.0234618182466], [77.6646102839524, 13.0234856882903], [77.6646762639798, 13.023523754183], [77.6647334963916, 13.023569016951], [77.6672794211673, 13.0238903900283]]}}, {"type": "Feature", "properties": {}, "geometry": {"type": "LineString", "coordinates": [[77.5816758205529, 13.0257014963088], [77.5813820653777, 13.0255481362918], [77.5813178700864, 13.0255038532284], [77.5812754418032, 13.0254635434397], [77.5812017520941, 13.0253606358394], [77.5809368591617, 13.0248914493752], [77.5808896933266, 13.0247469251481], [77.5807093780098, 13.0240455896951], [77.5804154198506, 13.0227629138359], [77.5803793567179, 13.0226429319093], [77.5803325351392, 13.0225415161972], [77.5800069738748, 13.0220271184339], [77.579584685206, 13.0212909980482], [77.5794688428017, 13.0211075969193], [77.5794127459668, 13.021044684851], [77.5791604206953, 13.0208206453429], [77.5789533657628, 13.0206712310676]]}}, {"type": "Feature", "properties": {}, "geometry": {"type": "LineString", "coordinates": [[77.5816758205529, 13.0257014963088], [77.5817842272056, 13.0256449195659], [77.5819971543107, 13.0255527870827], [77.5820611744404, 13.0255110100458], [77.5821185996358, 13.0254581710578], [77.582190115853, 13.0253602699036], [77.5823184976388, 13.0251321873346], [77.5823923845724, 13.0250342074153], [77.5824941097165, 13.0249454641374], [77.5827277698871, 13.0247842508649], [77.5827797868915, 13.0247381484301], [77.5828259988189, 13.0246845592347], [77.5828796864108, 13.024589505355], [77.582952174875, 13.0244000543311], [77.5829856845413, 13.0243265841851], [77.5830268285711, 13.0242542367966], [77.583079112677, 13.0241822815669], [77.5831580097522, 13.0241036845524], [77.5833409825748, 13.0239659271919], [77.5834469209403, 13.0238765155826], [77.5835171483168, 13.0238078641586], [77.5835804471165, 13.0237322295613], [77.5836637839002, 13.0235964872413], [77.5837039177696, 13.0234942876097], [77.5837171461848, 13.0233994861849], [77.5837257912328, 13.0231629466091], [77.5837380385727, 13.023089932356], [77.5837621241969, 13.0230132070921], [77.5838308376952, 13.0228775952166], [77.5840250322565, 13.0225950725507], [77.5840591421855, 13.0225265770273], [77.5840688467351, 13.0224567944369], [77.584062381379, 13.02242623957], [77.5840509991184, 13.0224043561476], [77.5840105489515, 13.0223648094386], [77.5838997489881, 13.0223067227358], [77.5838467923019, 13.0222680153123], [77.5836830405392, 13.022085494614], [77.5836601080303, 13.0220514630404], [77.5836062775906, 13.0219280406769], [77.5834866532942, 13.0217136031466], [77.583458349622, 13.0216367849182], [77.583420129906, 13.0214764260585], [77.5833620031286, 13.0212827787472], [77.5832858511829, 13.0209924199451], [77.5832457283699, 13.0208153717826], [77.5832245131588, 13.0206774067455], [77.5832140130485, 13.0204704973632], [77.5832252026016, 13.0203193371446], [77.5832507991595, 13.0201905976315], [77.5833598020615, 13.0197652652669], [77.5833926612938, 13.0196649180264], [77.5834317263605, 13.0195722477912], [77.5834860480688, 13.019467976208], [77.5835849652135, 13.0193021759064], [77.5836865643221, 13.0190746927659]]}}, {"type": "Feature", "properties": {}, "geometry": {"type": "LineString", "coordinates": [[77.6105006769862, 13.0254416638836], [77.6105630323764, 13.0253518751568], [77.6106470193419, 13.0252672980199], [77.6107334211249, 13.0252074159394], [77.6108973934362, 13.0251128250926], [77.6109712542482, 13.0250772141549], [77.6110343190154, 13.0250575851022], [77.6112016894127, 13.025051352349], [77.6112639934232, 13.0250386113639], [77.6116347315887, 13.024890895612], [77.611837545392, 13.0247775308579], [77.6120750389459, 13.0246842056527], [77.6121692058848, 13.0246370102314], [77.6124981909073, 13.0244085231186], [77.6125852371573, 13.0243365480993], [77.6135120824309, 13.0235701735846]]}}, {"type": "Feature", "properties": {}, "geometry": {"type": "LineString", "coordinates": [[77.7028959759642, 13.0256371708086], [77.7028962559264, 13.0256369899258]]}}, {"type": "Feature", "properties": {}, "geometry": {"type": "LineString", "coordinates": [[77.5821497561963, 13.0275135331455], [77.5820478818529, 13.0271836105635], [77.5819473732983, 13.0266674735713], [77.5819281370555, 13.026593435977], [77.5818874987284, 13.0265013025645], [77.5817740769812, 13.0263074317572], [77.5817308877605, 13.0261943548839], [77.5817156925718, 13.0261162819738], [77.5817042491433, 13.0259132015609], [77.5816758205529, 13.0257014963088]]}}, {"type": "Feature", "properties": {}, "geometry": {"type": "LineString", "coordinates": [[77.5821497561963, 13.0275135331455], [77.5822196132625, 13.0278404889797], [77.5822509809956, 13.0279352226323], [77.5822788523352, 13.0279859141339], [77.5823119712593, 13.0280307523354], [77.5825414610697, 13.028277551725], [77.582596616988, 13.0283512988519], [77.5826370848231, 13.0284502050178], [77.5827525797502, 13.0288151748286], [77.5827685550198, 13.0289244219944], [77.5827670324389, 13.0292255416238], [77.5827747687224, 13.0292955496596], [77.5827990721543, 13.0293735559691], [77.5829575506474, 13.0297883814219], [77.5830392767583, 13.0300357355925], [77.5830722373483, 13.0301526650857], [77.5830954060422, 13.0303006819783], [77.5831013146747, 13.0303835054135], [77.5830965905671, 13.0304912424139], [77.5830597354209, 13.0308339770931], [77.5830254733695, 13.0310488394095], [77.5830263307971, 13.0310814829374], [77.5830363334511, 13.0311144896835], [77.5830595008808, 13.0311498414518], [77.5830885136312, 13.0311780682194], [77.5831351833068, 13.031211767169], [77.5831892299806, 13.0312427183491]]}}, {"type": "Feature", "properties": {}, "geometry": {"type": "LineString", "coordinates": [[77.6173003075728, 13.0282086152818], [77.6170331757125, 13.0280798038772], [77.6165136894509, 13.027870802702]]}}, {"type": "Feature", "properties": {}, "geometry": {"type": "LineString", "coordinates": [[77.4912351306742, 13.029663813452], [77.4918270461928, 13.0296531407188], [77.4921343481443, 13.0296024101194], [77.4924297894565, 13.0295269950482], [77.4927870845914, 13.0293896207953], [77.4934391480186, 13.0290858255916], [77.4938918019772, 13.0288136097214], [77.4940175021302, 13.0287654024209], [77.4940949480451, 13.0287648248196]]}}, {"type": "Feature", "properties": {}, "geometry": {"type": "LineString", "coordinates": [[77.716830062886, 13.0275425642862], [77.7168643310161, 13.0273794554297], [77.7168776897865, 13.027182316248], [77.7169006846918, 13.0271080554318], [77.7169515530633, 13.0270333604417], [77.7171024429711, 13.0268974775964], [77.7171590210808, 13.0268356568654], [77.717371896306, 13.0265251737093], [77.7174123670952, 13.0264489337068], [77.7174917748457, 13.0262450529007], [77.717528719073, 13.0261127753302], [77.7175344383996, 13.0259237877806], [77.7175165339206, 13.0257749562414], [77.7174107297233, 13.0253565854442], [77.7173355321314, 13.024947685833], [77.7172497557287, 13.0247325438043], [77.717315298808, 13.0244066502519], [77.7173051250145, 13.0243535496152], [77.7172510749132, 13.0242181992738], [77.7172303112271, 13.0240861782689], [77.7172042468754, 13.0237162775533], [77.7172073509, 13.0236025204005], [77.7172189552678, 13.0235344062249], [77.7172673772507, 13.0233963082121], [77.7174198446794, 13.0230633377458], [77.7178317218728, 13.0222926355654], [77.7178777871958, 13.022222649559], [77.7179189145511, 13.022176414731], [77.7179683846486, 13.0221389127046], [77.7180274212321, 13.0221069580738], [77.7182799222067, 13.0220110476474], [77.7186732728972, 13.0219016981025], [77.7187361004288, 13.0218748065866], [77.7187849854429, 13.0218415391547], [77.7188442840826, 13.0217762091797], [77.7190673591605, 13.0214447116005], [77.7190966638846, 13.0213857126105], [77.7191441046221, 13.021259629405], [77.7191853798128, 13.0211854441712], [77.7192472366646, 13.0211107457728], [77.7193284959636, 13.0210431374154], [77.7194044825964, 13.0209799141213]]}}, {"type": "Feature", "properties": {}, "geometry": {"type": "LineString", "coordinates": [[77.7153662431215, 13.0277423848383], [77.7155716573787, 13.0277360200048], [77.7157518027996, 13.0277092413241], [77.7158585593788, 13.0276817125597], [77.7160790471274, 13.027600662831], [77.7161809410579, 13.0275780512874], [77.7165443883016, 13.0275502180646], [77.716830062886, 13.0275425642862]]}}, {"type": "Feature", "properties": {}, "geometry": {"type": "LineString", "coordinates": [[77.6161652029948, 13.0292036423305], [77.61625447959, 13.02918073244], [77.6164252371364, 13.0291636206105], [77.6164773568175, 13.0291465227459], [77.616522096407, 13.0291172644463], [77.6165692818543, 13.0290639387954], [77.6166628548047, 13.0289230072509], [77.6167140507356, 13.0288694793591], [77.6167934373799, 13.0288160162872], [77.6169721899453, 13.0287300336089], [77.6170182816489, 13.0286967088582], [77.617059943809, 13.0286552809396], [77.6171022825477, 13.0285957326756], [77.6172172855947, 13.0284027157291], [77.6173003075728, 13.0282086152818]]}}, {"type": "Feature", "properties": {}, "geometry": {"type": "LineString", "coordinates": [[77.6159591631658, 13.0293209912626], [77.6160559997718, 13.0292553592598], [77.6161652029948, 13.0292036423305]]}}, {"type": "Feature", "properties": {}, "geometry": {"type": "LineString", "coordinates": [[77.4914177010245, 13.0305704762985], [77.4914646031785, 13.0303864382592], [77.4914645449772, 13.0303198393791], [77.4914499294252, 13.0301659536823], [77.4914036040146, 13.0300298502253], [77.4912351306742, 13.029663813452]]}}, {"type": "Feature", "properties": {}, "geometry": {"type": "LineString", "coordinates": [[77.6153054203336, 13.0293637297394], [77.6153509099315, 13.0293360296615], [77.6154976950307, 13.0292591093921], [77.6155706095592, 13.0292247054357], [77.615652803594, 13.0291778598423], [77.6156896925816, 13.0291597875627], [77.6157323356542, 13.0291441686712], [77.6157718842838, 13.0291339509378], [77.6158240166891, 13.0291260399224], [77.6158741585547, 13.0291230979209], [77.6161652029948, 13.0292036423305]]}}, {"type": "Feature", "properties": {}, "geometry": {"type": "LineString", "coordinates": [[77.6427104679114, 13.0298908405888], [77.6427148937132, 13.0296747202468], [77.6427772073628, 13.0290953222126], [77.6427992282206, 13.0289800278741], [77.642868650892, 13.0286915189308], [77.6428798357835, 13.0285952722252], [77.6432514067729, 13.0284232704409]]}}, {"type": "Feature", "properties": {}, "geometry": {"type": "LineString", "coordinates": [[77.6427104679114, 13.0298908405888], [77.6430107269986, 13.029829081936], [77.6430756701673, 13.0298241036667], [77.6431468591819, 13.0298289159245], [77.6432263876692, 13.0298458850213], [77.6433827746985, 13.0299061384053], [77.6435109257219, 13.0299408435597], [77.6435788464172, 13.0299498022264], [77.6437423239996, 13.0299552523585], [77.6438601419258, 13.0299725296315], [77.6439325710055, 13.0299961585503], [77.644788668427, 13.0297218674432]]}}, {"type": "Feature", "properties": {}, "geometry": {"type": "LineString", "coordinates": [[77.6421900118356, 13.030089133998], [77.6422328372063, 13.0300765879291], [77.6424924300474, 13.0300224998872], [77.6425747743461, 13.0299984071228], [77.6426091265372, 13.0299824648432], [77.6426416588233, 13.0299596481875], [77.6427104679114, 13.0298908405888]]}}, {"type": "Feature", "properties": {}, "geometry": {"type": "LineString", "coordinates": [[77.611502887849, 13.0305133036276], [77.6116406285417, 13.0304584042303], [77.6117645236467, 13.0303943210973], [77.6128735240109, 13.0297726478547], [77.6131689256428, 13.0295945786865], [77.6135353849627, 13.0293596140586], [77.6138534859966, 13.0292087538688], [77.6141408427322, 13.0290497684222], [77.6142604320887, 13.0289771335616], [77.6151299464402, 13.0284084421373], [77.6152516124509, 13.0283356775462], [77.6153420744485, 13.0282965107824], [77.615551174584, 13.0282339726058], [77.6159841209741, 13.0280828115725], [77.6161946460962, 13.0279873858977], [77.6165136894509, 13.027870802702]]}}, {"type": "Feature", "properties": {}, "geometry": {"type": "LineString", "coordinates": [[77.4770376863061, 13.03184685255], [77.4770706150882, 13.0318478766006], [77.4771489098265, 13.0318643476483], [77.4772829210444, 13.0318773068739], [77.477348619054, 13.0318931403077], [77.4775845046962, 13.0319772471527], [77.4777947612655, 13.0320835206992]]}}, {"type": "Feature", "properties": {}, "geometry": {"type": "LineString", "coordinates": [[77.6767015158809, 13.0302361360067], [77.6767328701954, 13.0301581910615], [77.6767685673532, 13.0300872340234], [77.6768663298881, 13.0299150616106], [77.6768827273749, 13.0298910736878], [77.6768957500307, 13.0298772935767]]}}, {"type": "Feature", "properties": {}, "geometry": {"type": "LineString", "coordinates": [[77.5831892299806, 13.0312427183491], [77.5832702546784, 13.0312742523622], [77.5834101529858, 13.0313033921975], [77.5834673459244, 13.0313094366534], [77.5835236977105, 13.0313045696284], [77.5837022043792, 13.0312579421691], [77.5837932532103, 13.0312282042046], [77.5838417071025, 13.0311996889139], [77.5838837083268, 13.031159728193], [77.5842078171627, 13.0307776937003], [77.5842615514106, 13.0307045075809], [77.5842977966259, 13.0306318148787], [77.5844323298294, 13.0302833924318], [77.5844523490844, 13.0301939556036], [77.5844531595595, 13.0301191735852], [77.5844386951513, 13.0299984469749], [77.5844131450386, 13.0299041625735], [77.5841201843317, 13.0291476104302], [77.5840871922765, 13.0290858309148], [77.5840473206651, 13.0290305064271], [77.5838839934322, 13.028862882918], [77.5838523124245, 13.0288144900724], [77.5838277263049, 13.0287605001169], [77.5837959544557, 13.0286627659807], [77.5835653029486, 13.0278442421663], [77.5835218651608, 13.0277183304125], [77.5834974912483, 13.0276705638686], [77.5834479254073, 13.0275969861594], [77.583372455422, 13.0275001728419], [77.5833173454427, 13.0274403555467], [77.5832857725644, 13.0274137253352], [77.5832386937578, 13.0273854546082], [77.5831929140653, 13.0273687240911], [77.5831424131612, 13.0273582210665], [77.5830475977283, 13.0273476106056], [77.5829258342401, 13.0273415745866], [77.5827931474463, 13.027353755043], [77.5823989689756, 13.0274289660779], [77.5823006396805, 13.0274582988982], [77.5821497561963, 13.0275135331455]]}}, {"type": "Feature", "properties": {}, "geometry": {"type": "LineString", "coordinates": [[77.6767762846536, 13.0303347347478], [77.6767707879724, 13.0302981550928], [77.6767581676841, 13.0302721481142], [77.6767377001658, 13.0302522242772], [77.6767207436879, 13.0302427315837], [77.6767015158809, 13.0302361360067]]}}, {"type": "Feature", "properties": {}, "geometry": {"type": "LineString", "coordinates": [[77.6767762846536, 13.0303347347478], [77.6768884681248, 13.0302899710325], [77.6769615359715, 13.0302395327611], [77.6770224682405, 13.0301759529164], [77.6770660197902, 13.0300970173433], [77.6770844967169, 13.0300250376876], [77.6770842069258, 13.0299597816244], [77.6770614701599, 13.0298885324097], [77.6770052323863, 13.029776791393]]}}, {"type": "Feature", "properties": {}, "geometry": {"type": "LineString", "coordinates": [[77.676698172018, 13.0303536096211], [77.6766962685655, 13.0302913974353], [77.6767015158809, 13.0302361360067]]}}, {"type": "Feature", "properties": {}, "geometry": {"type": "LineString", "coordinates": [[77.676698172018, 13.0303536096211], [77.6767762846536, 13.0303347347478]]}}, {"type": "Feature", "properties": {}, "geometry": {"type": "LineString", "coordinates": [[77.5198469137692, 13.0320197019495], [77.5200713626991, 13.0321445316993], [77.5202806430191, 13.0322473754179], [77.5204207098826, 13.0323061514089], [77.5205500131795, 13.0323447291099], [77.5206544116266, 13.0323635271675], [77.5207426097452, 13.032365309557], [77.5210505620098, 13.032301591822]]}}, {"type": "Feature", "properties": {}, "geometry": {"type": "LineString", "coordinates": [[77.5570226315828, 13.0317435429064], [77.5569489260826, 13.031806337104], [77.5565938891409, 13.0320425362422], [77.5562154045519, 13.0323417539172], [77.5561702840764, 13.032370563283], [77.556129102452, 13.0323901871778], [77.556038712591, 13.032421640558], [77.5558003346979, 13.0324922439639], [77.5555423986293, 13.0325610263777], [77.5554387441229, 13.0325841992944], [77.5553640417317, 13.0325942881219], [77.5552574292072, 13.0326019181868], [77.5549998678404, 13.0326145899523], [77.5548569559835, 13.0326141659095], [77.5536044326007, 13.0335732484164], [77.5519749328042, 13.0351113156722]]}}, {"type": "Feature", "properties": {}, "geometry": {"type": "LineString", "coordinates": [[77.6604295478777, 13.0309026510053], [77.6603508120491, 13.030735378134], [77.6603247579515, 13.0306616962178], [77.6602929901342, 13.0304715738475], [77.6602904247687, 13.0304157572547], [77.6602949820179, 13.0303535121629], [77.6603025901348, 13.0303151728113], [77.6603183881461, 13.0302675049626], [77.6603770616494, 13.0301393411458], [77.6605211570677, 13.0298933029544], [77.6605663949597, 13.029825319927], [77.660634960708, 13.0297493814191], [77.6612722111754, 13.0291416416074], [77.6613400212337, 13.0290693450756], [77.6613806687282, 13.0290167251695], [77.6614129069223, 13.0289647960332], [77.6614815479574, 13.0288085373307], [77.6615546923676, 13.0286588993497], [77.6616207588882, 13.0285452157391], [77.6616635765435, 13.0284902274163], [77.6617215110854, 13.0284441275609], [77.6618788322244, 13.0283415880713], [77.662057234539, 13.028169202385], [77.6624122442133, 13.0278792965549], [77.6624491736797, 13.0278602918543], [77.6625019310229, 13.0278446332173], [77.6627344589974, 13.0278061825751], [77.6628112780045, 13.0277893550852], [77.6628641701186, 13.0277687272722], [77.6629067489377, 13.0277401246776], [77.6629630618277, 13.0276857879459], [77.6632608033552, 13.0273580408132], [77.6633239969872, 13.0272826160052], [77.6633401427855, 13.0272558163672], [77.6633504158105, 13.0272238437917], [77.6633511377884, 13.0271407582463], [77.6633589593467, 13.0271079490449], [77.6666317283702, 13.0245954983278], [77.6672794211673, 13.0238903900283]]}}, {"type": "Feature", "properties": {}, "geometry": {"type": "LineString", "coordinates": [[77.6604295478777, 13.0309026510053], [77.6605567683089, 13.030607007595], [77.6607236761441, 13.030293740583], [77.6608197623576, 13.0301346063411], [77.6610547441175, 13.0297823831937], [77.6610886116319, 13.0297354728129], [77.6611219459972, 13.0296989387989], [77.6613991180243, 13.0294660034394], [77.6616359249385, 13.0292434533641], [77.6617365190303, 13.029162375885], [77.6618940472956, 13.0290539224141], [77.6621468108271, 13.0289057808297], [77.6623403561095, 13.0287842625728], [77.6628109039862, 13.028463164351], [77.6628849806084, 13.0284089738232], [77.6631436084315, 13.0281835777271], [77.6635777065384, 13.0277471041637]]}}, {"type": "Feature", "properties": {}, "geometry": {"type": "LineString", "coordinates": [[77.5210505620098, 13.032301591822], [77.5211358835604, 13.0321695518311], [77.5212515524277, 13.0320344851709], [77.5212774159595, 13.031981504604], [77.5213229565416, 13.0318560994177]]}}, {"type": "Feature", "properties": {}, "geometry": {"type": "LineString", "coordinates": [[77.4873864219183, 13.0330587144225], [77.4873345526607, 13.0329196112023], [77.4872941684461, 13.0327869127823], [77.4870258455944, 13.0317509229066], [77.4869830422946, 13.0316600425691], [77.4868595348112, 13.0315247612938], [77.4868396787216, 13.0314927620788], [77.486828303307, 13.0314601384276], [77.4868246348905, 13.031420008588], [77.4868298552746, 13.031370573188], [77.4869026049135, 13.0310927876689], [77.4869177866617, 13.0309715856348], [77.4869091225528, 13.0307751351358], [77.4869138643493, 13.0305662394101], [77.4868968776814, 13.0304900288057], [77.4868547267852, 13.0303723560843], [77.4868493918285, 13.0303342940883]]}}, {"type": "Feature", "properties": {}, "geometry": {"type": "LineString", "coordinates": [[77.4873864219183, 13.0330587144225], [77.4876555558819, 13.0330264140306], [77.4880150184236, 13.0329381709879], [77.488099768898, 13.0329066233269], [77.4881672586339, 13.0328584562908], [77.4882536386669, 13.0327570651538], [77.488328524223, 13.0326280434316], [77.4883899777394, 13.0324647862059], [77.4884568195885, 13.0321938922397], [77.4884890106125, 13.0321281289902], [77.4885379761316, 13.0320668548599], [77.488696556576, 13.0319386678048], [77.4902401707192, 13.0308442816822], [77.4902898909309, 13.0307898937594], [77.490327997164, 13.0307234781102], [77.4904429679418, 13.0303638080536], [77.490479287123, 13.0302866841665], [77.4905257056599, 13.0302186752255], [77.4906611182437, 13.0300811321175], [77.4907768851966, 13.0299368191454], [77.4908451441739, 13.0298722773822], [77.4909141047811, 13.0298271224206], [77.4912351306742, 13.029663813452]]}}, {"type": "Feature", "properties": {}, "geometry": {"type": "LineString", "coordinates": [[77.6870779273909, 13.0313824800101], [77.6872636389553, 13.0313160938881], [77.6874054124162, 13.0312732302682], [77.6878694574072, 13.0311911038995], [77.6880849908694, 13.0311422908329], [77.6881614292734, 13.0311197686491], [77.6882217044447, 13.0310882116002], [77.6882776801454, 13.0310340047207], [77.6883297850121, 13.0309616902247], [77.6883634555442, 13.0308844395615], [77.6883754741859, 13.030813240395], [77.6883742185549, 13.0307348427618], [77.6883007115779, 13.0301082201436], [77.6881996509924, 13.0294832628414], [77.6880346165642, 13.0284023619174], [77.6880220687032, 13.0282344680453], [77.688022863307, 13.028166479408], [77.6880310007119, 13.028086171199], [77.6880244562789, 13.0280546636251], [77.687991692272, 13.0275927049658], [77.687813874839, 13.0273794351006], [77.6875632430878, 13.0271956016101], [77.6871670574279, 13.0267948770514], [77.6866657343884, 13.025684378549], [77.6836473667082, 13.023714173701], [77.6835443961112, 13.0237538602766], [77.683449280411, 13.0237614435982], [77.6833699528223, 13.0237482619544], [77.683184123442, 13.0236897768921], [77.683014707564, 13.0236770510378], [77.6829595110493, 13.0236673358647], [77.6828079149115, 13.0236102368329], [77.6826324011737, 13.0235674327858], [77.6825710209592, 13.0235473024074], [77.6825178527589, 13.0235200027383], [77.6824175955713, 13.0234450623929], [77.6823655459486, 13.023420419672], [77.682152968353, 13.0233741225655], [77.6820553780457, 13.0233382416352], [77.6819881784474, 13.0232971127784], [77.6819167532932, 13.0232366096058], [77.6818703423225, 13.0231810753389], [77.6818349202351, 13.0231181108987], [77.6818159971899, 13.0230632641502], [77.6818070636519, 13.0230076888763], [77.6818178767178, 13.0227981233028], [77.6815640049495, 13.0227510650249], [77.6814484209665, 13.0226030940983], [77.6813389243232, 13.0224299544198], [77.6812089105408, 13.0222959967323], [77.6810944291776, 13.0222438513885], [77.6807578023329, 13.022181783306], [77.6805876897508, 13.0221213501898], [77.6804598348697, 13.0220355774054], [77.6803014862861, 13.0218498010049], [77.6801716226522, 13.0217853079443]]}}, {"type": "Feature", "properties": {}, "geometry": {"type": "LineString", "coordinates": [[77.6846945855588, 13.0314590281816], [77.6846953472155, 13.0312098603644], [77.6846845385442, 13.0307700727217], [77.684675931594, 13.0306908142659], [77.6846418557932, 13.0304985261316], [77.6846315817544, 13.0304024831333]]}}, {"type": "Feature", "properties": {}, "geometry": {"type": "LineString", "coordinates": [[77.6846945855588, 13.0314590281816], [77.6848846048178, 13.0315363615775], [77.6849892272004, 13.0315665452577], [77.6852618434462, 13.0316216526865], [77.6854045432027, 13.0316292328587], [77.6855159025835, 13.0316188428849], [77.6859631628889, 13.0315530785693], [77.6865913887303, 13.0314724032528], [77.6870779273909, 13.0313824800101]]}}, {"type": "Feature", "properties": {}, "geometry": {"type": "LineString", "coordinates": [[77.7158364071761, 13.031147606209], [77.715842748223, 13.0310091345887], [77.7159022106491, 13.030598285753], [77.7159205031839, 13.0304987442779], [77.715942272132, 13.0304407774029], [77.7159720045672, 13.0304037940615], [77.7160228992161, 13.0303718056351], [77.7162419227952, 13.0302959496115], [77.7163280034286, 13.0302528485474], [77.7163882848647, 13.0302013847376], [77.7164116892596, 13.0301688553093], [77.7164316217469, 13.0301208427314], [77.7164431091929, 13.0300253618353], [77.7164403988347, 13.0299318988885], [77.7163597330362, 13.0295698165626], [77.7162901798538, 13.029152175363], [77.7162758089065, 13.0290194034221], [77.7162816263153, 13.0289185754336], [77.7163565735828, 13.0286229023053], [77.7163887775454, 13.028525687424], [77.7164177392401, 13.0284603026866], [77.7164708060049, 13.0283681030197], [77.716541672301, 13.0282647165699], [77.7167115302326, 13.0280652295759], [77.7167614845764, 13.0279720995551], [77.7167918182407, 13.0278568300434], [77.716830062886, 13.0275425642862]]}}, {"type": "Feature", "properties": {}, "geometry": {"type": "LineString", "coordinates": [[77.6833637952853, 13.0315990403394], [77.6836005508651, 13.0316334238036], [77.6839208291557, 13.0316493102877], [77.684050083448, 13.0316441403439], [77.6842826320179, 13.0315959696333], [77.6846945855588, 13.0314590281816]]}}, {"type": "Feature", "properties": {}, "geometry": {"type": "LineString", "coordinates": [[77.5214293685337, 13.0332644877335], [77.5213757426294, 13.0331512322236], [77.5213438973059, 13.0330326690137], [77.5213237412924, 13.0329771053251], [77.5212490199172, 13.0328272384377], [77.5212192703203, 13.0327556419601], [77.5211533198384, 13.0325365491781], [77.5211187275943, 13.0324388893101], [77.5210505620098, 13.032301591822]]}}, {"type": "Feature", "properties": {}, "geometry": {"type": "LineString", "coordinates": [[77.4865155887882, 13.0336536735754], [77.4863784885633, 13.0332726371456], [77.4863372644464, 13.0330866202151], [77.4862610586634, 13.0328415502804], [77.4862372642988, 13.0327073397827]]}}, {"type": "Feature", "properties": {}, "geometry": {"type": "LineString", "coordinates": [[77.4865155887882, 13.0336536735754], [77.486717881327, 13.0335146665809], [77.4871930497431, 13.0332396380045], [77.4872703591399, 13.0331773518305], [77.4873864219183, 13.0330587144225]]}}, {"type": "Feature", "properties": {}, "geometry": {"type": "LineString", "coordinates": [[77.6254961698524, 13.0325246631632], [77.6245466830821, 13.0310815949232], [77.624427722895, 13.0309007927895], [77.6243194653759, 13.0307623433801], [77.624253086232, 13.0305999302642], [77.6242134406704, 13.0305346521193], [77.6241602727071, 13.0304816980044], [77.6240262815539, 13.0303877158083], [77.6239742185467, 13.0303423806658], [77.6239319294329, 13.0302887127896], [77.6238593171718, 13.030151976191], [77.6238173004509, 13.0300921496745], [77.6237571341145, 13.0300362561706], [77.6236769166461, 13.0299940238999], [77.6235558287879, 13.0299604347829], [77.6233407228451, 13.0299455607944], [77.6232538713423, 13.0299329687802], [77.6226236275777, 13.02980332713], [77.6221935767708, 13.0297295460599], [77.6216445219892, 13.0296224593003], [77.621046243121, 13.0295021736565], [77.6208679195723, 13.0294589546807], [77.6202630509249, 13.0292806640774], [77.6197726193267, 13.0291146627137], [77.6195821848835, 13.0290441619618], [77.6191065724426, 13.0288407244362], [77.6188038565495, 13.028723968772], [77.618342427091, 13.0285685409972], [77.6177961252169, 13.0283697496174], [77.6173003075728, 13.0282086152818]]}}, {"type": "Feature", "properties": {}, "geometry": {"type": "LineString", "coordinates": [[77.4914764922373, 13.0341432390872], [77.4915497141533, 13.0341998496468], [77.4917252727688, 13.0343110485807]]}}, {"type": "Feature", "properties": {}, "geometry": {"type": "LineString", "coordinates": [[77.6579439665614, 13.0325297012864], [77.6579085680212, 13.0325298713016], [77.6577487866935, 13.03249378482], [77.6573218890757, 13.0324458018577], [77.657232910097, 13.0324239314346], [77.6569458322938, 13.0322669409032], [77.6568334470338, 13.0321850191043], [77.656739849319, 13.0321007309372], [77.6562665402873, 13.0315500624332], [77.6562244773935, 13.0314800131259], [77.6561281246301, 13.0312707037241], [77.6560612953392, 13.0311731146576], [77.6559638435634, 13.0310497316165], [77.6558390376072, 13.0309172346749], [77.6555824125865, 13.0307079568361], [77.6554571750529, 13.0305607035516], [77.6553560736048, 13.0303931980154], [77.6549800950494, 13.0296674001943], [77.6549197722239, 13.0295847330438], [77.654712431832, 13.0293663077984], [77.6546682531426, 13.0293011571807], [77.6546399721778, 13.0292356096345], [77.6546145570214, 13.0291051881314], [77.6545836585633, 13.0286701700909], [77.6545600924209, 13.0285162097983], [77.6545201037915, 13.0283739098479], [77.6543723317755, 13.0279301845881], [77.6541151788025, 13.0269289174202], [77.6540774619332, 13.0268349399754], [77.6540335860309, 13.0267730608231], [77.6538519282242, 13.0266336511028], [77.6537933415502, 13.0265668906938], [77.6537742894211, 13.0265289961129], [77.6537608485621, 13.0264773693925], [77.6537587503389, 13.0263747889546], [77.6537715463617, 13.026293349816], [77.6538286394066, 13.0260596273052], [77.6538465328578, 13.0258326174479], [77.6538789118562, 13.0256786719636], [77.6539933994474, 13.0253293099522], [77.6540397908053, 13.0252185575822], [77.6541359941618, 13.0250226235562], [77.6541906947424, 13.0247883618541], [77.6542087985669, 13.0247376189328], [77.6542402694479, 13.0246931938154], [77.6542877630037, 13.0246520004057], [77.6544858515436, 13.0245413615739], [77.6545164684449, 13.0245088853222], [77.6545965571187, 13.0243934739822], [77.6547864496817, 13.0242523870045], [77.6549162310885, 13.0241106818264], [77.6550723891863, 13.0239086777338], [77.6551514794045, 13.0238225509486]]}}, {"type": "Feature", "properties": {}, "geometry": {"type": "LineString", "coordinates": [[77.657916800632, 13.0325372135669], [77.658274147439, 13.0336885730748]]}}, {"type": "Feature", "properties": {}, "geometry": {"type": "LineString", "coordinates": [[77.4972117487561, 13.0341845360458], [77.4969515683946, 13.0338239710312], [77.4969128070738, 13.0337702535722], [77.4968874442978, 13.0337245347337], [77.4967886468887, 13.033489719944], [77.4967743014445, 13.0334305818874], [77.4967505609074, 13.0332574629898], [77.4967495596814, 13.0332350876984], [77.4967565196904, 13.0332114755635]]}}, {"type": "Feature", "properties": {}, "geometry": {"type": "LineString", "coordinates": [[77.4972117487561, 13.0341845360458], [77.4978310411976, 13.0338715137079], [77.4979855179066, 13.0338587443618], [77.4981298387119, 13.0337631368365], [77.4982685869584, 13.0336448303693], [77.4985872711909, 13.0334436035715], [77.4986565956796, 13.0333919180938]]}}, {"type": "Feature", "properties": {}, "geometry": {"type": "LineString", "coordinates": [[77.4917252727688, 13.0343110485807], [77.4918611031558, 13.0342971575802], [77.4919837726595, 13.0342767253686], [77.4922045057022, 13.0342334566866], [77.4928732838051, 13.0340871037825], [77.4930880154081, 13.0340592705698], [77.4931888306549, 13.0340303945548], [77.4932994731625, 13.0339856506617]]}}, {"type": "Feature", "properties": {}, "geometry": {"type": "LineString", "coordinates": [[77.4966236984222, 13.0349264847112], [77.4965572036655, 13.0346748705785], [77.4965423723841, 13.0345703312487], [77.4965393498642, 13.0344710095738], [77.4965503155691, 13.0343964903448], [77.4965748829001, 13.0343097909909], [77.4966833574229, 13.0341243990867], [77.4969898046838, 13.0342615162979], [77.4970537089685, 13.0342519355957], [77.4970992998691, 13.0342395427311], [77.4971478479309, 13.0342181577893], [77.4972054472959, 13.0341877210946], [77.4972117487561, 13.0341845360458]]}}, {"type": "Feature", "properties": {}, "geometry": {"type": "LineString", "coordinates": [[77.6879780234039, 13.033141117418], [77.6878824413255, 13.0330585262537], [77.6878345474421, 13.0329928569984], [77.687753910731, 13.032817070765], [77.6876510555695, 13.0326684237762], [77.6876250682338, 13.0326241862772], [77.6876057422421, 13.0325788299192], [77.6875694590157, 13.0324679691401], [77.687540684933, 13.0324051574505], [77.6874149160385, 13.0322147892906], [77.6873868527719, 13.0321580715551], [77.6873472914522, 13.0320598340985], [77.6873218257874, 13.0320111628115], [77.687204714566, 13.031837029436], [77.6871820824203, 13.0317820683659], [77.6871451696399, 13.0316437488313], [77.6871007702176, 13.0315095495491], [77.6870779273909, 13.0313824800101]]}}, {"type": "Feature", "properties": {}, "geometry": {"type": "LineString", "coordinates": [[77.658274147439, 13.0336885730748], [77.6596010765723, 13.0326085372624], [77.6596082687031, 13.0325731643881], [77.6596225142939, 13.0325311794391], [77.6596416031582, 13.0324876035646], [77.6596775113231, 13.032420958557], [77.6597021648502, 13.0323659572854], [77.6597216965585, 13.032316315124], [77.6597409725664, 13.0322551591921], [77.6597790297037, 13.0321502598041], [77.65982225574, 13.0320524314461], [77.6598473710749, 13.0319902100651], [77.6598635259601, 13.0319298811727], [77.6598875352128, 13.0318062217679], [77.6598999247864, 13.0317694693366], [77.6599201109363, 13.0317231349843], [77.6599467454591, 13.0316729753983], [77.6599772820968, 13.0316287751328], [77.6600406048113, 13.0315557605861], [77.6601166031019, 13.0314750092978], [77.6601459464309, 13.031437786403], [77.6601811122163, 13.0313869673276], [77.6602276251075, 13.0313037635648], [77.6602682502784, 13.0312218425641], [77.6602990851537, 13.0311503776707], [77.6603343736555, 13.0310526741898], [77.6603472197213, 13.0310237286625], [77.6603696478191, 13.0309828611585], [77.6603948271076, 13.0309427676005], [77.6604295478777, 13.0309026510053]]}}, {"type": "Feature", "properties": {}, "geometry": {"type": "LineString", "coordinates": [[77.658274147439, 13.0336885730748], [77.6586245955576, 13.0345454549359], [77.6588252082144, 13.0366919139215], [77.658363752368, 13.0380607805675], [77.6576715334443, 13.040108341188], [77.6566522920477, 13.0423412598868], [77.6564721012636, 13.0437431864133], [77.6564540701295, 13.0474365742017]]}}, {"type": "Feature", "properties": {}, "geometry": {"type": "LineString", "coordinates": [[77.4864760786187, 13.0353974751951], [77.4864266802418, 13.0353226347721], [77.486378226156, 13.0351927856432], [77.4863432401725, 13.035130585889], [77.4861956372101, 13.0349565454125], [77.4860885501035, 13.0348026189276], [77.4859814935985, 13.0346743478575], [77.4856877277155, 13.0342318899252], [77.4856316202249, 13.0341602605581], [77.4855473993133, 13.0340700440808], [77.4855112005852, 13.0340183201252], [77.4854143626469, 13.033839135067], [77.4853990452297, 13.0338015428856], [77.4853880473498, 13.0337399086669], [77.4853850381947, 13.0336245831717], [77.4853787789932, 13.0335718417959], [77.4853625412909, 13.0335006789546], [77.4853380163455, 13.0334355840465], [77.4853125508796, 13.0333949803044], [77.4852864149765, 13.0333695545678], [77.4852492585459, 13.0333446465893], [77.4851428328312, 13.0332878493506], [77.4851135238088, 13.0332645953385], [77.4850908970426, 13.0332372358394], [77.485072529721, 13.0332013199718], [77.4850597911806, 13.0331601703192], [77.4850518611789, 13.0331105448632], [77.4850438511021, 13.0329754454266], [77.4850233383564, 13.0329083974449], [77.4849832587482, 13.0328328699394], [77.4849363156758, 13.0327611072125], [77.4849027505687, 13.0327190406569], [77.4848360067902, 13.0326485087292]]}}, {"type": "Feature", "properties": {}, "geometry": {"type": "LineString", "coordinates": [[77.4864760786187, 13.0353974751951], [77.4865578971538, 13.0353504447492], [77.486613765431, 13.0352929199935], [77.4866522283759, 13.0352139064151], [77.4866669506026, 13.0351188388779], [77.4866591164476, 13.0350203721634], [77.486594736974, 13.0346684007402], [77.4865780572084, 13.0345319075503], [77.4865814295826, 13.0344327106931], [77.4866222698216, 13.0341453933203], [77.4866223261506, 13.0339931956077], [77.4865905333378, 13.0338427131906], [77.4865155887882, 13.0336536735754]]}}, {"type": "Feature", "properties": {}, "geometry": {"type": "LineString", "coordinates": [[77.6346648483973, 13.0346828189125], [77.6347294372376, 13.0347421197329], [77.6347555907648, 13.0347747971494], [77.634839134314, 13.0349642618353], [77.6349097200843, 13.0350710251645], [77.6351620389677, 13.0356716974126], [77.6352003382822, 13.0358111997647], [77.6352550940731, 13.036058608864], [77.6353638343793, 13.0366897205805], [77.635386660922, 13.0368001733008], [77.6354235560235, 13.0369214537326], [77.6355488289591, 13.0372394901926], [77.6359640300833, 13.0408321423132]]}}, {"type": "Feature", "properties": {}, "geometry": {"type": "LineString", "coordinates": [[77.48593575113, 13.0370342899059], [77.4860579933606, 13.036901299106], [77.4861332743303, 13.0368193985756], [77.4861833397827, 13.036740887067], [77.486294066442, 13.0365113034371], [77.4863404495574, 13.036387419207], [77.4863608197652, 13.0362771276682], [77.486368283218, 13.0361349066319], [77.4863363032928, 13.0357682312636], [77.4863398173568, 13.0356345094213], [77.4863658549001, 13.0355602031524], [77.4864760786187, 13.0353974751951]]}}, {"type": "Feature", "properties": {}, "geometry": {"type": "LineString", "coordinates": [[77.4837440617531, 13.0381246174052], [77.4837198197326, 13.0380711865602], [77.4836091319003, 13.0378272326136], [77.4835615181355, 13.0376681302262], [77.4835564521115, 13.0375989227635], [77.4835647176437, 13.0375093110346], [77.4835801972737, 13.037440063677], [77.4836338058878, 13.0372592313622], [77.4836471697438, 13.0371636717667], [77.4836335729452, 13.0370969214496], [77.4835530426557, 13.0369303936121], [77.4835274937837, 13.0368594744389], [77.4835181927254, 13.0367980397559], [77.4835194509498, 13.0366647296521], [77.4835121232253, 13.0366097957009], [77.4834878454609, 13.0365493404171], [77.4834052848266, 13.0363989142779], [77.4833528111062, 13.0362355143517], [77.4833283170732, 13.0361820054236], [77.4832814505783, 13.0361179567001], [77.4831857551114, 13.0360253522096], [77.4831432657367, 13.0359554736386], [77.4831044067161, 13.0358425111079], [77.4830833607875, 13.0357502721048], [77.4830788028944, 13.0357056458028]]}}, {"type": "Feature", "properties": {}, "geometry": {"type": "LineString", "coordinates": [[77.4895579519342, 13.0382399307129], [77.4895817945644, 13.0381865432494], [77.4896256717858, 13.0380883014315], [77.4896596932436, 13.038029832382], [77.4897227245516, 13.0379544870842], [77.4898065025645, 13.0378707466167], [77.4898840970442, 13.0378108456485], [77.4901708243828, 13.0376123478197], [77.4903703836581, 13.0374885021768], [77.490430906745, 13.0374338312143], [77.4904704916956, 13.03737744987], [77.4905821833721, 13.0371387214013], [77.4906914865488, 13.0369735849171], [77.4907629782868, 13.036804756393], [77.4908549791487, 13.0366603463091], [77.4909250517967, 13.0365223813129], [77.4910047744207, 13.0363861711133], [77.4910642361531, 13.0362406899135], [77.4911636198439, 13.0360869903723], [77.4911866974432, 13.0360317923737], [77.4912373091972, 13.0358740030566], [77.4913084729133, 13.0357333143259], [77.4913785880211, 13.0355665851696], [77.4914540528208, 13.0354375544116], [77.4915491542591, 13.0353117011115], [77.4915739169055, 13.0352722203703], [77.4915977131836, 13.0352154623349], [77.4916246249324, 13.0351212271133], [77.4916399059732, 13.0350915682651], [77.4916705002282, 13.0350554411971], [77.4917487183371, 13.0349862585923], [77.4917683563534, 13.0349601130686], [77.4917837275572, 13.0349295218441], [77.4918451277783, 13.0347054638556], [77.4918517433329, 13.0346623052359], [77.4918510230679, 13.0346292017476], [77.4918318636339, 13.0345583550745], [77.4917252727688, 13.0343110485807]]}}, {"type": "Feature", "properties": {}, "geometry": {"type": "LineString", "coordinates": [[77.4875804978172, 13.0389466511189], [77.4874645987954, 13.0388365830604], [77.4874431745579, 13.0387923413235], [77.4874296962993, 13.0387233685599], [77.4874281737346, 13.0386261821044], [77.4874363069063, 13.0385229217045], [77.4875073492912, 13.0380276169577], [77.4875020317354, 13.0379458951103], [77.4874722491734, 13.0378680648013], [77.4874364551039, 13.0378225426305], [77.4873849505399, 13.0377853516825], [77.4873110597223, 13.0377515723904], [77.4871848024237, 13.0377081336408], [77.4870476257717, 13.0376740596845], [77.4853061584075, 13.0374089445922]]}}, {"type": "Feature", "properties": {}, "geometry": {"type": "LineString", "coordinates": [[77.6745517689897, 13.0376649455537], [77.6744884277776, 13.0376637101426], [77.674440702238, 13.037656901236], [77.6742503173271, 13.0375988332822], [77.6740016783215, 13.0375369629795], [77.6738717026195, 13.0375185198107], [77.6737466347203, 13.0375098112801], [77.6736820632334, 13.0374969781443], [77.6736203636905, 13.0374692213182], [77.6734868613301, 13.0373782621872], [77.6734193440679, 13.0373439761413], [77.6732483600563, 13.0372888923071], [77.672994312453, 13.0372261228158], [77.672810413836, 13.0371660110069], [77.6727035424098, 13.0371203166847], [77.6725079135609, 13.0370197811568], [77.6724324356726, 13.0369875508793], [77.6723260582396, 13.0369613335645], [77.672093440915, 13.0369334246154], [77.6720019622652, 13.0369082295669], [77.6719427805444, 13.0368753539348], [77.6718906165622, 13.0368286175611], [77.6718440445387, 13.0367721021827], [77.6717415844303, 13.0366307517099], [77.6716792476459, 13.0365627435776], [77.6715887197994, 13.0364911815709], [77.6715271827885, 13.0364636781334], [77.6714596713898, 13.0364534141115], [77.6713538885568, 13.0364618773021], [77.6712081076857, 13.0364994644195], [77.6710384253202, 13.0365591364047], [77.6709340258112, 13.0365776822485], [77.6708768318666, 13.0365795045559], [77.6708251889964, 13.0365737462234], [77.6707705658743, 13.0365586704411], [77.6707277948279, 13.0365370954052], [77.6706960269465, 13.03651182494], [77.6706627189014, 13.0364677023426], [77.670587006345, 13.0362912255927], [77.6704971286311, 13.0361467842754], [77.6704209987308, 13.0359961339877], [77.6703906431554, 13.0359556386678], [77.6703195543688, 13.0358766982268], [77.6702832856846, 13.0358244666232], [77.6702160481027, 13.0356755999311], [77.6701398538777, 13.0355392741779], [77.67011166477, 13.0354791295958], [77.6700975640251, 13.0354354257919], [77.6700866053773, 13.0353660597449], [77.6700920457071, 13.0350905084221], [77.6700809903086, 13.0349662584254], [77.6700510757636, 13.0348530552401], [77.6699725798295, 13.0346593919881], [77.6699691455512, 13.0346431313034], [77.6699720102138, 13.0346282808835]]}}, {"type": "Feature", "properties": {}, "geometry": {"type": "LineString", "coordinates": [[77.6745517689897, 13.0376649455537], [77.6750276235485, 13.0377681392805], [77.675340223733, 13.0378618825921], [77.6756682938586, 13.0379864405822], [77.6761916193894, 13.038220905147], [77.676343302556, 13.0382705411529], [77.6764466995677, 13.0382791589466], [77.676526176399, 13.0382553136654], [77.6765967544298, 13.0381969493002], [77.6766372595912, 13.0381184904214], [77.6766507305357, 13.0380547018912], [77.6766551103288, 13.0379707166208], [77.6766378861825, 13.037339629347], [77.6766622221847, 13.037058190777], [77.6768690053564, 13.0356004431421], [77.676915556543, 13.0354460299947], [77.6770527688179, 13.0351631596307], [77.6770917583467, 13.0350158773343], [77.6771645518925, 13.0342499355651], [77.6771762335552, 13.0339033074331], [77.6771741018044, 13.0337207010067], [77.677154343389, 13.0334835303824], [77.6771616375662, 13.0332814987426], [77.6771406304299, 13.033145381009], [77.677098488539, 13.0330171053747], [77.6770369405673, 13.0328742402663], [77.6769644724503, 13.0327330725456], [77.6768134635712, 13.0324774521051], [77.6767769750064, 13.0323737195926], [77.6767780240468, 13.032320471828], [77.6767952311824, 13.032252237134], [77.6768996819247, 13.0320073566955], [77.6769359322181, 13.0318980328791], [77.6769629921735, 13.0317670588768], [77.6769655982458, 13.0316656513464], [77.6769386579712, 13.0314148876569], [77.6768993882019, 13.0312514480705], [77.6767969624543, 13.0309660332276], [77.6766490224158, 13.0306691939355], [77.6766291634584, 13.0306096362533], [77.6766240744335, 13.0305604963376], [77.6766333696515, 13.0304909558443], [77.676698172018, 13.0303536096211]]}}, {"type": "Feature", "properties": {}, "geometry": {"type": "LineString", "coordinates": [[77.626592915701, 13.0383234575683], [77.6288565799828, 13.0347960625783], [77.6289406286538, 13.0346650903254], [77.6290178082449, 13.0345655306665], [77.6292334427141, 13.0343867436492], [77.6292986449753, 13.0343156409716], [77.6293505661918, 13.0342218729321], [77.6294662839812, 13.0339503790458], [77.6295455132906, 13.0338297120343], [77.6295891320165, 13.0337843931595], [77.6296378152953, 13.0337476720764], [77.62989622941, 13.0336180753562], [77.6300060972092, 13.0335351115794], [77.6301072111903, 13.0334201042703], [77.6302357578299, 13.0331824778861], [77.630268526692, 13.0331376702597], [77.6303137907126, 13.0330937393929], [77.630426148364, 13.0330253068194], [77.630778859428, 13.0328594662235], [77.6309120854511, 13.0327758501984], [77.6310266113232, 13.0326767789121], [77.6312640568809, 13.0324287885626], [77.6314073825549, 13.0322984222986], [77.6321734327033, 13.0317207968792], [77.6322303592775, 13.031692827879], [77.6322738697496, 13.0316824065922], [77.6323222111632, 13.0316844537959], [77.6324596600869, 13.0317153796209], [77.6325073587574, 13.0317119740367], [77.632565571337, 13.0316933087276], [77.6326480484435, 13.0316503850989], [77.6330834366471, 13.0313877317344], [77.6332654240761, 13.0312989122467], [77.6333935086799, 13.0312176403564]]}}, {"type": "Feature", "properties": {}, "geometry": {"type": "LineString", "coordinates": [[77.5213422240432, 13.0400926692898], [77.521330392639, 13.0400502659961], [77.5212812807717, 13.0399271685748], [77.5212318789039, 13.0398430138366], [77.5211942200237, 13.0398010861704], [77.5211655268018, 13.0397775680612], [77.5211257447212, 13.039755093056], [77.5210763547751, 13.039737131437], [77.5209592434066, 13.0397136532245], [77.5207979382307, 13.0396935660577], [77.52069721955, 13.0396895678694], [77.5204054896758, 13.0396930746055], [77.520097962593, 13.0396690233381], [77.5199592446978, 13.0396466151268], [77.5196829905797, 13.0395848097017], [77.5191208376807, 13.0394793495876], [77.5190441437268, 13.0393866428498], [77.5189066038288, 13.0391547988626], [77.5187971557066, 13.0389265663629], [77.5187233259537, 13.0387875102346], [77.5186625170278, 13.0385880960396], [77.5185849927682, 13.0383961906327], [77.5185265153888, 13.0382835355691], [77.5184671258312, 13.0381927363885], [77.5184181532654, 13.0381448613335], [77.5183918149026, 13.0381302679845], [77.5183574194143, 13.0381205405526], [77.5182856700361, 13.0381174349047], [77.5181264895415, 13.0380461367444]]}}, {"type": "Feature", "properties": {}, "geometry": {"type": "LineString", "coordinates": [[77.5149788255493, 13.0407468320563], [77.5144485681396, 13.0395543984135], [77.5144193976861, 13.0394887998966], [77.514366774626, 13.03925117136], [77.5143188558472, 13.0391136634138], [77.514206836987, 13.0388928211026], [77.5141501492076, 13.0387537412807], [77.5141341489734, 13.0386968951056], [77.5141067539485, 13.0385426847371], [77.5140383235803, 13.0383587173747], [77.5139733700998, 13.0381511217746], [77.5139157021606, 13.0380194246794], [77.5137699641317, 13.0377414841335], [77.5137493458854, 13.0376877717532], [77.5137363583547, 13.0376292971043], [77.5137326466621, 13.0375698261908], [77.513737542261, 13.0374854123846], [77.513839571667, 13.0365469504292], [77.5138569934447, 13.0362820284443], [77.5138772860302, 13.0361806278446], [77.5139237767497, 13.0360432148468], [77.5139243543737, 13.0360088064423]]}}, {"type": "Feature", "properties": {}, "geometry": {"type": "LineString", "coordinates": [[77.5057635327764, 13.0414304825931], [77.5057544271634, 13.0412020138339], [77.5057757897479, 13.0410600263998], [77.5057765952977, 13.0409204226266], [77.5057947128417, 13.0407958713861], [77.5058075498279, 13.0405806196128], [77.505789845018, 13.0404960936299], [77.5057314524338, 13.0403694398362]]}}, {"type": "Feature", "properties": {}, "geometry": {"type": "LineString", "coordinates": [[77.6305704160354, 13.0402491081655], [77.6303870095552, 13.0401106234014], [77.6302970224222, 13.0400426766184], [77.6302383393268, 13.0399648283197], [77.6301809404177, 13.0398412780166], [77.6301618431176, 13.0397254582944], [77.6301693184144, 13.0395834506757], [77.6302038700003, 13.0393070597642], [77.6303011796358, 13.0386469745698], [77.6303473526822, 13.0384546640642], [77.6303859776287, 13.0383733325697], [77.6304455532992, 13.038282801072], [77.6307955991873, 13.0378398353561], [77.6310365271038, 13.0374383625617], [77.631091623752, 13.0373754945748], [77.6312379415618, 13.0372537259421], [77.6312910729944, 13.0371982018241], [77.6313420264448, 13.0371198725513], [77.6314388601189, 13.0369335163727], [77.631483367774, 13.0368712682072], [77.6316914748399, 13.0366870023948]]}}, {"type": "Feature", "properties": {}, "geometry": {"type": "LineString", "coordinates": [[77.6411838534314, 13.042069453697], [77.6411593952323, 13.0420318924145], [77.6411504751415, 13.0420085709353], [77.6411454919653, 13.0419746295541], [77.6411424019865, 13.0419098484471], [77.6411350610404, 13.0418670696756], [77.6410736029822, 13.0417003682101], [77.6410624574104, 13.0416585361791], [77.641054994407, 13.0416146727593], [77.64105200135, 13.0415698648369], [77.6410581138987, 13.0413633763827], [77.6410640556144, 13.0412572673862], [77.6410734435506, 13.0412168672758]]}}, {"type": "Feature", "properties": {}, "geometry": {"type": "LineString", "coordinates": [[77.5050573509489, 13.0435966546669], [77.5052239369104, 13.0434872902371], [77.5052834331722, 13.0434461268707], [77.5055551609537, 13.0433205015813], [77.5058220529439, 13.0431460017751], [77.5062263552737, 13.0429605587957], [77.5063879401473, 13.0429206200338], [77.5065645332304, 13.0429215116288], [77.5066968543162, 13.042959764669], [77.5067991331307, 13.0430271994395], [77.5068379264245, 13.0430758585503], [77.5068637985475, 13.0431321417617], [77.5069018126902, 13.0434428067539], [77.5069244257607, 13.0435088114113], [77.5069524096263, 13.0435505108494], [77.5069920925804, 13.0435826473778], [77.5071146009454, 13.0436471547337], [77.5071596729087, 13.0436834890149], [77.5072815451141, 13.0438555570182], [77.5073429069175, 13.0439132869733], [77.507437847852, 13.0439644131977], [77.5077662581894, 13.0441008173332], [77.5078390317485, 13.0441500856236], [77.5078939704401, 13.0442136355776], [77.5079293645781, 13.0443092625657], [77.5079490924283, 13.0445311471827], [77.5079630765963, 13.0445954897828], [77.5079891892602, 13.0446560249865], [77.5080632893043, 13.0447531063182], [77.5083057763112, 13.0449946931258], [77.5084119683106, 13.0451431759826], [77.5085632289439, 13.04544691668], [77.5087601922248, 13.0458022701526], [77.508985303919, 13.0463567124326], [77.5093879217708, 13.0471542976684], [77.5094547054567, 13.0472620752123], [77.5096590588981, 13.0475348938936], [77.509878579371, 13.0480007056781], [77.5100532996377, 13.0481910413975], [77.5101687138538, 13.0483436835886], [77.5102366073143, 13.0484544261154], [77.5104040670434, 13.0487730525488], [77.5108846892352, 13.0493653516395], [77.511112663592, 13.0496683839386], [77.5114278189057, 13.0499713039683], [77.5116634138389, 13.0501220066361], [77.5124022943129, 13.0504476823592], [77.5127845288618, 13.0503975346095], [77.5135192481742, 13.0502481278406], [77.5138367923126, 13.0502176454428], [77.5141410966127, 13.050159742414]]}}, {"type": "Feature", "properties": {}, "geometry": {"type": "LineString", "coordinates": [[77.6412461334021, 13.0426614259487], [77.6411999352239, 13.0423269401976], [77.6411889336834, 13.0421600923856], [77.641189472171, 13.0420713513075]]}}, {"type": "Feature", "properties": {}, "geometry": {"type": "LineString", "coordinates": [[77.6735909826533, 13.0439184283982], [77.6733253468628, 13.0438074151603], [77.6731420597259, 13.0437531602264], [77.6729744999555, 13.0437378038817], [77.6727050581342, 13.0437422829148]]}}, {"type": "Feature", "properties": {}, "geometry": {"type": "LineString", "coordinates": [[77.6735909826533, 13.0439184283982], [77.6739409367986, 13.0434100366397], [77.6740456183626, 13.0432005960066], [77.6740967447816, 13.043019524757], [77.6741861218588, 13.0425946600701], [77.6742838059844, 13.0418807016598], [77.6743366718789, 13.0416447060238], [77.6746790350297, 13.0407731107422], [77.6749041232436, 13.0403140933299], [77.6749667286295, 13.0400744178652], [77.6750212145364, 13.0393934918654], [77.6750211400775, 13.039201888877], [77.6750029277394, 13.0390368257834], [77.6747345163702, 13.0380769978348], [77.6745517689897, 13.0376649455537]]}}, {"type": "Feature", "properties": {}, "geometry": {"type": "LineString", "coordinates": [[77.5695176209391, 13.0454305250365], [77.5686934026438, 13.0455774165917], [77.5686666934287, 13.0455802827951], [77.5686420780018, 13.0455767417409], [77.5686164952741, 13.0455672484404], [77.5685950217004, 13.0455551015722], [77.5685097228666, 13.045492521901], [77.568473189545, 13.045471196436], [77.5684317801075, 13.0454574929695], [77.5683284740059, 13.0454374221061], [77.5682945295536, 13.0454288050018], [77.5682540996789, 13.0454123362655], [77.568219558868, 13.0453891587885], [77.568205567452, 13.045375996218], [77.5681919203065, 13.0453586933437], [77.5681460764466, 13.045277414419], [77.5681150568401, 13.045242920623], [77.5680789372554, 13.0452170367041], [77.5679977797721, 13.0451814929379], [77.5679707401132, 13.0451673477159], [77.5679497402851, 13.0451518135725], [77.567933416155, 13.0451342336903], [77.5679230814315, 13.0451169855539], [77.5679161606609, 13.045099989926], [77.5679005394287, 13.0450354472805], [77.5678900160697, 13.0450025171639], [77.5678668285685, 13.0449528824105], [77.5678384453395, 13.0449157929961], [77.5677771242137, 13.0448647505742], [77.5677464188519, 13.0448311407818], [77.567726900867, 13.0447953510642], [77.5677051588251, 13.0447305926821], [77.5676859453302, 13.0446898418159], [77.5676695929783, 13.0446688092107], [77.5676402273636, 13.044644112167], [77.5676237096522, 13.0446252702526], [77.5675639772707, 13.0445309350357], [77.5675434047846, 13.0444910026092]]}}, {"type": "Feature", "properties": {}, "geometry": {"type": "LineString", "coordinates": [[77.6736417614053, 13.0453743957067], [77.6732893526776, 13.0453727120227], [77.6729137316809, 13.0453274104332], [77.6727585442464, 13.0453197432542], [77.6724455787001, 13.0453231353247], [77.6721288061666, 13.0453348819469], [77.6718021337816, 13.0453617202057], [77.6716867116609, 13.0453534303137], [77.6716272245764, 13.0453288737518], [77.6715853537709, 13.0452835300671], [77.6715595589874, 13.0452272096185], [77.6715060871449, 13.045061316728], [77.6714610306388, 13.0449923445758], [77.6714096135574, 13.0449554475532], [77.6712247295444, 13.0448727757422], [77.6710766086819, 13.0447837022966], [77.6710151683387, 13.0447310886613], [77.6709115315468, 13.0446002117338], [77.6708646186802, 13.0445598993676], [77.6708033714522, 13.0445375279449], [77.6707122650342, 13.0445280470144], [77.6706451013395, 13.0445353575695], [77.6705530418445, 13.0445608553815], [77.6704534000436, 13.0445597573029], [77.670336885177, 13.0445287028753], [77.670188085562, 13.0444593566324]]}}, {"type": "Feature", "properties": {}, "geometry": {"type": "LineString", "coordinates": [[77.6736417614053, 13.0453743957067], [77.6734006122794, 13.0452335423281], [77.6731444332403, 13.0450944881175], [77.6726235883582, 13.0447798172484], [77.6721060931382, 13.0445084573496], [77.6720402869068, 13.0444662942026], [77.6719824052958, 13.0444188538574], [77.6718939450905, 13.0443307962411], [77.6717984367726, 13.0442158671579], [77.6717457583238, 13.0441469683261], [77.6717175100402, 13.0440940012615], [77.6717017719718, 13.0440265539175], [77.6717024487125, 13.0439171458135], [77.6716978988967, 13.0438700670769], [77.6716351527207, 13.0436294818084], [77.6716249905838, 13.0435546938248]]}}, {"type": "Feature", "properties": {}, "geometry": {"type": "LineString", "coordinates": [[77.6736417614053, 13.0453743957067], [77.6737353791865, 13.0453683042325], [77.6738593766359, 13.0453859159609], [77.6741299671679, 13.0454541861258], [77.6742704283355, 13.0455026241767]]}}, {"type": "Feature", "properties": {}, "geometry": {"type": "LineString", "coordinates": [[77.6742704283355, 13.0455026241767], [77.6743178228063, 13.0453588078965], [77.6743393176491, 13.0452656759734], [77.6743465652134, 13.0450954001029], [77.6743756401002, 13.0449321409857], [77.6743726431059, 13.0448757966554], [77.6743619133291, 13.0448393053978], [77.674333917418, 13.0447981252144], [77.6742878700672, 13.0447712532241], [77.6742335651178, 13.0447588727495], [77.6740920432782, 13.0447443150199], [77.6740501039683, 13.0447323857603], [77.6740117019929, 13.044712831555], [77.6739691782737, 13.0446739713841], [77.6738856688935, 13.0445611307352], [77.6737454778028, 13.0444356828727], [77.6737151620469, 13.0443922003681], [77.6736232301124, 13.0442303209021], [77.6735830837459, 13.0441396869302], [77.6735736843059, 13.0440921064417], [77.6735729222758, 13.0440469336382], [77.6735909826533, 13.0439184283982]]}}, {"type": "Feature", "properties": {}, "geometry": {"type": "LineString", "coordinates": [[77.6444498480854, 13.0466529212221], [77.6442726004003, 13.0461670680154], [77.6442210846814, 13.0460833752955], [77.6441759013712, 13.0460471925826], [77.6441376903947, 13.0460323075744]]}}, {"type": "Feature", "properties": {}, "geometry": {"type": "LineString", "coordinates": [[77.6444498480854, 13.0466529212221], [77.6450465367306, 13.0462877818685], [77.6452131556535, 13.0461538199479], [77.645347959104, 13.0459636577146], [77.6455671469282, 13.0454996430846], [77.6456509806405, 13.0453663911428], [77.647203947423, 13.0428979567273]]}}, {"type": "Feature", "properties": {}, "geometry": {"type": "LineString", "coordinates": [[77.5874366960375, 13.048058762612], [77.5867409009034, 13.0430169113686], [77.5867353131534, 13.0429764201333], [77.5867098219831, 13.0429008640561], [77.5866957865408, 13.042834881904], [77.5866541612607, 13.0425235973305], [77.5866102777455, 13.0422743534496], [77.586546681625, 13.0420157274407], [77.5864323056255, 13.041626454412], [77.586408884578, 13.0414969442531], [77.5863892504505, 13.0413163521115], [77.5863804372516, 13.0411292175495], [77.5863950806024, 13.0407519490443], [77.5863901863313, 13.0404321138708], [77.5864045092498, 13.0401564327081], [77.5864032568795, 13.0400810796912], [77.5863736468282, 13.0399123110898], [77.5862802532406, 13.0395914684183], [77.5862678197765, 13.0395180421174], [77.586261252447, 13.0394188336635], [77.5862659999639, 13.0392493567231], [77.5863042704064, 13.038801122984], [77.5863051802401, 13.0386238561146], [77.5862938549534, 13.0385371797779], [77.5862367139351, 13.0382351275873], [77.586221339791, 13.0380446254375], [77.5861969788693, 13.0378481880483], [77.5862006038343, 13.0376430257327], [77.5861925112887, 13.0375482963683], [77.586162823448, 13.0373880161986], [77.5861219216998, 13.0370917227771], [77.5860414442716, 13.0366765358265], [77.5859638237858, 13.0363883434222], [77.58594844318, 13.036252586782], [77.5859507851612, 13.036151549253], [77.5860153928744, 13.0358398335755], [77.5860223337694, 13.0357308152302], [77.5860195140987, 13.0356701514365], [77.5831892299806, 13.0312427183491]]}}, {"type": "Feature", "properties": {}, "geometry": {"type": "LineString", "coordinates": [[77.5913860877578, 13.0481047375752], [77.5916276986912, 13.0477291028338], [77.5917782051899, 13.0474951065945], [77.5918560972447, 13.0473128465469], [77.5919504685518, 13.0471397438945], [77.5919779565722, 13.0470611860931], [77.5920341334574, 13.0468247064143], [77.5921141344339, 13.0466581792673]]}}, {"type": "Feature", "properties": {}, "geometry": {"type": "LineString", "coordinates": [[77.6447689241959, 13.0477694133522], [77.6447240829999, 13.0477317348983], [77.6445742775441, 13.047633448294], [77.6445156547267, 13.0475744938416], [77.6444188714524, 13.0474046643041], [77.6443564901473, 13.0472342002689], [77.6443060644073, 13.0470123298983], [77.6443006687514, 13.046934984632], [77.644306875956, 13.0468674346485], [77.6443237481884, 13.0468085729354], [77.6443541935662, 13.0467510395943], [77.6444498480854, 13.0466529212221]]}}, {"type": "Feature", "properties": {}, "geometry": {"type": "LineString", "coordinates": [[77.5936429226453, 13.0487839877011], [77.5936432158253, 13.0486676680427], [77.5936238490963, 13.0485418002066], [77.593605968534, 13.0484917035679], [77.5935269127484, 13.0483423279565], [77.5935163041831, 13.0483118947442], [77.5935098682678, 13.0482705243172], [77.5935115513227, 13.0482271021029], [77.5935204771298, 13.048175720318], [77.5935697617928, 13.0480209644357], [77.5935847112843, 13.047948643967], [77.5935879907801, 13.0478680729303], [77.5935755860462, 13.0477954792472], [77.593562338337, 13.0477657473565], [77.5935441094448, 13.0477377259127], [77.5934827066997, 13.0476707667086], [77.5934392395663, 13.0476378116907], [77.5933315229227, 13.0475787655523], [77.593303357574, 13.047554613717], [77.5932832673655, 13.0475292453115], [77.5932561850733, 13.0474726087791], [77.593219316814, 13.0473706575681], [77.5931880697256, 13.0472591748103], [77.5931497048856, 13.0471693120346], [77.5931370167472, 13.0471041608955]]}}, {"type": "Feature", "properties": {}, "geometry": {"type": "LineString", "coordinates": [[77.6759088693931, 13.0484717659991], [77.6759517663772, 13.0483340152428], [77.6759876290279, 13.0482188530265], [77.676003229366, 13.0481304741716], [77.6760019930503, 13.0478636511227], [77.6760343327911, 13.0476393974367], [77.6760363187183, 13.0474055305669], [77.6760508589883, 13.0472980210318], [77.6760815385675, 13.0471665098375], [77.6761060880173, 13.0471003310383], [77.67613428558, 13.0470599411373], [77.676170270703, 13.0470358759911], [77.6762660973177, 13.047012045426], [77.6763101014092, 13.0469913057408], [77.6763481231807, 13.0469500652838], [77.6763649229472, 13.0468990828566], [77.676368326451, 13.0468351147734], [77.6763584620301, 13.0466253226811], [77.6763621943473, 13.046403651437], [77.6763421657429, 13.0463014608983], [77.6763005757635, 13.0462034465933], [77.6762466580734, 13.0461309365645], [77.6761900421, 13.0460839025569], [77.6760941677201, 13.0460314297959], [77.6759745002898, 13.0459845014138], [77.6753271899447, 13.0457803986815], [77.6746648508309, 13.0456285238177], [77.6744563855631, 13.0455676927614], [77.6742704283355, 13.0455026241767]]}}, {"type": "Feature", "properties": {}, "geometry": {"type": "LineString", "coordinates": [[77.5726285419247, 13.0497940296791], [77.5722790741444, 13.0511582518457], [77.5722201793648, 13.0521594140793], [77.5721750241005, 13.0525157507622], [77.571056457564, 13.0535562002511], [77.5705684626275, 13.054086980111], [77.5705636736228, 13.0544617976324], [77.5706912984492, 13.0549587806193], [77.5705216991615, 13.0553278980718], [77.5705772552855, 13.05591568191], [77.5705876698099, 13.0567104565671], [77.5704563105415, 13.0568079950046], [77.5696177964084, 13.0579417228572]]}}, {"type": "Feature", "properties": {}, "geometry": {"type": "LineString", "coordinates": [[77.5751363408269, 13.0502685623778], [77.57483157397, 13.0513089685534], [77.5748223601594, 13.0514054350474], [77.5747868109249, 13.0517776234518], [77.5749425931133, 13.0526939710186], [77.5754115066373, 13.0538657268325], [77.5754291961132, 13.0539099304331], [77.575798609017, 13.054706895416], [77.5761837859434, 13.0554070196176], [77.5765754804089, 13.0565002917032], [77.576842487296, 13.0573725020505], [77.5771329271793, 13.0581058369749], [77.577222346996, 13.0581158906311], [77.5772821954052, 13.0581445545568], [77.5773325950734, 13.0581890000238], [77.5774040875654, 13.058271899713], [77.5774483864231, 13.0583000582211], [77.5774845045646, 13.0583138866082], [77.5776341491107, 13.0583445397045], [77.5780881914449, 13.0583950789477], [77.5781746769511, 13.0584164752967], [77.5782461688166, 13.0584508897713], [77.5783035784207, 13.0585056013438], [77.5783887092069, 13.0586251003255], [77.5785583872744, 13.0588820788214], [77.5786936890025, 13.0591180274295], [77.5787970252514, 13.0593716761277], [77.5788423332431, 13.0594071755527], [77.5788722889856, 13.0594443188231], [77.5789996492706, 13.0596934598205], [77.5790351345592, 13.059778383206], [77.5791005848142, 13.0599840476901], [77.579194029253, 13.0602166579198], [77.5793270214526, 13.0605038287064], [77.5794357016456, 13.0607198838663], [77.5795335307029, 13.0609887132427], [77.5795688204359, 13.0610573376815], [77.579605206758, 13.0611130898057]]}}, {"type": "Feature", "properties": {}, "geometry": {"type": "LineString", "coordinates": [[77.4991398673685, 13.0539778147397], [77.4990506471731, 13.0540582944283], [77.4989685921375, 13.054137862795], [77.4989304610826, 13.054169811014], [77.4988836910876, 13.0542048576655], [77.4988596402201, 13.0542268687372], [77.4988362459945, 13.0542552530088], [77.4988133102258, 13.0542902807326], [77.4987857567447, 13.054338807863], [77.4987591670115, 13.054395839271], [77.498740063039, 13.0544237122626], [77.4987156661098, 13.054446962646], [77.4986169135791, 13.0545184325869], [77.4985919585455, 13.0545397964455], [77.4985613156012, 13.0545755518572], [77.4985098076417, 13.054656333775], [77.4984641685354, 13.0547074497767], [77.4984015079613, 13.0547633226914], [77.4983774849649, 13.0547759236073], [77.4983462215365, 13.0547850735783], [77.4980030234499, 13.0555848195943], [77.4980066276381, 13.0559433586801], [77.4980686019839, 13.0562869908435], [77.4982480377567, 13.0566725166568], [77.4985556499074, 13.0570822556974]]}}, {"type": "Feature", "properties": {}, "geometry": {"type": "LineString", "coordinates": [[77.6792619400529, 13.0524233684447], [77.6792668576757, 13.0524190851817]]}}, {"type": "Feature", "properties": {}, "geometry": {"type": "LineString", "coordinates": [[77.6554095353107, 13.0531846318924], [77.6553901302348, 13.0530876878154], [77.6553691828792, 13.0527886052209], [77.6553656492582, 13.0526375169616], [77.6553719174267, 13.0524423781081], [77.6553677697643, 13.0523412771224], [77.6553396618034, 13.0521318726024], [77.6552179418603, 13.0513977888552], [77.6552057655522, 13.0512164462202], [77.6552213515508, 13.0510952156087], [77.6557067110317, 13.0473197681575]]}}, {"type": "Feature", "properties": {}, "geometry": {"type": "LineString", "coordinates": [[77.6786559113488, 13.0538641231527], [77.6785822064208, 13.0536686628891], [77.6785517543411, 13.0536099148131]]}}, {"type": "Feature", "properties": {}, "geometry": {"type": "LineString", "coordinates": [[77.6787028907902, 13.0540257316692], [77.6786559113488, 13.0538641231527]]}}, {"type": "Feature", "properties": {}, "geometry": {"type": "LineString", "coordinates": [[77.5399859861651, 13.0557387640919], [77.5388063407498, 13.0560638559698], [77.5371707818165, 13.0567442581246], [77.5360246621996, 13.0575486106888], [77.5356329316403, 13.0577840988238], [77.5353276310142, 13.0582765848177], [77.5353291985531, 13.0586126051475], [77.5353860317797, 13.0594911901777], [77.5353123189089, 13.0598210509432], [77.5352148882233, 13.0604828072744], [77.5352600780077, 13.0607497027146], [77.5353753337148, 13.0609645884049], [77.5355644828868, 13.0613141778703], [77.5352808290064, 13.0615473150639], [77.5349900423669, 13.0617376353012], [77.5346392771894, 13.0617876730657], [77.5342095723758, 13.0618719923178], [77.5338686255921, 13.0619074456967], [77.5336413806398, 13.0619423901396], [77.5331052740637, 13.0619940171067], [77.5330652563069, 13.0619978705522]]}}, {"type": "Feature", "properties": {}, "geometry": {"type": "LineString", "coordinates": [[77.6514914740976, 13.054738022229], [77.6514512570169, 13.0545763867932], [77.6513695339639, 13.0543519214171], [77.6513082419901, 13.054233188263], [77.6511400734272, 13.0539479598496], [77.6510717439272, 13.0538618272319], [77.650864131403, 13.0536569035705], [77.6507666176817, 13.0535477218439], [77.6502393795535, 13.0528537805905], [77.6476871938819, 13.0516533656534]]}}, {"type": "Feature", "properties": {}, "geometry": {"type": "LineString", "coordinates": [[77.6710987641851, 13.0546084647899], [77.6711984336159, 13.0546211898987], [77.6714301495573, 13.0546627505729], [77.6715632796183, 13.0546671502389], [77.6717876945453, 13.054653740406], [77.6720868514183, 13.054619096375], [77.6725852013873, 13.0546005680668], [77.6731779517399, 13.0545433819577], [77.6732937653989, 13.0545349935889], [77.6734168937378, 13.0545324493703], [77.6734493087232, 13.0545262973326], [77.6735613243608, 13.0544916381357], [77.6737106203253, 13.0544712226688], [77.6738344694347, 13.0544624519497], [77.6742252098157, 13.0544513209281], [77.6742938103103, 13.0544427031849], [77.6743532988534, 13.0544282038351], [77.6744040952946, 13.054410018267], [77.6745748336572, 13.0543222668], [77.6746585260441, 13.0543022186968], [77.6751986237885, 13.0542555768378], [77.6762169541362, 13.0541178291404], [77.6765290710397, 13.0540518958165], [77.6765858166939, 13.0540336003955], [77.6766968439252, 13.0539827996303], [77.6767457306814, 13.0539688819959], [77.6768082163124, 13.0539579736352], [77.6770359562996, 13.053938700911], [77.6772067358423, 13.0539084600128], [77.6773822428452, 13.0538993054306], [77.6775227783487, 13.053868702697], [77.6775796012917, 13.0538644366021], [77.6776241891188, 13.0538734124091], [77.6776688653048, 13.0538947788934], [77.6777017320169, 13.0539193743819], [77.6777684303289, 13.0539811465949], [77.6778068463124, 13.0540053422137], [77.6778454838444, 13.0540170897293], [77.6779058621304, 13.0540204699405], [77.6780962791415, 13.0540083337722], [77.6781819642729, 13.0539966888303], [77.6782678445852, 13.0539751119414], [77.6784106932822, 13.0539289123972], [77.6785520739817, 13.0539016853123], [77.6786559113488, 13.0538641231527]]}}, {"type": "Feature", "properties": {}, "geometry": {"type": "LineString", "coordinates": [[77.6530316016202, 13.0548577305526], [77.6530452354259, 13.0547521548979], [77.6530530161845, 13.0545657170901], [77.6530807578363, 13.0543619407271], [77.6531904445487, 13.0539116849663], [77.6533392322078, 13.0532097441841], [77.653343963035, 13.0531420821976], [77.6533411861689, 13.0530560698701], [77.6533265072459, 13.0528925033526], [77.6533105221198, 13.0527743736673], [77.6532020260751, 13.0522186733271], [77.6531754355562, 13.0521176732286], [77.653156056742, 13.0520758381428], [77.6531308990577, 13.0520431134278], [77.6530885612543, 13.0520125000395], [77.6529876693332, 13.0519654647652], [77.6529464082266, 13.0519403284076], [77.6529118243773, 13.0519040045915], [77.6528850226103, 13.0518529533359], [77.652854305547, 13.0517448307031], [77.6527350294284, 13.0511861038722], [77.6527261497707, 13.0511313988062], [77.6527206803375, 13.0510463797643], [77.6527109634438, 13.0510018961319], [77.6526490586534, 13.0508838823014], [77.6526052948265, 13.0507875679526], [77.6522204861034, 13.0498349403605], [77.6527334293981, 13.0472090598303], [77.6527052693129, 13.0471744252671], [77.6526932651913, 13.0471542500438], [77.6526811690458, 13.0471242396272], [77.6526748496221, 13.0470928681831], [77.6526746077684, 13.0470703707729], [77.6526790764013, 13.0470206754077], [77.6526803482038, 13.0469797558561], [77.6526789711089, 13.0469362671179], [77.6526734527943, 13.0468783277216], [77.6526780668259, 13.0467834413718], [77.6526702745982, 13.0467215458482], [77.652668907204, 13.0466821611209], [77.6526740723585, 13.0466409215934], [77.6526860598678, 13.0466049547702], [77.6526853681447, 13.0465907289162], [77.6526743006175, 13.0463631161525]]}}, {"type": "Feature", "properties": {}, "geometry": {"type": "LineString", "coordinates": [[77.6318509341797, 13.0552368261089], [77.6317679218898, 13.055157511063], [77.6316966617469, 13.0551049490603], [77.6315080603282, 13.0549934949824], [77.6314342033339, 13.0549663224406], [77.6313304174406, 13.0549575009203], [77.63117267757, 13.0549637064411], [77.6310754241852, 13.0549751756883], [77.6309384715613, 13.0550008375793], [77.6308488402446, 13.0550087013803], [77.63066542506, 13.055010471959], [77.6305750637565, 13.0549949936511], [77.6305115062278, 13.0549651232551], [77.6304434844475, 13.0549128233127], [77.6303548337646, 13.0548273821605], [77.6302945617296, 13.0547460934048], [77.6302062351145, 13.0545452567423], [77.6301780949812, 13.0544979858728], [77.6300935379808, 13.0543800019776], [77.6300452246723, 13.0542744650938], [77.6298703418728, 13.0537265154092], [77.6294902920718, 13.0526100454273], [77.6294151493021, 13.0524072492681], [77.6287051104304, 13.0506573652298], [77.6286486492555, 13.0505446833774], [77.6284407678827, 13.0501934516235], [77.6283953219683, 13.0501002734254], [77.6278489228342, 13.0486952445712], [77.6278200411997, 13.0486381137319], [77.6277815006782, 13.0485797475834], [77.6274179414268, 13.0480997512002], [77.6272783553491, 13.0478971964274], [77.627140694792, 13.0476807212236], [77.6270585453001, 13.0475081533723], [77.6270169638574, 13.0473844156147], [77.6269801358171, 13.0471025970938], [77.6269151767877, 13.0468419681988], [77.6268682748943, 13.0464560093132], [77.6268490422918, 13.0463567410395], [77.6268313292975, 13.0463093843996], [77.6268067702212, 13.0462690345523], [77.6266960280101, 13.046155783736], [77.6265918614325, 13.0460492552146]]}}, {"type": "Feature", "properties": {}, "geometry": {"type": "LineString", "coordinates": [[77.4985556499074, 13.0570822556974], [77.499167416624, 13.0578971234199], [77.4993471450539, 13.0583113300152], [77.4995552649028, 13.0586392053211], [77.499762664749, 13.0588953728211], [77.5003917363905, 13.059327922565], [77.5006368981806, 13.0593690719374], [77.5008576771136, 13.0593769330166], [77.5010262039747, 13.0593741612914], [77.501337720117, 13.0593437684398], [77.5015958380606, 13.0593570571005], [77.5017972252569, 13.0593503086178], [77.5018627399655, 13.0593556501642], [77.5019169172184, 13.0593725983243], [77.5019663404315, 13.0594020308138], [77.502140601385, 13.0595508858838], [77.5021966753787, 13.0595919044157], [77.502250479149, 13.0596172395751], [77.5023081106358, 13.0596291624261], [77.5024473229343, 13.0596228310084], [77.5029644132404, 13.0595638678797], [77.503075161455, 13.0595447337834], [77.5031847207164, 13.0595058356202], [77.503360837338, 13.0594051899471], [77.5035265967884, 13.0593285670334], [77.5036161622177, 13.0592975392996], [77.5038401714269, 13.0592353227805], [77.5039876252939, 13.0591760793307], [77.5041630844415, 13.0590818579441], [77.5046457829482, 13.0587991186179], [77.5048238040369, 13.0586773446128], [77.504871731441, 13.0586325388633], [77.504910159936, 13.0585827782815], [77.50494390445, 13.0584996964251], [77.5049737357916, 13.0583060033944], [77.504989041756, 13.0582438], [77.505018980768, 13.0581846395918], [77.5050592309117, 13.0581435402418], [77.5051267930864, 13.0581063024295], [77.5052260987975, 13.058076639884], [77.5053365856217, 13.0580541645912], [77.5055854544464, 13.0580172664088]]}}, {"type": "Feature", "properties": {}, "geometry": {"type": "LineString", "coordinates": [[77.4985556499074, 13.0570822556974], [77.4985140408956, 13.0570952841226], [77.4982215289942, 13.0570987723656], [77.4976683051937, 13.0571820539675], [77.4973589753536, 13.0572177460586], [77.4969247228105, 13.0572058486388], [77.4965737515754, 13.0571820540519], [77.4965657530036, 13.0571847857553], [77.4963298578043, 13.0572653350679], [77.4959967338178, 13.0573486145939], [77.4957706846436, 13.0574854345621], [77.4955743798026, 13.0576341517308], [77.4953959199057, 13.0577590738134], [77.4951758195862, 13.0579672760202], [77.4948664895512, 13.0581397875961], [77.4943846479103, 13.058342041452], [77.4936987682419, 13.0586169053464], [77.4926896299226, 13.0594152770396], [77.4922684650342, 13.0597293660912], [77.4919686530426, 13.0599292412139], [77.4919578451521, 13.0599724728253], [77.4919653501402, 13.0599949363318]]}}, {"type": "Feature", "properties": {}, "geometry": {"type": "LineString", "coordinates": [[77.6790579055625, 13.0553898950045], [77.6790515360279, 13.0553807926642], [77.6789879622814, 13.0552548932162], [77.6789608825499, 13.0551606085876], [77.6789312492807, 13.0550176702698]]}}, {"type": "Feature", "properties": {}, "geometry": {"type": "LineString", "coordinates": [[77.6792848534204, 13.0557975186974], [77.6792548443902, 13.0557456390699], [77.6792539286091, 13.0557054881549], [77.6792744820536, 13.0556634010346], [77.679284891956, 13.0556512050963]]}}, {"type": "Feature", "properties": {}, "geometry": {"type": "LineString", "coordinates": [[77.6792848534204, 13.0557975186974], [77.6793175078067, 13.0556669417064]]}}, {"type": "Feature", "properties": {}, "geometry": {"type": "LineString", "coordinates": [[77.6162630534305, 13.0573373832028], [77.6162556104083, 13.0572219514173], [77.6162594100942, 13.0571554757709], [77.6162932357096, 13.056991493225], [77.6163071943486, 13.0568341269069], [77.6163427110495, 13.056676723991], [77.6163588434311, 13.0565352791556], [77.6163848455961, 13.0563990501288], [77.6163895268057, 13.0563316666654], [77.6163852525449, 13.0561948505823], [77.6163909719668, 13.0561093214452], [77.616446768222, 13.0557475142575], [77.6164734752443, 13.0556139070447], [77.6165080898867, 13.0554985311343], [77.6165492386027, 13.0554144647186], [77.6167489526009, 13.0551161276257], [77.616833605397, 13.0550003527576], [77.6169669265383, 13.0548406400145], [77.6170028537741, 13.0548065292782], [77.6170426795761, 13.0547774698218], [77.6170930766824, 13.0547496331817], [77.6171741027128, 13.054717814106], [77.617293766823, 13.0546781235963], [77.6173586772727, 13.0546653291109], [77.6174105499899, 13.0546673615483], [77.6174745705602, 13.0546829405659], [77.6180576369199, 13.054873028349], [77.6181209573248, 13.0548866927162], [77.6181908679514, 13.0548921966382], [77.6184480858155, 13.054912446311]]}}, {"type": "Feature", "properties": {}, "geometry": {"type": "LineString", "coordinates": [[77.5696177964084, 13.0579417228572], [77.5684721029339, 13.0594907571544], [77.5673126273827, 13.0607624300608], [77.5654870283903, 13.0622787378919]]}}, {"type": "Feature", "properties": {}, "geometry": {"type": "LineString", "coordinates": [[77.5696177964084, 13.0579417228572], [77.5723561870422, 13.0587113585993], [77.572429689552, 13.0587668917781], [77.5725402534265, 13.0588137895607], [77.5726252209878, 13.0588601732207], [77.5727227672766, 13.0589332277857], [77.5728086074446, 13.058990452141], [77.5728772965384, 13.0590453229643], [77.5729230030379, 13.0590743473539], [77.573007901553, 13.0591209013934], [77.5732093976564, 13.0592179237126], [77.5734458586471, 13.05935665029], [77.5736058395681, 13.0594580038159], [77.5740071411043, 13.0596746609003], [77.574159358219, 13.0597774130609], [77.5743052722967, 13.0598862276515], [77.5743760017892, 13.05992869687], [77.5745194995777, 13.0599936578819], [77.574687350976, 13.0600612030646], [77.5747905129437, 13.0600966256388], [77.5748947238262, 13.0601389111049], [77.5753069612199, 13.0602743981896], [77.5756441352015, 13.0604078581465], [77.5758536231598, 13.0605124640805], [77.5759946895423, 13.0605891479418], [77.5761100520032, 13.060640022735], [77.5764856195381, 13.060862818559], [77.5765340085829, 13.0609046533269], [77.5766245256378, 13.0609511761245], [77.5769398597862, 13.0610828796268], [77.5772550848393, 13.0612090158661], [77.5773010685725, 13.0612389237289], [77.5773159080723, 13.0612549915922], [77.577331246835, 13.0612802749901], [77.5773480949188, 13.0613348491405], [77.5774041200392, 13.0616335939255], [77.5775233573211, 13.062049782433], [77.5775960120394, 13.0623251545514], [77.5776232882944, 13.0624459480031], [77.577635915573, 13.0625354749505], [77.5776359911459, 13.0625819128379], [77.5776297795359, 13.0626204098626], [77.5776161526783, 13.0626576166603], [77.5775980894514, 13.062688071129], [77.577576234898, 13.0627146108639], [77.5775437308792, 13.0627444288042], [77.5774564561396, 13.0627984442288], [77.5774091647115, 13.0628321453808], [77.5774294073839, 13.0636202693496], [77.5774087516498, 13.0640321524174], [77.5774056158372, 13.0640946809961], [77.5774032183752, 13.0641424887788], [77.577464589638, 13.0641610087306], [77.5775135488001, 13.0641796434524], [77.5775917145778, 13.0641932057914], [77.5776455987803, 13.0642165705514], [77.577631962384, 13.0643206004157]]}}, {"type": "Feature", "properties": {}, "geometry": {"type": "LineString", "coordinates": [[77.6788852836539, 13.0580510619029], [77.6788751941235, 13.0578579807624], [77.6788836242562, 13.0577292582992], [77.6789034232123, 13.0576493167635], [77.6789914897173, 13.0573838878968], [77.6790182645954, 13.0572550304199], [77.6790267732363, 13.0571429915716], [77.6790159020371, 13.0570680627411], [77.6789950784138, 13.0570076820099], [77.6788790318332, 13.0567955600216], [77.6788476111496, 13.0567229227928], [77.6788351186901, 13.0566512791495], [77.6788416206646, 13.0565813872458], [77.6788830266887, 13.0564330631086], [77.6789342935748, 13.0563089628511], [77.6789820266399, 13.0562383609112], [77.6791410751097, 13.0560409513976], [77.6792848534204, 13.0557975186974]]}}, {"type": "Feature", "properties": {}, "geometry": {"type": "LineString", "coordinates": [[77.6788852836539, 13.0580510619029], [77.6787990942604, 13.0581086093938], [77.6787352198301, 13.0581366716235], [77.6786763589359, 13.0581498529899], [77.6785845593345, 13.058153963433], [77.6783853011563, 13.0581392282241], [77.6782010814388, 13.0581151957853], [77.67806172716, 13.0580808551879], [77.6779165482831, 13.0580308651617], [77.6774223868342, 13.0577518863969], [77.677315996047, 13.0576724687401], [77.6771139000594, 13.057497826436], [77.6769729443932, 13.0573918803115], [77.6761728176544, 13.0568505657531], [77.6760665327101, 13.0567886049872], [77.67598478254, 13.0567513676395], [77.6757604817521, 13.056699914202], [77.6756449892599, 13.0566914724244], [77.6748413332999, 13.0567009340819], [77.6745783484189, 13.056712613074], [77.6744160927348, 13.056728140576], [77.673965621203, 13.0568200507325], [77.6736636740911, 13.0569103544426], [77.6732259647626, 13.0570222089948], [77.6729451681528, 13.057128523322], [77.6728765319869, 13.0571398134112], [77.6727813521289, 13.0571319977637], [77.672609585722, 13.0571448961408]]}}, {"type": "Feature", "properties": {}, "geometry": {"type": "LineString", "coordinates": [[77.6517469640281, 13.0588187357719], [77.6517373374434, 13.0584856155566], [77.6517101322433, 13.0583187986888], [77.651623016317, 13.0580302653344], [77.6514933791679, 13.0577185190763], [77.6514685626474, 13.057608416103], [77.6514714402716, 13.0574724991754], [77.6515375322213, 13.0570322322131], [77.6515565729148, 13.0567911834106], [77.6515587581608, 13.0565662948386], [77.6515324829793, 13.0563459974281], [77.6514943569196, 13.0562250980823], [77.6514251986958, 13.0561004192125], [77.6512259112342, 13.0558246987077], [77.651091794089, 13.0556668465718], [77.6509422469265, 13.055541281728], [77.6507525619297, 13.0554405398055], [77.6504329252957, 13.0553270497155], [77.6503053375574, 13.0552961155923], [77.6502008931924, 13.0552826931316], [77.6500720608306, 13.0552902318193], [77.6499494796335, 13.0553336225933], [77.649833919054, 13.055407168914], [77.6495250105457, 13.0556505148798], [77.6494376816145, 13.0556899992489], [77.6493539587416, 13.0557050604182], [77.6491445070415, 13.0557013338357], [77.648782249361, 13.0556738361475], [77.6477231303596, 13.0555057978958], [77.6476600396499, 13.0554885658448], [77.6476257046467, 13.0554670309216], [77.6475647161972, 13.0553962999275], [77.6475132322253, 13.0553646961022], [77.647208819436, 13.0552780474134], [77.6471518007683, 13.0552544509592], [77.6470371733237, 13.0551503022434], [77.6469890094581, 13.0550789004338], [77.6469725030845, 13.0550045004417], [77.6469714767658, 13.0548995869594], [77.6470406050144, 13.0540935534464], [77.6470014433759, 13.0539050281304]]}}, {"type": "Feature", "properties": {}, "geometry": {"type": "LineString", "coordinates": [[77.5627244442442, 13.0600909959374], [77.5641603686278, 13.0611777719861], [77.5654870283903, 13.0622787378919]]}}, {"type": "Feature", "properties": {}, "geometry": {"type": "LineString", "coordinates": [[77.6242011332734, 13.0603915805678], [77.6241086550445, 13.0603156519966], [77.6239864712365, 13.0602401632073], [77.6238528045719, 13.0601756625689], [77.6236606247008, 13.0601070228942], [77.6234897057854, 13.0600627156205], [77.6233734864479, 13.0600509422304], [77.6230524256884, 13.0600644013836], [77.6229710206024, 13.0600447517614], [77.6229086623362, 13.0600048747643], [77.6228154928535, 13.0598959871684], [77.622543104431, 13.0594688566268], [77.6223303544182, 13.059177951273], [77.6220209370666, 13.0588855211431], [77.6216718807438, 13.0584809346432], [77.6215780949028, 13.0584117684468], [77.6214203645402, 13.0583356358606], [77.621358615571, 13.0582827882166], [77.621308449266, 13.0582234188007], [77.6212732814476, 13.058159868955], [77.6212505218921, 13.0580826303403], [77.6211946595732, 13.0577255755944], [77.6211658401991, 13.0575928611256], [77.6211258835685, 13.0574816261877], [77.6210687621278, 13.0573752711584], [77.6208991588114, 13.0571449303102], [77.6205230002158, 13.0567161301166], [77.6200723995583, 13.0561312040931], [77.6197822932602, 13.0557723514325], [77.6196757795579, 13.0556127252446], [77.6193694606313, 13.0550978052164], [77.6192965159393, 13.0549904941403], [77.6192522756982, 13.0549459532312], [77.6191926037007, 13.0549069593161], [77.6191279391575, 13.0548816981642], [77.6190682592599, 13.0548720282085], [77.6189741549361, 13.0548778888244], [77.6187834089625, 13.0549345136585], [77.6187028590478, 13.0549457332589], [77.6186269740885, 13.0548868575541]]}}, {"type": "Feature", "properties": {}, "geometry": {"type": "LineString", "coordinates": [[77.6242011332734, 13.0603915805678], [77.6242451077246, 13.0610031845829], [77.6242463703248, 13.0611226857132], [77.6243696716115, 13.0614560666648], [77.6244475348959, 13.0615578635586], [77.624476941298, 13.0615842941063], [77.6245164987796, 13.0616087785979], [77.6245793351399, 13.0616340158885], [77.6247483430564, 13.0616855544407], [77.6248510400819, 13.0617280321881], [77.6250424692564, 13.0618321326233], [77.6252853445678, 13.0619477255819], [77.6254829014309, 13.0620698062644], [77.6255657366528, 13.0621118693485], [77.6256763980356, 13.0621499375527], [77.6258332573167, 13.0621838810689], [77.6259360894254, 13.0621960493707], [77.6260217549433, 13.0621904630272], [77.6260916479493, 13.0621735564246], [77.6262929368397, 13.0621043919657], [77.6264082827918, 13.0620811593015], [77.6264899474184, 13.0620736928283], [77.6266428608023, 13.0620727881115], [77.6267484839991, 13.06206508164], [77.6268863006917, 13.06204688271], [77.6271319374519, 13.0619999902592], [77.6272138940775, 13.0619889494236], [77.6273126419725, 13.0619836994345], [77.6274531070489, 13.0619848477807]]}}, {"type": "Feature", "properties": {}, "geometry": {"type": "LineString", "coordinates": [[77.579605206758, 13.0611130898057], [77.5798045233599, 13.061235862432], [77.5799348833568, 13.0613041773682], [77.5799826383249, 13.061321732358], [77.5800428457545, 13.0613387257537], [77.5801045713593, 13.0613522085718], [77.5801529856958, 13.0613576535735], [77.5802002023877, 13.0613581650993], [77.5802505288122, 13.0613542855723], [77.580880038744, 13.0612769694149], [77.5809681397889, 13.0612643882235], [77.5811465476777, 13.0612253612441], [77.5816076906601, 13.0611811926025], [77.5816428004336, 13.0611805825841], [77.5816779975596, 13.0611861602375], [77.5817559358837, 13.0612212878703]]}}, {"type": "Feature", "properties": {}, "geometry": {"type": "LineString", "coordinates": [[77.6258840309222, 13.0608760534502], [77.6247830876898, 13.060748599441], [77.6246155184314, 13.0607176827804], [77.6245301746918, 13.0606834809291], [77.6244443661416, 13.0606257815501], [77.6242011332734, 13.0603915805678]]}}, {"type": "Feature", "properties": {}, "geometry": {"type": "LineString", "coordinates": [[77.6591156855534, 13.0611099058281], [77.6593650785458, 13.0609826422597], [77.6595654686874, 13.0608577157785], [77.6597765911808, 13.0606951032431], [77.6598399882573, 13.0606319345693], [77.6598857470295, 13.0605706439869], [77.659955569654, 13.0604266870314], [77.6600001540651, 13.0602604747299], [77.6600272495614, 13.0600485639383], [77.6600454256999, 13.0596747640848], [77.6600723315649, 13.0595385952005], [77.6601073243303, 13.0594555200434], [77.6601708554215, 13.0593580890348], [77.6602387083105, 13.0592851052526], [77.660322379297, 13.0592159976844], [77.6604286871862, 13.0591523041558], [77.6606773048684, 13.0590356688767], [77.6609885759778, 13.0588585354103], [77.6611316176563, 13.058798151081], [77.661271174818, 13.0587695610991], [77.6617298876667, 13.0587242845953], [77.6619985439331, 13.0586599809651], [77.6622227044317, 13.0586253960439], [77.6624969716135, 13.0585588931208], [77.6628030665454, 13.0585366007284], [77.662911197557, 13.0585175798207], [77.662983598409, 13.058494346835], [77.663056812952, 13.0584597715812], [77.6632818199607, 13.0583011730672], [77.6633550495742, 13.0582622550207], [77.6635999745511, 13.0581962882731], [77.6638509374422, 13.058120581133], [77.66393219034, 13.058088986205], [77.6640351611149, 13.0580211910434], [77.6640832931204, 13.0579680764439], [77.6641233526728, 13.057904273991], [77.6641602313539, 13.0578133242008], [77.664218447227, 13.0575912179871], [77.6643161256355, 13.0573838719462], [77.6643468275737, 13.0573013403139], [77.6643691411441, 13.0571652558099], [77.6643707564419, 13.0568872814285], [77.6643603255409, 13.0567767018032], [77.6643102339866, 13.0564843048139], [77.6643297361952, 13.0560831168822], [77.6643115886544, 13.0556660497311], [77.6642806842671, 13.055505308372], [77.6642071545385, 13.0552873721605], [77.6641195852254, 13.0549821636855], [77.6639702024085, 13.0546815497909], [77.6639228612936, 13.0544654312728], [77.6638927056821, 13.0543741451121], [77.6638308823114, 13.0542545714169], [77.6635127394158, 13.0537507999428], [77.6634594728654, 13.053651240969], [77.6634163358353, 13.0535245908151], [77.6633750179982, 13.053272767859], [77.6633554320761, 13.0531959451954], [77.6633179453724, 13.0531053044432], [77.6632297095715, 13.0529535150032], [77.6631878417469, 13.052863417105], [77.6630648321143, 13.0524435493312], [77.6630029046238, 13.0523237938516], [77.6628557661257, 13.0521471904222], [77.6628112807176, 13.0520759224275], [77.6626654815986, 13.0516476579777], [77.6626546131759, 13.0515504644245], [77.6626562531847, 13.0513179423017], [77.662606959614, 13.0510531842181], [77.6625807876715, 13.0508060281091], [77.6625828803486, 13.0507059024039], [77.6626134556517, 13.050439218042], [77.662589504416, 13.0501594430905], [77.6625926659842, 13.0499292387197], [77.6625405543651, 13.0496512315871], [77.6625197243768, 13.049421184748], [77.6623608203985, 13.047666205652]]}}, {"type": "Feature", "properties": {}, "geometry": {"type": "LineString", "coordinates": [[77.5654870283903, 13.0622787378919], [77.564563827171, 13.0630455210642], [77.5616806809596, 13.0659647174424]]}}, {"type": "Feature", "properties": {}, "geometry": {"type": "LineString", "coordinates": [[77.6402780850636, 13.0619030495528], [77.6402023338521, 13.0615969566834], [77.640181326901, 13.0615475918232], [77.6401626583513, 13.0615229842293], [77.6401450030664, 13.0615083958263], [77.6401113915595, 13.0614909042988], [77.640063090213, 13.0614751266265], [77.6399187095977, 13.0614466918462], [77.6398352485492, 13.0614436697594], [77.6395538330512, 13.0614490937542], [77.6394107097241, 13.0614382937587], [77.6393340582052, 13.0614221460153], [77.6392228421211, 13.0613913412567], [77.6391019838399, 13.0613540662903], [77.6390346517172, 13.0613277937225], [77.638997318109, 13.0613076777199], [77.6389719799161, 13.0612879315688], [77.6389563848026, 13.0612690579792], [77.6389443681244, 13.061240841013], [77.6389436766232, 13.061190242281], [77.6389658938356, 13.0611064481367], [77.638970291543, 13.0610740407079], [77.6389680203149, 13.0610452716195], [77.6389590744447, 13.0610158741682], [77.6389343226166, 13.0609774180122], [77.6388843666703, 13.060939722414], [77.6387457362912, 13.0608809922566], [77.6386141045709, 13.0607999524393], [77.6385469147334, 13.0607737839519], [77.6385022291677, 13.0607678603635], [77.6384585294387, 13.0607700753789], [77.6384158592604, 13.0607805541259], [77.6383799184353, 13.0607975065953], [77.6383341427873, 13.0608323618863], [77.6382511782413, 13.060926475091], [77.6381696291084, 13.0610041093443], [77.6381383540171, 13.0610538780861], [77.6380730921725, 13.0612357819425], [77.6380445167438, 13.0612952401052], [77.6380388408467, 13.0613247028528], [77.6380393086502, 13.0613710886335]]}}, {"type": "Feature", "properties": {}, "geometry": {"type": "LineString", "coordinates": [[77.6776304981578, 13.0616832255728], [77.6773801098988, 13.0615602788231], [77.6771074616428, 13.0614693765637], [77.6770243037718, 13.0614284009257], [77.6769030020647, 13.0613148095788], [77.6766803084448, 13.0610497577928], [77.6766202170522, 13.0610010820855], [77.6765718812143, 13.0609793687124], [77.6764907342454, 13.0609638761331], [77.6763636743231, 13.060957483559], [77.6759774202076, 13.0609685190181], [77.6755882358196, 13.0609074595731], [77.6754558777185, 13.0608951094255], [77.6751110807493, 13.0609062509723], [77.6749142387209, 13.0609349652546], [77.6748090364293, 13.0609333964367], [77.6747632739619, 13.06091985872], [77.6747187805674, 13.060892905358], [77.6746744246301, 13.0608474828271], [77.6745776534114, 13.0607213647704], [77.6745144981845, 13.0606811288241], [77.674461724343, 13.0606693086537], [77.6742925261107, 13.0606577582953], [77.6742234146667, 13.0606457783094], [77.6741615304243, 13.0606251613076], [77.6740143891494, 13.0605492110981], [77.6739164268721, 13.0605162188667], [77.6730788299685, 13.0603291164377], [77.6727172138409, 13.0602216921829], [77.6726025921365, 13.0601968051541], [77.6724182109175, 13.060173430799], [77.6722270170894, 13.0601638310022], [77.6721063070186, 13.060178496088], [77.6720154237229, 13.0602203651414], [77.6719606028015, 13.0602703350171], [77.6719249704093, 13.0603324475571], [77.6718780537708, 13.0605707796384], [77.6718189799647, 13.0607440008089]]}}, {"type": "Feature", "properties": {}, "geometry": {"type": "LineString", "coordinates": [[77.6776304981578, 13.0616832255728], [77.6777535333524, 13.0615251807753], [77.6778655517066, 13.0613981157195], [77.6779670222295, 13.0612326291996], [77.6780937457572, 13.0610849330966], [77.6781442303293, 13.0610103142062], [77.6783258401436, 13.0606747019693], [77.6783516718155, 13.0606061752662], [77.6783981615688, 13.0604466940989], [77.6785010969098, 13.0602403082937], [77.6785568798428, 13.0600667547015], [77.6786096018785, 13.0599396256296], [77.6786263877907, 13.0598731024119], [77.6786513641862, 13.0597124593482], [77.6786724426507, 13.0596275992126], [77.6787033417531, 13.0595497992435], [77.6787913078175, 13.0593837849932], [77.6788223621094, 13.0593107252245], [77.6788396892666, 13.0592491107551], [77.6788795135723, 13.0590519403409], [77.6789658808316, 13.0588222005619], [77.678986408054, 13.0587398963688], [77.6789894926296, 13.0586427859908], [77.6789673418074, 13.0584185099063], [77.6789685418471, 13.0582179908304], [77.6789583503286, 13.0581733722054], [77.678941535617, 13.0581327943619], [77.6788852836539, 13.0580510619029]]}}, {"type": "Feature", "properties": {}, "geometry": {"type": "LineString", "coordinates": [[77.5806103875865, 13.0627305546006], [77.5805519866903, 13.0626977512599], [77.5804639870986, 13.0626400601319], [77.5803439012146, 13.0625758033604], [77.5802631300839, 13.062517825852], [77.580195047274, 13.0624555477326], [77.5800163299795, 13.0622633511846], [77.5798259878705, 13.0620984947453], [77.579783451898, 13.0620544566385], [77.5797637470523, 13.062028065142], [77.5797472224242, 13.0619841928739], [77.5797344106628, 13.061837488437], [77.5796936024342, 13.0616459692118], [77.5796525931104, 13.0613656050599], [77.579605206758, 13.0611130898057]]}}, {"type": "Feature", "properties": {}, "geometry": {"type": "LineString", "coordinates": [[77.5806103875865, 13.0627305546006], [77.5807134590925, 13.0627050610236], [77.5808309959495, 13.0626637735775], [77.5809176708898, 13.0626282212845], [77.5810508392874, 13.0625648051051], [77.5811336177192, 13.0625326967286], [77.581566984101, 13.0624004028858], [77.5816116490069, 13.0623921193468], [77.5816550416313, 13.0623883042666], [77.5818153246656, 13.0623892930572], [77.5819626043243, 13.0623784537746], [77.5820569346274, 13.0623673195553], [77.5822670764374, 13.0623359329836], [77.5823511979393, 13.0623194005503], [77.5824026028382, 13.0622982568549], [77.5824386617793, 13.0622716642964], [77.5824591736071, 13.0622470421113], [77.5824988140492, 13.062179632597], [77.5825212397044, 13.0621486988427]]}}, {"type": "Feature", "properties": {}, "geometry": {"type": "LineString", "coordinates": [[77.556690783667, 13.0634892050813], [77.5561737902295, 13.0627544417363], [77.5561377970782, 13.0627428233999], [77.5558362063204, 13.0626937458856], [77.5557890014334, 13.0626808687512], [77.5557554400343, 13.0626617023375], [77.5557338601659, 13.0626410450708], [77.5557153509562, 13.062609911693], [77.5556961357353, 13.0625591559424], [77.5556868335509, 13.062512501405], [77.5556858763539, 13.06247187259], [77.5557028778996, 13.06233204666], [77.5557157938565, 13.0622598946353], [77.5557636049402, 13.0620622175728], [77.5557762212902, 13.0619710715779], [77.555770187938, 13.0618216095503], [77.5557463918471, 13.0616646474394], [77.5557300245749, 13.0614553027455], [77.5557298944379, 13.061328553895], [77.5557447470797, 13.0611681423295]]}}, {"type": "Feature", "properties": {}, "geometry": {"type": "LineString", "coordinates": [[77.556690783667, 13.0634892050813], [77.5571253263145, 13.0635099867704], [77.5572214341271, 13.0635072052459], [77.5573085977359, 13.0634924791123], [77.5573771917971, 13.0634601179303], [77.5574303757043, 13.0634065696892], [77.5574673288831, 13.0633290228428], [77.557520872616, 13.0631652723284], [77.5581463992749, 13.0631312675813], [77.5588494940125, 13.0633334660611], [77.5596008574361, 13.0637796836396], [77.5605644465624, 13.0641232331995], [77.5611511887781, 13.0648644126905], [77.5616806809596, 13.0659647174424]]}}, {"type": "Feature", "properties": {}, "geometry": {"type": "LineString", "coordinates": [[77.6448230811805, 13.0626320482879], [77.6446852674485, 13.0628524846857], [77.6446432213551, 13.0629197383881], [77.6446172187342, 13.0629510940225], [77.6444038931521, 13.0631405641477], [77.6443277823127, 13.0632217201123], [77.6442938799184, 13.0632437621475], [77.6442522642597, 13.0632600670451], [77.6439307589949, 13.0633444640607], [77.6438276174207, 13.0633638195644], [77.643055763699, 13.0634259471444], [77.6429853968482, 13.0634241491654], [77.6429453700763, 13.0634082793654], [77.64290990655, 13.0633764730166], [77.6427496993947, 13.0631747369008], [77.6426357534386, 13.0630444903998], [77.6426064495822, 13.0629994575807], [77.6425814141324, 13.0629263658229], [77.6425495511961, 13.0626798914329], [77.6425241296017, 13.0625440897047], [77.6424982357951, 13.0624624605548], [77.6424631491332, 13.062395470119], [77.642406592232, 13.0623315792627], [77.6422748482453, 13.0622374634243], [77.64221611415, 13.0621857201866], [77.6421528256326, 13.0621109001116], [77.6419948962602, 13.0618895985475], [77.6419337705882, 13.0618295855674], [77.6418804231212, 13.0617942425571], [77.6418309597867, 13.0617741462338], [77.6417829471802, 13.0617637791274], [77.6417307255445, 13.0617593388761], [77.6416358864196, 13.0617612271468], [77.6415206179612, 13.061773630189], [77.6412125586799, 13.0618283161315], [77.6410023389189, 13.061857551311], [77.6404989073068, 13.0618940448386], [77.6402780850636, 13.0619030495528]]}}, {"type": "Feature", "properties": {}, "geometry": {"type": "LineString", "coordinates": [[77.580988940266, 13.0633438871392], [77.5809345865754, 13.0632691393206], [77.5808432444208, 13.0631560431767], [77.5807802683847, 13.0630659985844], [77.5806693627971, 13.0628717467286], [77.5806103875865, 13.0627305546006]]}}, {"type": "Feature", "properties": {}, "geometry": {"type": "LineString", "coordinates": [[77.5553720374033, 13.0637979309528], [77.5552703684544, 13.0636154827272], [77.5552061148189, 13.0634775173527], [77.5551963300698, 13.063450776992], [77.5551918414182, 13.0634310998678], [77.555191225286, 13.0634015810627], [77.5551966870779, 13.0633736057868], [77.5552266933852, 13.0632645349307], [77.5552558726448, 13.0631865953618], [77.5552619268199, 13.0631646041324], [77.5552650237612, 13.063124974188], [77.5552577023959, 13.0630926839394], [77.5552464041566, 13.0630705715842], [77.5552266613583, 13.0630456543887], [77.5552059158771, 13.0630270938749], [77.5551784091968, 13.0630086517132], [77.5551362563112, 13.0629870910946], [77.5550904056711, 13.0629682629403], [77.5550527032601, 13.0629566685779], [77.5550212320105, 13.0629505851064], [77.5544548888652, 13.0631788616351], [77.5542020588348, 13.0631587736282], [77.5536580792774, 13.0631155532564], [77.5532060608991, 13.061472561677], [77.5530343403943, 13.0604072005503], [77.5520828993133, 13.0605996440412], [77.5518587753204, 13.0597738984392], [77.5512927976347, 13.0598561722203], [77.5507533757325, 13.0599345851749], [77.5505317316619, 13.0599537547994], [77.5505307032335, 13.0598430895602]]}}, {"type": "Feature", "properties": {}, "geometry": {"type": "LineString", "coordinates": [[77.5553720374033, 13.0637979309528], [77.5556829466443, 13.0635269718253], [77.5557729542663, 13.0634824149154], [77.5558743179227, 13.0634579712823], [77.55602092129, 13.0634451891033], [77.5561911518816, 13.0634462173023], [77.556690783667, 13.0634892050813]]}}, {"type": "Feature", "properties": {}, "geometry": {"type": "LineString", "coordinates": [[77.554993527932, 13.0638407619874], [77.5551859674044, 13.0638271619982], [77.5553720374033, 13.0637979309528]]}}, {"type": "Feature", "properties": {}, "geometry": {"type": "LineString", "coordinates": [[77.5821050665989, 13.0637790450717], [77.5820381175728, 13.0637338863346], [77.5820102160286, 13.0637217564391], [77.5819840275963, 13.0637162695626], [77.581910026059, 13.0637172059816], [77.5816742832033, 13.0637387388024], [77.5816410521889, 13.0637343042932], [77.5816222419401, 13.0637250323377], [77.5816014832259, 13.063704826569], [77.5815828739536, 13.0636756164408], [77.5814945715651, 13.0634915134525], [77.5814354922694, 13.0633865595607], [77.5813764990575, 13.0633088542803], [77.5813525471691, 13.0632875772837], [77.5813255712977, 13.0632732661866], [77.5812982742131, 13.0632672392074], [77.5812704485427, 13.0632666571056], [77.5812019072423, 13.0632771675944], [77.581088314801, 13.0633051027838], [77.580988940266, 13.0633438871392]]}}, {"type": "Feature", "properties": {}, "geometry": {"type": "LineString", "coordinates": [[77.6776218051852, 13.0628683990959], [77.6776257232806, 13.0628454064459], [77.6776578059607, 13.0627118713422], [77.677667277077, 13.0626196723126], [77.6776627185732, 13.0625300270666], [77.6776292947942, 13.062364491196], [77.6776225306045, 13.0622948722331], [77.6776253784294, 13.0622252602643], [77.6776458773017, 13.062083357998], [77.6776505065458, 13.0620183799513], [77.677645639627, 13.0619453356032], [77.6776253812378, 13.0618116030152], [77.6776304981578, 13.0616832255728]]}}, {"type": "Feature", "properties": {}, "geometry": {"type": "LineString", "coordinates": [[77.577631962384, 13.0643206004157], [77.5780268756389, 13.0641901778237], [77.5781239081695, 13.0641857051939], [77.5781780753486, 13.0641736575862], [77.5787166458215, 13.0639860122423], [77.5789082660044, 13.0639250943067], [77.5789382537143, 13.06391147559], [77.5789589706282, 13.0638953718912], [77.5789819423668, 13.0638682454069], [77.5790182478027, 13.0638143912876]]}}, {"type": "Feature", "properties": {}, "geometry": {"type": "LineString", "coordinates": [[77.6218419337971, 13.0642461644423], [77.6220860858026, 13.0641524530425], [77.6221516322018, 13.0641202876852], [77.6222188095651, 13.0640759819802], [77.6222592737112, 13.0640612468167]]}}, {"type": "Feature", "properties": {}, "geometry": {"type": "LineString", "coordinates": [[77.6404674152983, 13.064833413443], [77.6404679649462, 13.0648119629297], [77.6405186087505, 13.0646569622277], [77.6405544608671, 13.0645006175763], [77.640565197788, 13.064284189759], [77.640564130386, 13.0641646628586], [77.6405490084508, 13.0640436055956], [77.6403689812438, 13.0631237863267], [77.6403229395675, 13.0624840897502], [77.6403204199316, 13.0623746812739], [77.6403259027695, 13.0622465629275], [77.6403218441705, 13.0621301263669], [77.6403106131519, 13.0620298625756], [77.6402780850636, 13.0619030495528]]}}, {"type": "Feature", "properties": {}, "geometry": {"type": "LineString", "coordinates": [[77.5616806809596, 13.0659647174424], [77.5605090846358, 13.069656838703], [77.5598934179499, 13.0714318277082], [77.5583936041185, 13.0725940773113], [77.5553348241234, 13.0754967805821], [77.5533256383536, 13.0777118789424]]}}, {"type": "Feature", "properties": {}, "geometry": {"type": "LineString", "coordinates": [[77.5616806809596, 13.0659647174424], [77.5619355867747, 13.0670378610295], [77.5620905314319, 13.0681616408986], [77.5622123881559, 13.0690454273123], [77.5622193151582, 13.069080465755], [77.5622480693823, 13.0691500171851], [77.5622618923286, 13.0692184220872], [77.5624240688647, 13.0703551552966], [77.5624981869596, 13.0706444254267], [77.5626227182238, 13.0710885840591], [77.5626625747427, 13.0711986957898], [77.5627111187989, 13.0712842333008], [77.562765986614, 13.0713474380143], [77.5628626969809, 13.0714214085537], [77.5629137340663, 13.071472499847], [77.5629595795789, 13.0715392696119], [77.5629935784357, 13.0716141036786], [77.5630351215563, 13.0717529309597], [77.5631715979836, 13.0723727292595], [77.5631913726606, 13.0724285043549], [77.5632587305806, 13.0725626682818], [77.5632864428184, 13.0726307409186], [77.5633747235508, 13.0729732031696], [77.5634185548314, 13.0730626241662], [77.5636897220266, 13.0735208805881], [77.5637381720828, 13.0736292524456], [77.5638141029435, 13.0739775268976], [77.5638186570234, 13.0740478567064], [77.5638148537336, 13.0742116282605], [77.5638247382704, 13.0742914934363], [77.5638580125992, 13.0744105645878], [77.5639202553134, 13.074546286818], [77.5639676073779, 13.0746201613601], [77.5640237495389, 13.0746774335581], [77.5640865666814, 13.0747257693929], [77.564260899177, 13.0748424936229], [77.5645127747709, 13.0750538606316], [77.5647430580944, 13.0752209596557], [77.5650357707188, 13.0754727164056], [77.5651031221031, 13.0755427609865], [77.5652084359561, 13.0756841819586], [77.5653079333164, 13.0757922312974], [77.5653528991046, 13.0758504191284], [77.5653958877554, 13.0759337984474], [77.5656025401101, 13.0764487488801], [77.5656785633805, 13.0767199219108], [77.565714571074, 13.0768216481491], [77.5657712778786, 13.0769322645494], [77.5659033663506, 13.0771323959546], [77.5659642648035, 13.0772536150307], [77.5660706889116, 13.0775230816637], [77.5661435141828, 13.0777732168986], [77.5662409913995, 13.0780006861592], [77.5662852458507, 13.078066660363], [77.5663401691782, 13.0781337309691], [77.566559916241, 13.0783425144064], [77.5666272938921, 13.0784228989517], [77.566671139168, 13.0784881444297], [77.5667129459565, 13.0785649769918], [77.5667444802946, 13.0786379618264], [77.5668982078163, 13.0790958572146], [77.5669406118627, 13.0791799772885], [77.5670004927572, 13.0792706207783], [77.5671332963376, 13.0794496693306], [77.5672323126316, 13.079562550289], [77.5673521392231, 13.0796665393603], [77.5675333839772, 13.0797893748839], [77.567586192538, 13.0798377991311], [77.567624870858, 13.0798826589083], [77.5676667874246, 13.0799434214371], [77.5676890338461, 13.0799864598053], [77.5677685434313, 13.0802006165639], [77.5678203416567, 13.0803041022516], [77.5678717846977, 13.0803708763284], [77.5680279368594, 13.0805206352599], [77.568087790943, 13.080595621016], [77.5682465584523, 13.0808397556484], [77.5682957845549, 13.0809344961279], [77.5683570955565, 13.0810733408692], [77.568399053883, 13.0811425445842], [77.5684842120953, 13.081239402828], [77.5686723074481, 13.081400349545], [77.5687674900301, 13.081501893427], [77.5688351644345, 13.0815922581185], [77.5688795536282, 13.0816646058973], [77.5689251015803, 13.0817559271187], [77.5689936223344, 13.0819166752223], [77.5690429488986, 13.0819976631318], [77.5691025139786, 13.0820672804269], [77.5693333860555, 13.0822867855792], [77.5694057405984, 13.082378008694], [77.5694421748116, 13.0824438783279], [77.5694776943098, 13.0825284673963], [77.5695449331601, 13.0827382534213], [77.5696051274345, 13.0829529493102], [77.5696999058136, 13.083173504698], [77.5697165801394, 13.0832570301036], [77.5697269360623, 13.0833879778834], [77.5697521820465, 13.0834775071284], [77.5698626738092, 13.0836783336788], [77.5700103043344, 13.0838567199905]]}}, {"type": "Feature", "properties": {}, "geometry": {"type": "LineString", "coordinates": [[77.5806529941594, 13.065934700719], [77.5806735375458, 13.0658727310489], [77.5806799973822, 13.0658246496821], [77.5806823963805, 13.0657691645489], [77.5806786399402, 13.0656305649588], [77.5806835266561, 13.0655370843697], [77.580682619297, 13.0654874675709], [77.5806591217159, 13.0653396802519], [77.5806522579766, 13.0652128843964], [77.5806442063881, 13.0651537444415], [77.5806241051443, 13.0650791414363], [77.5805858090314, 13.0649948970778], [77.5805719530969, 13.0649517643913], [77.5805224718443, 13.064665753007], [77.5805151682811, 13.0645852970684], [77.5805106942512, 13.0644527332577], [77.5805143706089, 13.0643341094073], [77.5805110794358, 13.0642273974151], [77.5805134709413, 13.0641806711844], [77.5805283573836, 13.0641318714451], [77.5805732930056, 13.0640578204282], [77.5806164726035, 13.0639645717157], [77.5806402224564, 13.0639042423075], [77.580666075562, 13.0638130810308], [77.5806823643003, 13.0637740994044], [77.5807062916109, 13.0637406915884], [77.5807609812066, 13.0636847709091], [77.5808042739434, 13.0636272484266], [77.5809294379417, 13.0634255596378], [77.580988940266, 13.0633438871392]]}}, {"type": "Feature", "properties": {}, "geometry": {"type": "LineString", "coordinates": [[77.6760642969885, 13.0650422787162], [77.6761257758047, 13.0650532069052], [77.6762241034188, 13.0650831416145]]}}, {"type": "Feature", "properties": {}, "geometry": {"type": "LineString", "coordinates": [[77.676393849734, 13.0651265456102], [77.6764590603204, 13.0651321475955]]}}, {"type": "Feature", "properties": {}, "geometry": {"type": "LineString", "coordinates": [[77.5779037337045, 13.0665313161568], [77.5779023328364, 13.066419653211], [77.5778895195351, 13.0663660507868], [77.577834160191, 13.0662675843662], [77.5777815268216, 13.0661364494354], [77.5776744147215, 13.0659362579353], [77.5775473880467, 13.0656638136563], [77.5775026791588, 13.0655849367515], [77.5773950011627, 13.0653711051294], [77.5773764237838, 13.0653251427255], [77.5773658168715, 13.0652756216569], [77.5773612517226, 13.0651603168335], [77.5773435561684, 13.065013572269], [77.577339499736, 13.0649428354058], [77.577348484895, 13.0648596446134], [77.5773723163646, 13.0647491157778], [77.5774163736973, 13.0646215929298], [77.5774572266937, 13.0645410303533], [77.5775088032107, 13.064465562807], [77.5776003128121, 13.0643494739077], [77.577631962384, 13.0643206004157]]}}, {"type": "Feature", "properties": {}, "geometry": {"type": "LineString", "coordinates": [[77.4940040773703, 13.0674804156599], [77.494002454122, 13.0674177271197], [77.4939834310834, 13.0673464481014], [77.4939606923902, 13.0673057493352], [77.4938696937798, 13.0671794106011], [77.4938184926822, 13.0670773132452], [77.4937945389302, 13.0670087705911], [77.4937821156514, 13.0669209716095], [77.4937770357775, 13.0666434160848], [77.4937600449837, 13.0664555957144], [77.4937647876483, 13.0663789807039], [77.4937916136667, 13.0662246111402], [77.4938096765679, 13.0660401034192], [77.4938345727939, 13.0658788606412], [77.4938561845958, 13.0655167732458], [77.4938729135823, 13.0654262877612], [77.4939187989135, 13.0652591205693], [77.4939307597758, 13.0651830719475], [77.4939345452782, 13.0650739205537], [77.4939216002153, 13.0649692041717], [77.493878438794, 13.0648150638296], [77.4938492538079, 13.0647479386136], [77.4938147944331, 13.0646875076835], [77.4937518197221, 13.0646113926587], [77.4935898654446, 13.0644681916846], [77.4935540415492, 13.0644266026704], [77.4935207971071, 13.0643773822459], [77.4934769857247, 13.0642787080803], [77.4934255387305, 13.0640875889551], [77.4934027306676, 13.064028918443], [77.4933723618403, 13.0639790667015], [77.4932648380365, 13.0638371363246], [77.4931914598057, 13.0637287140654], [77.4931339031751, 13.0636274881383], [77.4930877962089, 13.0635279677442], [77.4930533449901, 13.0634134100691], [77.4930437067542, 13.0633150737449], [77.4930728792453, 13.0628544821352], [77.4930785584064, 13.0627648098047]]}}, {"type": "Feature", "properties": {}, "geometry": {"type": "LineString", "coordinates": [[77.645987136356, 13.0660255818228], [77.6459250407858, 13.0659717665523], [77.6458006418529, 13.0658766248172], [77.6455445340638, 13.065641471114], [77.6454264675486, 13.0655235348462]]}}, {"type": "Feature", "properties": {}, "geometry": {"type": "LineString", "coordinates": [[77.5112501230307, 13.0680702365555], [77.511056959389, 13.0679319291513], [77.5110380883384, 13.0672364963131], [77.5110389548418, 13.0671059392199], [77.5110513991657, 13.06689233895], [77.5110533318888, 13.0664577813221], [77.5110444269453, 13.0662948977368], [77.5110360920116, 13.0662403162617], [77.5110204099193, 13.0661777914043], [77.5109583020101, 13.0659843875701], [77.5108594724242, 13.0657453533296], [77.5106844825379, 13.0653864170988], [77.5104544195979, 13.0649348784489], [77.5103513815397, 13.064721036792], [77.510328544389, 13.0646964246405], [77.5102905251484, 13.06468378387], [77.5100856635619, 13.0646910044055], [77.5096156433767, 13.0639910004157], [77.5086554984359, 13.0626991598575], [77.5086535020085, 13.0626666529107], [77.5086241095515, 13.0625961069057], [77.5086097879527, 13.062546189305], [77.5085574728376, 13.0622433361091], [77.5085252751633, 13.0621027123613], [77.5084480371466, 13.061895876669], [77.5083880352337, 13.0617666500731]]}}, {"type": "Feature", "properties": {}, "geometry": {"type": "LineString", "coordinates": [[77.6443736755803, 13.0668145069193], [77.6444725764374, 13.0668055933618], [77.6445748515796, 13.0667828973332], [77.644653005242, 13.0667590922228], [77.6447907925708, 13.0666932955661], [77.6450255553653, 13.0665636494031], [77.6450984853875, 13.0665110088562], [77.6451464831919, 13.0664592640983], [77.6452707442945, 13.066249733571], [77.6453618675438, 13.0661465775754]]}}, {"type": "Feature", "properties": {}, "geometry": {"type": "LineString", "coordinates": [[77.49914757364, 13.068483273407], [77.4989296432068, 13.0683299174146], [77.4988720213014, 13.0682765780672], [77.4988363171944, 13.0682241415849], [77.4987829024405, 13.0681081659271], [77.4987465646056, 13.0680491662797], [77.498688660668, 13.0679805226744], [77.4985688352972, 13.0678615229573], [77.4985303789237, 13.0678119716733], [77.49841659472, 13.0675826921502], [77.4983622492769, 13.067493160563], [77.4983144152841, 13.067425629215], [77.4982726016928, 13.067376179004], [77.4982043977936, 13.0673098863445], [77.498024779083, 13.0671655532975], [77.4979893732833, 13.0671235852055], [77.4978981698723, 13.0669837484504], [77.4978407851539, 13.06691115039], [77.4977840166556, 13.0668535388749], [77.497662109644, 13.0667531561381], [77.4976086932479, 13.0666971140512], [77.4974878327614, 13.0665464662222], [77.4973270452904, 13.0663276302161], [77.4972883133364, 13.0662629071934], [77.4972633949236, 13.0661967595491], [77.4972508561635, 13.066132500698], [77.4972474247421, 13.0660628331554], [77.4972537907724, 13.0659814176844], [77.4972693487472, 13.0659068557888], [77.4973141013401, 13.0657981949361], [77.4974192649405, 13.0656153644157], [77.4974793863335, 13.0655438294098], [77.4975376837984, 13.0654940066474], [77.4977113232554, 13.0653796880728], [77.4978551379942, 13.0652742138049], [77.4980068666443, 13.0651806694481], [77.4980498024093, 13.0651490604147], [77.49807445089, 13.0651237881862], [77.498095009818, 13.0650930731166], [77.4981356210291, 13.0650010710466], [77.4982415398558, 13.064761118896]]}}, {"type": "Feature", "properties": {}, "geometry": {"type": "LineString", "coordinates": [[77.5115100589736, 13.0694237760979], [77.5101588910021, 13.0696549310979], [77.509990849553, 13.0696836785802], [77.5095136333254, 13.0697062958931], [77.5090092330066, 13.0697080484482], [77.5086647038585, 13.0697174058874], [77.5085517321823, 13.0697077480616], [77.5084657508102, 13.0696822971711], [77.5083619934375, 13.0696237526085], [77.5083230864476, 13.0695890011941], [77.5082937377367, 13.0695510760694], [77.5082578385909, 13.0694728776105], [77.5082155530069, 13.0693003108284], [77.5081892133966, 13.0692227061661], [77.5081533769085, 13.0691647460129], [77.508095497188, 13.069109606447], [77.5079597778761, 13.0690325687054], [77.5074686710626, 13.0688124512764], [77.5072663313543, 13.068712052422], [77.5071813697282, 13.0686559431167], [77.5070722092004, 13.0685702536541], [77.5065892905597, 13.0681607394376], [77.5065376336903, 13.0681316624002], [77.5064771342198, 13.068111282268], [77.5063599723665, 13.0681016892954]]}}, {"type": "Feature", "properties": {}, "geometry": {"type": "LineString", "coordinates": [[77.5172858228788, 13.0696013054233], [77.5169214725475, 13.0689973418855], [77.5171379363226, 13.0687034144204], [77.5172007143579, 13.0686311577176], [77.5172523969665, 13.0685840598765], [77.5173354041381, 13.068538788963], [77.5175574801944, 13.0684798310711], [77.5176136770206, 13.0684491198293], [77.5176576469319, 13.0684113252233], [77.517714982923, 13.06833064414], [77.517768617797, 13.068218439735], [77.5178024807263, 13.0681133432665], [77.5178343802834, 13.0679507848595], [77.5178647080437, 13.067892863619], [77.5179060878645, 13.0678565885913], [77.5180416258154, 13.067768679011], [77.5181113803641, 13.0677093705676], [77.5182973896554, 13.0674805386312], [77.5183647953149, 13.0674097327969], [77.5185677996723, 13.0672659600985], [77.5186422208588, 13.0672013749235], [77.5187332819118, 13.0670961327318], [77.5188637577066, 13.0668850469117], [77.5190367957331, 13.0667496495514]]}}, {"type": "Feature", "properties": {}, "geometry": {"type": "LineString", "coordinates": [[77.619269877759, 13.0698282430097], [77.6192190293656, 13.0698280395761], [77.6188003078422, 13.0698809724457], [77.618228729302, 13.0699402948237], [77.6180583296535, 13.0699419327942], [77.6180047219225, 13.0699340256805], [77.6179441854108, 13.0699177617447], [77.6178894257006, 13.0698978797865], [77.617847320431, 13.0698755288019], [77.617747760765, 13.0698068097345], [77.6172424154032, 13.0694896617154], [77.6166364782587, 13.0690890315829], [77.616274977288, 13.0688763573932], [77.6161665835712, 13.0688183060344], [77.6159607479667, 13.0687343902304], [77.6158156741342, 13.0686680256618], [77.6156033536311, 13.0685632755888], [77.6154738934186, 13.0684911153668], [77.615419674807, 13.0684535384329], [77.6153592250884, 13.0683985010241], [77.6153275289266, 13.0683591674334], [77.6152578611037, 13.068254100017], [77.6152065953621, 13.0681973822676], [77.6151452453597, 13.0681493382109], [77.6150897321005, 13.0681205961479], [77.614983009259, 13.0680911104396], [77.6148699535457, 13.0680833156679], [77.6143154134487, 13.0681098610413], [77.6140648210656, 13.0681302288591], [77.6139824959903, 13.0681308388546], [77.6138757380304, 13.0681225191685], [77.6136408888395, 13.0680841271374], [77.6135952937334, 13.0680815051304], [77.6134988483759, 13.0680861913203], [77.6134549441539, 13.0680803170439], [77.6132948716244, 13.0680588994543]]}}, {"type": "Feature", "properties": {}, "geometry": {"type": "LineString", "coordinates": [[77.606402406585, 13.0713316208573], [77.6065944372309, 13.0711708611998], [77.6067454353763, 13.0710031807498], [77.6075416309147, 13.0702202644374], [77.6076298251425, 13.0701203229375], [77.6077331204585, 13.0699714053874], [77.6077812453489, 13.0699104896663], [77.60784929557, 13.0698481269298], [77.6079195300853, 13.0698006106182], [77.6080394352979, 13.0697328331084], [77.6083325075599, 13.0695901812336], [77.6084298203545, 13.0695493792993], [77.6087124018514, 13.0694485285584], [77.6089425479782, 13.0693307739265], [77.6090258043209, 13.0692948115722], [77.6090832202793, 13.0692761984137], [77.609156309977, 13.0692598679472], [77.6096345007758, 13.0691797250475], [77.609732548158, 13.069157559128], [77.6099988060473, 13.0690646026395], [77.6103487228916, 13.0688977011914], [77.6132437012064, 13.067516845639]]}}, {"type": "Feature", "properties": {}, "geometry": {"type": "LineString", "coordinates": [[77.6479165287994, 13.0725742878955], [77.6480377797658, 13.0718822795652], [77.6480239032506, 13.0717743208256], [77.6479785003925, 13.0716695753239], [77.6477177823829, 13.0713204687499], [77.6476453029826, 13.0711927997884], [77.6473613659807, 13.0703551246868], [77.647179501761, 13.06991407706]]}}, {"type": "Feature", "properties": {}, "geometry": {"type": "LineString", "coordinates": [[77.5405074339401, 13.0737128998918], [77.5404839259785, 13.0738211483657], [77.540452088809, 13.0739156567046], [77.5403440644426, 13.0741337368732], [77.5402426474269, 13.0743030706962], [77.5400739027042, 13.0745602718893], [77.5400155480434, 13.0746290656079], [77.5399623708236, 13.0746670535783], [77.5398985212136, 13.0746908998094], [77.5398120490463, 13.0747010046304], [77.5397076583862, 13.0746970208911], [77.5395911941914, 13.0746808452671], [77.5392967114366, 13.0745990843773], [77.5391409075618, 13.074535120919], [77.5390640758546, 13.0744923972762], [77.5390160566188, 13.0744531866297], [77.5389589952639, 13.0743927033769], [77.5389198340577, 13.0743368649754], [77.5388942771178, 13.0742826771343], [77.5388496662799, 13.0741408038905], [77.5387888868573, 13.0740077709979], [77.5387659373552, 13.0739395429535], [77.538753622923, 13.0738652447614], [77.5387409130907, 13.0736744703911], [77.5387233907047, 13.0735890059823], [77.5386937283926, 13.0735177278707], [77.5386515817863, 13.0734563425596], [77.5386002072902, 13.0734015510992], [77.5385361910702, 13.0733472091543], [77.5384043106596, 13.073265161031], [77.5382476299308, 13.0732061022408], [77.5379733258743, 13.0731415391205], [77.5378693602128, 13.0731073258184], [77.5377654118511, 13.0730566882061], [77.5376680584314, 13.0729769275809], [77.5376127165682, 13.0728997716281], [77.5375261827481, 13.0727160720445], [77.5374093173613, 13.0725082425551], [77.5373059362924, 13.0722355173683], [77.5371875065437, 13.0719981254153], [77.5370863352889, 13.0717622894309], [77.5370238224269, 13.0716535318241], [77.5368711854449, 13.0714191408926], [77.5367421188728, 13.0712615794182], [77.536430995713, 13.0709134327308], [77.5362534289466, 13.0706971105682], [77.5362044891738, 13.0706625764338], [77.5361288230979, 13.0706302218939], [77.536047682157, 13.0706121533947], [77.535444437105, 13.0705257293403]]}}, {"type": "Feature", "properties": {}, "geometry": {"type": "LineString", "coordinates": [[77.6496642195782, 13.0743423242555], [77.6495694433435, 13.0742138885835], [77.6495272154242, 13.0741263694065], [77.6494499862849, 13.0739348358809], [77.6493947666004, 13.0738325584496], [77.6493031238182, 13.0737037634334], [77.6491040379321, 13.0734656011253], [77.649030956804, 13.0733512821064], [77.648975874784, 13.0732304474144], [77.6479165287994, 13.0725742878955]]}}, {"type": "Feature", "properties": {}, "geometry": {"type": "LineString", "coordinates": [[77.6034390772214, 13.0761135178816], [77.6035276013217, 13.0761027163759], [77.6036859705519, 13.0760962686749], [77.6038212714029, 13.0760609904436], [77.603908692138, 13.076054737834], [77.6041219426699, 13.076025684661], [77.6041853946101, 13.0760281776581], [77.6043513395857, 13.0760538212986], [77.6047761795575, 13.0760646086352], [77.6048774123065, 13.0760849892499], [77.6051311023771, 13.0761943370723], [77.6052378439525, 13.0762256466441], [77.6053849353028, 13.0762402241115], [77.6056275902026, 13.0762349328533], [77.6058316801739, 13.0762682824178], [77.6058912931076, 13.0762579056472], [77.6060554092146, 13.0761821665875], [77.6060904703765, 13.0761595966107], [77.6061284652924, 13.0761129380025], [77.606174830012, 13.0759782956253], [77.6062459340936, 13.0758463432252], [77.6066522900115, 13.0752327828484], [77.6067009355755, 13.0751678163439], [77.6067454646083, 13.0751207583536], [77.6069068049895, 13.075011444216], [77.6069357141701, 13.074977361658], [77.6069562930617, 13.0749380863336], [77.6069911178577, 13.0748277928975], [77.6071755496778, 13.074104114574], [77.6073668502963, 13.0732424913844], [77.6074722082015, 13.0729272846552], [77.6075099649212, 13.0728296067966], [77.6075514712236, 13.0727604969793], [77.6075815602356, 13.0727316396207], [77.6076103862088, 13.0727141365551], [77.607654649426, 13.0726998916171], [77.6077799714405, 13.0726783622783], [77.6078713535687, 13.0726553796614], [77.6081569452237, 13.072534573547], [77.608275936305, 13.0725004537304], [77.6083989040361, 13.0724822173748], [77.6087591898226, 13.0724601461512], [77.6088845297256, 13.0724399098291], [77.6089716490976, 13.0724077848559], [77.6091884087222, 13.0723070858549], [77.6092848415956, 13.0722810379415], [77.6103997050479, 13.0721662925718], [77.6116583570241, 13.0719808504075], [77.6123431170917, 13.0718904347107], [77.612492395395, 13.0718707242772]]}}, {"type": "Feature", "properties": {}, "geometry": {"type": "LineString", "coordinates": [[77.606683731388, 13.076180152104], [77.6067254405499, 13.0761829118899], [77.6068218576808, 13.076156591917], [77.6070218832534, 13.0761281875904], [77.6072097227299, 13.0760754036176], [77.6072773964482, 13.0760623008233], [77.6073803304263, 13.0760533924134], [77.6076961671846, 13.0760559127735], [77.6077919764481, 13.0760402571553], [77.6079033400545, 13.0760096111188], [77.6082056242341, 13.075913455317], [77.6083114749312, 13.0758691436801], [77.608489576624, 13.0757719412348], [77.6088970061485, 13.075512950584], [77.6089552167522, 13.0754840654243], [77.6089987811956, 13.0754711688227], [77.6090658734311, 13.0754658128806], [77.6094436950184, 13.0754702659831], [77.6096937823117, 13.075456527546], [77.6100502193788, 13.0754171632964], [77.6102142230022, 13.0753856074408], [77.6123149669444, 13.0749813952009]]}}, {"type": "Feature", "properties": {}, "geometry": {"type": "LineString", "coordinates": [[77.508441128238, 13.0776440141653], [77.5087499002481, 13.077649600229], [77.5088021422416, 13.0776639403465], [77.5089267897741, 13.0776981553644]]}}, {"type": "Feature", "properties": {}, "geometry": {"type": "LineString", "coordinates": [[77.6176642784507, 13.0765909174215], [77.6178015042671, 13.0766160853274], [77.617894233935, 13.0766251909094], [77.6186221128948, 13.0766334906338], [77.6188673377855, 13.0766476754237], [77.6189428676371, 13.076644946947], [77.6189951161851, 13.076629768024], [77.6190436238742, 13.07660104062], [77.6191870736807, 13.076478143929], [77.6192452475366, 13.0764352649339], [77.6192980457453, 13.0764100064289], [77.6193509050269, 13.0763967301603], [77.6194622240749, 13.0763841543751], [77.619729182564, 13.0763699449292], [77.6202603795809, 13.0763914175613], [77.6211109711029, 13.0763478411954], [77.6211571639232, 13.0763390454282], [77.6211966117752, 13.0763236202484], [77.6214163592193, 13.0761407834089], [77.6214629312926, 13.0761148586806], [77.6215132098773, 13.076097478713], [77.6216120894413, 13.0760842279401], [77.6220589856534, 13.076040282417], [77.6227952914388, 13.0759838270418], [77.6228627425653, 13.0759716142275], [77.622945114446, 13.07596312091], [77.6231753340089, 13.0760862373573], [77.6232398851624, 13.0761955345624], [77.6232754334373, 13.0763290288895], [77.6232719217861, 13.0764581392871], [77.6232593659098, 13.0766542698229], [77.6232620449513, 13.0769076120766], [77.6232588375589, 13.0770654026488], [77.6232753362376, 13.0772421154368], [77.6233105805732, 13.0773469304454], [77.6233501462064, 13.0773991140325], [77.6233943851482, 13.0774321276369], [77.6234871328535, 13.0774407467002], [77.6237920486608, 13.077425188577], [77.6240064704484, 13.077492622079], [77.6240600927918, 13.0775202235971], [77.624100069547, 13.0775521899725], [77.6241265318104, 13.0775807903081], [77.6241591755443, 13.0776303438108], [77.6242381725825, 13.0778182367092], [77.624288827099, 13.0779003231384], [77.6243458348352, 13.0779603595883], [77.6244920740245, 13.0780789457156], [77.6245911863065, 13.0782114988393], [77.6246330873538, 13.0782540777527], [77.6246925025959, 13.0782902694281], [77.6247613402607, 13.0783132468673], [77.6249674597484, 13.0783347152513]]}}, {"type": "Feature", "properties": {}, "geometry": {"type": "LineString", "coordinates": [[77.5072413894258, 13.0779688145556], [77.5069506620668, 13.0778760830114]]}}, {"type": "Feature", "properties": {}, "geometry": {"type": "LineString", "coordinates": [[77.5072413894258, 13.0779688145556], [77.5071537549766, 13.0775814874012], [77.5069791971679, 13.0769824244182], [77.5069336360606, 13.0768682770546], [77.506876222433, 13.0767895863678], [77.5066654436853, 13.0766004404238], [77.5065293869762, 13.0764680782787], [77.5063464084278, 13.0762783097042], [77.5062290807672, 13.0761436676203], [77.5061428120402, 13.0760193751448], [77.5059805341361, 13.0757036808039], [77.5051760790332, 13.0752188155642], [77.5051039017531, 13.0751352902626], [77.5050377382922, 13.0750839050024], [77.5044297202838, 13.0747397804209], [77.5043085122425, 13.0746564358725], [77.5042283517148, 13.0745595311537], [77.5039594943859, 13.0741237960051], [77.5038418288776, 13.0739495025814], [77.503767709575, 13.0738536413167], [77.5036771752308, 13.0737759709681], [77.5035690095699, 13.073726660308], [77.5034525584271, 13.0736597161663], [77.5033975669148, 13.0736416853783]]}}, {"type": "Feature", "properties": {}, "geometry": {"type": "LineString", "coordinates": [[77.5072413894258, 13.0779688145556], [77.5076331532711, 13.0778017694306], [77.5081117134491, 13.0776661700881], [77.5081152598577, 13.0776657968245]]}}, {"type": "Feature", "properties": {}, "geometry": {"type": "LineString", "coordinates": [[77.5071991119192, 13.0779990311306], [77.5072413894258, 13.0779688145556]]}}, {"type": "Feature", "properties": {}, "geometry": {"type": "LineString", "coordinates": [[77.6124087937031, 13.0771691075695], [77.6127758967922, 13.0771078055944], [77.6129127221916, 13.0770849581756], [77.6130553740404, 13.0770764855969], [77.6138862665714, 13.0770752355876], [77.6139595532951, 13.0770824326951], [77.6140609303275, 13.0771025505522], [77.6143314223911, 13.077182603856], [77.6144122816435, 13.07719626396], [77.6145506898962, 13.0771949117918], [77.6149047463048, 13.0771678989576], [77.61532280743, 13.0771147184159], [77.6157735628077, 13.0770444828138], [77.6160046435453, 13.0769957796569], [77.6163983028307, 13.0769022724059], [77.6168930240683, 13.0768573312256], [77.6170547185767, 13.0768350525944], [77.6171403749098, 13.0768066490281], [77.6174020409448, 13.076686406755], [77.6176642784507, 13.0765909174215]]}}, {"type": "Feature", "properties": {}, "geometry": {"type": "LineString", "coordinates": [[77.6180100565602, 13.0779446369109], [77.6177975113648, 13.0769965198632], [77.6177438075709, 13.0768138169561], [77.6176642784507, 13.0765909174215]]}}, {"type": "Feature", "properties": {}, "geometry": {"type": "LineString", "coordinates": [[77.6078232705687, 13.0780658253254], [77.6078766484075, 13.0780013735853], [77.6079669536896, 13.0779213739938], [77.6080625176572, 13.0778179904287], [77.6081581001984, 13.0777524039325], [77.6082899211426, 13.0776796331234], [77.6088366755521, 13.0774685861444], [77.6100100333181, 13.0770002742241], [77.6122366690682, 13.0761115584358]]}}, {"type": "Feature", "properties": {}, "geometry": {"type": "LineString", "coordinates": [[77.6470654460412, 13.0782264763204], [77.6471144280717, 13.0781576845925], [77.647244907376, 13.0780316743807], [77.6473019941981, 13.07794516164], [77.647344016997, 13.0778250390382], [77.6473968147574, 13.0775454526107], [77.6474555941827, 13.07702676584], [77.6474677083914, 13.0764745186915], [77.6475562140962, 13.0761207452217], [77.6476929213341, 13.0753958563583], [77.6477437728431, 13.0750261610254], [77.6478143865736, 13.0739796958376], [77.6478418572359, 13.073113749359], [77.6479165287994, 13.0725742878955]]}}, {"type": "Feature", "properties": {}, "geometry": {"type": "LineString", "coordinates": [[77.6110969687341, 13.0787012589506], [77.6112060988317, 13.0787024721942], [77.6112966647771, 13.0786982801489], [77.6121040086669, 13.0786269836956], [77.6129409532247, 13.0784928253351]]}}, {"type": "Feature", "properties": {}, "geometry": {"type": "LineString", "coordinates": [[77.6144798622899, 13.0797977996757], [77.6144656475903, 13.0797808239483], [77.6144286098759, 13.0797465423149], [77.6143648572263, 13.0797128691693], [77.6142769815474, 13.0796897221324], [77.614221248611, 13.0796845563022], [77.6139924488356, 13.0796839756001], [77.6137981186534, 13.0796730357542], [77.6135592543348, 13.0796743932389]]}}, {"type": "Feature", "properties": {}, "geometry": {"type": "LineString", "coordinates": [[77.5301071244231, 13.0823076354244], [77.5301709204572, 13.0822967410841], [77.5302312632241, 13.0822975145639], [77.5303227842523, 13.082312266163], [77.5303855197223, 13.0823340037357], [77.5304585052299, 13.0823811556534], [77.5306442722455, 13.0825508665852], [77.5307976406101, 13.0826652115884], [77.5309278834342, 13.0827348077092], [77.5311434971321, 13.0828184103513], [77.5312930990258, 13.0828592604256], [77.5314501869935, 13.0828820028275], [77.531661944444, 13.0828884866076], [77.5317320078065, 13.0828835592217], [77.5317821880973, 13.0828730067588], [77.5318315874344, 13.0828525852335], [77.5318669122908, 13.0828264825579], [77.5318979073332, 13.0827856777599], [77.5319151749894, 13.0827405092845], [77.5319212684006, 13.0826558812497], [77.5319015818297, 13.0824992621278], [77.5319004765734, 13.0824298296868], [77.5319097112286, 13.0823560576235], [77.5319515390136, 13.0821742353012], [77.5319568604434, 13.081964714865], [77.5319948457661, 13.0818652072998], [77.5320691136794, 13.0817463085622]]}}, {"type": "Feature", "properties": {}, "geometry": {"type": "LineString", "coordinates": [[77.6370268270004, 13.0818615303745], [77.6370624997507, 13.081871351666], [77.6371016835825, 13.0818722349598], [77.6373833874434, 13.081841525759], [77.6375508852173, 13.0817866061967], [77.6377211859473, 13.0817622325672], [77.6377761384464, 13.0817489563876], [77.637928925909, 13.0816756799188], [77.637982361431, 13.0816571171525], [77.6382427564487, 13.0816233247888], [77.6383003610034, 13.0815993793423], [77.638349400424, 13.0815610562172], [77.6383833744312, 13.0815171523364], [77.6384358393636, 13.0814183766009], [77.6384696746982, 13.0813719229313], [77.6385233191592, 13.0813206946117], [77.6386335650723, 13.0812375260152], [77.6386975759162, 13.0811702430553], [77.6387355576289, 13.0811099601848], [77.6388076505431, 13.0809665445778], [77.6389863028459, 13.0807682951563], [77.6390215444037, 13.0807131029376], [77.6391057108914, 13.0805485001668], [77.6392519819716, 13.0803766249861], [77.639279244887, 13.0803283133309], [77.6392987014276, 13.080276822045], [77.6393436871354, 13.0800513495934], [77.6393630594366, 13.0800059733763], [77.6393965203052, 13.079954759852], [77.6394638878638, 13.0798888571871], [77.6395909198037, 13.0798015877864], [77.6396415768266, 13.0797574517574], [77.6396801211389, 13.0797103228837], [77.6397712401705, 13.0795682320856], [77.63984106358, 13.0794909945857], [77.6399163510935, 13.0794303101743], [77.6400981231646, 13.0793113061797], [77.6401485740789, 13.0792617644467], [77.6401872529584, 13.0792081603943], [77.6402172308123, 13.0791473233003], [77.6402595450915, 13.0790121566365], [77.6402835925449, 13.0789557255558], [77.6403122669796, 13.0789092324079], [77.6404001104348, 13.0787928776037], [77.6404521896473, 13.0786867266747], [77.6404738670021, 13.0786185440336], [77.6404849656799, 13.0785575423237], [77.6404867336378, 13.0784983687886], [77.6404739261797, 13.0783385196486], [77.6404862802665, 13.0782584090557], [77.6405124513882, 13.0782012443701], [77.6406050877546, 13.078065600841], [77.6406952122923, 13.0779018656162], [77.6407272078814, 13.0778136511514], [77.6407692179712, 13.0776289994242], [77.6407891047552, 13.0775798742272], [77.6408161909822, 13.077535617867], [77.6408615063811, 13.0774869299347], [77.6409060725623, 13.0774571144293], [77.6410640265907, 13.0774042928124], [77.6411839764329, 13.0773480133069], [77.641225636849, 13.0773433817104], [77.6413884799329, 13.0773576658012], [77.6415775118339, 13.0773567169911], [77.6417028748252, 13.0773560880996]]}}, {"type": "Feature", "properties": {}, "geometry": {"type": "LineString", "coordinates": [[77.6054653598124, 13.0825466332116], [77.605375048987, 13.0817734177596], [77.6053283510355, 13.0815571430731], [77.6052901672176, 13.0811988765707], [77.6052763988398, 13.0811373218198], [77.6052566920449, 13.0810772029284], [77.605233369542, 13.0810203891143], [77.6051975276317, 13.0809523023077], [77.6046685963263, 13.0800311568863], [77.6042634407818, 13.0791847060304], [77.6042373254416, 13.0791383393967], [77.6042098767942, 13.0791070028971], [77.604171472104, 13.0790856540537], [77.6041073374499, 13.07907605634], [77.6039490058576, 13.0790823136338], [77.603864222536, 13.0790951456634], [77.6037191903519, 13.0791441550218], [77.6032468622408, 13.0793285199412], [77.6029626352209, 13.0794229160084], [77.6028659408908, 13.0794451315659], [77.6027972687227, 13.0794491062496], [77.6027331891411, 13.0794425711536], [77.6026586488597, 13.0794270178568], [77.6025491418974, 13.0793928786689], [77.602476398812, 13.0793841831477], [77.6023775854301, 13.0793895990522], [77.6020670899614, 13.0794195450222], [77.601943955161, 13.0794215705907]]}}, {"type": "Feature", "properties": {}, "geometry": {"type": "LineString", "coordinates": [[77.6054653598124, 13.0825466332116], [77.605292232736, 13.0825635993987], [77.6051431380504, 13.0825694086072], [77.605062151593, 13.0825647813152], [77.6049861866257, 13.0825464390512], [77.6047450767119, 13.0824614760205], [77.6046521310256, 13.0824359159704], [77.6045223445539, 13.0824203798988], [77.6040970321282, 13.0823856653889], [77.6040153158705, 13.0823756056127], [77.603953082108, 13.0823632478466], [77.6037889484213, 13.0823164626031], [77.6034032448202, 13.0822551660282], [77.6033426445701, 13.0822425829323], [77.6032943712221, 13.0822275870901], [77.6032297622162, 13.0821969398157], [77.6031739316387, 13.0821577045629], [77.6030958363368, 13.0820839898112], [77.6030581785598, 13.0820376148457], [77.6030320281821, 13.0819837157243], [77.6029091007668, 13.0816833922156], [77.6028744287685, 13.0815849219154]]}}, {"type": "Feature", "properties": {}, "geometry": {"type": "LineString", "coordinates": [[77.6054653598124, 13.0825466332116], [77.6058056443722, 13.0825592436064], [77.6058609689161, 13.0825694057975], [77.6058938124469, 13.0825830382931], [77.6059788213209, 13.0826517332545], [77.6063130457107, 13.0829903466095], [77.6064803402917, 13.0831282261839], [77.6068574515843, 13.08333725237], [77.6070346529014, 13.0834154345678], [77.607136139537, 13.0834498439776], [77.6072084654504, 13.0834613526929], [77.6072730337885, 13.083462565804], [77.6075953953827, 13.0834359547526], [77.6077132491021, 13.0834338512211], [77.6078652372417, 13.0834477906673], [77.6082791319436, 13.083504991645], [77.6084823206312, 13.0835227802561], [77.6086182116729, 13.083526433933], [77.609031189149, 13.0835206348688], [77.6093094878201, 13.0835326746264], [77.609461312618, 13.0835330228207], [77.6116636156581, 13.0838060720643]]}}, {"type": "Feature", "properties": {}, "geometry": {"type": "LineString", "coordinates": [[77.5235421498278, 13.0835737352314], [77.5251712300318, 13.083620843683], [77.5252163124194, 13.0836497526898]]}}, {"type": "Feature", "properties": {}, "geometry": {"type": "LineString", "coordinates": [[77.5252163124194, 13.0836497526898], [77.5252536010682, 13.0836736640615], [77.5252783853372, 13.0836951978977], [77.5253037127623, 13.0837258099263], [77.5255480981857, 13.0841353706278], [77.5256558042385, 13.0843060989325], [77.5258687837496, 13.0846074893766], [77.5259503819, 13.084714216342], [77.526504938657, 13.0853121700078], [77.5268904781369, 13.0857385522623], [77.5269754826817, 13.0858444647913], [77.5270374141871, 13.0859430394264], [77.5272198470151, 13.0863530581032], [77.527392287878, 13.086797522587], [77.5275702246738, 13.0872252838263], [77.527634291196, 13.0874042769023], [77.5276479951284, 13.087473652949], [77.5276485924085, 13.0875401777763], [77.5276161347728, 13.0878186374128], [77.5276109605827, 13.0878978185966], [77.5276136080343, 13.0879836295999], [77.5276279109539, 13.0881136343998], [77.5276535348344, 13.0882665062278], [77.5276805480944, 13.0883782935592], [77.5277385786548, 13.0885237148916], [77.5278097450364, 13.0886750128335]]}}, {"type": "Feature", "properties": {}, "geometry": {"type": "LineString", "coordinates": [[77.5252163124194, 13.0836497526898], [77.5252925251083, 13.0836480211252], [77.5259121365397, 13.0836339406913], [77.5264990083091, 13.0835162728836], [77.526744788982, 13.0834462476849], [77.5271430247434, 13.083398517587], [77.5274129907061, 13.0834892182452], [77.5278817013068, 13.0834756381511], [77.5287838053019, 13.0834141671425], [77.5290535036451, 13.083447425969], [77.5293470692299, 13.0835724834034], [77.530184956185, 13.0848209383597], [77.5305742573478, 13.085370624262], [77.5311801710418, 13.0863039949819], [77.5312867864211, 13.0864504012722], [77.5313420741297, 13.0865166323219], [77.5321971818935, 13.0874316232757], [77.5322590596054, 13.0875044912785], [77.5322987748379, 13.0875715768968], [77.532318685749, 13.0876257168889], [77.5323320191099, 13.0876892768586], [77.5323875486877, 13.0880724859499], [77.5323947425587, 13.088160552211], [77.5323920380172, 13.0882000277764], [77.5323814606908, 13.0882394252375], [77.5323313989709, 13.0883287962607], [77.5323160264387, 13.0883700233403], [77.5323109298064, 13.0884174936869], [77.5323139813146, 13.0884937959099], [77.5323296192632, 13.0886278389592], [77.5323448447318, 13.0887150141495], [77.5323630600598, 13.0887773769606], [77.5324248010493, 13.0889244958735], [77.532428952799, 13.0889458356718], [77.5324239186738, 13.088961535868]]}}, {"type": "Feature", "properties": {}, "geometry": {"type": "LineString", "coordinates": [[77.5879219590994, 13.083629957447], [77.5881186703313, 13.0849546197565], [77.5883258543961, 13.0857249387809], [77.5882688898018, 13.0858090705559], [77.588209116048, 13.0858973501593], [77.5881433446422, 13.0859944884545], [77.588144760289, 13.0861300776332], [77.5882389093721, 13.0863983567624], [77.5882510455347, 13.0864660737226], [77.5882776194187, 13.0865508652391], [77.5883882290589, 13.0867772983502], [77.5884139420924, 13.0868439828546], [77.5885271318708, 13.0872974188122], [77.5885998795606, 13.0875344250902], [77.5886124259939, 13.0876181963864], [77.5886129062932, 13.0877112197569], [77.5886043621211, 13.0877955207144], [77.5885688814383, 13.0879896033023], [77.5885711666376, 13.0881623427502], [77.5886290566261, 13.0881926419813], [77.588655947598, 13.0882067167942], [77.5888367995861, 13.0883013737416], [77.589139228915, 13.0886568884193], [77.589367513986, 13.0889175332016], [77.5894927967009, 13.0892389702216], [77.5895865411678, 13.0894591356573], [77.5898921341973, 13.0895337522732], [77.5903313937614, 13.0895651962935], [77.5907569630505, 13.0894533565825], [77.5914899140779, 13.0891209072422], [77.592029104678, 13.0889147018046], [77.5925697915578, 13.088851899753], [77.5928268647372, 13.0889600886545]]}}, {"type": "Feature", "properties": {}, "geometry": {"type": "LineString", "coordinates": [[77.5289251324282, 13.0888603437896], [77.528888649449, 13.0887963599801], [77.5288497916526, 13.0887553511942], [77.5287975706571, 13.0887251063515], [77.5287372490755, 13.0887084116496], [77.5286401901141, 13.0887032448797], [77.5283777786223, 13.0887049047732], [77.5281737139614, 13.0886994513876], [77.5280114366116, 13.0886919620386], [77.5278097450364, 13.0886750128335]]}}, {"type": "Feature", "properties": {}, "geometry": {"type": "LineString", "coordinates": [[77.5275607271014, 13.0892802785909], [77.527617813708, 13.089188617695], [77.5276473330977, 13.0891190240814], [77.5276807415828, 13.0890547264446], [77.5277287069119, 13.088944150423], [77.5277677436441, 13.0888310156353], [77.5278097450364, 13.0886750128335]]}}, {"type": "Feature", "properties": {}, "geometry": {"type": "LineString", "coordinates": [[77.5944717008346, 13.0901272304456], [77.5944684109216, 13.0898546315562], [77.5944667702002, 13.0897186902758], [77.5944589403302, 13.0895965334228], [77.594396253739, 13.0889486011212], [77.5943248922209, 13.0882715869883], [77.5942853673676, 13.0880186397678], [77.5941839093092, 13.0875709228332], [77.5941668923683, 13.0874635805808]]}}, {"type": "Feature", "properties": {}, "geometry": {"type": "LineString", "coordinates": [[77.6171912428245, 13.0924798302538], [77.6171773269285, 13.09241324179], [77.6171799171373, 13.0923308323512], [77.6171737741914, 13.0922888390113], [77.617120343337, 13.0921851590509], [77.6170704421073, 13.092109811327], [77.6170563229576, 13.0920689965783], [77.6170500642658, 13.0920299152021], [77.6170397201278, 13.0914858880451], [77.617014261413, 13.0911323363334], [77.6169374251961, 13.0903817263753], [77.6169327681884, 13.0902654781252], [77.6169387143145, 13.0900500756455], [77.6169261018825, 13.0899058977823], [77.6169074169204, 13.08982289926], [77.6167802361123, 13.089397597837], [77.6166862342915, 13.0891193904334], [77.6166603603576, 13.0889869360485], [77.6166177601664, 13.0886731916659], [77.6166019818861, 13.0885003335504], [77.6166018918027, 13.0884021505552], [77.6166303304292, 13.0880289111789], [77.6166586012188, 13.0878597582875], [77.6166670903614, 13.0878089671696]]}}, {"type": "Feature", "properties": {}, "geometry": {"type": "LineString", "coordinates": [[77.6296139257084, 13.0942572783234], [77.6295946188984, 13.0942004469011], [77.629559231891, 13.0940445829039], [77.6295158621418, 13.0939307752143], [77.6295022449246, 13.0938887350167], [77.6294963910125, 13.0938580229371], [77.6294863989279, 13.0937681737068], [77.6294751881004, 13.0937039050736], [77.6294636047623, 13.0936570723418], [77.6294208311751, 13.0935107630521], [77.6293877655358, 13.0933502498797], [77.6293801039179, 13.0933223622028], [77.6293627818063, 13.093282750178], [77.6293007239169, 13.0931873799603], [77.6292745592556, 13.0931416417653], [77.6292546089143, 13.0930970128169], [77.6292078661949, 13.0929768460095], [77.629146393764, 13.0928628975519], [77.6291274585979, 13.0928224762329], [77.629107285804, 13.0927691244423], [77.6290797289298, 13.0926785969216], [77.6290671560583, 13.0926218756237], [77.6290670675382, 13.0925761877024], [77.629057921308, 13.0925488255652], [77.626913028561, 13.0890864770285]]}}, {"type": "Feature", "properties": {}, "geometry": {"type": "LineString", "coordinates": [[77.6296139257084, 13.0942572783234], [77.6296872875814, 13.0942530420149], [77.6297549201757, 13.0942436433481], [77.6297988104542, 13.0942344841308], [77.6298396140324, 13.0942231394365], [77.6299010548394, 13.0941994786027], [77.6299976475885, 13.0941540394522], [77.6301064784161, 13.0941094511049], [77.6301946006115, 13.0940662890592], [77.6302400574394, 13.094050604764], [77.6302776256872, 13.094042785577], [77.6303234969811, 13.094037580146], [77.6304235855525, 13.094035650192], [77.6304683689936, 13.0940325842555], [77.6305010394501, 13.0940269118093], [77.6305333861302, 13.0940178277943], [77.6305843091566, 13.0939952931689], [77.6306988083104, 13.0939228092695], [77.6307409095679, 13.0939012373197], [77.6307969653535, 13.0938842821088], [77.6309143163226, 13.0938603495898], [77.6310612311062, 13.0938220899835], [77.6311162038011, 13.0938042550064], [77.6311678012589, 13.0937834479355], [77.6312126219605, 13.093761683748], [77.6313239140149, 13.0936835192247], [77.6313885479023, 13.0936477957712], [77.6314526099918, 13.093624011201], [77.6315575842354, 13.0935942675704], [77.6315979024161, 13.0935779407958], [77.6316775283336, 13.0935406585666], [77.6317219526131, 13.0935232301723], [77.6317556139181, 13.0935127205847], [77.6317972319406, 13.0935033701489], [77.6318630364299, 13.0934958669106], [77.6319294498415, 13.0934971005789], [77.6320562274209, 13.0935200691183], [77.6321637906165, 13.0935318138273], [77.6322333465781, 13.0935439591603], [77.6322897343806, 13.093559315], [77.6323540803623, 13.0935822115888], [77.6326090925953, 13.0936915350005]]}}, {"type": "Feature", "properties": {}, "geometry": {"type": "LineString", "coordinates": [[77.6299382317018, 13.0956023913003], [77.6299297145501, 13.0955405561243], [77.6298959809127, 13.09539081764], [77.6298870386765, 13.0953218417673], [77.6298813741256, 13.0952425688759], [77.6298701126027, 13.0951463772008], [77.6298592644085, 13.0950926747548], [77.6298257515762, 13.0949756128464], [77.6298073332509, 13.0948326797301], [77.6297521911495, 13.0946678206561], [77.629712206573, 13.094494482073], [77.6296838990417, 13.0943951930062], [77.6296639916674, 13.0943461234511], [77.6296139257084, 13.0942572783234]]}}, {"type": "Feature", "properties": {}, "geometry": {"type": "LineString", "coordinates": [[77.6046267523371, 13.0988241324451], [77.6053908745456, 13.0994954409123], [77.605726318124, 13.099699428852], [77.6058307733337, 13.0997411279883], [77.6059365513762, 13.0997789940401], [77.6060142290408, 13.0998028728633], [77.6061706067668, 13.0998447858068], [77.6062358268524, 13.0998637250562], [77.6063322551152, 13.0998946270571], [77.6064298221886, 13.0999278564538], [77.6066287816154, 13.100001436032], [77.6068336572282, 13.1000848128012], [77.6070460605639, 13.1001786407766], [77.6072172985434, 13.1002579216796], [77.6072758956158, 13.1002871832487], [77.6073280153867, 13.100315147075], [77.6074119965153, 13.1003660660257], [77.6075604098211, 13.1004656696241], [77.6076190168179, 13.1005033047881], [77.6077527780249, 13.1005830828165], [77.6079036077439, 13.1006677679547], [77.6080617577379, 13.100752656251], [77.6083681983838, 13.1009132821851], [77.6085266556542, 13.1009945912979], [77.6085973299871, 13.1010328087044], [77.6086936015314, 13.1010905039428], [77.6088971244126, 13.1012209226074], [77.6090910984247, 13.1013406166129], [77.609185646721, 13.1013974428188], [77.6092409516653, 13.1014260569083], [77.6092987101573, 13.1014493412704], [77.6093818439877, 13.1014770781833], [77.6094273279094, 13.1014891886634], [77.6095475751866, 13.1015140923984], [77.6095814564706, 13.1015243030137], [77.6096106771913, 13.101536292673], [77.6096431975003, 13.101555278405], [77.6097118580548, 13.1016046667205], [77.6097429516481, 13.1016218175902], [77.609790824952, 13.1016399097185], [77.6098486002506, 13.1016557749047], [77.6098888396648, 13.1016624411147], [77.6099341850264, 13.1016644635328], [77.60998099027, 13.101662547615], [77.61010949834, 13.101652197359], [77.6101481971647, 13.1016518243468], [77.6101826094474, 13.1016541751874], [77.6102444242692, 13.1016617195437], [77.6102902907559, 13.1016689366887], [77.6103310168386, 13.1016775284994], [77.6103673647024, 13.1016877537653], [77.6104043487489, 13.1017013224513], [77.6104439186574, 13.1017190540802], [77.6104868723372, 13.1017411862965], [77.6105435888939, 13.1017730678778], [77.6106087260378, 13.1018141458398], [77.6107199839633, 13.1018928436612], [77.6108102889989, 13.1019517303871], [77.6108333879921, 13.1019694806654], [77.6108523027675, 13.1019869842427], [77.6108793715905, 13.1020182988449], [77.610904812766, 13.1020547712794], [77.6109284018122, 13.1020960903355], [77.6109497640779, 13.1021416012189], [77.6109600970845, 13.1021703679075], [77.6109684559851, 13.1022036021186], [77.6109863374161, 13.1023162576671], [77.6109947870446, 13.1023567824317], [77.6110395104304, 13.1025116518544], [77.611093323146, 13.1027267900232], [77.6111192337046, 13.1028173650817], [77.6111469641861, 13.102907464562], [77.6111754719044, 13.1029893730122], [77.611211474054, 13.1030793461902], [77.6112483037217, 13.1031636230617], [77.6113360209046, 13.1033566758827], [77.6113753693262, 13.1034486143614], [77.6114065727783, 13.1035292676939], [77.6114317199406, 13.1036039819117], [77.6114645762964, 13.1037363833236], [77.6114743889311, 13.1037669178057], [77.6114854054439, 13.1037932744324], [77.6114994535668, 13.1038191269397], [77.611517805909, 13.103846637854], [77.611586048189, 13.1039328123101], [77.6116093209008, 13.1039649945922], [77.6116822747855, 13.1040791154051], [77.6117097638329, 13.1041265497664], [77.6117334112544, 13.1041711809191], [77.611755565982, 13.1042200443457], [77.6118002192281, 13.1043355008555], [77.6118223854504, 13.1043861493044], [77.6118537047, 13.1044470879177], [77.6118891983604, 13.1045089102055], [77.6119290815092, 13.1045719961298], [77.611973758148, 13.1046369857274], [77.6120225039545, 13.1047030163492], [77.6120775713635, 13.1047733048039], [77.6121402497193, 13.1048495888327], [77.6122207226708, 13.1049442684432], [77.6123527347731, 13.1050999525253], [77.6124298022672, 13.1051837153691], [77.6124690976254, 13.1052220869651], [77.6125073562607, 13.1052561073764], [77.6125451968869, 13.1052863259297], [77.6125829568782, 13.1053130084221], [77.6126379364321, 13.1053455194713], [77.6127028902899, 13.1053767937561], [77.6127664675587, 13.1054030409255], [77.6129101351838, 13.1054579984691], [77.6129705714227, 13.1054834625581], [77.6131793661027, 13.1055772656864], [77.6133053597447, 13.1056369410115], [77.6133734413732, 13.1056685989391], [77.6135474037901, 13.1057443073412], [77.6136359471508, 13.1057882147818], [77.6136823092623, 13.1058153220385], [77.6137230141487, 13.1058429582661], [77.6137588370174, 13.1058716540373], [77.6137901357972, 13.1059017011391], [77.6138120456963, 13.1059271511647], [77.6138325988588, 13.1059557407682], [77.6138520103696, 13.105987763184], [77.6138706516452, 13.1060238271588], [77.6139014357309, 13.1060956352829], [77.6139518462266, 13.1062327228261], [77.6139728527104, 13.1062859899971], [77.6139966366546, 13.106338336407], [77.6140210859338, 13.1063830783457], [77.6140709213118, 13.1064628229314], [77.6141227252175, 13.1065402772441], [77.6141762663643, 13.1066150976222], [77.6142313463977, 13.1066870042124], [77.6142877345736, 13.1067557048426], [77.614345303913, 13.1068210454137], [77.6144038977261, 13.1068828513497], [77.6144633817847, 13.1069409803698], [77.6145197332073, 13.1069909228095], [77.6145815866489, 13.1070400351598], [77.6146495909629, 13.1070888393273], [77.6147250965635, 13.1071383081266], [77.6148588898577, 13.1072178859126], [77.6151448903192, 13.1073754865101], [77.6152658067633, 13.1074454532627], [77.6155198758447, 13.1075948610771], [77.615806543939, 13.1077559077505], [77.6160815851198, 13.1079055201852], [77.6167327677152, 13.1082544353688], [77.6170531855729, 13.1084305352398], [77.617165208089, 13.1084964400963], [77.6174202057979, 13.1086549398711], [77.6175427134355, 13.1087249189619], [77.6176374541101, 13.1087723184473], [77.617727047991, 13.1088102121044], [77.6178007264115, 13.1088355004758], [77.6178843529569, 13.1088588131271], [77.6179692936914, 13.108878713755], [77.6181958551143, 13.1089271860564], [77.6182624891938, 13.1089436852306], [77.6183216260357, 13.1089605135595], [77.6184464257445, 13.1090004819087], [77.6185774842051, 13.1090458910408], [77.6187168096824, 13.1090974269921], [77.6188695552204, 13.109156991426]]}}, {"type": "Feature", "properties": {}, "geometry": {"type": "LineString", "coordinates": [[77.6222394544143, 13.1035766156148], [77.6222493173091, 13.1038608723209], [77.6223400720901, 13.1047391870407], [77.6224489243087, 13.1051511601013], [77.6227505407303, 13.1061857612163], [77.6228360614517, 13.1065188535719], [77.6228872086382, 13.1067453503452], [77.6229534055395, 13.1071188446439], [77.6229696012264, 13.1072364028942], [77.6229683394048, 13.1073164875539], [77.6229536257255, 13.1073671026896], [77.6229314628832, 13.1074038802849], [77.6228972691652, 13.107437426936], [77.6228483445416, 13.10746865999], [77.6223897908165, 13.1076547252845], [77.6221933665847, 13.1077251383778], [77.6220679305832, 13.1077519041152], [77.6219458347162, 13.1077614448218], [77.6217541947649, 13.1077623566132], [77.6215536683459, 13.1077467802407], [77.621495619152, 13.1077489032346], [77.6207893445381, 13.1079896951359], [77.6209468576763, 13.1082391535825], [77.6196788274462, 13.1095309019706]]}}, {"type": "Feature", "properties": {}, "geometry": {"type": "LineString", "coordinates": [[77.5930877616425, 13.1049919106262], [77.5932242662809, 13.1049459877], [77.5938726186481, 13.1048358132], [77.5939422053037, 13.104818380198], [77.5940597502067, 13.1047792102628], [77.5941197073787, 13.1047658600973], [77.5942708364373, 13.1047550583142], [77.5946356938063, 13.1047544593254], [77.5946901311499, 13.1047608277133], [77.5947230857588, 13.1047699266897], [77.5947558428834, 13.104784453633], [77.5948002550085, 13.1048144744032], [77.5949307366838, 13.1049381375518], [77.5962373688103, 13.1062583975993]]}}, {"type": "Feature", "properties": {}, "geometry": {"type": "LineString", "coordinates": [[77.6439586470696, 13.1057129796015], [77.6439581859174, 13.1057125181828]]}}, {"type": "Feature", "properties": {}, "geometry": {"type": "LineString", "coordinates": [[77.6394863572437, 13.1059797094295], [77.639487435627, 13.1059806632089]]}}, {"type": "Feature", "properties": {}, "geometry": {"type": "LineString", "coordinates": [[77.6373650798499, 13.1062159372924], [77.6373690163502, 13.1062136935989]]}}, {"type": "Feature", "properties": {}, "geometry": {"type": "LineString", "coordinates": [[77.6188695552204, 13.109156991426], [77.61899814487, 13.1092100023267], [77.6191338255376, 13.1092694067527], [77.6192793222042, 13.1093363785127], [77.619443071646, 13.1094147959431], [77.6196788274462, 13.1095309019706]]}}, {"type": "Feature", "properties": {}, "geometry": {"type": "LineString", "coordinates": [[77.6188695552204, 13.109156991426], [77.6174526116705, 13.1124396401869], [77.6171871345427, 13.113474183382], [77.617503799939, 13.1149253803746], [77.61757376727, 13.1154422353172], [77.6188140517296, 13.1156358572199], [77.6188556702932, 13.1156559927534], [77.6190066646299, 13.1157055743162], [77.6193509612646, 13.1158589629887], [77.6194495330781, 13.1158823466451], [77.6195592353586, 13.1158888307301], [77.6196640275616, 13.1158844298567], [77.6199244642812, 13.1158512983613], [77.6202625606798, 13.1158335354445], [77.621107876264, 13.1156638591999], [77.6212367760123, 13.1156529678808], [77.621358842374, 13.1156640112937], [77.6215339839359, 13.1157079321627], [77.6220069452016, 13.1158632860563], [77.6221096273328, 13.115903130249], [77.6222532967849, 13.1159843946328], [77.6223812347777, 13.1160365686185], [77.6233970075661, 13.1163620787686], [77.6239315804037, 13.1165631564031], [77.6240788995945, 13.1166107024542], [77.624354768928, 13.1166878786383], [77.6245218998041, 13.1167207661016], [77.6249366438275, 13.1167623786473], [77.625112120244, 13.1167642073024]]}}, {"type": "Feature", "properties": {}, "geometry": {"type": "LineString", "coordinates": [[77.6196788274462, 13.1095309019706], [77.6197664052337, 13.1095762034081], [77.6200061391022, 13.109705953473], [77.6200807464229, 13.109743025671], [77.6201488563061, 13.1097737027573], [77.6202495495301, 13.1098136560793], [77.6203629638304, 13.1098533326664], [77.6204860216898, 13.1098922118316], [77.6206967134255, 13.1099548586488], [77.6209780710892, 13.1100361723651], [77.6212172921779, 13.1100989041741], [77.621329414052, 13.1101254912896], [77.6214373018214, 13.1101490471493], [77.6215417647512, 13.110169747817], [77.6216433172857, 13.1101876937595], [77.6218224220776, 13.1102139890214], [77.622065524945, 13.1102430898981], [77.622113525001, 13.110247271797], [77.6222392718259, 13.1102531102912], [77.6222927501464, 13.1102571785558], [77.6223466805814, 13.1102647709199], [77.6223938572249, 13.1102759643741], [77.622434936556, 13.1102902589757], [77.6224796460598, 13.1103100825038], [77.6226523332707, 13.1104010768747], [77.6228271888123, 13.1104878481728], [77.6228769848282, 13.1105094618639], [77.6229225292208, 13.1105261338399], [77.6229679968728, 13.1105395660624], [77.6230194468574, 13.1105519182979], [77.6231806583544, 13.1105823219075], [77.6232615370791, 13.110595798995], [77.6234637564393, 13.1106229678561], [77.6235559869792, 13.1106379426866], [77.623654805841, 13.110658397284], [77.6239079918831, 13.1107166504292], [77.6241434396485, 13.1107587956202], [77.6241990353201, 13.1107708722761], [77.6242482189992, 13.1107839267024], [77.6243420740027, 13.1108123183459], [77.6244091220513, 13.1108355455389], [77.6244675994763, 13.110859921563], [77.6245182993469, 13.1108860065851], [77.6245449861582, 13.1109024331814], [77.6245719190616, 13.1109212052217], [77.6246277825204, 13.1109666861425], [77.6246818061279, 13.1110175375843], [77.6247890774122, 13.1111259362535], [77.6248333452264, 13.1111714287049], [77.6248774225575, 13.1112206839711], [77.6249217291292, 13.1112741693517], [77.6249670258123, 13.1113327976617], [77.6250520182387, 13.111452065412], [77.6252088347265, 13.1116869208488], [77.625274606271, 13.111782125254], [77.6253461568105, 13.1118784487549], [77.6254144715446, 13.1119615052639], [77.6255757159966, 13.1121539264617], [77.6256482108, 13.1122350729152], [77.6256881447932, 13.1122757553415], [77.625726882651, 13.1123119428617], [77.6257651476831, 13.1123443092693], [77.6258033239501, 13.1123731749713], [77.625841262022, 13.1123988766556], [77.6258819893491, 13.112423987969], [77.6259257351012, 13.112448651118], [77.6259729035701, 13.1124730950566], [77.6260778895552, 13.1125216945162], [77.6262145703145, 13.1125779567672], [77.6262604561471, 13.1125948784151], [77.6263125769569, 13.1126115955262], [77.6265301251586, 13.1126730810374], [77.6266136907033, 13.112702383374], [77.626671091512, 13.1127264354981], [77.6267299982185, 13.1127534227681], [77.6267908590864, 13.1127835483927], [77.6268544718856, 13.1128172062464], [77.6269888385758, 13.1128941281263], [77.6271778222307, 13.1130098097513], [77.6272700423359, 13.1130679740623], [77.6274337338375, 13.1131770621051], [77.6275909372653, 13.1132895877385], [77.6277410637856, 13.1134051296736], [77.6278836431603, 13.1135233250373], [77.6279300751781, 13.1135656923874], [77.6279764041416, 13.113612759387], [77.6280230884159, 13.1136649857073], [77.6280709758771, 13.1137233166882], [77.6281577763553, 13.1138394685537], [77.6283095213051, 13.1140577305132], [77.6283694461701, 13.1141411950079], [77.6284326536714, 13.114223309707], [77.6284921161445, 13.1142932648495], [77.6285274059148, 13.1143310345482], [77.6285625192564, 13.1143657317558], [77.6285976890459, 13.1143975871734], [77.6286330772157, 13.114426747306], [77.6286688705816, 13.1144533584047], [77.6287051322821, 13.1144774640916], [77.6287419597661, 13.1144991275133], [77.6287794328093, 13.1145183966392], [77.6288402349939, 13.1145441551948], [77.6289105697931, 13.1145676897787], [77.6289847141872, 13.1145880325577], [77.6291917710828, 13.1146392216184], [77.6292535590153, 13.1146575602759], [77.6293076531911, 13.1146766523364], [77.6293736346994, 13.1147049424906], [77.629445393107, 13.114741174167], [77.6295129917274, 13.1147790392015], [77.6296742922176, 13.1148736249203], [77.629757966268, 13.1149186739577], [77.6298005277414, 13.1149391159455], [77.6298410993791, 13.1149566223151], [77.6298803589937, 13.1149714869769], [77.6299186730094, 13.1149838444093], [77.6299818199347, 13.1150009963652], [77.6300473486672, 13.1150160786655], [77.6301151335307, 13.1150290609734], [77.6301850202884, 13.1150399141476], [77.6302568814975, 13.1150486150966], [77.6303304495057, 13.1150551304179], [77.6304054770418, 13.1150594364379], [77.6304816486933, 13.1150615156004], [77.6305444888457, 13.1150612610591], [77.6306089559282, 13.1150589382493], [77.6306750757439, 13.1150545469065], [77.630742887891, 13.1150480839148], [77.6308124117309, 13.1150395499787], [77.630883742993, 13.1150289332781], [77.6310322041252, 13.1150013926247], [77.6310994817732, 13.1149858449665], [77.6311724852865, 13.1149659882608], [77.6312619404183, 13.1149386051725], [77.6315003091748, 13.1148612576912], [77.6315869851365, 13.1148334286242], [77.6316821263571, 13.1148005216979], [77.632066169561, 13.1146579061784], [77.6322341528223, 13.1145997080044], [77.6323266476809, 13.1145710504287], [77.6324135687598, 13.114547049035], [77.632496661296, 13.1145272261506], [77.6325768106833, 13.1145113739763], [77.6326589722252, 13.1144980415685], [77.6327443341151, 13.1144864606269], [77.6328332691219, 13.1144765821658], [77.6329263618096, 13.1144683387715], [77.6330234848247, 13.1144617154806], [77.6331267433824, 13.1144565435022], [77.6333617660116, 13.114450101441], [77.6334759594249, 13.1144493272544], [77.633590214377, 13.1144506112391], [77.6337045308804, 13.1144539542975], [77.6338189070946, 13.1144593564481]]}}, {"type": "Feature", "properties": {}, "geometry": {"type": "LineString", "coordinates": [[77.5941485383084, 13.1134320542882], [77.5954241421282, 13.1139655720352], [77.5960482110415, 13.1141744084378], [77.5978580578358, 13.115577160867], [77.5980536082191, 13.115734377104], [77.5983215342853, 13.1160178551567], [77.5984424306026, 13.1161727944115], [77.5985559202268, 13.116269769687], [77.5987210533496, 13.1163820632752], [77.5996332132501, 13.1169276073812], [77.5999835140883, 13.1171919704147], [77.6003145202308, 13.1173577439013], [77.6004055250746, 13.1174381280589], [77.6004797602362, 13.117576300083], [77.6005428951856, 13.1177987985578], [77.6005929097736, 13.1180709398217], [77.6006506430287, 13.1185200874089], [77.600681739422, 13.118667102421], [77.6008133140251, 13.1189773804035], [77.6008098887558, 13.1190793671262], [77.6007489843984, 13.1192068321074]]}}, {"type": "Feature", "properties": {}, "geometry": {"type": "LineString", "coordinates": [[77.5890898252483, 13.1159211096332], [77.5872985711873, 13.1150768760519], [77.586409169576, 13.1140672983436], [77.5785461519122, 13.1120667969091], [77.5724521158053, 13.1102428973394], [77.5722505978215, 13.1081021599286], [77.5728202101166, 13.1080318025901], [77.5730099596589, 13.1052366541295], [77.5730177268334, 13.1034070931887], [77.5729776859191, 13.1027051443854], [77.5703587506055, 13.0999544179356]]}}, {"type": "Feature", "properties": {}, "geometry": {"type": "LineString", "coordinates": [[77.5863121219285, 13.1272592954123], [77.5863107383909, 13.1272412479272], [77.5863196734191, 13.1271996138048], [77.5863240870676, 13.1271511066678], [77.5863220970147, 13.127125134962], [77.5863153527157, 13.1271011290428], [77.5862990095918, 13.1270701349279], [77.5862186764454, 13.1269611983178], [77.5861875676979, 13.1269068110347], [77.5861001200606, 13.1267077464076], [77.5860818961534, 13.1266559272088], [77.586054782325, 13.1265669118633], [77.5860398431378, 13.1265264925599], [77.5859859036157, 13.1264216097889], [77.5859256303993, 13.1262941579024]]}}, {"type": "Feature", "properties": {}, "geometry": {"type": "LineString", "coordinates": [[77.57913160996, 13.1329839426944], [77.5791709422205, 13.1328210526405], [77.5792040278243, 13.1327207014226], [77.5792845065618, 13.132524171177], [77.5793830849781, 13.1323490153297]]}}, {"type": "Feature", "properties": {}, "geometry": {"type": "LineString", "coordinates": [[77.5985769448303, 12.9506270992176], [77.5991401183271, 12.9504111295778], [77.5995669668717, 12.9502156947468]]}}, {"type": "Feature", "properties": {}, "geometry": {"type": "LineString", "coordinates": [[77.5521978430216, 12.9515922458786], [77.5527681021955, 12.951312382644], [77.5530120465765, 12.9513859819658], [77.5532578972508, 12.951460155921], [77.5533864016798, 12.9515027674395]]}}, {"type": "Feature", "properties": {}, "geometry": {"type": "LineString", "coordinates": [[77.7563205891472, 12.9603463160791], [77.7564212619462, 12.9602538558089], [77.7565015579904, 12.9601630313458], [77.7566657267586, 12.959953148047], [77.756739776552, 12.9598418697225], [77.7567784613858, 12.9597508689546], [77.7568480301072, 12.9595412115806], [77.7568613782195, 12.959471817552], [77.7568856200937, 12.959271067394], [77.7568936165442, 12.9592377727911], [77.7569075812283, 12.9592086506761], [77.7569290845781, 12.9591854630656], [77.7569585730377, 12.9591659279426], [77.7571847697627, 12.9590662492011], [77.7572231145803, 12.9590436735929], [77.757255285761, 12.959013914179], [77.7573044538034, 12.9589401615719], [77.7575882662175, 12.9584446163314], [77.7576946403168, 12.9582665503872], [77.7577231655783, 12.9581808983088], [77.7578024054331, 12.957811623658], [77.7578940523779, 12.9575642777385], [77.7579235804448, 12.957466908834], [77.7579324527439, 12.9574078655756], [77.7579296785493, 12.9573137792081], [77.7579350560924, 12.9572588849145], [77.7579516441373, 12.9571802119368], [77.7580159925885, 12.9569317153256], [77.7580314699813, 12.9567961870205], [77.758036654563, 12.956750785119]]}}, {"type": "Feature", "properties": {}, "geometry": {"type": "LineString", "coordinates": [[77.7600616713346, 12.9586527522378], [77.7599487046565, 12.9588452985964], [77.7597177722427, 12.9593105167891], [77.7596679454385, 12.95938083866], [77.7595434914444, 12.95953022212], [77.7594847388432, 12.9596078227465], [77.7594525247766, 12.9596647548737], [77.7593935921527, 12.9598025757623], [77.7593660170921, 12.9598547225727], [77.7593293111931, 12.9598987974112], [77.7592357188635, 12.9599764584161], [77.7592088331937, 12.9600105151461], [77.7591803640216, 12.9600587591245], [77.7591521216855, 12.9601219037576], [77.7591231668509, 12.9602034711325], [77.7590756355837, 12.960377983453], [77.759028602611, 12.9606788657084], [77.7590239447818, 12.9607499778822], [77.7590248071613, 12.9608506262821]]}}, {"type": "Feature", "properties": {}, "geometry": {"type": "LineString", "coordinates": [[77.7699720308404, 12.9631628478497], [77.7699721004418, 12.9631628118794], [77.7700204095701, 12.9631380336239], [77.7701222020802, 12.9630986168523], [77.7702116919851, 12.9630779935546], [77.7704252552983, 12.9630479113418], [77.7706444459459, 12.9629945158562]]}}, {"type": "Feature", "properties": {}, "geometry": {"type": "LineString", "coordinates": [[77.4965683563179, 12.9875240486589], [77.4965373400086, 12.9874647512183], [77.4964855599755, 12.9874061014241], [77.496151142195, 12.9871253620759], [77.4959423789398, 12.9870062061339], [77.4957775275653, 12.9868789204528], [77.4956264118919, 12.9867922765919], [77.4954881516355, 12.9866997475559], [77.4951986575666, 12.9865513304239], [77.4950424661725, 12.9864906507976], [77.4949933828869, 12.9861884506949], [77.4948189269594, 12.9859448092431], [77.4944425423804, 12.9852624751192], [77.4942685926092, 12.9850297243984], [77.4939924412623, 12.9846055970735], [77.4939507619163, 12.9845552620829], [77.4938468009667, 12.9844561631049], [77.4937391842012, 12.9843247340577], [77.4935529475523, 12.9841684542227], [77.4934005607405, 12.9839856534145], [77.4933553379256, 12.9839314049037]]}}, {"type": "Feature", "properties": {}, "geometry": {"type": "LineString", "coordinates": [[77.6129409532247, 13.0784928253351], [77.6130307727746, 13.0784784271294], [77.6131309642515, 13.0784647730996], [77.6132169781981, 13.0784610122432], [77.6132831209835, 13.0784671335589], [77.6133399153225, 13.0784799968474], [77.6133748425532, 13.0784974242514], [77.6134454051677, 13.0785462206207], [77.613493802638, 13.0785726063059], [77.6135517712555, 13.0785917815649], [77.6136229211987, 13.0786051787896], [77.6137856220037, 13.0786172676562], [77.6139582487466, 13.0786122653484], [77.614273670269, 13.0785898162537], [77.614333386417, 13.078592483577], [77.6143771520738, 13.078600593818], [77.6144319931173, 13.0786239878763], [77.6144614940452, 13.0786544322879], [77.6144748623236, 13.0786943705873], [77.6144895544532, 13.0788114634333]]}}, {"type": "Feature", "properties": {}, "geometry": {"type": "LineString", "coordinates": [[77.6135592543348, 13.0796743932389], [77.6133752468275, 13.0796754380521], [77.6131052921041, 13.0796450720733], [77.612793229994, 13.0796281638673]]}}, {"type": "Feature", "properties": {}, "geometry": {"type": "LineString", "coordinates": [[77.4918763057405, 12.9460981065931], [77.492011612986, 12.9463519477456], [77.4920315458569, 12.9463957431542], [77.4920475046602, 12.9464319257213], [77.4920616647142, 12.9464834262768], [77.492068484054, 12.9465808939768], [77.492074675127, 12.9466152581488], [77.4920886260682, 12.9466457226822], [77.4921202766737, 12.9466913178153], [77.4921401145459, 12.9467255523662], [77.4921580803633, 12.9467674529539], [77.492166278437, 12.9468075360581], [77.4921788118065, 12.9468915619217], [77.492181408156, 12.9469565593293], [77.4921954741397, 12.9469984981137], [77.4922252129045, 12.9470479360268], [77.4922567485979, 12.9470820577691], [77.4922843862678, 12.9471162167909], [77.4923071818526, 12.9472517804449], [77.4923364089179, 12.9473232162432], [77.4923488078655, 12.9473446117989], [77.4923686125519, 12.9473754991643], [77.4923835090529, 12.9474028483869], [77.4924046283371, 12.9474432849198], [77.4924035989677, 12.9474624191639], [77.4924039436025, 12.9474970777646], [77.49239908283, 12.947576032391]]}}, {"type": "Feature", "properties": {}, "geometry": {"type": "LineString", "coordinates": [[77.4907353610886, 12.9451143505857], [77.4908235372786, 12.9451838246313], [77.4908764316025, 12.9452335203177], [77.4909267828194, 12.9452724832076], [77.4909661192455, 12.9453067691391], [77.4910006653837, 12.9453494681812], [77.4910144251942, 12.9453851939191], [77.4910149723985, 12.9454401712775], [77.4910106077693, 12.945491608687], [77.4910049076475, 12.9455311073438], [77.4910051926628, 12.9455597907946], [77.4910132870708, 12.9456385999489], [77.491040582038, 12.9456873449539], [77.4910702648474, 12.9457312857974], [77.4911047516876, 12.9457680087158], [77.4911623789647, 12.9458033159799], [77.491205395049, 12.9458399582453], [77.491273119371, 12.9460329428818], [77.4912947956584, 12.9461295512389], [77.4913550865591, 12.9462594404059], [77.4913876394278, 12.9463975970673], [77.4914166858514, 12.9465001115923], [77.4914173866846, 12.9465706249729], [77.491355422377, 12.946702433829]]}}, {"type": "Feature", "properties": {}, "geometry": {"type": "LineString", "coordinates": [[77.4938902981066, 12.9473234282874], [77.4940321510279, 12.947327290033], [77.4940672443538, 12.9473269541186], [77.4941160044109, 12.9473283991832], [77.4942892377171, 12.9473587103114], [77.4943306799964, 12.9473595089121], [77.4944110669694, 12.9473551533556], [77.4944561522135, 12.947354721731], [77.494628142354, 12.9473710041465], [77.4946938695648, 12.9473632028708], [77.4947474264127, 12.9473567143402], [77.4948471296634, 12.9473342446654], [77.4949214483328, 12.947332337717], [77.4949807958286, 12.9473410447561]]}}, {"type": "Feature", "properties": {}, "geometry": {"type": "LineString", "coordinates": [[77.4989329617618, 13.0173207089346], [77.4991221701251, 13.0175013435901], [77.4992363152792, 13.0175791298563], [77.4993649420497, 13.0176424344066], [77.4995665213647, 13.0176871047979], [77.4998188607037, 13.0176882567514], [77.5000053103512, 13.017682873755], [77.5006044835436, 13.0176268952026], [77.5010037696347, 13.0176947581378], [77.5017841670442, 13.0178414144002], [77.5021686832398, 13.0178950750428], [77.5024728257186, 13.0179566828599], [77.5027911643394, 13.0179751236149], [77.5030547969191, 13.0180084359908], [77.503223395353, 13.0180462508073], [77.5033625972791, 13.0180700073805], [77.5035159572845, 13.0180470115941], [77.5037237332483, 13.0179804623896], [77.5038510292143, 13.0179111044079], [77.5039561682452, 13.0178204446867], [77.5040359285816, 13.0177515448629], [77.5040977300642, 13.0177150911314], [77.5041743378569, 13.0176964232096], [77.5043537614314, 13.0177197889356], [77.5045261596801, 13.0177719099887], [77.5046660459827, 13.0178637868435], [77.5048461912515, 13.0179588623686], [77.5049708740586, 13.0179935143796], [77.5051390761384, 13.0179918890246], [77.5052850861301, 13.017965378208], [77.5053727002218, 13.0179501877078], [77.5054750116916, 13.0179420279298], [77.5056287667419, 13.017958469809], [77.5058194852476, 13.0180139987973], [77.5059150247597, 13.0180596898594], [77.5060030344299, 13.0180839389061], [77.5062114952791, 13.0180855087065], [77.506357721425, 13.0180805099633], [77.5065333081496, 13.0180859841825], [77.5067876385512, 13.0181166992277]]}}, {"type": "Feature", "properties": {}, "geometry": {"type": "LineString", "coordinates": [[77.4901234611007, 12.9451162599027], [77.490163936967, 12.9451766128733], [77.4901817328371, 12.945201543918], [77.490190684185, 12.9452193865738], [77.4902003668896, 12.9452372240473], [77.4902130381149, 12.9452614857743], [77.4902163044461, 12.9452958779913], [77.4902157796776, 12.9453166807206], [77.490205956853, 12.9453583700159], [77.4902011598595, 12.9453906871433], [77.4901624141827, 12.9454649250131], [77.4901524782931, 12.9454951400086], [77.490152762298, 12.9455238243904], [77.4901603729973, 12.9455538717138], [77.4901709072192, 12.9455838920031], [77.4901799511872, 12.9456110570096], [77.4901809959408, 12.9456426018366], [77.4901797763744, 12.9456669972053], [77.4901524041999, 12.945714698958]]}}, {"type": "Feature", "properties": {}, "geometry": {"type": "LineString", "coordinates": [[77.48964490203, 12.9452208933873], [77.4896369166389, 12.9452662730969], [77.4896387434298, 12.9453028312305], [77.4896384322494, 12.9453451461265], [77.4896336769922, 12.9453817662394], [77.4895531806368, 12.9455223811898], [77.4895246887342, 12.9455555734033]]}}, {"type": "Feature", "properties": {}, "geometry": {"type": "LineString", "coordinates": [[77.4897341394014, 12.9441057720686], [77.489775527249, 12.9441540058889], [77.4897953370043, 12.9441853723624], [77.4898238811, 12.9442128290562], [77.4898386740958, 12.9442298994491], [77.4898593918925, 12.944254563191], [77.489879363072, 12.9443021821199], [77.4898818352298, 12.944354749566], [77.4898791757743, 12.9443815502665], [77.4898774926424, 12.9444083398323], [77.4898796799434, 12.9444322238], [77.4898995372102, 12.9444683702359], [77.4899530490127, 12.9445224883354]]}}, {"type": "Feature", "properties": {}, "geometry": {"type": "LineString", "coordinates": [[77.4906555424506, 12.9440080950993], [77.4906727472265, 12.9439850287121], [77.4906940691374, 12.9439723945642], [77.4907241927768, 12.9439625449159], [77.4907494619891, 12.9439546525648], [77.4907679259758, 12.9439487397702], [77.4908475470523, 12.9439164240122], [77.4908611936815, 12.9439162926823], [77.4908797630722, 12.9439208974408], [77.4909061302612, 12.9439254258625], [77.4909450461073, 12.943917403968], [77.4909751421487, 12.9439046859393], [77.4910090031798, 12.9438785447376], [77.4910496513674, 12.9438485141379], [77.491107929647, 12.9438269199694], [77.491158677025, 12.9438321721399], [77.4911899660296, 12.9438414348186], [77.4912356197171, 12.9438535805897]]}}], "_meta": {"source": "Karnataka State Remote Sensing Applications Centre (KSRSAC), via OpenCity", "source_url": "https://data.opencity.in/dataset/bengaluru-stormwater-drains-maps", "source_dataset_updated": "2025-11-27", "licence": "Public Domain per OpenCity CKAN metadata (no upstream dedication)", "compiled_at": "2026-05-28", "layer_label": "Secondary stormwater drains"}}