{"nvdm": "1.0", "dataset": "geojson-layers/swd-primary", "scope": {"kind": "city", "id": "bangalore"}, "provenance": {"sources": [{"id": "opencity-bengaluru-swd", "title": "BBMP primary + secondary stormwater drains - rajakaluves (via OpenCity)", "publisher": "BBMP (via OpenCity)", "license": "Public Domain per OpenCity CKAN metadata (no upstream dedication)", "as_of": "2025-11-27"}], "method": "manual", "produced_at": "2026-05-28", "produced_by": "manual", "note": "Primary stormwater drains (rajakaluves), KSRSAC via OpenCity; the KML conversion run itself is unrecorded (the _meta block is the production record)."}, "type": "FeatureCollection", "features": [{"type": "Feature", "properties": {}, "geometry": {"type": "LineString", "coordinates": [[77.5334846910159, 12.839694656606], [77.5338703697777, 12.8399078527322], [77.5347753886495, 12.8407050851952], [77.5350992181513, 12.8409223256082], [77.5355847639104, 12.8411325540338], [77.5370324866395, 12.8416065277129], [77.5373375089085, 12.8417645283834], [77.5375609430355, 12.8419492976424], [77.5376942291246, 12.8421377686402], [77.5377837811085, 12.8423749269907], [77.5379448990873, 12.8433197968469], [77.5381926362732, 12.844371288414], [77.5382771562743, 12.8449855270078], [77.5383318097485, 12.8451246264124], [77.5384146933824, 12.8452276308053], [77.5385877847615, 12.8453148580457], [77.5388309869731, 12.8453250631803], [77.5401174634192, 12.8450695062764], [77.5405712419076, 12.8448635553167], [77.5408899054136, 12.8445736163009], [77.5411393025822, 12.8441791694516], [77.54136004633, 12.8438423678859], [77.5415625515676, 12.843630048394], [77.5417655362788, 12.8434655315603], [77.5420659347462, 12.8433430749324], [77.5425291432464, 12.8433389567145], [77.5426906922128, 12.8433647519323], [77.5428315574077, 12.8434149072167], [77.542996020363, 12.8435191949823], [77.5435534806348, 12.8439602793423], [77.543780327302, 12.8440981069992], [77.5441680310332, 12.8442886832089], [77.5442817815366, 12.8443880578034], [77.5443327715802, 12.844553969865], [77.5443907454542, 12.8453203341514], [77.5445781540519, 12.8462255586542], [77.5445633034453, 12.8464577643045], [77.5444360710304, 12.8468561214179], [77.5444244993915, 12.8469906876285], [77.5444609032371, 12.8471046376309], [77.5446348793419, 12.847391528328], [77.5447165877484, 12.8475937492077], [77.5447479752623, 12.8477518336499], [77.5447369832391, 12.847995485908], [77.5447566299451, 12.8481127875676], [77.54480790528, 12.8482194792972], [77.5448845021053, 12.8483140221869], [77.5452278832433, 12.8485742078485], [77.5453697928513, 12.8487148970588], [77.5458395509951, 12.8493163658481], [77.5459173708802, 12.8494751830143], [77.5459365131301, 12.8497011436511], [77.5458733423605, 12.8499313244029], [77.5455774920921, 12.850350421909], [77.545337065027, 12.8505327785707], [77.5452652915811, 12.8506140926224], [77.5452051919177, 12.8507532638465], [77.5452058455625, 12.8509171926427], [77.545276154302, 12.8511121341052], [77.5455825869743, 12.8515730346393], [77.5457264835465, 12.8518742862978], [77.5460377159404, 12.852799334353], [77.5463945915773, 12.8540210072831], [77.5465129761068, 12.8543253109889], [77.5467957957978, 12.8549415371265], [77.5468336008614, 12.8550936146009], [77.5468423871037, 12.8552308253335], [77.5467821601597, 12.8555287019665], [77.5464976870082, 12.8562257116123], [77.546442417645, 12.8565606032453], [77.5464549364537, 12.8567908073393], [77.5465003895517, 12.8570389679587], [77.5467041943377, 12.8575929436926], [77.5467186846193, 12.857775363834], [77.5466855402857, 12.8579633304105], [77.5465963851913, 12.8581675812128], [77.5464264361981, 12.8583998680073], [77.5458796837054, 12.8589079842767], [77.545680120446, 12.8591244105565], [77.5455994187709, 12.8592843361232], [77.5455948844391, 12.8594612691331], [77.5456737554452, 12.8597345725473], [77.545939934929, 12.860436388938], [77.5460474166023, 12.8606612104452], [77.5462633806031, 12.8610325387146], [77.5463417880209, 12.8612137435936], [77.5464311883438, 12.8615147765816], [77.5465912570856, 12.8622417304401], [77.5466624234212, 12.8624454277915], [77.5467479343401, 12.8626085915474], [77.5470617307157, 12.8630487459187], [77.547282342262, 12.8632627829334], [77.5474830094488, 12.8633825502444], [77.547913299999, 12.863516129335], [77.5480746269108, 12.8636097173703], [77.5481464295715, 12.863693062892], [77.5481978702818, 12.8637990548552], [77.5482492537173, 12.864156500258], [77.5482846064187, 12.8642399398616], [77.5483788957504, 12.8643045608772], [77.5485715773159, 12.8643405844218], [77.5486446959514, 12.8644139643172], [77.5486460265985, 12.8645267378439], [77.5485847433063, 12.8646656730393], [77.5484977017268, 12.8647604188077], [77.5482505057222, 12.8649311088897], [77.5482062187987, 12.8650071210584], [77.548192810763, 12.865100418155], [77.5482186205946, 12.865227670342], [77.5483682488665, 12.8655309622895], [77.5484201685534, 12.8657205954126], [77.5484361741544, 12.8659916695767], [77.5484267464562, 12.8665854620301], [77.5484442890049, 12.8666990943119], [77.5484863613739, 12.8667742098378], [77.548550624925, 12.8668300716315], [77.5486400915801, 12.8668693996433], [77.5487632840121, 12.8668922229899], [77.5491996466598, 12.8669886992566], [77.5496886239092, 12.867118545631], [77.5498230234542, 12.8671280100279], [77.5501307949195, 12.8671212107436], [77.5502288021752, 12.8671394511986], [77.5502868957522, 12.8671812115543], [77.5503433128761, 12.8672593519171], [77.5505904740327, 12.8677039482779], [77.5506424791757, 12.8678184716884], [77.55065387806, 12.8678686261034], [77.5506535621015, 12.867913511681], [77.5506438523685, 12.867948629144], [77.5506183163081, 12.8679899620238], [77.5505567829773, 12.8680414433951], [77.5503571019111, 12.8681534230374], [77.5503164274473, 12.8681970688509], [77.5502929459956, 12.8682511802516], [77.5502881517478, 12.8683341201549], [77.5503093288654, 12.8684473698227], [77.5503585120617, 12.8686300504038], [77.550436572724, 12.868827078846], [77.5504556200976, 12.8689012633573], [77.5504573937418, 12.8690024481114], [77.5504347372814, 12.8691817686134], [77.5503921215635, 12.8693747658551], [77.550298169427, 12.8696170428575], [77.5502353787053, 12.869877709313], [77.5501562619175, 12.8701185951284], [77.5501352846799, 12.870220390734], [77.5501187123093, 12.8703868887357], [77.5501042327663, 12.8704491765639], [77.5500690183698, 12.8705216667048], [77.5498832720495, 12.8708095696718], [77.5498371867567, 12.8709096464128], [77.5498148098654, 12.8710403314093], [77.5498161848283, 12.8711941697182], [77.5498347213938, 12.8713043407813], [77.5498677301733, 12.8714034001598], [77.5499300131123, 12.8715387099611], [77.5499895817969, 12.8716327115627], [77.5502714080047, 12.8719440553654], [77.5505589203632, 12.8721946790961], [77.5506620126581, 12.8722965668051], [77.5507575233557, 12.8724152722555], [77.5508064639663, 12.8725070849642], [77.5508290603026, 12.872583937981], [77.5508541217024, 12.8727659171104], [77.5509288907963, 12.873142630805], [77.5509839577291, 12.8733417112451], [77.5511090013569, 12.8736835961779], [77.551296367398, 12.8740283541014], [77.5513203493497, 12.8741097831367], [77.5513625057225, 12.8743361889453], [77.551386087216, 12.874390506093], [77.5514593607362, 12.8745149026968], [77.5514800089744, 12.8745720075926], [77.5515227976993, 12.8749451194405], [77.5515048209981, 12.8750279690669], [77.5514426829931, 12.8751481194136], [77.5509570854378, 12.8756585177479], [77.5509815505475, 12.8757328037933], [77.5510295515727, 12.8758785462241], [77.5511157429584, 12.8760906051801], [77.5513298139793, 12.876223451753], [77.5513958402286, 12.8764242067622], [77.551402650232, 12.8765807980539], [77.5514421095425, 12.876734986043], [77.5514964047605, 12.8767926096247], [77.5516906816937, 12.8768228701807], [77.5517042188166, 12.8768268056853], [77.5517296918831, 12.8768231459834], [77.5517357236699, 12.8768174197596], [77.5517597861053, 12.8768014947778], [77.5517889673905, 12.8767903615956], [77.5518215167345, 12.8767861830058], [77.5518543185825, 12.8767877534234], [77.5519554286593, 12.8768087386482], [77.5520013268784, 12.8768131872582], [77.552227745075, 12.876805877915], [77.55226090417, 12.8768010771644], [77.5522977708687, 12.87678856171], [77.552384574029, 12.8767344987904], [77.5524394252764, 12.8767243350286], [77.5524547723831, 12.8767361374061], [77.552470271687, 12.8767628789285], [77.5524858608378, 12.8767985837703], [77.552498404949, 12.8768343173869], [77.5525201153551, 12.8768729503253], [77.5525386899653, 12.8769026496295], [77.5526214774387, 12.8769854711551], [77.5527256237149, 12.8769863586611], [77.5528809935357, 12.8769876827653], [77.5533247431126, 12.8773051042579], [77.5538852270585, 12.8772701694167], [77.5542621033734, 12.8772298508615], [77.5544694519198, 12.8772205328136], [77.5547058319657, 12.8772816311547], [77.5551168930645, 12.8773878785873], [77.555235993855, 12.8776645879261], [77.5554151716782, 12.8778057386588], [77.5557607907327, 12.8779155326595], [77.5562771550681, 12.8779549183592], [77.5568257041543, 12.8781816779478], [77.5568915824434, 12.8783387668075], [77.5569914216884, 12.8784352900674], [77.5576675922607, 12.8786204842145], [77.5578782267244, 12.8786547811016], [77.5580976100238, 12.8787801219408], [77.5583053630649, 12.8788604915861], [77.5584260219906, 12.8789771278089], [77.5586695302141, 12.8789718671907], [77.5591343588974, 12.8789239880435], [77.5597298181906, 12.8790934986885], [77.5598106293613, 12.8803451670178], [77.5598503461505, 12.880539705995], [77.5606682689093, 12.8805162102175], [77.5615198121337, 12.8815868135951], [77.5617179947901, 12.8819075814071], [77.5619281161768, 12.8822043256641], [77.562187450129, 12.8825483963716], [77.5624464201912, 12.8828566146319], [77.5626565442636, 12.8831533588682], [77.5629012059146, 12.8835522901811]]}}, {"type": "Feature", "properties": {}, "geometry": {"type": "LineString", "coordinates": [[77.6560027430451, 12.8724112044385], [77.6560826701349, 12.8724658925481], [77.6562002898579, 12.8725224171601], [77.656283402551, 12.8725558276448], [77.6563211359242, 12.8725789270591], [77.6563705851376, 12.8726241086955], [77.6564632064254, 12.8727419871855], [77.6565236623064, 12.872801188128], [77.6566646101526, 12.8729046044192], [77.6568201707382, 12.8730068515528], [77.6568742380718, 12.8730467194018], [77.6569026840329, 12.8730748472788], [77.6569297848328, 12.8731132089492], [77.6569750666819, 12.8732254892975], [77.6569969368321, 12.8732659809289], [77.6570338508851, 12.8733069938853], [77.6570656234527, 12.8733280188932], [77.6571034937664, 12.8733430385768], [77.6571341675473, 12.8733501443108], [77.6573553463411, 12.8733692360188], [77.6574026386097, 12.8733794867832], [77.6575254951614, 12.8734163203549], [77.6578241858833, 12.8734548432473], [77.6579267903728, 12.8734745395777], [77.6579707418737, 12.8734873961072], [77.6580156816438, 12.8735083993823], [77.6580497225498, 12.8735332117648], [77.6580749771556, 12.8735614215523], [77.6581068754278, 12.8736175042126], [77.6581232967816, 12.8736726047505], [77.6581271861862, 12.8737308543356], [77.6581257821176, 12.8739266711042], [77.6581383129871, 12.8740078687359], [77.6581592174049, 12.8740866912674], [77.6581773024503, 12.8741321618484], [77.6582051883493, 12.8741862679115], [77.6582927497418, 12.8743139517229], [77.6583367062647, 12.8743923252418], [77.6583739833395, 12.8744753250914], [77.658428620863, 12.8746270174497], [77.658453961442, 12.8746804780761], [77.6584868537208, 12.8747300307321], [77.6585221512277, 12.8747706857923], [77.6586339957158, 12.8748743021256], [77.6586877709611, 12.87493242197], [77.6587978514204, 12.8750909601067], [77.6588401408996, 12.8751441221253], [77.6590562130643, 12.8753551337987], [77.6590859936381, 12.8753937235864], [77.6591057948183, 12.8754315492417], [77.6591203482726, 12.8754947675726], [77.6591266028465, 12.8756276697098], [77.6591224651769, 12.8757948664418], [77.6591087128772, 12.8759942196642], [77.6591117574119, 12.876059021064], [77.6591243376301, 12.8761050415711], [77.6591494575456, 12.8761543107405], [77.659186120997, 12.876200557361], [77.6592820319089, 12.8762874107937], [77.6593199532379, 12.8763306914075], [77.6593674755417, 12.8764065892354], [77.6593934792138, 12.8764737212977], [77.659404716324, 12.8765364357423], [77.6594068300198, 12.8765980937183], [77.6593977034225, 12.8766828753727], [77.6593792274308, 12.8767897804139], [77.6593773651874, 12.8768522322018], [77.6593843249878, 12.8769662434176], [77.6594018578613, 12.8770713002832], [77.6594799685409, 12.8772448418413], [77.6595175668926, 12.8773003414063], [77.6595454940245, 12.8773286141407], [77.6595837352099, 12.8773563719701], [77.6596050495818, 12.8773771838535], [77.6596274634449, 12.8774046317618], [77.6599829869873, 12.878010046243], [77.6612423895507, 12.8787783793371], [77.6614193752782, 12.8789271655698], [77.6621156203559, 12.8791065245592], [77.6624029880071, 12.8793258945816], [77.6626170453845, 12.8795244990394], [77.6627856738625, 12.8797787871233], [77.6627619936382, 12.8799052611292], [77.6626956923115, 12.87991990466], [77.6623301129371, 12.880000647862], [77.6621116740939, 12.8801590652728], [77.6619249620148, 12.8804113922134], [77.6618136215471, 12.8806241735809], [77.6617786149241, 12.8808740915872], [77.6620003628982, 12.8812040115935], [77.6622286475361, 12.8814671807148], [77.6624207776083, 12.8816893110712], [77.6624558426731, 12.8817298511105], [77.6626811837488, 12.882047411367], [77.662702419249, 12.8820773371184], [77.6628663861195, 12.8822188065988], [77.663024176962, 12.8824302063977], [77.6640882927671, 12.8837827925914], [77.6646376191376, 12.8841213942581], [77.6650308336993, 12.8844424620924], [77.6655624953366, 12.8849533365717], [77.667107748921, 12.8866203143218], [77.6673791398885, 12.8869402285714], [77.6675283446421, 12.8872255351823], [77.6676045927006, 12.8875235364083], [77.6679408956659, 12.8879867179963], [77.6675458508148, 12.8879730863543], [77.6675195675406, 12.8879679827513], [77.6670481047217, 12.8878764358908], [77.666714746227, 12.8881128283183], [77.6665601488043, 12.8883396981097], [77.6665228709088, 12.888647070438], [77.6662845292531, 12.888963653089], [77.6661829173626, 12.8890890278628], [77.6662416725489, 12.889509737672], [77.6652910171153, 12.8894828053407], [77.665109705421, 12.8893720029614], [77.6647186628482, 12.8894847510639], [77.6644981958705, 12.8897600461825], [77.6644091908598, 12.8901294132967], [77.6642266758296, 12.890308273937], [77.6640524024392, 12.8905644415624], [77.6632663673366, 12.8914478210942], [77.6629059129311, 12.8918746621987], [77.6628752595526, 12.8925545786087]]}}, {"type": "Feature", "properties": {}, "geometry": {"type": "LineString", "coordinates": [[77.4831207175947, 12.8743754583125], [77.4832730892373, 12.876311370284], [77.483340516333, 12.8765522048804], [77.4833158246264, 12.876565009553], [77.4833639396965, 12.8768505712006], [77.4842205459396, 12.8778023553763], [77.4850771505396, 12.87865896175], [77.4861954985471, 12.8788017298111], [77.486290677091, 12.8790158809277], [77.4874090237422, 12.8792776208924], [77.4878135315454, 12.8801342284486], [77.4905737062822, 12.8797297198481], [77.4912379631957, 12.8800761333631], [77.4914702481159, 12.8801575921466], [77.4919940727298, 12.8801526069391], [77.4923594138194, 12.8801371769301], [77.4926990908165, 12.8799905110192], [77.4929146268314, 12.8795801121161], [77.4929416993748, 12.8790133256707], [77.4929741811545, 12.878918820695], [77.4931515890485, 12.878402657417], [77.4937132897474, 12.8777357931967], [77.4942014576182, 12.8768526748512], [77.4945543273541, 12.8763719018325], [77.4961171086352, 12.875468182965], [77.4966281852486, 12.8749697465795], [77.4967050179374, 12.8745045717016], [77.4971418840409, 12.8742615113028], [77.4973735329698, 12.8741326273171], [77.4975743879949, 12.8741646088809], [77.4991044474383, 12.8745736980816], [77.5007524363027, 12.8752452221614], [77.5011440051635, 12.8753652363393], [77.5015611190362, 12.8756187770239], [77.5027577370009, 12.8763461254174], [77.5029361955718, 12.8766435581743], [77.5037690074189, 12.8766435580831], [77.5048695085778, 12.8772384242019], [77.5054941162676, 12.8780414911095], [77.5063746381086, 12.877797371564], [77.5069410079959, 12.8779403211677], [77.5082648580285, 12.8795022595766], [77.5087471840879, 12.8801611267713], [77.5094509665359, 12.8804304356428], [77.5098812707513, 12.8816516729034], [77.511204823451, 12.88164042664], [77.5111938721427, 12.8838762103089]]}}, {"type": "Feature", "properties": {}, "geometry": {"type": "LineString", "coordinates": [[77.4750710682171, 12.878275421987], [77.4759893307429, 12.8783065616177], [77.4768039234371, 12.8781652183107], [77.4770506074008, 12.8781436888782], [77.4776033182089, 12.8781315824264], [77.4781762301198, 12.8779710966108], [77.4787467644084, 12.8779473571726], [77.4794210945529, 12.8778075678149], [77.4795525988915, 12.8778142853212], [77.4796851669578, 12.8778463777716], [77.4799686550025, 12.8780015033423], [77.480139232788, 12.8780452215534], [77.4806779608187, 12.8780919043003], [77.4811520681817, 12.8780700858929], [77.4816868082253, 12.8780961663014]]}}, {"type": "Feature", "properties": {}, "geometry": {"type": "LineString", "coordinates": [[77.4724272547, 12.8795435493171], [77.4726519851683, 12.8792864258464], [77.4729797351779, 12.8790469092266], [77.4738636748474, 12.8785691593709], [77.4750710682171, 12.878275421987]]}}, {"type": "Feature", "properties": {}, "geometry": {"type": "LineString", "coordinates": [[77.6532920567752, 12.8860664800084], [77.6531267871981, 12.8860416182592], [77.6530079694048, 12.8860439304424], [77.6529436914442, 12.8860558736995], [77.6528688698009, 12.8860789182196], [77.6527921458582, 12.8861096735614], [77.6527300505702, 12.8861430666811], [77.6526706700914, 12.8861930015492], [77.6526063092006, 12.88628486044], [77.6525477591781, 12.8864112923053], [77.6524820497193, 12.8865893285513], [77.652443720044, 12.8867226299848], [77.6524115176524, 12.8868647623923], [77.6523572440406, 12.8872765145899], [77.6523042767106, 12.8880645427713], [77.6523171844357, 12.8883130342729], [77.6523080319319, 12.8886099268811], [77.6523211960235, 12.8888939347949], [77.6523067551751, 12.8889847682165], [77.6522400051015, 12.88922535574], [77.6522340267468, 12.8892805933831], [77.6522367397592, 12.88932021345], [77.6522531513733, 12.8893850070443], [77.652308344243, 12.8895319196242], [77.6523288073639, 12.8896209871749], [77.6523476056466, 12.889991720454], [77.6523568223431, 12.8900625991059], [77.6523801157614, 12.890126704073], [77.6524252434203, 12.8901993515549], [77.6525930407954, 12.8904008594202], [77.6527561082155, 12.8905805383351], [77.6528512136658, 12.8906696799999], [77.653046379277, 12.8908267543913], [77.6531019817685, 12.8908846928935], [77.6531480383005, 12.8909564056806], [77.6532438229009, 12.8911527811236], [77.6532892821162, 12.8912325537414], [77.6533420528458, 12.8913011268074], [77.6535170426368, 12.8914905645861], [77.653575489571, 12.8915620097293], [77.6536211184287, 12.8916337456921], [77.6537287233043, 12.891840107257], [77.6538047118625, 12.8919421206757], [77.6538623899427, 12.8919814070578], [77.6539267846399, 12.8919949072865], [77.6539843044433, 12.8919922738711], [77.6541553722126, 12.8919659611359], [77.6547083932971, 12.8918237099712], [77.6550259806868, 12.8919041450176], [77.6553337822683, 12.892211752843], [77.655642593125, 12.8926149602223], [77.6563574424361, 12.8935281955927], [77.6566582072043, 12.8937950110294], [77.6571203621503, 12.8939927161071], [77.6577440319761, 12.8940750565662], [77.6579865590551, 12.894125858872], [77.6607522917694, 12.8943551746382], [77.6628495666734, 12.8942706554519]]}}, {"type": "Feature", "properties": {}, "geometry": {"type": "LineString", "coordinates": [[77.6628752595526, 12.8925545786087], [77.6629072970166, 12.8925167805655], [77.662950940186, 12.8924862188941], [77.6630103001385, 12.8924587494219], [77.6630714285372, 12.8924430701949], [77.6631210096832, 12.8924394351291], [77.6632522734172, 12.8924423762031], [77.6633137310733, 12.8924391947326], [77.6633631989346, 12.8924297275619], [77.6634887969751, 12.8923962372367], [77.6636675083117, 12.8923865090726], [77.6638106136411, 12.8923584151576], [77.6638984505636, 12.8923485706863], [77.6641392305747, 12.89233763822], [77.6643258365435, 12.8923594317032]]}}, {"type": "Feature", "properties": {}, "geometry": {"type": "LineString", "coordinates": [[77.6628495666734, 12.8942706554519], [77.6628680099787, 12.8941835440054], [77.6628702639783, 12.8941061363322], [77.6628594619522, 12.8940477045821], [77.6628214545526, 12.8939179585617], [77.6628121115865, 12.893817084052], [77.6628098537272, 12.8936601468522], [77.6628212144179, 12.8933198717303], [77.6628104864043, 12.8929744553258], [77.6628371056014, 12.8926634881489], [77.6628509867639, 12.8926056949342], [77.6628752595526, 12.8925545786087]]}}, {"type": "Feature", "properties": {}, "geometry": {"type": "LineString", "coordinates": [[77.5617769313929, 12.903470667563], [77.5618697677935, 12.9034565734466], [77.5620435360646, 12.9034301876671], [77.5622270175542, 12.903391128603], [77.5623542160868, 12.9033582325762], [77.5624020952197, 12.9033531618749], [77.5625271087277, 12.9033552076836], [77.5625732443388, 12.9033503961722], [77.5627097202034, 12.9033124905966], [77.562869799403, 12.9032887709114], [77.5629405757469, 12.9032739576625], [77.5630127121291, 12.9032518925496], [77.5631162693506, 12.903212500852], [77.5631713141253, 12.9031975472866], [77.5632406059095, 12.9031877139295], [77.5633904336854, 12.9031769199739], [77.5636060361716, 12.9031388685535], [77.5636981174439, 12.9031099952363], [77.5638145300424, 12.9030394154086], [77.563869865558, 12.9030157703021], [77.5639369539983, 12.9030040114341], [77.5640269056816, 12.9030089075759], [77.5641025720377, 12.9030231753565], [77.5641643216254, 12.9030405068429], [77.5642137384018, 12.9030614340014], [77.5642578652843, 12.9030891483233], [77.5643726576499, 12.9031949897041], [77.5645179002362, 12.9033036564062], [77.5646302892136, 12.9034127619187], [77.5646805275659, 12.9034445251067], [77.5648022736455, 12.9035015131102], [77.5648493590453, 12.9035334056751], [77.5648895267795, 12.9035782738093], [77.5649656865626, 12.903708010945], [77.5650209337142, 12.9037646566995], [77.5650702761604, 12.9037985047274], [77.5653377365808, 12.9039601146244], [77.5657529626224, 12.9042050314034], [77.566121286098, 12.9044045222454]]}}, {"type": "Feature", "properties": {}, "geometry": {"type": "LineString", "coordinates": [[77.5617764331784, 12.903470941677], [77.5617751522331, 12.9034686928733], [77.5616808190759, 12.9033383556372], [77.5616327289612, 12.9032562462484], [77.5615582883103, 12.9030975504389], [77.5615208745402, 12.9030276902882], [77.5614788284453, 12.9029651664426], [77.5613558677121, 12.9028092588744], [77.5612851032306, 12.9026768175813], [77.561262591864, 12.9026412494174], [77.561238672183, 12.9026138054078], [77.5611991323265, 12.9025854863122], [77.5611551123048, 12.9025708569633], [77.5611128392039, 12.9025679717291], [77.5610641349965, 12.9025738597558], [77.5610054796267, 12.9025910418509], [77.5609600696913, 12.9026114026314], [77.5608479238533, 12.9026739185732], [77.5607764037417, 12.9026981833036], [77.56069283094, 12.9027087874236], [77.5604811323984, 12.9027114214142], [77.5604089529525, 12.9027250235486], [77.5603396502864, 12.9027574156598], [77.5601951456961, 12.9028634210794], [77.5601452717118, 12.9028924697718], [77.5601000730965, 12.9029128861758], [77.5600031507803, 12.9029446687626], [77.5597989181367, 12.9029919115648], [77.5597198161346, 12.9030140702407], [77.5593697654468, 12.903145652211], [77.5593429380988, 12.9031648848678], [77.5593180532361, 12.9031902890164], [77.5592870351663, 12.9032297667999], [77.5592366198625, 12.9033049287795], [77.559150182046, 12.903394240213], [77.5591215698129, 12.9034326626768], [77.5591082388842, 12.9034636301329], [77.5591023389178, 12.9034960128321], [77.5591070760213, 12.9036071346192], [77.559104220316, 12.9036392905573], [77.5590938344029, 12.9036683337181], [77.5590735250165, 12.9036886851719], [77.5590422946848, 12.9036953603502], [77.5590159088273, 12.9036901943124], [77.5589161859612, 12.9036416510609], [77.5588773047421, 12.9036319933666], [77.5588328463131, 12.903633850673], [77.5587437149127, 12.9036609272579], [77.5586996928699, 12.9036662107129], [77.5586575659204, 12.9036600612788], [77.5585767890801, 12.9036360312372], [77.5584097607307, 12.9036011456304], [77.5582975856218, 12.9035956203567], [77.5581628969207, 12.903602363952], [77.5577360095474, 12.9036444709277], [77.5576132969369, 12.9036490290239], [77.5575197325909, 12.903639322577], [77.5572462597384, 12.9035875340843], [77.5570746458529, 12.9035636017553], [77.5569497478071, 12.9035530361749], [77.5568473348059, 12.9035571929398], [77.5566909561288, 12.9035924742205], [77.5565230927838, 12.903655473052], [77.5564324552488, 12.9037087423595], [77.5561872254579, 12.903878854266], [77.5560700194315, 12.9039396354151], [77.5559967861068, 12.9039613544149], [77.5559059597436, 12.9039769428842], [77.5557414033143, 12.9039773350946], [77.555693274323, 12.9037687009749], [77.555841201021, 12.9034262016688], [77.5558402304568, 12.903330594044], [77.5558632592968, 12.903198896001], [77.5559967545931, 12.9028229226588], [77.5558980440782, 12.9028303404356], [77.555654330137, 12.9028746007693], [77.5554786270853, 12.9028698353829], [77.5547698082031, 12.9027533891619], [77.5545873955875, 12.9027115952159], [77.5543871695889, 12.902645945778], [77.5542731105993, 12.9026337306756], [77.5541741997487, 12.9026421986749], [77.5541196847203, 12.9026601492559], [77.5540820621368, 12.9026829101444], [77.5540103031002, 12.9027563971082], [77.5539677284568, 12.9027776180809], [77.5538860104377, 12.902793730249], [77.5537982313068, 12.9027973958572], [77.5537139373997, 12.9027824015616], [77.5534708906343, 12.9026939497949], [77.5533427450754, 12.9026636517181], [77.5530329845773, 12.9028630509354], [77.5522378732617, 12.9028940891572], [77.5517670250144, 12.9026455559444], [77.5515818508145, 12.9026473636207], [77.5514064231808, 12.9026490760297], [77.5510957150117, 12.902766848874], [77.5509404572891, 12.9028352956194], [77.5508241840698, 12.9029033627453], [77.5505338390765, 12.9031069905781], [77.5503988488082, 12.9032517349053], [77.5502445598996, 12.9034157893602], [77.5501191220583, 12.9035413149058], [77.5497809184496, 12.9038314661025], [77.5496063610569, 12.9039192241958], [77.5491490736253, 12.9039859082399], [77.5490032454363, 12.9039402300371], [77.5488742493536, 12.9038493208268], [77.5487310066893, 12.9037205948836], [77.5486405742476, 12.9036356238006], [77.5485267081784, 12.9035348915955], [77.5481709018345, 12.9034237105891], [77.5480448603509, 12.9033461244153], [77.5479331765833, 12.9031688540837], [77.5475025726697, 12.9029020496001], [77.5472869542521, 12.9027356378223], [77.5472064044244, 12.9026734699988], [77.5471202577179, 12.902078382411], [77.5470391213888, 12.9020340311875], [77.5469547679579, 12.9020012151483], [77.5466399435543, 12.9018968355853], [77.5464217450663, 12.9018385101074], [77.5462099880514, 12.9018042190199], [77.5458823892757, 12.9017726433809], [77.5457483589154, 12.9017665023021], [77.5456653914421, 12.9017691515564], [77.5456268866795, 12.9017752635608], [77.5455805028214, 12.9017891850847], [77.5454957777868, 12.9018309391188], [77.5451153630927, 12.902082930354], [77.5449202620668, 12.902224833423], [77.5448596866602, 12.9022629587414], [77.5448147618643, 12.9022802873886], [77.5447729577861, 12.9022881028245], [77.5446678329025, 12.9022929912758], [77.5446222663886, 12.9022906765643], [77.5445875117141, 12.9022838612124], [77.5445564285872, 12.9022698157805], [77.5445343279394, 12.9022522406831], [77.5445076388624, 12.9022200839663], [77.5444619496353, 12.9021368926497], [77.5444156600578, 12.9020103685884], [77.5443929568516, 12.9019621716889], [77.5442969933965, 12.9018112070507], [77.5442543358922, 12.9017588577517], [77.5442068813598, 12.9017223830326], [77.5441587392179, 12.9017016055691], [77.5440933579483, 12.9016913550674], [77.5440199651527, 12.9016934001515], [77.543959475057, 12.9017059977699], [77.5439020220414, 12.9017298610117], [77.5438563243324, 12.9017580070394], [77.5437683262858, 12.9018226719086], [77.5436696563063, 12.9018824534433], [77.5436231842171, 12.9019044272332], [77.5434965849848, 12.901950117101], [77.5434317633747, 12.9019801973648], [77.5432986779431, 12.9020501488317], [77.5431143638514, 12.9021556921805], [77.5430614722189, 12.9021777337632], [77.5429495124295, 12.902213939089], [77.5429115877942, 12.9022324533483], [77.5428823788319, 12.9022559359322], [77.5428648260776, 12.9022769931388], [77.5428070664483, 12.9023803375474], [77.5427583662825, 12.902445766375], [77.5426832834184, 12.9025133437059], [77.5425943775358, 12.902574174642], [77.5425375090348, 12.9026001397533], [77.542477127292, 12.9026160201441], [77.542433275335, 12.9026192447304], [77.5423742055443, 12.902609659733], [77.5423331018985, 12.9025917551816], [77.5422942969588, 12.9025675572678], [77.542232734828, 12.9025197705831], [77.5421965126933, 12.902484673344], [77.5421656485472, 12.9024377029633], [77.542083532814, 12.9022685919229], [77.5420462325629, 12.9022056348342], [77.5419999502121, 12.9021494372248], [77.5419134233411, 12.9020692923207], [77.5418375184457, 12.9020097778724], [77.5417802748188, 12.9019763756902], [77.5417092184565, 12.9019487192651], [77.5415645466053, 12.9019146682495], [77.5415336830211, 12.9018983634104], [77.5415007513478, 12.9018688816538], [77.5414605769167, 12.9018115737925], [77.5414341310714, 12.9017542264113], [77.5412584160838, 12.9012459045844], [77.5412328991292, 12.901183675705], [77.5412169520012, 12.9011571864179], [77.5411834174189, 12.9011152316939], [77.5409941826476, 12.900913639801], [77.5409457785544, 12.9008540365709], [77.540911308829, 12.9007869607907], [77.5408637095558, 12.9006496474408], [77.5408290946527, 12.9005666403078], [77.5407826976493, 12.9004763220304], [77.5407603735437, 12.9004504430823], [77.5407225828793, 12.9004202070177], [77.5405452208409, 12.9003071335655], [77.5404537301521, 12.9002635636273], [77.5403240888888, 12.9002174949266], [77.5402836454276, 12.9001946903289], [77.5402627795403, 12.9001762246084], [77.5402457056849, 12.9001515955886], [77.5402016772627, 12.9000496481235], [77.5402838746675, 12.8999364492623], [77.5402535511162, 12.8998830206711], [77.5401756349293, 12.8996889491285], [77.5399786508352, 12.8994739028281], [77.5399168075432, 12.8994136528841], [77.5397401604317, 12.8992415577518], [77.5396451162882, 12.8991636836288], [77.5391955299675, 12.8992187948192], [77.5387528749113, 12.8993102741763], [77.5386897618516, 12.8993233170073], [77.5385171104592, 12.8992167454155], [77.5384202039973, 12.8992978542797], [77.5382621787697, 12.8993926053711], [77.5382260125887, 12.8994191030363], [77.538185985144, 12.8994650827628], [77.5381408609972, 12.8995452940217], [77.5381229664297, 12.8995698380654], [77.5380873528457, 12.8995961586933], [77.5380369934345, 12.8996160695642], [77.5379217904388, 12.8996417325885], [77.5377143726492, 12.8996731513566], [77.537638353931, 12.8996791700297], [77.5375487915491, 12.8996758860489], [77.5374988959359, 12.899679056354], [77.5372653693648, 12.8997265417066], [77.5371649419824, 12.8997603097525], [77.5369212347793, 12.899863234193], [77.5368280332389, 12.8998970964425], [77.5367616963101, 12.8999146007752], [77.5366050499322, 12.8999294595792], [77.5363003597763, 12.8999475660121], [77.5361349672522, 12.8999652984203], [77.5359685916276, 12.8999927697961], [77.5358352628946, 12.9000252392986], [77.5358039733672, 12.9000426492053], [77.5355701044386, 12.9001397815868], [77.5354278447765, 12.9000179731797], [77.5351306373704, 12.8998615290472], [77.5347668089484, 12.8995963754079], [77.5342620803407, 12.8993171537111], [77.5341346719425, 12.8992380993474], [77.5340271080999, 12.8991434419638], [77.5338703049866, 12.8989532410534], [77.5337746039299, 12.8988686010591], [77.5336931351753, 12.898809347242], [77.5334747929165, 12.8986883370646], [77.5331595633939, 12.8985443864348], [77.5330475870117, 12.8984839552639], [77.53288827642, 12.8983732730635], [77.5327418703519, 12.8982422576477], [77.5324689228387, 12.8979235648959], [77.5323199165593, 12.8977215410625], [77.5322962130742, 12.8976690400044], [77.5322680528464, 12.8975472356172], [77.5321918096447, 12.8973328593472], [77.5320280461635, 12.8969658565874], [77.531940290059, 12.8968021521169], [77.5318696855464, 12.8967049474215], [77.531747554223, 12.8965813784226], [77.531625848707, 12.8964354901976], [77.5315207393903, 12.8962941221569], [77.531445729111, 12.8961723573025], [77.5313458226879, 12.8959567441832], [77.5311686696747, 12.8954523451823], [77.5310552933413, 12.8952602993721], [77.5309144567451, 12.8949791072845], [77.530858455309, 12.8949135343942], [77.5307422546715, 12.8948280820005], [77.5305702355778, 12.8947360926713], [77.5303901614488, 12.8946603633637], [77.5303334325986, 12.8946494777642], [77.5302800341502, 12.8946507993729], [77.5301610933438, 12.8946931875703], [77.5294195630181, 12.895093808658], [77.5291518417669, 12.8952714570743], [77.5290762082579, 12.895308506596], [77.5289761618862, 12.8953394090822], [77.5288246596228, 12.895372049567], [77.5285686758442, 12.8954035435583], [77.5280154007612, 12.8953884709068], [77.5277121017482, 12.8953441522499], [77.5274787166922, 12.8953314922684], [77.5273893157597, 12.8953174000105], [77.5272839127063, 12.8952766641867], [77.5271961436685, 12.8952163366723], [77.5271216493653, 12.8951419735554], [77.5270018566576, 12.8949912738213], [77.5269599301085, 12.894957617652], [77.5269079164146, 12.8949298430251], [77.5268185971393, 12.8949013943262], [77.5264961951782, 12.894828534264], [77.5264170313501, 12.8948299955694], [77.526328988126, 12.8948558219015], [77.5261509944043, 12.8949479526574], [77.5260664023788, 12.8950063088928], [77.5259009662062, 12.8951886077527], [77.525811939379, 12.8952734634421], [77.5257609177544, 12.8953376661763], [77.5256907383549, 12.8954765840134], [77.5255094336237, 12.8959260765689], [77.525466927182, 12.8959931387871], [77.5253128292194, 12.8961586722514], [77.5252455267922, 12.8962533774318], [77.5251655583098, 12.8964407007823], [77.5250681815531, 12.8966114940475], [77.52499439136, 12.8968237580058], [77.5249419947803, 12.8969223442445], [77.5249458807696, 12.896930831989], [77.5249343141339, 12.8969490783843], [77.5249327583791, 12.8969515328104], [77.5248896033406, 12.8970196104409], [77.5247663879105, 12.8971154408839], [77.524605796988, 12.8972161640029], [77.524306059863, 12.8974595134526], [77.5240453034046, 12.8975648804166], [77.5239024263224, 12.8975326887767], [77.5236639038846, 12.8975391740357], [77.5235863010537, 12.8975647028348], [77.523511466722, 12.8975893212885], [77.5233794151624, 12.8976873190189], [77.5232760741286, 12.8976145034168], [77.5231465807558, 12.8975513733912], [77.5227124344546, 12.8973753757757], [77.5225602642886, 12.8973435792861], [77.5223610101443, 12.8973630235584], [77.5221088994218, 12.89741250067], [77.5219691025429, 12.8974524829096], [77.5218170409428, 12.8975262770301], [77.5215117667773, 12.8977382603106], [77.5213639230901, 12.8977917601161], [77.5212617684423, 12.8977890598097], [77.5211771969697, 12.8977596057756], [77.5210777041098, 12.897684022663], [77.5209928985756, 12.8975723617653], [77.5209331347851, 12.897428015242], [77.5208961498331, 12.897234702434], [77.5208360328887, 12.8965067219878], [77.5208285061284, 12.8962516890355], [77.5208406709475, 12.89609112175], [77.5208734612263, 12.8959157002084], [77.5211042683745, 12.8950807687733], [77.5211328358411, 12.8949218964377], [77.5211269979727, 12.8943818887788], [77.52116742644, 12.8940332252563], [77.5211709457336, 12.8938959708433], [77.5211561265744, 12.8938128430306], [77.5211260161443, 12.8937397684214], [77.5210828304321, 12.8936818204057], [77.5210277964486, 12.8936419713638], [77.520940072556, 12.8936155876099], [77.5208327032842, 12.8936241990462], [77.5207604184297, 12.8936624788947], [77.520664174826, 12.8937697385741], [77.5205987681257, 12.893821589321], [77.5205232066568, 12.8938456382655], [77.5204442780701, 12.8938317840642], [77.5203819656478, 12.8937889774291], [77.5203232618933, 12.8937141010947], [77.5201607881818, 12.8933758392109], [77.5200939432314, 12.8932689367504], [77.5199972843001, 12.8931779590367], [77.5198916018451, 12.8931373020508], [77.5198102847822, 12.8931415069228], [77.5197146963235, 12.8931878288462], [77.5195263824424, 12.8933823257995], [77.5194513516012, 12.8934375883976], [77.5193611978243, 12.893459738391], [77.5192781495628, 12.8934447444337], [77.519196735672, 12.8933939177771], [77.5191323726816, 12.8933042793176], [77.5191026828568, 12.8932061728162], [77.519069871997, 12.8929908183337], [77.5190405219472, 12.8929103690009], [77.518993536668, 12.8928580054317], [77.5189226204391, 12.8928306847655], [77.5188499059412, 12.8928367191653], [77.5187840426566, 12.8928775703095], [77.5187411147967, 12.8929359053291], [77.5186586410407, 12.8931092131255], [77.5186030212687, 12.8931980040245], [77.5185335206495, 12.8932642284526], [77.5184405402558, 12.8933127871783], [77.5183373634568, 12.8933309224349], [77.5182322003585, 12.8933201724046], [77.5176790622556, 12.893131736928], [77.5175766607517, 12.893111827577], [77.5174951250534, 12.8931154592184], [77.5173986973511, 12.893145696418], [77.5173055358833, 12.8931955132647], [77.5170016587372, 12.8934554980223], [77.5168275965752, 12.8935690898436], [77.5166274391585, 12.8936377600366], [77.5164091133246, 12.8936651076569], [77.5162145046132, 12.8936445137055], [77.51602645713, 12.8935751132657], [77.5158702773054, 12.8934701926716], [77.5154611967188, 12.8931258536799], [77.5153383529436, 12.8930590528522], [77.515172025222, 12.8929948330318], [77.5147092461889, 12.8928441144383], [77.5144773930415, 12.8927913830916], [77.5143194291084, 12.892779472932], [77.5141872397521, 12.8927876362396], [77.5141068625839, 12.8928099985788], [77.5140417118711, 12.8928472341739], [77.5139734572013, 12.8929327649369], [77.5139594446976, 12.8929832935812], [77.5139612392945, 12.8930522415464], [77.5141953720596, 12.8937538722791], [77.514279670649, 12.8940884997684], [77.5142951779995, 12.8941914154067], [77.51428155532, 12.8943207065687], [77.5141391985902, 12.894848909053], [77.5141310141918, 12.8949948914205], [77.5141545218624, 12.8950638574136], [77.5141929800255, 12.8951151619138], [77.5144139964363, 12.8952700320424], [77.5144865885795, 12.8953544374303], [77.5145166555758, 12.8954323499005], [77.5145284158127, 12.8955153560742], [77.5145106992826, 12.8957264749955], [77.5144631779747, 12.8959022531778], [77.5142972899944, 12.8963033658756], [77.5142370117412, 12.8965026155952], [77.5142051135798, 12.8966803297304], [77.514169953889, 12.8971197322054], [77.5141436592757, 12.8972431857924], [77.5141032523125, 12.897358320205], [77.5139937902974, 12.8975890397346], [77.5139175243798, 12.8977065101842], [77.513827691148, 12.8977910342865], [77.5136233836712, 12.8979314021992], [77.5135811861634, 12.8979792428801], [77.513552440542, 12.8980465473347], [77.5135427422144, 12.8981499573736], [77.5135620398555, 12.8982642323241], [77.513689132594, 12.8985017632208], [77.5137223291543, 12.8986056481012], [77.5137246497282, 12.8987676007718], [77.5136871309233, 12.8989094986083], [77.5135988511982, 12.8990544359056], [77.5131999629085, 12.8995588392559], [77.5127101897962, 12.9000314843978], [77.5126728915763, 12.9000932621578], [77.5126598771435, 12.900168149278], [77.5126778647109, 12.9002629287451], [77.5127302319129, 12.9003756047971], [77.5128211251724, 12.9005200169696], [77.5129322338588, 12.9006613472208], [77.5131974675534, 12.9009612671522], [77.5133731375623, 12.9011327845774], [77.5137524152425, 12.9014002895915], [77.5139515420043, 12.9015629860433], [77.5139935880069, 12.9016166230254], [77.514023032547, 12.9016792444211], [77.5140348106926, 12.9017387379755], [77.5140297259956, 12.9018074990714], [77.5139825388746, 12.9019039829883], [77.5138936267269, 12.9019738908693], [77.5137510813293, 12.9020272005851], [77.5135367022199, 12.9020708487755], [77.5132048454423, 12.9021165975455], [77.5128160984306, 12.9021523662302], [77.5118116935953, 12.9021816577561], [77.5116187257588, 12.9022057305678], [77.5115068507711, 12.9022446744009], [77.5114106714098, 12.9023054881888], [77.5113273966051, 12.9023914486239], [77.5112781484196, 12.9024773631306], [77.5112320372279, 12.9026100628047], [77.5112105842672, 12.9027329314105], [77.5112465219673, 12.9030294752128], [77.5112413172967, 12.9031699657157], [77.5111310768079, 12.9035428946547], [77.5111026850039, 12.9036840316689], [77.5111007682985, 12.9037939878183], [77.5111172226917, 12.9039345584525], [77.5111944031284, 12.9043081171097], [77.5112499332818, 12.9044876340113], [77.5116504950187, 12.9051755193036], [77.5117221498109, 12.9053225703952], [77.5117421605495, 12.9054144230159], [77.5116996835452, 12.9057459326667], [77.5116568282952, 12.9058467458789], [77.5114511124518, 12.9061104814432], [77.5113905184494, 12.9062652508403], [77.5113298527732, 12.9064128490112], [77.511148692851, 12.90687632812], [77.5111314190229, 12.9069491664297], [77.5109937135481, 12.9072409729851], [77.510972734235, 12.9073405396483], [77.5109692306751, 12.9074268675728], [77.5109947745947, 12.9076075055731], [77.5110912189308, 12.9079504212964], [77.5111311474325, 12.9083670447999]]}}, {"type": "Feature", "properties": {}, "geometry": {"type": "LineString", "coordinates": [[77.6132815701008, 12.9035376150727], [77.6137268239706, 12.9037034187417], [77.6145360501572, 12.904197291347], [77.61530947944, 12.9047632284125], [77.6164562036394, 12.9060783749021], [77.6216605550803, 12.9129681336675], [77.6223301454539, 12.9133699019312], [77.6224403578459, 12.9135737541127], [77.6227377080934, 12.9141237340357], [77.6228154893203, 12.9144377926996], [77.6228828589776, 12.9147195294444], [77.6230170539646, 12.9151409799343], [77.6231677862406, 12.9159443958962], [77.6229813242506, 12.9163050545874], [77.6231389092952, 12.9165537258494], [77.6232661503388, 12.9166958373016], [77.6233746949908, 12.9168617825895]]}}, {"type": "Feature", "properties": {}, "geometry": {"type": "LineString", "coordinates": [[77.6132815701008, 12.9035376150727], [77.6128829175341, 12.903389163844], [77.6119681550272, 12.903290741557], [77.6088313816828, 12.9033793302728], [77.6087749612073, 12.9034468772695], [77.6087310331708, 12.9034308669951], [77.6084304665838, 12.9033213221363], [77.6080539516249, 12.9032554846803], [77.6076708296343, 12.9032204391109], [77.6073402797897, 12.9032196442501], [77.6068218712749, 12.9028576855463], [77.6066968723852, 12.9028930258433], [77.6066283166254, 12.9028871244367], [77.6064769606204, 12.9028492460621], [77.6063518858161, 12.9028250960529], [77.6062972631706, 12.9028016221169], [77.6062695832585, 12.9027783095483], [77.6062532294131, 12.9027563683782], [77.6062326085611, 12.9027009768671], [77.6062275298049, 12.902641622422], [77.606233481136, 12.9024390798675], [77.6062228152485, 12.9023874738415], [77.6061993422441, 12.9023422084034], [77.6061807588964, 12.9023206264312], [77.6061480979217, 12.902294755297], [77.6060857212857, 12.9022656055548], [77.6059886326105, 12.902243991373], [77.6058954470404, 12.9022419517259], [77.6058288465519, 12.9022569386834], [77.605749989236, 12.902294585707], [77.6056406533803, 12.9023611978914], [77.6055664588243, 12.9024228630844], [77.6055144962457, 12.9024772996391], [77.6054778708051, 12.9025270146545], [77.6054125967216, 12.9026779836124], [77.6053877077299, 12.9027239724269], [77.6053519464527, 12.9027675002546], [77.6053126365962, 12.9028002502813], [77.6052401938085, 12.9028426548693], [77.6050728238078, 12.9029179816293], [77.6049277096755, 12.9030036828404], [77.6047077560962, 12.9031207534362], [77.6045852417445, 12.9031785499359], [77.6044968345944, 12.9032128072929], [77.6044234567321, 12.9032321726638], [77.6042538024016, 12.9032657118222], [77.603930649972, 12.9033213522321], [77.6037645527192, 12.9033180290467], [77.6034678816346, 12.9032850530217], [77.6033447466746, 12.9032893403588], [77.6030840814376, 12.9033349273194], [77.6028414434185, 12.9033583503759], [77.602661646543, 12.9033896894156], [77.6025281289006, 12.9034057385717], [77.6023446308682, 12.9034508952294], [77.6020527206504, 12.9034991837058], [77.6019646177914, 12.9035088774186], [77.6019143443958, 12.9035074400364], [77.6018781451268, 12.9034975744384], [77.6018392701166, 12.9034710210481], [77.6018129483615, 12.903436534311], [77.6018069733611, 12.9034236313258], [77.6017416228567, 12.9034145880167], [77.6013236172674, 12.9033567460091], [77.6006313685367, 12.9035028938468], [77.6003301841466, 12.9035156846521], [77.6000179344412, 12.9034663701613], [77.5992141788482, 12.9036019033981], [77.5990988897456, 12.9036213435657], [77.5988674409487, 12.9035921079622], [77.5982642765614, 12.9033606186598], [77.5978972091925, 12.9032088935901], [77.5973861788795, 12.9032737320926], [77.5951257336166, 12.903822062454], [77.595114003896, 12.9041269094099], [77.5951309042827, 12.9041617254197], [77.5952055041564, 12.9042772471654], [77.595237279106, 12.9043540391473], [77.5952591254364, 12.9044277179945], [77.595270420085, 12.9044909178469], [77.5952764302758, 12.9045889181955], [77.5952628838728, 12.9048856458951], [77.5952713385468, 12.905013566407], [77.5953014522728, 12.9051348917451], [77.5953991806866, 12.9053618928251], [77.5954230147157, 12.9054528030291], [77.595424528544, 12.9055303273297], [77.5954084381184, 12.9056376330228], [77.5953832250577, 12.9057186471361], [77.5953386707782, 12.9058104344], [77.5952789924065, 12.9059055980414], [77.5952252328734, 12.9059746052915], [77.5951513403292, 12.9060457557723], [77.595070693363, 12.9061057417779], [77.5950082709031, 12.9061393769036], [77.5949459452313, 12.9061619556875], [77.5948867754507, 12.9061748751828], [77.5947781572777, 12.9061890030077], [77.5947204960456, 12.9062051399895], [77.594657771765, 12.9062330954158], [77.5946070654041, 12.9062658181991], [77.594551512349, 12.9063237426202], [77.594433237368, 12.9065041220251], [77.5943665184102, 12.9065747990952], [77.5942336887477, 12.9066936199317], [77.5940326180544, 12.9068279128866], [77.5939714783758, 12.9068783543983], [77.5939181697423, 12.9069301501118], [77.5938750011919, 12.9069845681232], [77.593842805981, 12.9070534614093], [77.5936509377234, 12.9076562041322], [77.5936150284206, 12.9077540506413], [77.5935839433403, 12.9078180823411], [77.5935311841119, 12.9079006662756], [77.5934447769922, 12.908013740976], [77.5933826135601, 12.9080895231961], [77.5932526402351, 12.9082332376609], [77.5931924605681, 12.9083085845834], [77.5930617093609, 12.9084935179817], [77.5929308341429, 12.9086928768846], [77.5928945814291, 12.9087335282424], [77.5928357255547, 12.9087736567701], [77.5923224464374, 12.9090323762528], [77.5922645091718, 12.9090815823586], [77.5922370635683, 12.9091291172062], [77.5922220928148, 12.9091925842025], [77.5922071686629, 12.9093188975973], [77.5921913310396, 12.9093810026781], [77.5921698614465, 12.9094314731332], [77.5921085555683, 12.9095413686721], [77.592078673828, 12.9096053287278], [77.5920393162059, 12.9097130568727], [77.5919929797151, 12.909865831093], [77.5919200759311, 12.9100426356872], [77.5919083882733, 12.9101150277161], [77.5919183489428, 12.9102606609213], [77.5919088140413, 12.9103220195673], [77.5918758118137, 12.9103885582827], [77.5917703587961, 12.9105432091384], [77.5917403131324, 12.9106170119829], [77.5917332607102, 12.9106708257702], [77.5917386234437, 12.9107214645645], [77.5917815271408, 12.9108347385847], [77.5917941542841, 12.9108990186104], [77.5917946119079, 12.9109488514126], [77.5917833878144, 12.9110045730962], [77.5917555375841, 12.9110680892861], [77.5917164343957, 12.911123074818], [77.5916800721914, 12.9111596761619], [77.5915869303888, 12.9112310694431], [77.5915585718265, 12.9112602942881], [77.5915379055437, 12.9112957108818], [77.5915269579194, 12.911340021186], [77.5915291033552, 12.911394112329], [77.5915446722231, 12.9114476854319], [77.5916889343236, 12.911718176842], [77.5917172380141, 12.9118010847362], [77.5917304601238, 12.9118768804173], [77.5917290517621, 12.9119650204068], [77.5916712689742, 12.9123300150738], [77.5916566940106, 12.9124586793953], [77.5916340256729, 12.9125682503229], [77.591633867796, 12.9126237682542], [77.5916413035607, 12.9126452704195], [77.5916609192796, 12.9126723072623], [77.5917565295751, 12.9127498719751], [77.5917955916527, 12.9127951984056], [77.5918290024381, 12.9128581925556], [77.5918433122481, 12.9129229012486], [77.5918386184253, 12.912979742549], [77.5918198598754, 12.9130297578994], [77.5917937058278, 12.9130711998173], [77.5917007134077, 12.9131881251233], [77.5916797740819, 12.9132282414407], [77.59166448986, 12.9132752608378], [77.591656242722, 12.9133367341018], [77.5916520492133, 12.9134995231235], [77.5916162583771, 12.9136497914219], [77.5916104061497, 12.9136946871992], [77.5916114185663, 12.9137459762591], [77.5916272524395, 12.913892650654], [77.5916258578985, 12.9139488990873], [77.5916184396763, 12.9139981396871], [77.5915857540338, 12.9140946107802], [77.5914560787006, 12.9143336665855], [77.5913619297417, 12.9145658804481], [77.5912727121476, 12.9147519690436], [77.5912451741257, 12.9148435655891], [77.5911442935521, 12.9152741738512], [77.5911099099916, 12.9153698152639], [77.5910051039043, 12.9156187536303], [77.5909662904495, 12.9156948497066], [77.590903555293, 12.915796958267], [77.5908381106094, 12.9158916611031], [77.590681889425, 12.9160997636062], [77.590647314798, 12.916155011385], [77.5906217936335, 12.9162104466991], [77.59060689589, 12.9162661253466], [77.5906014207136, 12.9163374231437], [77.5906238110679, 12.9166545334274], [77.5906207795844, 12.9167416677728], [77.5906068054208, 12.9168124256134], [77.5905768231135, 12.9169192440805], [77.5905575148069, 12.9169702893813], [77.5905181099716, 12.917051047644], [77.5895566920317, 12.917470125654], [77.5891192915578, 12.9175892012244], [77.5883178815717, 12.9178553053079], [77.5872863981329, 12.9184965847817], [77.5867367625692, 12.9190757178261]]}}, {"type": "Feature", "properties": {}, "geometry": {"type": "LineString", "coordinates": [[77.4791764504269, 12.9060700862668], [77.4789334108458, 12.9058507848629], [77.4787701512211, 12.9055772873859], [77.4786896850411, 12.9052557599036], [77.4786952545408, 12.9049053126783], [77.4787977978694, 12.904389916859], [77.4792283795486, 12.9027910144373], [77.4794553495847, 12.9020305582488], [77.4797419929811, 12.9012497446266], [77.4797909512841, 12.90096335603], [77.4797609945553, 12.9008104896376], [77.4796743472663, 12.900657280019], [77.4790266851892, 12.9000172072535], [77.4788699676015, 12.899774261665], [77.47877527212, 12.8995291955681], [77.4787475105676, 12.8993152261851], [77.4787545064054, 12.8990459522028], [77.4789529887746, 12.8977224280092], [77.4789613517747, 12.8975265848389], [77.4789374904388, 12.8973729556391], [77.4788825749418, 12.8972292368859], [77.4788016184506, 12.8970978738208], [77.4787092654359, 12.8969951046629], [77.478591406115, 12.8969091376837], [77.4783178136558, 12.8967914578601], [77.4775939156493, 12.8965975974059], [77.4772768332127, 12.8964754918669], [77.4763983521635, 12.8959360670233], [77.4760766449838, 12.8956845987324], [77.4759202630838, 12.8955000701776], [77.4757759220776, 12.8952702753047], [77.47566814376, 12.8950408497981], [77.4756256369164, 12.8948607436164], [77.4756400704555, 12.8947037741419], [77.4757033064497, 12.8945761270707], [77.4758131748114, 12.8944698259176], [77.4759713685512, 12.8943819028231], [77.4768875090678, 12.8942928693077], [77.4780311520013, 12.8931888470701], [77.4782804316021, 12.8929463318116], [77.4788521422345, 12.8924531970307], [77.4789750375726, 12.8923168923333], [77.4790712083933, 12.8921680200278], [77.4791734852393, 12.8918977508974], [77.4792479902442, 12.8915202433041], [77.4793127901356, 12.890352876394], [77.4793656612067, 12.8901684167231], [77.479450841342, 12.8900394770624], [77.4796059179536, 12.8899364879104], [77.4797999471124, 12.8898984280949], [77.4799840397274, 12.8899116019869], [77.4806204158284, 12.8900216983909], [77.4808109835398, 12.8900208221269], [77.48099746065, 12.8899900719781], [77.4811806182681, 12.8899311627434], [77.4813403080778, 12.8898441653567], [77.4815009212204, 12.8897108786098], [77.4816687550103, 12.8895038085929], [77.481857164587, 12.8891660800537], [77.4819885477261, 12.8887969695681], [77.4821106037834, 12.8879766866124], [77.4824211629568, 12.8868294269212], [77.4824555370209, 12.8865010001605], [77.4824060330326, 12.8863366441769], [77.4823007775954, 12.8862035336192], [77.4821470595695, 12.8861087180408], [77.4819526921718, 12.8860596621539], [77.4817219799028, 12.8860620741026], [77.4807530587831, 12.8861694502942], [77.4793621786703, 12.8862218261118], [77.4790473300774, 12.8861956189582], [77.4789433443328, 12.886154770422], [77.4788605261696, 12.8860910224012], [77.4787829959639, 12.885947984409], [77.478771991566, 12.8858252082235], [77.4788894686891, 12.8851619609518], [77.4789048449042, 12.8848109985903], [77.4788485119833, 12.8845830862021], [77.4786979165663, 12.8843238517174], [77.4781496343076, 12.8836254271744], [77.4774773082362, 12.8828937348182], [77.4762397711256, 12.8817004643665], [77.4753804290808, 12.8810679115808], [77.4752670537521, 12.8809476062283], [77.4751714444138, 12.8807996443058], [77.4750862697901, 12.8805626407534], [77.4750547774558, 12.8802486209168], [77.4751693485888, 12.87946950744], [77.4750710682171, 12.878275421987]]}}, {"type": "Feature", "properties": {}, "geometry": {"type": "LineString", "coordinates": [[77.4791764504269, 12.9060700862668], [77.4801041440488, 12.9060037113131], [77.4807990838914, 12.905990128451], [77.4811687002703, 12.9059437569783], [77.4813971544036, 12.9058856488883], [77.4815961165751, 12.9058080735594], [77.4821828722786, 12.9054704073401], [77.4824829499901, 12.9052305241918], [77.4825772628849, 12.9050972777931], [77.4826332029926, 12.9049670088359], [77.4826721768503, 12.9047081609426], [77.4826480424472, 12.9040586406798], [77.4827207756074, 12.9038054154125], [77.4828169880783, 12.903659390728], [77.4829447107014, 12.9035450346555], [77.4832217714268, 12.9034325232921], [77.4833905774086, 12.903402486104], [77.483548324413, 12.903401619762], [77.4836748376853, 12.9034306779621], [77.4838086739013, 12.9034966633709], [77.4839943812692, 12.9036480152404], [77.4842715453102, 12.9039927962055], [77.4844083649626, 12.9041305627808], [77.4845680593574, 12.9042577142404], [77.4847283197202, 12.9043505874318], [77.4849238855402, 12.9044114722532], [77.4852927381225, 12.9044502140232], [77.4855759420335, 12.9045049586527], [77.4862969085803, 12.9046693527757], [77.4865124675434, 12.9047820474252], [77.4866502429883, 12.904914605564], [77.4867689033139, 12.9050855954327], [77.4868468659485, 12.9054279981128], [77.4869479922572, 12.905769338228], [77.4869748319795, 12.9059621467527], [77.4869460755432, 12.9061393639915], [77.4868547634221, 12.9062944569639], [77.4867044240015, 12.9064334843896], [77.486477604851, 12.9065694149266], [77.4853438064533, 12.9070111762085], [77.4851317125699, 12.9071142415993], [77.4849776869891, 12.9072164971431], [77.4848318625504, 12.9073693126153], [77.4847365234048, 12.9075514917373], [77.4846912584203, 12.9077559983282], [77.4847007295639, 12.9079915502799], [77.4847633687973, 12.9081734577329], [77.4848779282538, 12.9083265202324], [77.4850509096325, 12.9084550325774], [77.4853136384008, 12.9085689776915], [77.4860219396269, 12.9087748833784], [77.4877396140806, 12.9090482092661], [77.4881013246078, 12.9091650721541], [77.4883065853739, 12.9092970024086], [77.4883987783748, 12.9094117486346], [77.4884662004523, 12.9095567650667], [77.4885004589676, 12.9097222671964], [77.4884931987544, 12.9098856982113], [77.4883903286876, 12.9101790721852], [77.4879570276746, 12.9110462715868], [77.4878755590495, 12.9112501211514], [77.487884218038, 12.9113862990531], [77.4879145230156, 12.9114935854055], [77.4880183548982, 12.9116431990998], [77.4881659056106, 12.9117780540683], [77.4883060758392, 12.9119058072049], [77.4886813223778, 12.9121055084258], [77.4894362504376, 12.9123787528054], [77.4896997040033, 12.9125031860352], [77.4900190661814, 12.9127296011803], [77.490168711151, 12.9128814703118], [77.490253602789, 12.9130006047414], [77.4903534050107, 12.913234412423], [77.4904881556546, 12.913734322809], [77.4906374668969, 12.9141869150157], [77.4908536385835, 12.9152314944153], [77.4909600135443, 12.9156377700745], [77.4914992172512, 12.917296911269], [77.4915578381366, 12.9176209579], [77.4916490469791, 12.9185044242876], [77.4917181958016, 12.9187410178631], [77.4918752207851, 12.9189941850035], [77.4920733075693, 12.9192128257329], [77.4929740270733, 12.9198750352537], [77.4932346717312, 12.9201008872869], [77.4934410493362, 12.9203446768002], [77.4937211928105, 12.9207729412655], [77.4938537201413, 12.9209102777692], [77.4939949943831, 12.9209918848843], [77.494172383899, 12.9210471296334], [77.4943930007364, 12.9210784710826], [77.4946940114455, 12.9210902060776], [77.4969794579274, 12.9210482858911], [77.4976379690819, 12.9210674342257], [77.4982481046138, 12.921135504786], [77.4983878512716, 12.9211151830495], [77.4987725280678, 12.9209985087855], [77.4990352323663, 12.9209855197876], [77.4992991660251, 12.9210314774116], [77.4995636358154, 12.9211172368195], [77.4997993843061, 12.9212327412475], [77.5002231798342, 12.9214820150656], [77.5003733498919, 12.921539669932], [77.5005122455565, 12.9215383385731], [77.5007384385535, 12.92149314362], [77.5010226132194, 12.9213971910794], [77.5012842135374, 12.9212369105849], [77.5015600788748, 12.9210406370283], [77.501748432626, 12.920866715973], [77.5020914721291, 12.9203842076346]]}}, {"type": "Feature", "properties": {}, "geometry": {"type": "LineString", "coordinates": [[77.5111311474325, 12.9083670447999], [77.5112781185814, 12.9083249634243], [77.5113926926622, 12.9082703204258], [77.5118109378097, 12.9079698566501], [77.5119609852307, 12.9078834788538], [77.5121468929987, 12.9078216952716], [77.5124193661178, 12.9077854620648], [77.5125518917265, 12.9077678391127]]}}, {"type": "Feature", "properties": {}, "geometry": {"type": "LineString", "coordinates": [[77.6710963524289, 12.9372319568588], [77.676039689387, 12.9322924511694], [77.6763290771751, 12.9319620921952], [77.6765540912467, 12.9317447581945], [77.6768512299615, 12.9314577611952], [77.6770808885718, 12.9313213186881], [77.6775010668487, 12.9310716869241], [77.6781179406851, 12.9307360577083], [77.6791674454331, 12.9307957519466], [77.680305933631, 12.9309888131781], [77.6805334514093, 12.9311085109665], [77.6806690615518, 12.9308572550156], [77.6810014710989, 12.9302353847329], [77.6809868887167, 12.9300908492842], [77.6809579646827, 12.9290453803726], [77.6809445302904, 12.9290427911317], [77.6812045528416, 12.9278555294464], [77.6806321115852, 12.9275963509638], [77.6793825166397, 12.9270305777238], [77.6794036735479, 12.9266835488227], [77.6794610155635, 12.9262048436957], [77.6796285531351, 12.9254514406038], [77.679677056266, 12.924534094757], [77.6795534548334, 12.9243961529074], [77.679417747073, 12.9240491428855], [77.6793149378181, 12.9235533585615], [77.679304194535, 12.9234979217428], [77.6791146202191, 12.9228816161921], [77.6789169894426, 12.9220441864355], [77.6788390244245, 12.9219854366236], [77.6787210890567, 12.9217901858665], [77.6785833272319, 12.9216753831947], [77.6784877840336, 12.9217026331182], [77.6782405025417, 12.9217665409633], [77.6779712084291, 12.9218048232589], [77.6775826658239, 12.9219213682081], [77.6773603733611, 12.9219797793219], [77.677239269843, 12.921755226432], [77.6770769174347, 12.9211524634064], [77.6770765901424, 12.9210017454392], [77.6771482815867, 12.9208691785795], [77.678336753543, 12.9201075209031], [77.6785883060851, 12.919932846421], [77.6792083585814, 12.9195822930779], [77.6796142088661, 12.9192530601092], [77.6796416943033, 12.9188882861739], [77.6796902370902, 12.9188714276739], [77.6792548006852, 12.9184536408912], [77.6778386105442, 12.9178007407796], [77.6777012659375, 12.9177213553945], [77.677493207259, 12.9176714750868], [77.6773862248073, 12.9176270362666], [77.677126053034, 12.9174460680144], [77.6769302975799, 12.9173422636609], [77.6766855887879, 12.9171810712756], [77.6764404194307, 12.9170642774006], [77.6762859843923, 12.9169453481253], [77.6761614197999, 12.9168113377336], [77.6760842004462, 12.9166855885805], [77.6760077765687, 12.9164871792915], [77.6759162605973, 12.9161559591377], [77.675834288145, 12.9159826863475], [77.6755422699728, 12.9155768999687], [77.6754185047639, 12.9154378516792], [77.6753443232549, 12.9153936403186], [77.6752838820041, 12.9153868707658], [77.6752012676321, 12.9154000194296], [77.6747789523735, 12.9155365532477], [77.6745074089171, 12.9156637623136], [77.67429786827, 12.9157905448316], [77.674182095569, 12.9158822894441], [77.674084837258, 12.9159843245904], [77.6736634310898, 12.9163298783458], [77.6735006356499, 12.9163396675794], [77.6734135173781, 12.9163144742964], [77.6734095693789, 12.91622238925], [77.673444960297, 12.9161555819785], [77.6736852878755, 12.9154880569532], [77.6738491264312, 12.9144664752168], [77.6738170409529, 12.9141991007844], [77.6737456689131, 12.913903445155], [77.6736169440778, 12.9137135451658], [77.6695545703607, 12.9112863225526], [77.6694711718399, 12.9112227126768], [77.6693931745814, 12.9111527726315], [77.669347374241, 12.9111028207454], [77.6692559153613, 12.9109914623266], [77.6691976222847, 12.9109320133571], [77.6691349638887, 12.9108814811564], [77.6689695018568, 12.9107760389174], [77.6688857858793, 12.9107139858661], [77.6688302694573, 12.9106635504373], [77.6687299381191, 12.9105509128679], [77.6686801427003, 12.9105040496678], [77.6686333819977, 12.9104707433293], [77.6685807803517, 12.9104401688746], [77.6683652961229, 12.9103388850399], [77.668294374175, 12.9102867512619], [77.6679616263328, 12.9101229803408], [77.6676878911463, 12.9100089901477], [77.6676305217575, 12.9099717899041], [77.6675076513248, 12.9098781254031], [77.6674384945474, 12.9098329727751], [77.6673176531916, 12.9097629309656], [77.6669629554249, 12.9095811874437], [77.6668929323767, 12.9095339656824], [77.6668457422803, 12.9094877520707], [77.6667937692523, 12.9094093597196], [77.6667569627125, 12.9093229647812], [77.6667409007505, 12.9092435084145], [77.6667351976647, 12.9090311695761], [77.6667175148597, 12.908925487154], [77.6666649495463, 12.9087721374386], [77.6665725522568, 12.9085830486881], [77.6665456302756, 12.9085168953437], [77.6665230903369, 12.9084397436567], [77.6664912421831, 12.908290124814], [77.6664659547342, 12.9082071110474], [77.6664376218913, 12.9081482416625], [77.666397775429, 12.908090293793], [77.6663611649665, 12.9080516996568], [77.6663011231337, 12.9080041092697], [77.666426150899, 12.9067405858157], [77.6664809762717, 12.9061663722368], [77.6667874316215, 12.905195202992], [77.6668583796361, 12.9009541405718], [77.6667809124466, 12.9006301790004], [77.6665078670976, 12.899488302669], [77.6664282315319, 12.8993251746918], [77.6663704642544, 12.8991806403759], [77.6662793840827, 12.899064861952], [77.6659842756244, 12.8985162099404], [77.665984355628, 12.8983996499244], [77.6660736073381, 12.8982299203301], [77.6662134974471, 12.8980389297678], [77.6663049097945, 12.8979664083235], [77.6663972079095, 12.8978931858257], [77.6663413909333, 12.8977983018046], [77.6660988328531, 12.8975917999948], [77.6660595235877, 12.8975710451918], [77.6656948288585, 12.8971617860966], [77.6654304719988, 12.8967513155788], [77.6650417073932, 12.8965695659994], [77.6642105230369, 12.8965449483569], [77.6639552258453, 12.8965953542291], [77.6635531229875, 12.896587498552], [77.6633699002891, 12.8965415608645], [77.6631493751378, 12.8964242951774], [77.6630652177078, 12.8961462918053], [77.6629641015573, 12.8958007372481], [77.6629297291636, 12.8954306009571], [77.662871142115, 12.8945604586436], [77.6628432234544, 12.8944556800068], [77.6628338935578, 12.8943785917356], [77.6628394087962, 12.8943186351422], [77.6628495666734, 12.8942706554519]]}}, {"type": "Feature", "properties": {}, "geometry": {"type": "LineString", "coordinates": [[77.5671196366221, 12.9152177441212], [77.5668829968628, 12.9152434561512], [77.5667531849785, 12.9152791148737], [77.5664418403995, 12.9154041259729], [77.5662393655992, 12.9155270161996], [77.5660724473934, 12.9156131404118], [77.5658920671424, 12.915754060418], [77.5657360166543, 12.91583983284], [77.565669933386, 12.9158843169046], [77.5656100110852, 12.9159432680015], [77.5655150726452, 12.9160663371804], [77.5654750084387, 12.9160953631261], [77.5653703757921, 12.9161467623644], [77.5653210048713, 12.9161808541519], [77.5651878431034, 12.9163307917097], [77.564994795128, 12.9165057270754], [77.5648375865894, 12.9166767208843], [77.5646397242859, 12.9168755997936], [77.564570697743, 12.9169688856825], [77.5645340781248, 12.9170592052472], [77.5644217512111, 12.9174234158886], [77.5643895441808, 12.9174886582275], [77.5643139757353, 12.9176002934058], [77.5642658585664, 12.9177163885749], [77.5642310681863, 12.9178321821084], [77.5641753617451, 12.9180990674054], [77.5641284322438, 12.9182323662832], [77.5640778184566, 12.918330545119], [77.5638305072557, 12.9187512283541], [77.5636542111309, 12.9190410729484], [77.5636008546857, 12.9191170942866], [77.5635264485359, 12.9191888158649], [77.5633863019997, 12.9192983186332], [77.5630365373575, 12.9195451206224], [77.5628257071363, 12.919674212009], [77.5624968801797, 12.9198326421612], [77.5623238713274, 12.919930305613], [77.5620719246163, 12.9200953258534], [77.5618877034524, 12.9202429944086], [77.5617553704334, 12.9203667622457], [77.561593298754, 12.9205691634511], [77.5615228819612, 12.920690064096], [77.5613448507013, 12.9210508382044], [77.5612414643534, 12.9212115669502], [77.5611563250013, 12.9213254683608], [77.561083292118, 12.9213966917433], [77.5609653753461, 12.9214749597528], [77.5608991809038, 12.9215059717163], [77.5608832410998, 12.9215076504247], [77.5608247022829, 12.9215177959652], [77.5607651494524, 12.9215166545901], [77.5605580087018, 12.9215126713675], [77.5601680907804, 12.921629531348], [77.5598752913229, 12.9216663549644], [77.559292976203, 12.9217126872791], [77.5592929761599, 12.921631605367], [77.5591477986154, 12.9208860046278], [77.5591384840216, 12.9208381655812], [77.5589067466729, 12.9203632594404], [77.5588140651244, 12.9202584702858], [77.5587466949668, 12.9201822985535], [77.5582274558657, 12.9198630097451], [77.5582084357608, 12.9198020625563], [77.5580963698452, 12.9196825351203], [77.5580671786374, 12.9196423677927], [77.5580316231921, 12.9195697364225], [77.5580102396677, 12.9195407939736], [77.5579749930845, 12.919510882421], [77.5578842691029, 12.9194530057095], [77.5578433385434, 12.9194207999217], [77.5577912619619, 12.9193694424416], [77.5577003511924, 12.9193036143113], [77.5576618165549, 12.9193091587213], [77.5576428841887, 12.9193165149665], [77.5576225331814, 12.9193281882936], [77.5575679927992, 12.9193776883843], [77.5575535909521, 12.9194140826555], [77.5575387264282, 12.9194500839363], [77.5575330307859, 12.9194889840449], [77.5574569001954, 12.9199694333933], [77.5576232761587, 12.9202068872565], [77.5577005222228, 12.9204269661303], [77.5575484071614, 12.9204671200757], [77.5574818568908, 12.9204798621843], [77.5567925859092, 12.9205864265955], [77.5562506755366, 12.9206373928213], [77.5560510248307, 12.9207115244531], [77.5560225035958, 12.9208690549001], [77.5559369378738, 12.9209014867756], [77.5556459995696, 12.9209990000357], [77.555119000272, 12.9210220014093], [77.554816999414, 12.9209669992324], [77.5545460003036, 12.9210190003105], [77.5542299996231, 12.9209860000464], [77.5540821021236, 12.9209138835511]]}}, {"type": "Feature", "properties": {}, "geometry": {"type": "LineString", "coordinates": [[77.6322132596841, 12.9162555032922], [77.632214113622, 12.9162309950275], [77.6322886028782, 12.9140925548926], [77.6323818684216, 12.9114151795715], [77.6324584297298, 12.9080796913661], [77.6324700827087, 12.9077153981324], [77.6324872117946, 12.9066488979348], [77.6325107212138, 12.9053674177032], [77.6324542282102, 12.9048650980939], [77.6325506889445, 12.9043544892404], [77.6323581617056, 12.9040708378184], [77.6322713340168, 12.9037812260253], [77.6323292030732, 12.9034514446916], [77.6323350251502, 12.9031479529135], [77.6323401447478, 12.9028119136972], [77.6323447588931, 12.9026135986519], [77.6323052647375, 12.9024570761541], [77.632325509256, 12.9023535867981], [77.6322000132218, 12.9021526747479], [77.6321994709531, 12.9021520731146], [77.6320545035733, 12.9019914966125], [77.6316959780752, 12.9015664076381], [77.6316372689106, 12.9006655738434], [77.6317961730239, 12.9001768207043], [77.6318659797154, 12.8997013494393], [77.6318581050196, 12.8990886998267], [77.6316903502173, 12.8983830964312], [77.6315845354513, 12.8976783635807], [77.6314315646367, 12.8970951030292], [77.6313230219853, 12.8968673441498], [77.6311750615385, 12.8967079366763], [77.63108633939, 12.8966123510348], [77.6310620819781, 12.8964275459438], [77.630812795604, 12.8963777887931], [77.6307277597262, 12.89607849278], [77.6307973529458, 12.8959272602249], [77.63087700757, 12.8956928465953], [77.6307969009329, 12.8953504107875], [77.6307785768024, 12.8950736640782], [77.6307573933212, 12.8947320637495], [77.6306897611312, 12.8945131843754], [77.6306352097519, 12.894509066954], [77.6303606736381, 12.8945812647733], [77.6301121040824, 12.8946273300839], [77.6297717631064, 12.8946704016853], [77.6297291766145, 12.8946727008819], [77.6296549951208, 12.894264673704], [77.6296083249349, 12.8940939763599], [77.6295656404309, 12.8935551565514], [77.6299070950571, 12.8934716130074], [77.6303081564175, 12.8933990839343], [77.6303508002227, 12.8933304679927], [77.6303105738966, 12.8930890571184], [77.6302910948986, 12.8928969727596], [77.6301828245931, 12.8925431682555], [77.6301215748194, 12.8924022243327], [77.6300311642252, 12.8922516459511], [77.6299942459759, 12.8920838887694], [77.6298736175997, 12.8920226746523], [77.6297116728421, 12.8919587951871], [77.6295049172822, 12.8917257316279], [77.6294322023462, 12.8914189433267], [77.6293716516689, 12.8909866051035], [77.6291538026525, 12.8907724147008], [77.6289696037987, 12.8904792976822], [77.6288122182344, 12.890285643696], [77.6286454849601, 12.8900992945648], [77.628581810053, 12.889683014727], [77.6285840466445, 12.8893314646421], [77.6286159215983, 12.8891859029752], [77.6286540425769, 12.8888249880083], [77.6287054079441, 12.8884868777362], [77.6286758154132, 12.8882926694067], [77.6286549378127, 12.8881082315942], [77.6286550147073, 12.8881077465903], [77.6286689384361, 12.88801893002], [77.6288733630604, 12.8878786335784], [77.6291893931189, 12.8876507965921], [77.6294593255861, 12.8874545859096], [77.6295574942993, 12.8874012292541], [77.6295721385536, 12.8872888461665], [77.6295812661144, 12.887027342807], [77.6296331434019, 12.8868647594415], [77.6296589243827, 12.8868379995484], [77.6297356032235, 12.88675841313], [77.6297758828497, 12.8867042857876], [77.6298219413445, 12.8865434051102], [77.6298068939972, 12.8862983583394], [77.6297977475378, 12.8861116039118], [77.6298818996673, 12.8860103055774], [77.6300162998457, 12.8858837522519], [77.6301280521092, 12.8858615027347], [77.6303546020385, 12.8857878368927], [77.630406527864, 12.8856537693321], [77.6303904293963, 12.8855431000871], [77.63040794409, 12.8854260870799], [77.630494437077, 12.8853072894273], [77.6305916627033, 12.8852071993185], [77.6308369916383, 12.8851661420253], [77.6310072822669, 12.8851552739875], [77.6312104457712, 12.8851458406118], [77.6315544096345, 12.8850527561561], [77.6316004908337, 12.88503052862], [77.6316870554202, 12.8849739183571], [77.6317329844526, 12.8847391693741], [77.63176281865, 12.884365056117], [77.6314672692559, 12.8839287557747], [77.6314264970712, 12.883555351437], [77.6314033142268, 12.8834755211362], [77.6313449724014, 12.8833359066471], [77.6313342480151, 12.8832783178406], [77.6313199185594, 12.8831271027834], [77.6313048424418, 12.8830732328137], [77.6312644568035, 12.882967514595], [77.6312515179041, 12.8829179559135], [77.6312477217259, 12.8828352990404], [77.631254775891, 12.8827887925755], [77.6312688163958, 12.8827393656049], [77.6313227394359, 12.8826124212702], [77.6314386912535, 12.8823999395539], [77.6314656860779, 12.8823388683255], [77.6314845589524, 12.8822634168744], [77.6315005589716, 12.8821081938243], [77.6315157765479, 12.8820296126506], [77.6315838101914, 12.8818565426184], [77.6316349209331, 12.8816741649833], [77.6316728978967, 12.8815979568439], [77.6317039662719, 12.8815570612872], [77.6317440862919, 12.8815156166971], [77.6319167980966, 12.8813700584214], [77.6320042260037, 12.8813066450201], [77.632136676259, 12.8812275211384], [77.6321924886607, 12.8811820683642], [77.6324655984471, 12.8809174700796], [77.6325219333634, 12.8808493281636], [77.6326183029099, 12.8807147630072], [77.6327902318323, 12.8802150836472], [77.63288760356, 12.8797408272333], [77.6329127925438, 12.8793533469697], [77.6327008194395, 12.8786527339581], [77.6308718922055, 12.8736509041109], [77.6306770303742, 12.8724875933629], [77.6305113753602, 12.8712044731009], [77.6307198671712, 12.8697457939406], [77.6307328398874, 12.8692377267941], [77.6308331297895, 12.8689259815815], [77.630934042767, 12.8686739865918], [77.6310787076161, 12.8685291166313], [77.6314382426474, 12.8685040698724], [77.631516800549, 12.8685058764325], [77.6315763006261, 12.8685407623295], [77.6316819286324, 12.8685810173675], [77.6318761353533, 12.8686357641934], [77.6319581423475, 12.8686457561477], [77.6321089686022, 12.8686359034463], [77.6322906647681, 12.8686377306684], [77.632366119066, 12.8686261641684], [77.6324362513383, 12.8686001449754], [77.6324922184383, 12.8685655989084], [77.6326125349471, 12.8684748417424], [77.6327165899675, 12.8684290546119], [77.6330698713568, 12.8683169675447], [77.6331536638908, 12.8683057272012], [77.6332460193688, 12.8683131466377], [77.6332997096658, 12.8683295397719], [77.6333542844364, 12.868354624793], [77.6334084934458, 12.8683883320538], [77.6334536332638, 12.8684269465544], [77.6336011687178, 12.8686075315801], [77.6336818649088, 12.8687575997494], [77.6337114451908, 12.8687906501615], [77.6337524346764, 12.8688203164277], [77.6338019740507, 12.8688412835875], [77.6338491492261, 12.8688518834287], [77.6339034655823, 12.8688559114071], [77.6340372523269, 12.8688538103251], [77.6341245027641, 12.8688704549022], [77.634169129695, 12.8688890375733], [77.6342207070613, 12.8689184916075], [77.6343993183809, 12.8690493667121], [77.6344851297486, 12.8690981925813], [77.6345366969076, 12.8691189052068], [77.6345875322745, 12.8691318829211], [77.6346428740568, 12.8691369321201], [77.63468504494, 12.8691336198523], [77.6347566390624, 12.8691136689439], [77.6348309350847, 12.8690708308639], [77.6348850495669, 12.8690198364333], [77.6349609351788, 12.8689247668323], [77.6350162757608, 12.8688814959859], [77.6350750077223, 12.8688556874367], [77.6352025478067, 12.8688208131117], [77.6352587066824, 12.8687994652629], [77.6353195299445, 12.8687649547327], [77.635458889955, 12.8686667920371], [77.6355036063404, 12.8686445862611], [77.6355454113235, 12.868630501637], [77.6356052073919, 12.8686213285796], [77.6356841042778, 12.8686257196466], [77.6357366994518, 12.8686392513035], [77.6359030710172, 12.8686968171721], [77.6359527836804, 12.8687056357632], [77.6360163933127, 12.8687080602061], [77.6360831975552, 12.8686988924202], [77.6362447071237, 12.8686555596061], [77.6363249939725, 12.8686407064445], [77.6364308137588, 12.8686339917643], [77.6366725487318, 12.8686316930233], [77.6367799000075, 12.8686201584448], [77.6369117687776, 12.8685845450646], [77.6370225631745, 12.8685442436131], [77.6370769597333, 12.8685193193744], [77.6371472947318, 12.8684713702498], [77.6372034579402, 12.868409164259], [77.637245740113, 12.8683348820317], [77.6373023093984, 12.8681802149268], [77.6373333338704, 12.8681217753148], [77.637375417709, 12.8680729152899], [77.6374765073819, 12.8679924372659], [77.637531798788, 12.8679337000806], [77.6375783915706, 12.8678624659169], [77.637652733559, 12.8677161598474], [77.6376893310461, 12.8676653449281], [77.6377374667641, 12.8676205941012], [77.6378812152896, 12.867519344432], [77.6379974341885, 12.8673964469473], [77.6380590795616, 12.8673409558298], [77.6381366552989, 12.8672900336841], [77.6382230741812, 12.8672507298019], [77.6382980527609, 12.8672308388543], [77.6383800960679, 12.8672276332348], [77.6384579807944, 12.8672399792307], [77.6386592459683, 12.8672943147007], [77.6387092810491, 12.8673005340536], [77.6387654243235, 12.8672998602908], [77.6388260274519, 12.8672894642629], [77.6388949663617, 12.8672656833535], [77.6389649147204, 12.8672314560563], [77.6391480778016, 12.8671276858724], [77.6392051741352, 12.8671042283349], [77.6392527579195, 12.8670925702836], [77.6393299997599, 12.867086687144], [77.6394713277148, 12.8670957305773], [77.639555725889, 12.8670933699612], [77.6396285882323, 12.8670778733872], [77.6397797981802, 12.8670259579471], [77.6398717757467, 12.8670132608473], [77.6399462037333, 12.8670174201853], [77.6401203935989, 12.8670490932891], [77.6402151135781, 12.8670601832416], [77.6402928214208, 12.8670613543764], [77.6403584239581, 12.8670517261325], [77.6403944037228, 12.8670536817542], [77.6447754964403, 12.8688713163138], [77.6464561009655, 12.8691642042814], [77.6483920237914, 12.8694001927167], [77.6493676743805, 12.8695098419152], [77.6511927195545, 12.87016915233], [77.6512494675421, 12.8701853506393], [77.6514097462712, 12.8702179567335], [77.6516415749902, 12.8702929751255], [77.6518819084157, 12.8703331641454], [77.6520385778675, 12.8703750608091], [77.6522381824573, 12.8704170222911], [77.6525413798522, 12.8705079796218], [77.652688175559, 12.8705289265607]]}}, {"type": "Feature", "properties": {}, "geometry": {"type": "LineString", "coordinates": [[77.6233746949908, 12.9168617825895], [77.6234329336458, 12.9169851600551], [77.6234814892561, 12.9170582673909], [77.6235370816097, 12.9171075160926], [77.623573459318, 12.9171263942931], [77.6236134079106, 12.9171400049098], [77.6236741094188, 12.9171489928845], [77.6238722096129, 12.9171492490269], [77.6239551369758, 12.9171566421933], [77.6240236637639, 12.9171713369343], [77.624191637152, 12.9172194045502], [77.6244466549293, 12.9172487862546], [77.6246074695871, 12.9172951729024], [77.6247127608089, 12.9173124159266], [77.624827678385, 12.9173139962445], [77.6250070903564, 12.9172998220719], [77.6252624935494, 12.9173161112607], [77.6253084474216, 12.9173096685861], [77.6253589883794, 12.9172902419401], [77.6254014039305, 12.9172623904094], [77.6255061095603, 12.9171793569601], [77.6255459705468, 12.9171574349312], [77.6255912416047, 12.9171405618995], [77.6257118064504, 12.9171205512008], [77.6259313754073, 12.9171149245567], [77.6260208705348, 12.9171031437344], [77.6261554258118, 12.9170643645797], [77.6263629655763, 12.9169807464449], [77.6264240694324, 12.9169624176255], [77.6265005854325, 12.9169560368355], [77.6267832861794, 12.916982055326], [77.6268800408205, 12.9169836268637], [77.6269511548517, 12.916978967092], [77.62704133313, 12.9169548501404], [77.6272596479584, 12.9168397193008], [77.6273154462417, 12.9168179835903], [77.6273827871977, 12.9167998709628], [77.627576102857, 12.9167629454159], [77.6278474462362, 12.9167439180135], [77.628127165688, 12.9166916018912], [77.6282701286267, 12.9166873279953], [77.6284395657079, 12.9166011711691], [77.6296346807585, 12.9164315157395], [77.6322132596841, 12.9162555032922], [77.6322395225589, 12.916253709974], [77.6345220181212, 12.9160579299615], [77.6346436235551, 12.916047498175], [77.6384863322529, 12.9155826678976], [77.6398583377963, 12.9180331347855], [77.6400688288902, 12.9195129744246], [77.6400401955331, 12.921425479759], [77.6400045285505, 12.9226687820199], [77.6395523580013, 12.9257376827101], [77.6395678818635, 12.9258235752538], [77.6400550046015, 12.9259460601895], [77.6402852664474, 12.9259332156337], [77.6411351085746, 12.9259443889034], [77.6415999771122, 12.9259715815788], [77.6417493231816, 12.9259602812172], [77.642030564039, 12.9259781009689], [77.6420028345429, 12.9261217974377], [77.6419312471725, 12.9262659388779], [77.6417723966154, 12.9264539876399], [77.6415522757101, 12.9267266210312], [77.6416271630498, 12.9270398687965], [77.6417467886405, 12.9274766343292], [77.6418521204548, 12.9279362949307], [77.6419096695535, 12.9281231409157], [77.6420026966814, 12.928372451342], [77.6421110666866, 12.9287049346572], [77.6427385290796, 12.9293412058341], [77.6442235779352, 12.9301725787082]]}}, {"type": "Feature", "properties": {}, "geometry": {"type": "LineString", "coordinates": [[77.5020914721291, 12.9203842076346], [77.5021139454111, 12.9203525975604], [77.5020998743132, 12.9201540698954], [77.5021163856816, 12.9200016174417], [77.5021609145614, 12.9198708559363], [77.5022441005362, 12.9197530405529], [77.5023293136916, 12.9196772959895], [77.5024280524433, 12.9196194699977], [77.502966162444, 12.9194147953835], [77.5030859308374, 12.9193556951236], [77.5032485433645, 12.9192193209644], [77.5033606127221, 12.919059408323], [77.5034245386174, 12.9189165599114], [77.5034696456689, 12.9187590493198], [77.5036961861909, 12.9175475324323], [77.5037390001116, 12.9173720543469], [77.5037966082317, 12.9172114821192], [77.5038731545446, 12.9170471649099], [77.5040547982909, 12.9167690493718], [77.5044173843542, 12.9163161024325], [77.5046155446513, 12.9161178661785], [77.5047290841594, 12.9160361565508], [77.5048494495444, 12.9159691436117], [77.5051829742127, 12.9158599923895], [77.5052894067014, 12.9157960330339], [77.5053533113299, 12.9157079409317], [77.5055259478565, 12.9153470933127], [77.5056081662981, 12.9152416238512], [77.5057157339722, 12.915133593698], [77.5058656899195, 12.9150351684164], [77.5061781947991, 12.9149000960761], [77.5063082039517, 12.914789912397], [77.5063673498376, 12.9147006162828], [77.5064473485568, 12.914514212207], [77.5065960185603, 12.9139909536686], [77.5069056517255, 12.9133132032694], [77.5069906780111, 12.9131828786259], [77.5072659595426, 12.9129110332416], [77.5074690799598, 12.9126538574328], [77.5075340830626, 12.9125281185957], [77.5076715325695, 12.9121587141986], [77.5077766284548, 12.9119796529827], [77.5078981281372, 12.911846044392], [77.5081669455598, 12.9116207416069], [77.5083276081868, 12.9114621339677], [77.5088027545948, 12.9108366423683], [77.5091692962129, 12.9104913318411], [77.509383005424, 12.9101465683409], [77.5094843183212, 12.9100316079224], [77.5096885887274, 12.9099072288872], [77.5101598920576, 12.9097128069531], [77.5105988155387, 12.909455900084], [77.5107190749631, 12.9093551552994], [77.5107962947667, 12.9092578968642], [77.5108581056399, 12.9091420824236], [77.51089959431, 12.9090121745661], [77.5109371883534, 12.9087756957891], [77.5109630374423, 12.9086843691358], [77.5110371656177, 12.9085200227412], [77.5111311474325, 12.9083670447999]]}}, {"type": "Feature", "properties": {}, "geometry": {"type": "LineString", "coordinates": [[77.5540821021236, 12.9209138835511], [77.5540794792042, 12.921240703621], [77.554071621437, 12.9213616738256], [77.554053064941, 12.9214358219264], [77.5540175596602, 12.9215068174395], [77.5538677376625, 12.9217268094052], [77.5538443927452, 12.9217873837406], [77.5538358581913, 12.9218674373019], [77.5538501483925, 12.9219524263235], [77.5539248157625, 12.9221881483789], [77.5539827161548, 12.9224076085816], [77.5540615433261, 12.9228064435475], [77.5541764546647, 12.9231756675658], [77.5541945815801, 12.9232816037182], [77.5541961040596, 12.9233865585783], [77.5541724337594, 12.9235007169155], [77.5541215196927, 12.9236068038066], [77.5540706363308, 12.9236709959056], [77.5539490235656, 12.9237931154358], [77.5538624820774, 12.9239035261774], [77.5538301052699, 12.9239588485491], [77.5538185904105, 12.9240246981161], [77.5540486781348, 12.9243341973227], [77.5540986280125, 12.9244532294239], [77.5542092534431, 12.9245477629427], [77.5543803085479, 12.9245938972851], [77.5545514852745, 12.9246519822221], [77.5548053197726, 12.9247420138006], [77.5555271275668, 12.9254728077168], [77.5556378638621, 12.925615964591], [77.5557586270406, 12.9258261865516], [77.5558859226016, 12.926011621202], [77.555959046825, 12.9261006385979], [77.5560648118915, 12.9261975712872], [77.5572198174441, 12.9270729629973], [77.5577222592957, 12.9274266877913], [77.5580477607136, 12.9276402324261], [77.558304255137, 12.9278003720634], [77.5583820593368, 12.9278428975566], [77.5584472213769, 12.9278655678718], [77.558625335598, 12.9278837100303], [77.5589161092353, 12.9279281518136], [77.5592052669691, 12.927958459119], [77.5593513815438, 12.9279875998495], [77.5594383214575, 12.9280169812831], [77.5595287587032, 12.9280609120165], [77.5596245218221, 12.9281177876295], [77.559843448931, 12.928261359595], [77.5599377127613, 12.9283076738835], [77.5599892777768, 12.9283239695609], [77.5600733395746, 12.9283405299933], [77.5603390376096, 12.9283721240731], [77.5604524760612, 12.9284065980735], [77.5605734323846, 12.9284714267254], [77.5607869809631, 12.9286286945611], [77.5608659182844, 12.9286737133574], [77.5609729284128, 12.9287074244303], [77.5611502505893, 12.9287335608736], [77.5612310192884, 12.9287512500195], [77.5613110380572, 12.9287802035901], [77.5613849941408, 12.9288172538185], [77.5614697694459, 12.9288727584417], [77.5616729890914, 12.9290296606128], [77.5619366882047, 12.9291942777722], [77.5619920927676, 12.9292429097968], [77.5620750613207, 12.9293340688041], [77.5620939493551, 12.9294076822502], [77.5624421471997, 12.9305642285778], [77.5624938546322, 12.9305571597421], [77.5626575749864, 12.9305347737205], [77.5636139997004, 12.9304040004296], [77.5636919999334, 12.9305130002421], [77.56560149791, 12.9314309730088]]}}, {"type": "Feature", "properties": {}, "geometry": {"type": "LineString", "coordinates": [[77.6442235779352, 12.9301725787082], [77.6454603877422, 12.9301418431735], [77.64890773288, 12.9306446659417], [77.6648507384052, 12.93466517259], [77.6704155805895, 12.9368873270383]]}}, {"type": "Feature", "properties": {}, "geometry": {"type": "LineString", "coordinates": [[77.6442235779352, 12.9301725787082], [77.6424952174518, 12.9302155191811], [77.6414145767126, 12.9303411974104], [77.6399089119349, 12.9303707810564], [77.6381380143904, 12.9302473542561], [77.638033349245, 12.9301847884105], [77.6379615773946, 12.9301262641817], [77.6377666270645, 12.929916909328], [77.6376406058309, 12.9297649672842], [77.6375709008688, 12.9296612118226], [77.6374842529904, 12.9294630587985], [77.6370093185633, 12.9287693450622], [77.6369618042366, 12.9287232021905], [77.6369036378232, 12.9286890115712], [77.6368357536188, 12.9286717207614], [77.6367553886574, 12.9286704605955], [77.6365257448572, 12.9287118548497], [77.6363332032806, 12.9287822176329], [77.6361949223452, 12.9288564668381], [77.6358617398476, 12.9290723036654], [77.6356043742953, 12.9291883857582], [77.6355249527929, 12.929236037173], [77.6354428658241, 12.9293223697063], [77.6352425727733, 12.9296478916309], [77.6351079139322, 12.9298148352681], [77.6349378683512, 12.9299750056882], [77.6345319443377, 12.9303221387415], [77.63426715329, 12.9303566978709], [77.6342302218018, 12.9303869249406], [77.6341169763204, 12.9304796120587], [77.6340161462834, 12.9305566089054], [77.6338812487829, 12.9306475785761], [77.633814249309, 12.9307033179923], [77.6336846487776, 12.9308336390939], [77.6335859995726, 12.9309440888046], [77.6333673552923, 12.9312382779003], [77.6333640757763, 12.9312426898446], [77.6332414442238, 12.931407691986], [77.6330797682988, 12.9316033118843], [77.6329815729727, 12.9317110746532], [77.6329811295519, 12.9317115624546], [77.6324550495619, 12.9322112231554], [77.6318612754109, 12.9328010555872], [77.6311951304217, 12.9334762752124], [77.6309967170759, 12.9336734674162], [77.6306995713608, 12.9339687814325], [77.6300090507158, 12.9346122180967], [77.629986698428, 12.9346411594257], [77.6299723561439, 12.9346752606724], [77.6299483138765, 12.9348187014038], [77.629795204841, 12.9353750444045], [77.6296984751012, 12.9356794774374], [77.6296045899243, 12.93595637284], [77.6296015272813, 12.9359654062428], [77.6295239303077, 12.9361732972635], [77.629437435445, 12.9363784159976], [77.629382373644, 12.9367093424324], [77.6293567874259, 12.9367367977247], [77.6293142501547, 12.9368051010625], [77.629258985793, 12.9368734866646], [77.6288907927556, 12.9372636608474], [77.6288357366677, 12.9373362081323], [77.6288003179466, 12.937403192941], [77.6287839669209, 12.9374568353994], [77.6287776766635, 12.9375019683436], [77.628784934016, 12.9377762927367], [77.6287699153267, 12.9379032780825], [77.6286388214334, 12.9384883345799], [77.6285689877581, 12.9387279556022], [77.6285359016266, 12.9388124946281], [77.6284853285362, 12.9388853625942], [77.6284318014289, 12.9389398460471], [77.6280445375892, 12.9392103804488], [77.6279563949064, 12.9392851403133], [77.6278976697992, 12.9393519914388], [77.6278421644299, 12.9394429927015], [77.6277862318931, 12.9395675962547], [77.627606792131, 12.9400194094385], [77.6275919056409, 12.9400688687729], [77.6275871659985, 12.9401127466167], [77.627201982605, 12.940515923042], [77.6270471798204, 12.940743365897], [77.6270114923952, 12.9408261910999], [77.6269690847908, 12.9413142376795], [77.6268355363987, 12.9414769281382], [77.6265624564323, 12.9415800721553], [77.6261802467628, 12.9417345119909], [77.6261607948018, 12.9419713468472], [77.6260713808229, 12.9428578506928], [77.6260614917557, 12.944356663386], [77.6254515826119, 12.9451085795672], [77.625379305725, 12.9451881877296], [77.6238865447409, 12.9460265531844], [77.6239039997143, 12.9461914912852], [77.623907278995, 12.9463289528764], [77.6238938562413, 12.9464434470626], [77.6238631402356, 12.9465627923885], [77.6237384889245, 12.9468399755509], [77.6235849322236, 12.9470929102549], [77.6234303589792, 12.9472942483613], [77.6226775535598, 12.9480606638431], [77.6221518263675, 12.9486891125958], [77.6217610655542, 12.949093991409], [77.6215092246228, 12.949419916135], [77.6214594867747, 12.9495157616136], [77.6214382257226, 12.9496842643146], [77.6214638820903, 12.9498232147381], [77.6217514709484, 12.9504967582521], [77.6219971546201, 12.9506855090377], [77.6220230231632, 12.9508286662102], [77.622025024001, 12.9510198697967], [77.6218805649928, 12.9511886450758], [77.6217122370369, 12.9514054667314], [77.6213248437152, 12.9516483948918], [77.6209367004461, 12.9518196222195], [77.620378725189, 12.9520642666477], [77.619634858802, 12.9520527407578], [77.6185513390496, 12.9521065482007]]}}, {"type": "Feature", "properties": {}, "geometry": {"type": "LineString", "coordinates": [[77.534102033347, 12.9318657040405], [77.5341892225328, 12.9316689266079], [77.5342250005696, 12.9315597590261], [77.5342537765464, 12.9314202241009], [77.5342892204164, 12.9311301072238], [77.5343285281111, 12.9309913987556], [77.5343835810031, 12.9308836304153], [77.5345842398121, 12.9305883197541], [77.5346635349244, 12.9304500340738], [77.5347135912413, 12.9303125854078], [77.5347702357762, 12.9300251690546], [77.5348062670248, 12.9299056316314], [77.5348486974528, 12.9298152332454], [77.5350137763997, 12.9295159956514], [77.5350870711782, 12.9294035263067], [77.5349722544079, 12.9292184285676], [77.5342918778573, 12.9278466459736], [77.5342269771666, 12.9274528505693], [77.5342117784299, 12.9271541926296], [77.5342333702071, 12.9268790824243], [77.5343029745738, 12.9265317898365], [77.5344466475527, 12.9262793971991], [77.5347226518498, 12.9258583883204], [77.5351323154492, 12.9254002228666], [77.5355312412775, 12.9250855888748], [77.5372649637858, 12.9234063223417], [77.5373321610529, 12.9233207877231], [77.5375652909175, 12.9233724197584], [77.537955322955, 12.923553392205], [77.5380682520841, 12.9236384393196], [77.5381221074531, 12.9237125524206], [77.5381666330209, 12.9238053027361], [77.5382800948688, 12.924209747594], [77.5383657788063, 12.9243990555606], [77.5385935311135, 12.9247321497914], [77.5387552975426, 12.9250474972634], [77.5388427771219, 12.9251768411631], [77.5389949970552, 12.9253314766768], [77.5393038242392, 12.9255736895765], [77.5394121219481, 12.9257018259596], [77.5394783022339, 12.9258336011584], [77.5395855312538, 12.9261568345831], [77.5397120294282, 12.9264200732221], [77.5397883002818, 12.9265474657996], [77.5398684252297, 12.9266420166615], [77.5399650263017, 12.9266981486867], [77.5400673318448, 12.9267058740352], [77.5401180289795, 12.9266899194093], [77.5401618111423, 12.9266617150595], [77.5402123923359, 12.9265872382593], [77.5402306799732, 12.9264834455715], [77.5402234211982, 12.9263550091205], [77.5401796478159, 12.926125800715], [77.5401691947197, 12.9260009008187], [77.5401779719696, 12.9258645645987], [77.5402170339777, 12.9255950545582], [77.5402205423694, 12.9254729740122], [77.5401594996079, 12.9251110410804], [77.5401495189117, 12.9249610778716], [77.5401600521665, 12.9248201358223], [77.540223253624, 12.9244119843609], [77.540226268932, 12.9242537164284], [77.5402091120021, 12.9239756059428], [77.5402162019748, 12.9237818126803], [77.5402929130317, 12.9232465097356], [77.5402963930085, 12.923022718399], [77.5402767213808, 12.9228078446879], [77.540253266142, 12.9227322933513], [77.5402129946794, 12.9226696139052], [77.5400762104552, 12.9225403283103], [77.5398646940597, 12.9222837125707], [77.5397222066737, 12.9221654982504], [77.5394892044222, 12.9220370192211], [77.5393966513982, 12.9219746729558], [77.5393259757113, 12.9219011727694], [77.5392708274262, 12.9218038342614], [77.5392420872249, 12.9217204974489], [77.539227396384, 12.9216363978559], [77.5392304881114, 12.9215370707135], [77.5392635030298, 12.921364057082], [77.5392518500922, 12.9212419911173], [77.539202460835, 12.9211210059639], [77.5390167344294, 12.9207840535474], [77.5389469101842, 12.920631996959], [77.5389206174105, 12.92052769195], [77.5389026911615, 12.9202234311484], [77.5388712752292, 12.9200542026861], [77.5388247075786, 12.9199459695641], [77.538674449863, 12.9196988374271], [77.5386313773524, 12.9195646821347], [77.5386232748168, 12.9194510163615], [77.5386362815699, 12.9193503775929], [77.5387520725846, 12.9190751008585], [77.5387788557165, 12.9189811583882], [77.5387820275986, 12.9188901839424], [77.5387678069666, 12.9188142850231], [77.5387259972805, 12.9187243225758], [77.538676404889, 12.9186598839199], [77.5384134097014, 12.9184226022625], [77.5383730161089, 12.9183625643527], [77.5383478724324, 12.9182773944244], [77.5383528324419, 12.9181953731576], [77.5383804956244, 12.9181186017044], [77.5384367233388, 12.9180371345603], [77.5385120975692, 12.9179646063426], [77.5386869494102, 12.9178405164126], [77.5389574015427, 12.9176880655581], [77.5392080324024, 12.9175286625721], [77.539329500288, 12.9174708977049], [77.5394136016746, 12.9174503009685], [77.5394906991049, 12.9174502585702], [77.5395844572612, 12.9174703695924], [77.539692162421, 12.9175117807135], [77.539888822157, 12.9176118870277], [77.5401025248859, 12.9177374146068], [77.5402283222858, 12.9178263058166], [77.5403219405511, 12.917915094433], [77.5404190955564, 12.9180596181187], [77.5404830610699, 12.9182377413682], [77.5405038140909, 12.9184101830077], [77.5404886316227, 12.9187273139017], [77.540519186016, 12.918870933358], [77.5405605292491, 12.9189529611298], [77.5406219488238, 12.919029021242], [77.5407072683814, 12.9190982425635], [77.5408018979574, 12.9191487156476], [77.5409547753991, 12.9191932199381], [77.5411282071324, 12.9192031587204], [77.5415621634549, 12.9191413238065], [77.5419307850257, 12.9191202998816], [77.542086309921, 12.9190942970232], [77.5422726565411, 12.9190421908233], [77.5424289770023, 12.9189795939786], [77.5425514028263, 12.9189078578619], [77.5428280417284, 12.9187088557838], [77.5429198307859, 12.9186654995866], [77.5429987542636, 12.9186473869589], [77.5431127566999, 12.9186449656121], [77.5432637384367, 12.9186640814106], [77.5438507501949, 12.9187990771718], [77.5441375921865, 12.9188054695821], [77.5442403590362, 12.9188191603734], [77.544730782757, 12.9189340145745], [77.5450584017705, 12.9190681429944], [77.5453036807375, 12.9191437573556], [77.5453820021372, 12.9191898639315], [77.5454193934457, 12.9192324060209], [77.545452648814, 12.9192943506684], [77.545589584928, 12.9197458177951], [77.5458028803608, 12.9202283566649], [77.5459357934282, 12.9203195648091], [77.5460308202772, 12.9203783988683], [77.5461746415966, 12.9204427334173], [77.546318160105, 12.9204771904223], [77.5464949707193, 12.9204904045899], [77.5466746763842, 12.9204886515482], [77.5469422264161, 12.9204382334452], [77.5472609799922, 12.9203305415611], [77.5474915245533, 12.9202356629996], [77.5478253566213, 12.9201128836339], [77.5480472791958, 12.9200688853354], [77.5483668499775, 12.9200418611736], [77.5485617544288, 12.9200369707581], [77.5488495658761, 12.9200360039592], [77.5489413798404, 12.9200128994107], [77.5490125594494, 12.9200021949133], [77.5499789174219, 12.9198892664467], [77.5504818702275, 12.9197833404088], [77.5505919508443, 12.9197652364316], [77.5511162200882, 12.9197255888101], [77.551332574956, 12.9197247999022], [77.5514843522291, 12.9197437601833], [77.5516669259294, 12.9197830120425], [77.5519424074412, 12.9198549328572], [77.5523434775885, 12.9199826007091], [77.5526029958051, 12.9200279433134], [77.5526724402389, 12.920045826864], [77.5527272849502, 12.9200702858206], [77.552893963384, 12.9201672328941], [77.5530674166719, 12.9203203243976], [77.5531265102308, 12.9203646305536], [77.5531989294245, 12.9204023294306], [77.5532190443855, 12.9204186859624], [77.5532577280327, 12.9204501438735], [77.5533999996844, 12.9205540004303], [77.5538682390853, 12.9208096030488], [77.5540821021236, 12.9209138835511]]}}, {"type": "Feature", "properties": {}, "geometry": {"type": "LineString", "coordinates": [[77.55370172399, 12.9325467238331], [77.553519780556, 12.9327057826993], [77.5532485698037, 12.9329708866021], [77.5531407391506, 12.9330852590516], [77.5530456955717, 12.9332660590198], [77.552978730337, 12.9333910166168], [77.5529918827181, 12.933725546024]]}}, {"type": "Feature", "properties": {}, "geometry": {"type": "LineString", "coordinates": [[77.5529918827181, 12.933725546024], [77.5527690591615, 12.9338615906027], [77.5525561767462, 12.9340166613456], [77.552304694587, 12.9342103560516], [77.5520724140822, 12.9343751776998], [77.5519077809158, 12.9344819672888], [77.5516942167399, 12.9345701119491], [77.5514808468402, 12.9346773781852], [77.5513158242893, 12.9347459240303], [77.5509616713579, 12.9348276809834], [77.550777669964, 12.934806040422], [77.5504633861269, 12.934744459663], [77.5499235616198, 12.9346601383237], [77.5497537890997, 12.9346132803865], [77.5493177565567, 12.934464738248], [77.5489761485793, 12.9343915935749], [77.5487945609275, 12.9343400548309], [77.5486505958356, 12.9342815032833], [77.5485281355963, 12.9342080014465], [77.5483862314387, 12.9340994227357], [77.5480363386497, 12.9338023124342], [77.5479596702254, 12.933774573369], [77.547873655312, 12.9337822800388], [77.5478285969665, 12.9338020905486], [77.5477800512863, 12.9338391280885], [77.5475666102846, 12.9340517795798], [77.5474549952615, 12.934146475333], [77.5473240895755, 12.9342359811381], [77.5470803510565, 12.934381372449], [77.5469610714543, 12.9344718198149], [77.5467127230347, 12.9347111053408], [77.5465102530743, 12.9349619362415], [77.5464161210711, 12.9350508793411], [77.5460041853646, 12.9353137855541], [77.5457009391081, 12.9355331320072], [77.5455585591592, 12.9356130477307], [77.5454723620965, 12.9356442818123], [77.5453874832132, 12.9356585503289], [77.5453039025481, 12.9356553366899], [77.5452272460713, 12.9356323607393], [77.5451732366194, 12.9355968566806], [77.5451344599767, 12.935554150559], [77.5450083376461, 12.9353122265694], [77.544963187876, 12.9352508004046], [77.5449172513021, 12.9352067881267], [77.5448576913102, 12.935171086981], [77.5447964624416, 12.9351560129287], [77.5447301148563, 12.9351644401404], [77.5446725379033, 12.9351969305604], [77.5446249558983, 12.9352606774112], [77.5446035707478, 12.9353516684068], [77.5446213274393, 12.9357187216455], [77.5446126543322, 12.9358612019448], [77.5445832995569, 12.9359610659812], [77.5444843203473, 12.9361671426742], [77.5444405172581, 12.9362920834275], [77.5444218991288, 12.9364007048186], [77.5444000287123, 12.936661998959], [77.544375508921, 12.9367669728167], [77.544323776267, 12.9368699661938], [77.5442295605546, 12.9369874953189], [77.5440889461479, 12.937117930561], [77.5439680902224, 12.9372023210282], [77.5438788829834, 12.9372468036354], [77.5437911045421, 12.9372766821585], [77.543606022552, 12.9373032934234], [77.5434359900393, 12.9372951648296], [77.5430321963185, 12.9372411765947], [77.5429227334297, 12.937241557548], [77.542822005961, 12.9372548099207], [77.5427432528694, 12.9372772928315], [77.5426624806449, 12.9373133104132], [77.5424115595677, 12.9374717819444], [77.542299722417, 12.9375275603746], [77.542175262427, 12.9375652569213], [77.541908766945, 12.9376086802541], [77.54180738339, 12.9376352052206], [77.5416998227974, 12.9376794495961], [77.5414355864471, 12.9378110535585], [77.5412863871877, 12.9378682230469], [77.5411449478189, 12.9379011715798], [77.5410276008802, 12.9379142058419], [77.5408737829818, 12.9379149053295], [77.5407110634215, 12.9378960473048], [77.5405815346771, 12.9378674199688], [77.5404924976027, 12.9378325841851], [77.5404206623504, 12.9377833899409], [77.5403556700203, 12.9377084550623], [77.5402872388956, 12.9375611765936], [77.5402147144112, 12.937285093044], [77.5401833475391, 12.9371988162758], [77.5401289889159, 12.9370902462716], [77.5399932620066, 12.9368669835764], [77.5399450491993, 12.9367525036596], [77.5399221749632, 12.9366352824233], [77.5398987695405, 12.9363054713976], [77.5398789698139, 12.9361894100682], [77.5398259399396, 12.9360399982098], [77.5396747389687, 12.9357210492482], [77.5396395307514, 12.9356084843942], [77.5396213669131, 12.935503866712], [77.5396025400515, 12.935149205241], [77.5395374080263, 12.9348202141885], [77.5395254242166, 12.9347101588318], [77.5395341603, 12.9345573129493], [77.539593890642, 12.9341549899422], [77.5395956665581, 12.933987363281], [77.5395783773592, 12.9338440928467], [77.5395296297593, 12.9336506418191], [77.539458920721, 12.9334592901482], [77.5393980236145, 12.9333377815678], [77.5392398132224, 12.9330688097655], [77.5391904857579, 12.9329478073386], [77.5391731050152, 12.9328581678088], [77.5391661443374, 12.9327482956687], [77.5391956901516, 12.9323681567479], [77.5391891174147, 12.932216512409], [77.5391719157258, 12.9321244407831], [77.5391431358672, 12.9320395488216], [77.5391048251476, 12.9319668164049], [77.5390569666044, 12.931906569847], [77.5389714742575, 12.9318497758609], [77.5388553854544, 12.9318204027902], [77.5387409921729, 12.931816411577], [77.5383564941377, 12.9318365796179], [77.5382489449547, 12.9318210682613], [77.5378815122355, 12.9317408228952], [77.5377457623323, 12.9317280603097], [77.5376474696681, 12.9317301766434], [77.5375361285518, 12.931748202652], [77.537450849763, 12.9317754480013], [77.5370611154234, 12.9319662227943], [77.5368836652602, 12.9320261134415], [77.5367543328636, 12.9320430131272], [77.5365634515617, 12.9320436136354], [77.536376914364, 12.932027199101], [77.5361307976203, 12.9319840968824], [77.536037602689, 12.9319821760309], [77.5359086863647, 12.9320104550317], [77.5355159789951, 12.9321523985906], [77.5354041528619, 12.9321768042799], [77.5353049644349, 12.9321848362899], [77.5352044203587, 12.9321778449112], [77.5351102422478, 12.9321589398395], [77.5345511194311, 12.9319678098326], [77.534102033347, 12.9318657040405]]}}, {"type": "Feature", "properties": {}, "geometry": {"type": "LineString", "coordinates": [[77.5546931323698, 12.9342598679094], [77.5541575589002, 12.9338259921509], [77.5539482366435, 12.9336816187806], [77.553726340432, 12.933599465123], [77.5534449330943, 12.9335611155729], [77.5531468643607, 12.9336284126507], [77.5529918827181, 12.933725546024]]}}, {"type": "Feature", "properties": {}, "geometry": {"type": "LineString", "coordinates": [[77.5546931323698, 12.9342598679094], [77.5552144224555, 12.9342069668608], [77.5555350758482, 12.93419040403], [77.555608889897, 12.9341770376699], [77.5556540178136, 12.9341607902863], [77.5557044920367, 12.9341337248565], [77.5559405891387, 12.9339748755534], [77.5560058257439, 12.9339358092755], [77.5560714850916, 12.9339056027002], [77.5562141943692, 12.9338576278439], [77.5562594474097, 12.9338337828441], [77.5563393748617, 12.9337812139277]]}}, {"type": "Feature", "properties": {}, "geometry": {"type": "LineString", "coordinates": [[77.5141542508216, 12.9348167774105], [77.5141541808266, 12.9348011513613], [77.514209472304, 12.9342633792169], [77.5142019043586, 12.9339787649932], [77.5141683647081, 12.9338619050522], [77.5141103181813, 12.9337604102443], [77.5140361439828, 12.9336855746925], [77.513952183806, 12.9336368340143], [77.5129953753631, 12.933405024092], [77.5126828699277, 12.933302200282], [77.5123991060417, 12.9331551245793], [77.5116694757089, 12.932681288627], [77.5115102235368, 12.9326026807853], [77.5113633346385, 12.9325546399124], [77.5112125585628, 12.9325358552285], [77.5110491005402, 12.9325560859733], [77.5102916409833, 12.9328638399522], [77.5100450140347, 12.9329154040159], [77.5097897471225, 12.93292572715], [77.5096101678474, 12.9328983012609], [77.5094064744078, 12.9328209047777], [77.5090389757523, 12.9326226500145], [77.5087205164021, 12.9324220825568], [77.5083757874566, 12.9321473231584], [77.5076572879444, 12.9315113835872], [77.5074161590041, 12.931268624778], [77.5072784390464, 12.9310651295638], [77.5071189958003, 12.9307175787756], [77.5070527169821, 12.9304524688213], [77.5070436671367, 12.9302656367599], [77.5070676660617, 12.9295758055753], [77.5070405058071, 12.9293309725559], [77.5066396296151, 12.9285760179365], [77.5064646202549, 12.9283280153921], [77.5063519065473, 12.9282300102808], [77.5045405264467, 12.9269895651572], [77.5044545225966, 12.9269186757775], [77.5043929462732, 12.9268535276266], [77.5043720722439, 12.9267034470482], [77.5045935814454, 12.9264104727005], [77.5049615952311, 12.9259958757486], [77.5050488707752, 12.9258661446085], [77.5050851246761, 12.9257641246103], [77.5051055640389, 12.9256210742682], [77.5051096471157, 12.9254434379837], [77.5050877745431, 12.9253022258471], [77.5050206679208, 12.9251398119324], [77.5049165075842, 12.9249779957772], [77.5047631374226, 12.9247987988136], [77.5044333257886, 12.9244678517917], [77.5042494384143, 12.9241981686351], [77.5039149691458, 12.923319379825], [77.5035897609069, 12.9223883380176], [77.5033324667275, 12.921830791375], [77.5029745584564, 12.9211712511732], [77.5028195305615, 12.9209298273637], [77.5026632967369, 12.9207448301433], [77.5025191628921, 12.9206227591196], [77.5023227849022, 12.9205132260485], [77.5020914721291, 12.9203842076346]]}}, {"type": "Feature", "properties": {}, "geometry": {"type": "LineString", "coordinates": [[77.5141542508216, 12.9348167774105], [77.5138864726516, 12.9356620455807], [77.5138276910312, 12.9358475950601], [77.5137136584362, 12.9361260470485], [77.5135493743424, 12.9365080560494], [77.5134634550166, 12.9366509252254], [77.5133530734195, 12.9366677487398], [77.5133498818361, 12.9366716202309], [77.5132561646762, 12.9367853059675], [77.5132134174169, 12.9368490371494], [77.5128897103953, 12.9368461876221], [77.5128772726488, 12.9369960914108], [77.5129831930492, 12.9374039433551], [77.5130386347425, 12.9380004033412], [77.5131223412009, 12.9382458846928], [77.5132161231998, 12.93836818035], [77.5132990371091, 12.93844057808], [77.513767705859, 12.9387176118524], [77.5139955668077, 12.9389051489611], [77.5143502499228, 12.9393478372036], [77.5145664469708, 12.9397265944481], [77.5146258537108, 12.9399062246526], [77.5146622900097, 12.9401076010829], [77.5146800044417, 12.9407655509846], [77.5147217888137, 12.9411291167479], [77.5148010893312, 12.941496431398], [77.5149052229729, 12.9417736247919], [77.5149978344047, 12.9419180182348], [77.5151050105929, 12.9420248080082], [77.5156468577134, 12.9423472545589], [77.5157623179624, 12.942441813036], [77.5158494988549, 12.9425444089743], [77.5159410774525, 12.9427336772161], [77.5160525371785, 12.9433365735937], [77.5161642285687, 12.9436646244269], [77.5162511904017, 12.9438106771973], [77.5163692000783, 12.9439568728483], [77.5167767653818, 12.944328950827], [77.5168426441852, 12.944459544976], [77.5168600636638, 12.9445929254535], [77.5168027234007, 12.9448019756785], [77.5166455398232, 12.9450328787238], [77.5164808617961, 12.9452057238238], [77.5161640883632, 12.9454778461549], [77.5155701084274, 12.9462073238574], [77.5151832577185, 12.9466279910026], [77.5149473857671, 12.9468547931599], [77.5145691617901, 12.9471198466321], [77.513748483333, 12.9475220988491], [77.5134967332013, 12.9476706648649], [77.5131861910689, 12.9479188724413], [77.5128545109252, 12.9482793188221], [77.5126360375587, 12.9484392001872], [77.5123924747341, 12.9485646836315], [77.5117557752906, 12.9488217694184], [77.5115681228011, 12.9489197783781], [77.5114081605485, 12.9490746072286], [77.511285790963, 12.9493051826255], [77.5110665268831, 12.9499952216003], [77.5109113361809, 12.9508031319179], [77.510903683059, 12.9511646915857], [77.5109887131666, 12.9520494499503], [77.5109249242381, 12.9525846944426], [77.5109832407147, 12.9531215824371], [77.5109496460004, 12.953517529577], [77.510969271441, 12.9536622472986], [77.5110390583771, 12.9538341832358], [77.5115655464074, 12.9548870758028], [77.5116334978678, 12.9550614495843], [77.51166261376, 12.9552020921346], [77.5116723042696, 12.9556286067958], [77.5117269684356, 12.9563966587629], [77.5117624958616, 12.9580206248262], [77.5117218379485, 12.9582960098935], [77.51155050787, 12.958610754789], [77.5115225266513, 12.9586993334547], [77.511520592369, 12.958787996038], [77.5115452376097, 12.9588775794478], [77.5115977249798, 12.958961890729], [77.5117417030014, 12.9590694659124], [77.5119157570386, 12.9591078372647], [77.5121331457643, 12.959068824925], [77.5123412257651, 12.958942320878], [77.5127330475751, 12.9585929789599], [77.5130127023297, 12.9583724697171], [77.513556470241, 12.9580422904036], [77.5139311362027, 12.9577670144112], [77.5140502231465, 12.9577125931474], [77.5141823334042, 12.9576861996188], [77.5143000538848, 12.9576935104126], [77.5144034464429, 12.9577330658125], [77.5145348548412, 12.9578506421881], [77.5146346219259, 12.9580354561454], [77.5148817585533, 12.9589438036721], [77.5149908023405, 12.9592419242536], [77.5153267767929, 12.9597530850343], [77.5154146787905, 12.9599359133829], [77.5155828366712, 12.9606668172512], [77.5156318752853, 12.9613314504004], [77.5156818990552, 12.9615092426501], [77.5157559478349, 12.9616556532051], [77.5159035263662, 12.9618085167241], [77.5161113135392, 12.9618928027211], [77.5163530295454, 12.9619025292902], [77.5168862329917, 12.9618390800874], [77.5170565868127, 12.9618573798628], [77.5171921364424, 12.9619404661719], [77.5172758401315, 12.962093710656], [77.5173041508063, 12.9623678277184], [77.5172549388614, 12.9633112936636], [77.5172851448081, 12.9635854980632], [77.5173930973404, 12.9638356332781], [77.5177371234195, 12.9643520867095], [77.517895014967, 12.9646366210037], [77.5180285223046, 12.9649507461733], [77.518076162666, 12.9651861070464], [77.5180567492003, 12.9653620486644], [77.5179818983965, 12.9655253638841], [77.5178751315537, 12.9656401338566], [77.5175085888693, 12.9659208222577], [77.5174235880045, 12.966046453714], [77.5173804173951, 12.9661907864371], [77.517381740349, 12.9663434678475], [77.5174292762709, 12.9665054444086], [77.5175118689366, 12.9666591094138], [77.5178053762399, 12.9670904041249], [77.5178723150991, 12.9672609357697], [77.5178991848441, 12.9674294265934], [77.5178897678645, 12.9675927528142], [77.5178501429117, 12.9677656167275], [77.5175735798255, 12.9685064067545], [77.5175447918217, 12.9686787908566], [77.5175499766238, 12.9688288707641], [77.5175977405583, 12.9689863194121], [77.517701653341, 12.9691532225826], [77.5182856435842, 12.9698296537729], [77.5184971506367, 12.9701052699635], [77.5185832539252, 12.9702765380779], [77.5186086329749, 12.9704471870556], [77.5185904489466, 12.970608377337], [77.5185455928045, 12.9707701809411], [77.5183112282186, 12.9712539252415], [77.5182274623363, 12.971525208373], [77.5181820933758, 12.9718337778386], [77.5181865927522, 12.9724378762759], [77.5181517934584, 12.9726211793825], [77.5180916789083, 12.9727370187634], [77.5180065056424, 12.9728332105717], [77.5176294071637, 12.9730827343678], [77.517530579273, 12.9731786995706], [77.5174549179901, 12.9733394642058], [77.5174475375625, 12.9735708355596], [77.5174924435517, 12.9737490827853], [77.5176714428457, 12.9741626188826], [77.5177782040289, 12.974530284128], [77.5178506603718, 12.9746861625508], [77.5180101499885, 12.9748480818269], [77.5184549915856, 12.9751363487842], [77.5185381256128, 12.9752330031933], [77.5185953076655, 12.9753478475797], [77.5186287540056, 12.9754983266243], [77.5186278299513, 12.9756272137618], [77.5185193853109, 12.9760667450869], [77.5184986370747, 12.9762744416985], [77.5185160242604, 12.9764995783741], [77.5185811538562, 12.9768221828652], [77.5187546072122, 12.9775524264129], [77.5188626174337, 12.9779016664381], [77.5191878401474, 12.9786883800306], [77.5195221184324, 12.9793707622166], [77.5195852575625, 12.9796110492291], [77.5195581380018, 12.9797672774463], [77.5194565712386, 12.9799444643318], [77.519185064852, 12.9802657601619], [77.5187946838217, 12.9806680304295], [77.5186465323853, 12.9808788462439], [77.518465337821, 12.9813383657673], [77.5181467269002, 12.9820428958664], [77.5180926603008, 12.9822406056839], [77.5180844732675, 12.9824193405617], [77.518155115541, 12.9826859803439], [77.5183635375669, 12.9831310933572], [77.518543246224, 12.9834575923921], [77.5188348250286, 12.9838839114174], [77.5189141923033, 12.9840405693474], [77.5189629991539, 12.9842200445646], [77.5190542642446, 12.9848048131031], [77.5194159146376, 12.9856117805696], [77.5194942956276, 12.9859004987644], [77.5195870709044, 12.9863841606452], [77.519890406788, 12.9872053826446], [77.5199500984146, 12.9885964799514], [77.520031281357, 12.9887849048659], [77.5202432053979, 12.9894662672109], [77.5203890509175, 12.9898395717315], [77.5213743511067, 12.9919045652959], [77.5214868020124, 12.9920959509627], [77.5215977046179, 12.992243103655], [77.521724232115, 12.9923762108513], [77.5220190991339, 12.9926442677114], [77.5221833283706, 12.9928120291479], [77.5224258125895, 12.9930909280929], [77.522559123698, 12.9932768404363], [77.5226299785608, 12.9934350389213], [77.5227277101431, 12.9937852808957], [77.5227879494336, 12.9939525639002], [77.5233747135903, 12.9951781154069], [77.523456336393, 12.995304316931], [77.5238081928521, 12.9957684770341], [77.5240595448239, 12.9961668952374], [77.5245310026229, 12.9967515426505], [77.5246973737674, 12.9969997292196], [77.5247606589258, 12.9971622095794], [77.524827595842, 12.9975671459582], [77.5249012941297, 12.9978365581354], [77.5249356780607, 12.9979092057283], [77.5250068417298, 12.9979560581803], [77.5251021644477, 12.9979599745736], [77.5253017821257, 12.9979021636705], [77.52572437244, 12.9977457743189], [77.5258445433363, 12.9977319140259], [77.5259556348603, 12.9977601654363], [77.5260106078446, 12.9978004523477], [77.5260472686324, 12.9978536085635], [77.5260715689693, 12.997927090396], [77.5260845020993, 12.9980250902549], [77.5260634405619, 12.9982927143628], [77.5259634170403, 12.9986926982016], [77.5259752159288, 12.9987756625968], [77.5260227080722, 12.9988382757912], [77.5260735376002, 12.9988714158055], [77.5261359386819, 12.9988925778434], [77.526418786834, 12.9989062983115], [77.5265907368227, 12.9989300449887], [77.5273583311442, 12.999109251733], [77.527481718737, 12.9991588916808], [77.5276484871558, 12.9992587841991], [77.5277242630429, 12.999319747393], [77.527782332773, 12.999398560383], [77.5278634386698, 12.9995857034102], [77.527902728457, 12.9998684474147], [77.5278959423086, 13.0005776044035], [77.5278623843198, 13.0010756730143], [77.5278702186285, 13.0011862932309], [77.5278966112028, 13.0012907688529], [77.527960649255, 13.0014178920299], [77.5280518979596, 13.0015175781163], [77.5282070590665, 13.0016061721158], [77.5286004090248, 13.0017893468087], [77.5287797222176, 13.0018969807241], [77.5290554268874, 13.0021195711192], [77.5291825396992, 13.0022558710433], [77.5292363026148, 13.0023374277574], [77.5292694685673, 13.0024581502348], [77.5292645511673, 13.0026025842192], [77.5292302900239, 13.0027337927242], [77.5291078467093, 13.0030358909156], [77.5290770059213, 13.0031384105858], [77.5290602244363, 13.0033258707283], [77.529077894873, 13.0035131089501], [77.5291248634246, 13.0036598750776], [77.5291911895412, 13.0037843463063], [77.5295327111546, 13.0041914938038], [77.5296056537082, 13.0042914957206], [77.529643702245, 13.0043642032135], [77.5296644546917, 13.0044452385866], [77.5296716193992, 13.0045410427001], [77.5296229749259, 13.0048546294274], [77.5296435070688, 13.0050521491446], [77.5296768499583, 13.0051547126094], [77.5299722612552, 13.005824626786]]}}, {"type": "Feature", "properties": {}, "geometry": {"type": "LineString", "coordinates": [[77.5258059582333, 12.9361476818222], [77.5252930982261, 12.9360113265779], [77.5250443361921, 12.9358689771153], [77.5249355219748, 12.9357390386754], [77.5247308700402, 12.9353369671801], [77.524534949191, 12.9350615991054], [77.523638235725, 12.9342123889401], [77.5233961725416, 12.9340852215558], [77.5231979060454, 12.9340111605954], [77.5223995840533, 12.9338396952567], [77.5222622394315, 12.9337782459699], [77.5221519382359, 12.9336969773834], [77.5220249315766, 12.9335335566663], [77.5219433162054, 12.9333206522816], [77.5219113244131, 12.9330985774256], [77.5219198000213, 12.9326743698495], [77.5218887942904, 12.9325349965889], [77.5218265058976, 12.9324165812017], [77.5216636928191, 12.9322598840171], [77.5212242725932, 12.9319876216111], [77.5209894909877, 12.9318138606272], [77.5203050795697, 12.9311731461498], [77.520174060257, 12.9310946433693], [77.5200500070038, 12.9310660178209], [77.5198672686107, 12.9310933246305], [77.5197079174221, 12.9311653745458], [77.5188295668812, 12.9317209844275], [77.5184884196072, 12.9319707573535], [77.5182472040234, 12.932250573692], [77.5181357105926, 12.9325122261107], [77.5180740328358, 12.9328346286017], [77.5180681503789, 12.933158078047], [77.518112784766, 12.9337779629812], [77.5180905839975, 12.9341604997904], [77.518013347616, 12.9344358987376], [77.5178819318381, 12.9346072549997], [77.5177883267278, 12.9346636119473], [77.5176763388941, 12.9346953610186], [77.5174239019099, 12.9346778164472], [77.5171886566368, 12.9345795779946], [77.5167822097476, 12.9342867950025], [77.5166476667395, 12.9342513295962], [77.516508509995, 12.9342634455638], [77.5163539474304, 12.9343363412701], [77.516189015563, 12.934492979916], [77.5157811042912, 12.9351441143653], [77.5156604468752, 12.935284779398], [77.5155406047256, 12.935378612424], [77.5153800279414, 12.9354511239252], [77.5151751322246, 12.9354904386298], [77.5149106674252, 12.9354937798107], [77.5145936718606, 12.9354564598668], [77.5142457706427, 12.9353319627243], [77.5142163364297, 12.9353131223839], [77.5141668320117, 12.9352371049712], [77.5141564132076, 12.9351702714343], [77.5141553593208, 12.9350651002648], [77.5141542508216, 12.9348167774105]]}}, {"type": "Feature", "properties": {}, "geometry": {"type": "LineString", "coordinates": [[77.5258059582333, 12.9361476818222], [77.5259207473858, 12.9360511045778], [77.526031039206, 12.9359757132036], [77.5265967068074, 12.9356967676706], [77.5267214009373, 12.9356165537853], [77.5268072169646, 12.9355394604418], [77.5268687279153, 12.9354593735568], [77.5269096704403, 12.9353667514261], [77.5269253589812, 12.9352861129167], [77.5269403419945, 12.935103232642], [77.5269682683507, 12.9349959819125], [77.5270128303334, 12.9349080752064], [77.5271156419258, 12.9347734235874], [77.5271493966302, 12.9347151590558], [77.5271801064538, 12.9346252832712], [77.5272171595712, 12.9344587399859], [77.5272566422507, 12.9343731926849], [77.5273656205454, 12.934250634871], [77.5274886322613, 12.9341594941411], [77.5276454668602, 12.9340783306474], [77.527848099808, 12.9340048833983], [77.527992499936, 12.9339689473503], [77.5281132335873, 12.9339569072762], [77.5286384020112, 12.9339831196977], [77.5294582136849, 12.9339502825958], [77.5301544941114, 12.9338987179139], [77.5305951252794, 12.9338307765499], [77.5315606974403, 12.9337629155779], [77.5317311133793, 12.9337662774465], [77.531983866374, 12.933827430315], [77.5321201828127, 12.9338351298869], [77.5322646207935, 12.9338103590944], [77.532525211153, 12.9337223563099], [77.5326486152827, 12.9337061196181], [77.5327894131282, 12.9337177804382], [77.5330950970799, 12.9337994691367], [77.533227890205, 12.9338108153448], [77.5333249664352, 12.9337921959084], [77.5335571077192, 12.9337168325584], [77.5338139878947, 12.9336933050047], [77.5339150722915, 12.9336627051891], [77.5339644895447, 12.9336254418709], [77.533992496842, 12.9335861739532], [77.5340122177477, 12.9335381297761], [77.5340254927289, 12.9334698281642], [77.5340227971221, 12.9333571358718], [77.5339660207975, 12.9330809403482], [77.5339578709999, 12.9329639155672], [77.5340321357633, 12.9325744024095], [77.5340330133658, 12.9321081707828], [77.5340501296299, 12.9320240309791], [77.534102033347, 12.9318657040405]]}}, {"type": "Feature", "properties": {}, "geometry": {"type": "LineString", "coordinates": [[77.597228658255, 12.9367425134071], [77.5973168284501, 12.9366333783663], [77.5974617285716, 12.9364917481001], [77.5975412248025, 12.9364041288884], [77.5976784012802, 12.936232052956], [77.5977536654233, 12.9361224980196], [77.5978094602846, 12.9360039807327], [77.5978613957083, 12.935817139922], [77.5978888805952, 12.935744952725], [77.5979859930622, 12.9355630002118], [77.5980854978581, 12.9353429359679], [77.5982119724073, 12.9351409589745], [77.5983345338375, 12.9349000016268], [77.5984026685553, 12.9348221242926], [77.5986013280629, 12.9346496089542], [77.5986773293252, 12.9345677241523], [77.5988338512825, 12.9343137829165], [77.5990020138287, 12.9340601637966], [77.5990948593401, 12.9339460301304], [77.5992853241364, 12.9337595694305], [77.5993708456884, 12.933661042337], [77.5994684175336, 12.933517727564], [77.5995640588627, 12.9333451743267], [77.5995971068334, 12.9332691317847], [77.5996207124273, 12.9331955151214], [77.5996335687583, 12.9331302882796], [77.5996383685721, 12.933051274041], [77.5996244902497, 12.9329201480283], [77.5995100594347, 12.9323816714163], [77.5994872943703, 12.9322254100798], [77.5994881642129, 12.9321339531652], [77.5994991921692, 12.9320625786182], [77.5995223308749, 12.9319874596998], [77.5995560794159, 12.9319180603781], [77.5996322808223, 12.931808115563], [77.599815979066, 12.9315864784175], [77.5998889526803, 12.9315161614076], [77.6000790219157, 12.9313643637882], [77.6002577388, 12.9311704067035], [77.6004627870252, 12.9309801738898], [77.6006700450267, 12.9307446596653], [77.6007665428225, 12.9306181131993], [77.6009867742303, 12.9305391255908], [77.6010796421997, 12.9304034481126], [77.6012042308945, 12.93028689618], [77.6013985753293, 12.9300701066114], [77.6015923195471, 12.9298964735744], [77.6017640731515, 12.9297278506614], [77.60195946176, 12.9295861969883], [77.6020260698097, 12.9295078826529], [77.6024814374327, 12.9294305752235], [77.6025546610374, 12.9294417971416], [77.6031502022686, 12.9293356981274], [77.6036447642448, 12.9290226286269], [77.6042038328546, 12.9286241347712], [77.6044914292059, 12.9283435800489], [77.6044985778453, 12.9283335104206], [77.6045088900109, 12.9283251067568], [77.6045181993766, 12.9283185868182], [77.6046479443669, 12.9281912404344], [77.6047667805549, 12.9280877712658], [77.6049049600277, 12.9280223719122], [77.6049408072751, 12.9280054062472], [77.6047780746417, 12.92746877896], [77.6047295101893, 12.9271007861785], [77.6046602029118, 12.9268732570829], [77.6045396666238, 12.9265589073911], [77.6044571553483, 12.9263385991919], [77.6044813812511, 12.9263134949769], [77.6044839872824, 12.9263127398968], [77.604581535151, 12.9262558745885], [77.604633857185, 12.9261952922647], [77.6047050366088, 12.9261682169434], [77.6049274015425, 12.9260604196086], [77.6049334462544, 12.9260585596319], [77.6051858473266, 12.925929193712], [77.6053748324415, 12.9258621641365], [77.6054943890129, 12.925841016346], [77.6057323330247, 12.9257408341826], [77.6057424833216, 12.9257371696972], [77.6057515371125, 12.9257301743744], [77.6060020992394, 12.9256682744053], [77.606073642425, 12.9256351069178], [77.6061018004125, 12.9256025082222], [77.6061038778777, 12.9255959077972], [77.606907600994, 12.9250775173196], [77.607151804631, 12.9250961962209], [77.607351161845, 12.9250907262222], [77.6075288105364, 12.9250637825702], [77.607963650126, 12.9249666858539], [77.6081522112198, 12.9249467888029], [77.6083143346783, 12.92495723099], [77.6086665076385, 12.925031210414], [77.6088231700583, 12.9250525217954], [77.6089881574186, 12.925057068055], [77.6093699705661, 12.9250392211834], [77.6103256084203, 12.9249132319886], [77.6107930641322, 12.9248363918165], [77.6109409549787, 12.9247901555514], [77.611420375054, 12.924560740562], [77.6117133251294, 12.9244459837709], [77.6121918738765, 12.9243173778439], [77.6128671816164, 12.9241710355749], [77.6130920926607, 12.9241085929775], [77.6134925495443, 12.9239040136337], [77.6138005725663, 12.9237044005698], [77.614007086795, 12.9236111838972], [77.6141652365529, 12.9235772057401], [77.6143788007399, 12.9235560819219], [77.6144949544062, 12.9235571425754], [77.6146388507453, 12.9235798865789], [77.6147021766904, 12.9235766421572], [77.6147033865965, 12.9234820568967], [77.6148293639972, 12.9234082335516], [77.6149525364285, 12.9233322465563], [77.6152465572594, 12.9232214344042], [77.6155003897394, 12.9231075257504], [77.6156380106498, 12.9230242150974], [77.6157563052482, 12.9229268574174], [77.6158975495631, 12.9227724949499], [77.6160250430972, 12.9225832038873], [77.6160780404292, 12.9224698685611], [77.6161695173114, 12.9222123487742], [77.6162328171434, 12.9220920586151], [77.616339409378, 12.9219698185595], [77.6164813385652, 12.9218582026527], [77.6167077960526, 12.9217324535744], [77.6173363397582, 12.9214915545691], [77.6181810131899, 12.9211170856035], [77.6183633127691, 12.9210227864038], [77.6193862988665, 12.9202700725648], [77.6198892017576, 12.9198391035874], [77.6200746473348, 12.9197198817492], [77.620751795076, 12.9193276838185], [77.6211337223273, 12.9190040622523], [77.6214814018987, 12.9187521164103], [77.6216395560696, 12.9185368704434], [77.6220353460504, 12.9180101799553], [77.6222156489582, 12.9176652278729], [77.6223263430095, 12.9175068118456], [77.6224962980557, 12.9174105837078], [77.6226715671845, 12.9171416261758], [77.6226915282771, 12.917110994904], [77.6227541374029, 12.9170152865711], [77.6227544245942, 12.9170144778365], [77.6228199021955, 12.9168731270526], [77.6229209630995, 12.9168780094064], [77.6230270897103, 12.9168757788057], [77.62310683562, 12.9168692021336], [77.623168971094, 12.9168762560707], [77.6232016535467, 12.9168769395622], [77.6233746949908, 12.9168617825895]]}}, {"type": "Feature", "properties": {}, "geometry": {"type": "LineString", "coordinates": [[77.6704155805895, 12.9368873270383], [77.6710963524289, 12.9372319568588]]}}, {"type": "Feature", "properties": {}, "geometry": {"type": "LineString", "coordinates": [[77.6704155805895, 12.9368873270383], [77.6695365729932, 12.9367242323572], [77.6684267036839, 12.936850324776], [77.6672632323759, 12.9374358815644], [77.6665675865846, 12.9380166513209], [77.6657025964175, 12.939172804762], [77.6607407260473, 12.9445604048205], [77.6602813043611, 12.9448997284067], [77.659698779209, 12.9451207953616], [77.6572417623876, 12.945545257207], [77.6568473326293, 12.9455452555549], [77.6556290485368, 12.9461543976633], [77.6533447649271, 12.945925969412], [77.6510604828315, 12.9476011100647], [77.6498971232976, 12.9473680979434], [77.6493265582222, 12.947617528568], [77.6492480003503, 12.9489350004155], [77.6490691763059, 12.949316405071], [77.6489300448411, 12.9499870903522], [77.6487914173603, 12.9507055757707], [77.6486269070158, 12.9512809087424], [77.6483654285402, 12.9519050329989], [77.6465165678205, 12.9549086570722], [77.6462285665522, 12.9553298788605], [77.6448690040204, 12.9571593297141], [77.6449309241341, 12.9573320473247], [77.6449434088874, 12.9574203970064], [77.6449370980341, 12.9574605721853], [77.6449193789754, 12.9575017711833], [77.6448509561152, 12.9575787884485], [77.6445304853923, 12.957786447818], [77.6443404654455, 12.9579357952307], [77.6442701015422, 12.9579773130242], [77.6441849263606, 12.9580043741187], [77.6440646776455, 12.9580271361763], [77.6439013962731, 12.9580129921489], [77.6438418300523, 12.9580189605858], [77.6436762554487, 12.9580319851606], [77.6433040309708, 12.9582962720082], [77.6432362292311, 12.9583563709554], [77.6431820011864, 12.9584252992563], [77.6431443970612, 12.9584975097671], [77.6431085285566, 12.9585997643092], [77.6430263964585, 12.95888148533], [77.6429071064575, 12.959327898273], [77.6428721489223, 12.9594401144334], [77.6427530363852, 12.9598224751705], [77.6426819605901, 12.9600043292137], [77.6425100239588, 12.9603900051051], [77.6424727914001, 12.9604942293618], [77.6424544148468, 12.9605671796794], [77.6424486686423, 12.9606023298335], [77.6424398118143, 12.9606565074394], [77.6424248602647, 12.9608901565976], [77.6424147150696, 12.9609764786485], [77.6423852151034, 12.9611063443162], [77.6423383867436, 12.9612665686284], [77.6422927815634, 12.9613983377557], [77.64228296054, 12.961421382111], [77.6422524692583, 12.9614929377033], [77.6422123989948, 12.9615604637902], [77.6421639616734, 12.9616160794168], [77.6421219505498, 12.9616503519279], [77.6420737651927, 12.9616795720379], [77.6420200659343, 12.9617028558347], [77.641969804072, 12.961717213426], [77.6418492936922, 12.9617317031915], [77.6416284201932, 12.9617371503675], [77.6415203339958, 12.961728074153], [77.6413023197137, 12.9616799237581], [77.6411837816515, 12.9616598632714], [77.640807478884, 12.9616136466245], [77.6407006613504, 12.9616079124267], [77.6406090437399, 12.9616094617039], [77.6403809728409, 12.9616308446198], [77.6402461139307, 12.961653029874], [77.6400818158974, 12.9616906972198], [77.6396281102637, 12.9618214605937], [77.6395044181669, 12.9618638444116], [77.63937625212, 12.9619148811994], [77.6392738610638, 12.9619637286868], [77.6391955135623, 12.9620097133532], [77.6391242706595, 12.9620635560556], [77.6390624026347, 12.9621191981239], [77.6387510401157, 12.9624304320562], [77.6382348020127, 12.9630156138818], [77.6380742704288, 12.9632162400227], [77.6380210480426, 12.9632827544197], [77.6377426930067, 12.963591827229], [77.6374037257268, 12.9639495401915], [77.6372395688633, 12.9641227744359], [77.6361420053208, 12.9653127513331], [77.6357898755686, 12.965671488912], [77.6356851901991, 12.9657781387897], [77.6355257531792, 12.965970565339], [77.6352820012221, 12.9662922797675], [77.6353034902951, 12.9671098416691], [77.6343326134439, 12.9703972039644], [77.6342717615333, 12.9704353767671], [77.6341148652959, 12.970499901695], [77.6340860446963, 12.9705190558368], [77.6340644607976, 12.9705399615759], [77.6340264398092, 12.9705991205835], [77.6338113624245, 12.9710185208243], [77.6337949115716, 12.9710428725725], [77.6337746615455, 12.971064923866], [77.6337445244247, 12.971154416286], [77.6335658053164, 12.9715649363757], [77.6334829353543, 12.9718824249039], [77.6332959615308, 12.9723801605611], [77.6331522420966, 12.9728556038743], [77.632724738428, 12.9739728368488], [77.6327013257004, 12.9740831868575], [77.6327047108667, 12.9743410597347], [77.6326947665977, 12.9744486842134], [77.6326778335805, 12.9745404948016], [77.6326355605578, 12.974674562358], [77.6326008274137, 12.974808632174], [77.6325202972395, 12.9753430237642], [77.6324985881885, 12.9753737020112], [77.6320584708037, 12.9759956581024], [77.6317243659232, 12.9764171979001], [77.6305708787795, 12.9769057104145], [77.629610898081, 12.9773919415771], [77.6285571455389, 12.9781098620764], [77.6283358233393, 12.97822284913], [77.6284291523332, 12.9784024379572], [77.6283310839219, 12.9783819084255], [77.6282740413154, 12.9783755035859], [77.6279707042963, 12.9783757010275], [77.6278970433461, 12.978388938059], [77.6277582900652, 12.9784350993413], [77.6276283392807, 12.9784684226246], [77.6274719656236, 12.978484387335], [77.6269934365391, 12.9786095518586], [77.6259452586323, 12.9787211502163], [77.625610372006, 12.9787023775928], [77.6243739440476, 12.9785622853198], [77.6238261128834, 12.9785536859623], [77.6234380027524, 12.9785702996172], [77.6232812725442, 12.9785583300446], [77.6232309428369, 12.9785465894246], [77.6231295142344, 12.9785122216264], [77.6229827881941, 12.9784796939715], [77.6228569817103, 12.9784650722567], [77.6226892617094, 12.9784573309605], [77.6225942582242, 12.9784406692039], [77.6221766245466, 12.9782803330672], [77.6221151677863, 12.9782625404384], [77.6219629709777, 12.9782315137059], [77.6218109623701, 12.9781700281014], [77.6216279371461, 12.9781106728601], [77.6215888550364, 12.9780885267413], [77.6215563789169, 12.9780583892284], [77.6215284640612, 12.9780163393364], [77.621506339425, 12.9779662493651], [77.6214945839714, 12.9779199485537], [77.6214894763349, 12.977872281592], [77.621494491222, 12.9777135919637], [77.621293091891, 12.977529794441], [77.6211665960458, 12.9775159809852], [77.6211013452674, 12.9773402918787], [77.6208964649417, 12.9767613220043], [77.6208648076565, 12.97665696942], [77.6203721695719, 12.976721528976], [77.6202382554197, 12.9767928736122], [77.6201780160243, 12.9768592142801], [77.6201243088759, 12.9769673182454], [77.6200650085635, 12.9771232856274], [77.6200601685969, 12.9772428493265], [77.6197391414123, 12.9788316485602], [77.6198511335606, 12.9816104351685], [77.6200346249261, 12.9823734800318], [77.620281220091, 12.9835757033346], [77.6204313342598, 12.9848745102223], [77.6204383521256, 12.9855437223247], [77.6201883225965, 12.9871897274499], [77.6201522951806, 12.987213653728], [77.6201421865742, 12.9872232415566], [77.6199059518214, 12.9873749705848], [77.619897114546, 12.9874051191047], [77.6198190458842, 12.9878702799907], [77.6198142715485, 12.98788719042], [77.6197328290566, 12.9886887131165], [77.6197346163482, 12.9887228054147], [77.6197374811765, 12.9887777747545], [77.6197486809441, 12.9896973377563], [77.6197505512443, 12.9897381994213], [77.6197444719448, 12.989762795738], [77.6196707209065, 12.9904857520153], [77.6195814585401, 12.9914397854176], [77.6191759647903, 12.9923871746923], [77.6183369884581, 12.9939069074282], [77.617674224624, 12.9950697000611], [77.6171365608358, 12.9956402507635], [77.616948012157, 12.9957643160382], [77.6168552137555, 12.9959784663033], [77.6168195220121, 12.9962854174342], [77.6169408743016, 12.9966209218711], [77.6169415972456, 12.9966286315854], [77.616977388765, 12.9970104087219], [77.6169771012061, 12.9972181554216], [77.6169772539567, 12.9973990011043], [77.6169545971787, 12.9974912092475], [77.6168834653065, 12.9976011523028], [77.6168633519139, 12.9976582731331], [77.616842094975, 12.9978940402532], [77.6167982853495, 12.9982497918851], [77.6163783691332, 12.9981956428815], [77.6162187303295, 12.9981456105744], [77.6160971428805, 12.9980858750188], [77.6160436686045, 12.9980403015938], [77.6159977903944, 12.9979708248308], [77.6159178690566, 12.9976880640882], [77.615886755548, 12.997608756563], [77.6158542793691, 12.9975515929186], [77.6158165075596, 12.9975124398917], [77.615772539434, 12.9974896587198], [77.6157201574245, 12.9974821903518], [77.6156677151742, 12.997491041947], [77.615605398303, 12.9975159510232], [77.6155062691664, 12.9975697221133], [77.615120649702, 12.9978060631745], [77.6150436302185, 12.9978650310126], [77.6149057838701, 12.9979902946882], [77.6146054060836, 12.9982201680926], [77.6138784093743, 12.9987463861264], [77.6133331268715, 12.9991241634019], [77.6129722616094, 12.9993261242802], [77.6129723686854, 12.9995856670243], [77.612945865149, 12.9998456357481], [77.6129086244126, 12.9999744355533], [77.6128325208087, 13.0001106226697], [77.6126791635334, 13.0003059827663], [77.6125518854453, 13.0004279799786], [77.6123898369558, 13.0005338026425], [77.612098046196, 13.00068415159], [77.6120208434257, 13.0007355346199], [77.6119820826657, 13.0007821789822], [77.6119260530321, 13.0008968576428], [77.6118864198329, 13.0009191238142], [77.6118388165636, 13.0009124324071], [77.6117910632114, 13.0008913997782], [77.6117357732254, 13.0008489307009], [77.6116951447736, 13.0008098997554], [77.6116617528342, 13.0007636246216], [77.6116210868903, 13.0007210083559], [77.6115436438435, 13.0006739008216], [77.6112617709434, 13.0007501137139], [77.6112306380671, 13.0007688197085], [77.6111760100669, 13.0008076635632], [77.6110315812417, 13.00093294233], [77.6108293908689, 13.0011219919744], [77.610127939691, 13.0016106394008], [77.6100454515585, 13.001682543969], [77.6099307865508, 13.0017513192271], [77.6098079758901, 13.0018635767972], [77.6091840752674, 13.0024878937266], [77.6090540943558, 13.0025916062984], [77.6089082491404, 13.0026710587758], [77.6087751360351, 13.0027246726631], [77.6086475599823, 13.0027654284154], [77.6083763170827, 13.0028222546226], [77.6080990067982, 13.0028601768699], [77.6074793671608, 13.0029034531115], [77.60737285297, 13.0029265190101], [77.6072122210233, 13.002980858577], [77.6067327910124, 13.0031649559885], [77.6061806507584, 13.003443624378], [77.6058489323216, 13.0035853966208], [77.6057441037067, 13.00364341118], [77.6056980139862, 13.0036854586733], [77.6056646950545, 13.0037387628919], [77.6056476383925, 13.003795797576], [77.6056464152769, 13.003863059951], [77.6056906965493, 13.0040283351516], [77.6058355448561, 13.0044096853968], [77.6058452314016, 13.0044705404209], [77.6058325426617, 13.004528100408], [77.6057842655858, 13.0045794941617], [77.6056211963718, 13.0046654357994], [77.6055423635582, 13.0047283532919], [77.6054841659328, 13.0047964443613], [77.6053556954208, 13.0049773146181], [77.6052858591015, 13.005059204007], [77.6049305599408, 13.0054355347922], [77.6048498931833, 13.005507971889], [77.6047765963474, 13.0055578541266], [77.6046885600913, 13.0056008366925], [77.6045745852159, 13.0056386274476], [77.6043919529856, 13.0056785474108], [77.6042299595727, 13.005702538671], [77.6040672245787, 13.0057005926775], [77.6038016241996, 13.0056496236745], [77.6037007245503, 13.0056393154126], [77.603589092268, 13.0056477904485], [77.6034597953038, 13.0056832564011], [77.603310705589, 13.0057523567249], [77.602707421552, 13.0060994431732], [77.6019594592946, 13.0064956895684], [77.6012224787305, 13.0068164266966], [77.6005363461897, 13.0070912559669], [77.600178274801, 13.0072482725924], [77.6000209359124, 13.0073361739755], [77.5999063280526, 13.0074199258143], [77.5997130784324, 13.0076023296805], [77.5994156172598, 13.0079329147228], [77.5992178839925, 13.0080845789179], [77.5989818135662, 13.0082453135795], [77.598906203574, 13.0082800490903], [77.5988230270584, 13.0083032377639], [77.5982920550662, 13.0083811346532], [77.5981342352153, 13.0084267241816], [77.5980297760235, 13.008468067908], [77.5979286851584, 13.0085224125563], [77.5975860648788, 13.0087482511207], [77.5975207011983, 13.0088091400823], [77.5974827874574, 13.0088765542832], [77.5973881344462, 13.0092640619673], [77.5973570398023, 13.0093519491846], [77.597312958302, 13.0094159785541], [77.5972288288887, 13.0094787493229], [77.5970957595576, 13.0095505095684], [77.5969681825679, 13.0096085883213], [77.5965076208724, 13.009803673123], [77.596141603632, 13.009946131043], [77.5957506931016, 13.0101539091139], [77.5956916945747, 13.0101703168358], [77.5956130592288, 13.0101783736914], [77.5953562587899, 13.01017419391], [77.5931150351236, 13.0101377040908]]}}, {"type": "Feature", "properties": {}, "geometry": {"type": "LineString", "coordinates": [[77.6710963524289, 12.9372319568588], [77.6714152105635, 12.9373933726776], [77.6720621402928, 12.9377309339375], [77.6730623873313, 12.9382943305847], [77.6769615758617, 12.9399107322504], [77.6776636669027, 12.9406205820697], [77.6794998292342, 12.9430119885689], [77.6797175244333, 12.9433156961355], [77.680201063827, 12.9439821298581], [77.6802715820381, 12.9440817926289], [77.6803269812406, 12.9441350019124], [77.6803675306219, 12.9441668526483], [77.6804225858308, 12.9441877994358], [77.6804701389738, 12.9441908949085], [77.6805793110844, 12.9441829342396], [77.6806042437869, 12.9441751146728], [77.6809830911272, 12.9440922231205], [77.6810278183249, 12.9440798004121], [77.6810755613437, 12.9440607791027], [77.6811997608338, 12.9440019957597], [77.6814640978332, 12.943896455123], [77.6815423330489, 12.9438601680769], [77.6816022184415, 12.9438147541952], [77.6817534059314, 12.9436709966517], [77.6819108834005, 12.9435343372081], [77.6819454098298, 12.9434935755699], [77.6820246100032, 12.9433747160126], [77.682080562687, 12.9433183113763], [77.6826842835852, 12.9429984435631], [77.6828496736825, 12.9428685923305], [77.6833147313826, 12.9428798095789], [77.6840385203271, 12.9431264925776], [77.6846020638652, 12.9432947533054], [77.6853894590958, 12.9434220641492], [77.6859134254432, 12.9436449483768], [77.6862965277124, 12.9423941144143], [77.6865182524348, 12.9414962784182], [77.6865308258979, 12.9412676670641], [77.6867643736986, 12.9411560325796], [77.6869289203693, 12.9411786796109], [77.6872353208748, 12.9409980491518], [77.6872696502276, 12.9409867146948], [77.6874456655689, 12.9409242202247], [77.6879582654442, 12.9409060894263], [77.6888275999307, 12.9411901874037], [77.6888798460945, 12.9411970868033], [77.6894448941988, 12.941551277571], [77.6899470459597, 12.9418660432266], [77.6909049250464, 12.9425915195609], [77.691585331291, 12.9431182824271], [77.6921648953828, 12.9437544288322], [77.6923453300832, 12.9442032703448], [77.6923620417347, 12.9442280135718], [77.6930354699923, 12.9447618570609], [77.6936866403293, 12.9450716322766], [77.6944649508452, 12.9453649855929], [77.6946834478726, 12.9454888247466]]}}, {"type": "Feature", "properties": {}, "geometry": {"type": "LineString", "coordinates": [[77.5588487728595, 12.9386940106173], [77.5588347838421, 12.9384897520057], [77.5588402879758, 12.9383488676567], [77.5588777806879, 12.937977272783], [77.5589384275908, 12.9375096704357], [77.5589419522488, 12.937309005549], [77.5588731858576, 12.9369654904443], [77.558826205304, 12.9366067956837], [77.5587898186222, 12.9364296311165], [77.5586601639919, 12.9360356028288], [77.558618046376, 12.9359484618344], [77.5585648047131, 12.9358752203826], [77.5584802333396, 12.9358028979499], [77.5582553265756, 12.9356783409882], [77.5580889717654, 12.9355324686841], [77.5580339255646, 12.9354959577791], [77.5579373583669, 12.9354573470484], [77.5576979448268, 12.935401257779], [77.5576030880805, 12.9353690546374], [77.5572527096785, 12.9351396699997], [77.5570319890054, 12.9350505911686], [77.5567787134373, 12.9349125999199], [77.5566840632642, 12.934881932957], [77.5564572296303, 12.9348410291131], [77.5562574913395, 12.9347633921593], [77.556181039121, 12.9347431189132], [77.5560710722229, 12.9347387534242], [77.5558760798976, 12.9347644120519], [77.5558027286878, 12.934765539305], [77.5556819356978, 12.9347454782114], [77.555482077315, 12.9346930167403], [77.55533804877, 12.9346317802251], [77.5546931323698, 12.9342598679094]]}}, {"type": "Feature", "properties": {}, "geometry": {"type": "LineString", "coordinates": [[77.7472117895667, 12.9372253443559], [77.7471294639935, 12.9370802582412], [77.7470416846006, 12.9367853220338], [77.746933413756, 12.9365499859819], [77.746914527958, 12.9364542354324], [77.7469188216295, 12.9362005192902], [77.7469366854479, 12.935897242337], [77.7470457833063, 12.9353948107149], [77.7471576573212, 12.93455577362], [77.7471683321917, 12.9343616672841], [77.7471533112272, 12.9341862913017], [77.7470153664431, 12.9332578107874], [77.746985405224, 12.9331369439889], [77.7468967641422, 12.932882606907], [77.7468731415644, 12.9327785286403], [77.7468697301654, 12.93236755881], [77.7467954157267, 12.9319057390142], [77.7467556709665, 12.9315313086763], [77.7467447250953, 12.931273895697], [77.7467488984015, 12.9310374299203], [77.7468530778051, 12.9303440852776], [77.7468760343432, 12.9302705685791], [77.7469045523274, 12.9302128603978], [77.7470064563646, 12.9300886834189], [77.7474583160513, 12.9296611148604], [77.7480545359135, 12.9290767093302], [77.7488053520596, 12.9287017886044], [77.7490025532949, 12.9285688337746], [77.7490987638829, 12.9284542916228], [77.7492258224167, 12.9283752749717], [77.7494347858677, 12.9278378863856]]}}, {"type": "Feature", "properties": {}, "geometry": {"type": "LineString", "coordinates": [[77.7472117895667, 12.9372253443559], [77.7469216249443, 12.9372549191841], [77.7466414093949, 12.937253880549], [77.7464973738136, 12.9372396645749], [77.746445828302, 12.9372224308531], [77.7463951987923, 12.9371947340748], [77.7462327036122, 12.9370485625678], [77.7461733876148, 12.9369751066382], [77.7456583348678, 12.9360247379075], [77.7455965187996, 12.9359229162443], [77.7455437806811, 12.9358563483067], [77.7454563660548, 12.9357907480106], [77.7450754926029, 12.9356207277469], [77.7449724473388, 12.9355848137407], [77.7448177993934, 12.9355513146265]]}}, {"type": "Feature", "properties": {}, "geometry": {"type": "LineString", "coordinates": [[77.7490724214393, 12.941322491408], [77.7489833769019, 12.9411603184299], [77.7489098776306, 12.9410072957149], [77.7488251560229, 12.9408511357026], [77.7488062049704, 12.9407921518721], [77.7487734645788, 12.9406363406177], [77.7487098877122, 12.9404016863953], [77.7486371927392, 12.9403560261701], [77.7485827560759, 12.9403107786188], [77.7485262823474, 12.9402457117127], [77.748467148646, 12.940157180741], [77.7484432452229, 12.940110172177], [77.7484288417333, 12.9400693867753], [77.7483861895775, 12.9398413337206], [77.7483407562991, 12.9397095936029], [77.7483162765503, 12.9396575541006], [77.7482822188068, 12.9396022488532], [77.7481938017038, 12.9394988920563], [77.7481762225732, 12.9394725419577], [77.7479828898281, 12.9394790968351], [77.7479458466658, 12.9394205393775], [77.7478070018602, 12.9391255414022], [77.7477853506431, 12.9390498859442], [77.7477626250585, 12.9388937393701], [77.7477372232738, 12.9388147675478], [77.747699766696, 12.9387424168531], [77.7476002611715, 12.9385914335943], [77.7475784363519, 12.9385384210986], [77.7475397804134, 12.9384153454205], [77.7475143715569, 12.9383622803542], [77.7474778445717, 12.9383139060429], [77.7474298682292, 12.9382724373348], [77.7472185673177, 12.938151537848], [77.7471514809971, 12.9381008269962], [77.7471113270641, 12.9380559587342], [77.7470699597058, 12.9379957393322], [77.7470286275404, 12.9379194754197], [77.7470021745928, 12.9378549010446], [77.7469911676382, 12.9378082748694], [77.7469895171019, 12.937767813828], [77.7470111699317, 12.9376710227938], [77.7470829771976, 12.9374782388591], [77.7472117895667, 12.9372253443559]]}}, {"type": "Feature", "properties": {}, "geometry": {"type": "LineString", "coordinates": [[77.7165301535881, 12.9449037026387], [77.7165551324481, 12.9448058798659], [77.716567002242, 12.9446735293124], [77.7165683531932, 12.9445192573949], [77.7165579614543, 12.9444004471497], [77.7165383361996, 12.9443223985983], [77.7164496314211, 12.9440779440264], [77.7163853368314, 12.9438371798907], [77.7162814366694, 12.9435582109991], [77.7162603214283, 12.94348815365], [77.7162238063238, 12.9432827950434], [77.7162230472219, 12.943219531034], [77.7162316200362, 12.9431528038566], [77.7162506380999, 12.9430920347453], [77.71628248021, 12.9430298979861], [77.7163122783166, 12.9429895832073], [77.7163596951528, 12.9429445779435], [77.7164392048664, 12.9428905939492], [77.7169951550785, 12.9425564198515]]}}, {"type": "Feature", "properties": {}, "geometry": {"type": "LineString", "coordinates": [[77.7483840385914, 12.9447408825916], [77.7483872611676, 12.9436655456746], [77.7483741318562, 12.9435294804164], [77.7483081026877, 12.9432910743261], [77.7482982357938, 12.9431805651817], [77.7483087385505, 12.9430582243446], [77.7483396644231, 12.942917841739], [77.748367960433, 12.9428368178211], [77.7484468048167, 12.9426707801482], [77.7484622302828, 12.9426064157438], [77.7484600830138, 12.9425351319488], [77.7484248666147, 12.9423235207652], [77.7484344232315, 12.9419848126099], [77.7484184157405, 12.9418231726893], [77.7484198518685, 12.941534090783], [77.7485508905343, 12.9414159250364], [77.7485871936747, 12.9413912163208], [77.7486238327719, 12.9413756476002], [77.7486913193574, 12.9413616902983], [77.7490724214393, 12.941322491408]]}}, {"type": "Feature", "properties": {}, "geometry": {"type": "LineString", "coordinates": [[77.7470326288823, 12.9447916867073], [77.7472939292787, 12.9447758470231], [77.7474996075649, 12.944788453309], [77.7478740518327, 12.9447471474231], [77.7479696932613, 12.9447461315739], [77.7481616850627, 12.9447579431081], [77.7483840385914, 12.9447408825916]]}}, {"type": "Feature", "properties": {}, "geometry": {"type": "LineString", "coordinates": [[77.6946834478726, 12.9454888247466], [77.6950370856904, 12.9456892574308], [77.6953763793098, 12.9458584647969], [77.6955605286351, 12.9458520049676], [77.6957953773685, 12.9458437665848], [77.6963620979875, 12.9455883044097], [77.697097417703, 12.9456993930217], [77.6980613688995, 12.9459889445587], [77.6992259913065, 12.945755189571], [77.6991145812638, 12.9452188602543], [77.6991394321257, 12.94515048445], [77.6991609384489, 12.9451108233833], [77.6991853529736, 12.9450953315827], [77.69919993409, 12.9450915968829], [77.6992157979013, 12.9450938219567], [77.6992402884269, 12.9451195165694], [77.6992752368415, 12.9451475690353], [77.699485018046, 12.9453725283672], [77.6995432653502, 12.9454072944226], [77.6996219150386, 12.9454225360047], [77.6999482795605, 12.9454264274278], [77.7000547476516, 12.9454169228785], [77.7001144664151, 12.9453919691625], [77.7002957627304, 12.9452789420363], [77.7004114202762, 12.9452276725564], [77.7006284169148, 12.9451576205634], [77.7007856798881, 12.9451361842838], [77.7009119844426, 12.945148866436], [77.7010475672347, 12.9451860618326], [77.7011528961136, 12.945233255761], [77.7014800407166, 12.9454035922131], [77.7016934678226, 12.9454883616668], [77.7017750868443, 12.9455071834328], [77.7018527650243, 12.9454979143434], [77.7019992533353, 12.9454303837232], [77.7020921847616, 12.9454054925929], [77.7022401185632, 12.9453960232893], [77.7025777478767, 12.9454054984254], [77.7026734023074, 12.9453900551502], [77.7027534272301, 12.9453578160052], [77.7029314155947, 12.9452531695677], [77.7033097176188, 12.9450076764469], [77.7035422897182, 12.9448258030232], [77.7036661415502, 12.9446815516181], [77.7037164123592, 12.9445811640457], [77.7037423938316, 12.9444741087275], [77.7037569087612, 12.9443119072952], [77.7037594884367, 12.9439046413907], [77.703771262791, 12.9438302618125], [77.7037968987772, 12.9437733287142], [77.7038438647267, 12.943716059576], [77.703916356358, 12.9436473130307], [77.7040545602373, 12.943544095209], [77.7041974065635, 12.9434632217374], [77.7044630141099, 12.9433437237755], [77.7045407995605, 12.943301111576], [77.7045885200538, 12.9432549016237], [77.7046308299551, 12.9431802141847], [77.7046601017337, 12.943085106026], [77.7046612946362, 12.9430058099648], [77.7046438264266, 12.9429408208176], [77.7045733788105, 12.9427739960868], [77.7045587425837, 12.9426947305918], [77.7045717434226, 12.9426122324193], [77.7046130779246, 12.9425517198597], [77.7046669524298, 12.9425151499842], [77.7048323345544, 12.942430373872], [77.7049573667302, 12.9423486551917], [77.7050135537079, 12.9423004665949], [77.7051461946794, 12.9421417032473], [77.7052160129521, 12.9420734892128], [77.7052867608599, 12.9420271621311], [77.7053714083388, 12.9419940352306], [77.7055207706622, 12.9419709711816], [77.7056740811738, 12.941974181019], [77.7057719129338, 12.9419909037964], [77.7060059751591, 12.942053092122], [77.7060948969747, 12.9420646858428], [77.7061853204036, 12.9420635129804], [77.706321876868, 12.9420432671413], [77.7070307317882, 12.9418831957624], [77.7071771117565, 12.9418365289331], [77.7072497487787, 12.941781560994], [77.7072815820962, 12.941737755148], [77.707304294028, 12.9416874955801], [77.7073326113826, 12.9415806119931], [77.7073999540778, 12.9412260503862], [77.7074406359468, 12.94110944557], [77.7074797057479, 12.9410505624263], [77.7075244261677, 12.9410068855849], [77.7075767900892, 12.9409760952851], [77.7076358681703, 12.9409585281925], [77.7076886265959, 12.9409569394497], [77.7077289261253, 12.9409657170175], [77.7077688991093, 12.9409847673823], [77.7078036487741, 12.9410142814366], [77.7078483726982, 12.9410820648412], [77.707951574911, 12.9413110959002], [77.7080069182222, 12.9414057469032], [77.7080787687395, 12.9414800082473], [77.7081790793288, 12.9415338812879], [77.708273982913, 12.9415638975988], [77.7083765993524, 12.9415851596514], [77.7089491341864, 12.9416632048806], [77.7093743830441, 12.9417863273101], [77.7096640847169, 12.9418103603473], [77.7100761380285, 12.941892523064], [77.7101617111446, 12.9418863296126], [77.710225538367, 12.9418617377016], [77.7104589266186, 12.9416713947011], [77.7106303486048, 12.9415823022463], [77.7108650780622, 12.9414355664449], [77.7110107192732, 12.9413653357776], [77.7111491297032, 12.9413100242535], [77.7112571284394, 12.9412774558106], [77.7114380249148, 12.9412392788478], [77.7116164135484, 12.9412121009583], [77.7118722826288, 12.9411961630944], [77.7122090622026, 12.9412271652819], [77.7124242767624, 12.9412679047473], [77.7128848061531, 12.941391082265], [77.713065728589, 12.9414243730757], [77.7132178248229, 12.9414292659695], [77.713567402924, 12.9414094691767], [77.7137461533888, 12.9414269083133], [77.7139831369882, 12.9414828770892], [77.7141371494329, 12.9415501904196], [77.7144406267326, 12.941750421626], [77.7148715662437, 12.9420005829267], [77.7149761905547, 12.9420780516389], [77.7152367766559, 12.9423026746398], [77.7153058916224, 12.942348410556], [77.7153960438143, 12.9423902777023], [77.7155363463178, 12.9424230918765], [77.7158191971569, 12.942451000439], [77.716115298725, 12.9425229654498], [77.7162194372345, 12.9425392200115], [77.7163631967976, 12.9425447840897], [77.7166491966397, 12.9425322346398], [77.7169951550785, 12.9425564198515]]}}, {"type": "Feature", "properties": {}, "geometry": {"type": "LineString", "coordinates": [[77.6946834478726, 12.9454888247466], [77.6938441174471, 12.9460495758443], [77.6934599049061, 12.9465793864485], [77.6929759131861, 12.9468951111339], [77.6926865966674, 12.9471849226744], [77.6925201385514, 12.9475690707929], [77.6924052378073, 12.9482156059463], [77.6921556908462, 12.9499391101377], [77.6920623313455, 12.9503225037615], [77.6914593203732, 12.9509023773574], [77.6909996856827, 12.9512178504093], [77.6907598657545, 12.9515788539389], [77.6905203018562, 12.9519637570515], [77.6903792327192, 12.9524432501208], [77.6903838534503, 12.9528734343936], [77.6904851716417, 12.9532309135649], [77.6906829326863, 12.9534917895794], [77.6908568398286, 12.9538007155884], [77.6908835181938, 12.9540155562718], [77.6906685766017, 12.9544241077428], [77.6900422125494, 12.9550998282792], [77.6896336146684, 12.955629888949], [77.6887302306288, 12.9577425776125], [77.6885455532358, 12.9587005574106], [77.6885140108793, 12.9603023029298], [77.6887174238921, 12.9610889612104], [77.6888933905509, 12.9615890808249], [77.6885486823536, 12.9657993565528], [77.6885899972673, 12.9673764489826], [77.6886700374435, 12.9680209695867], [77.6888739142184, 12.9686987550044], [77.6889418619512, 12.9689374680327], [77.6889457751443, 12.9691688987111], [77.6889815217479, 12.9693834631695], [77.6890219298583, 12.9694901781836], [77.6891729448016, 12.9697950020086], [77.6892116491553, 12.9699168127639], [77.6892157152646, 12.9700140106167], [77.6891789901346, 12.9701754751393], [77.6891699486465, 12.9702451707414], [77.689170163131, 12.9703516715962], [77.6891788989508, 12.9704489142154], [77.6892711467796, 12.971027840449], [77.6893276187733, 12.9712193549915], [77.6893769731101, 12.9713562764476], [77.6894003929598, 12.9714010050354], [77.6894912162705, 12.9730787793307], [77.6894089436705, 12.9734425779495]]}}, {"type": "Feature", "properties": {}, "geometry": {"type": "LineString", "coordinates": [[77.7496204206324, 12.9453923907434], [77.7493556018123, 12.9452686590023], [77.749119812543, 12.9451752888118], [77.7488965882779, 12.9450637543818], [77.7487614529941, 12.944986434642], [77.7483840385914, 12.9447408825916]]}}, {"type": "Feature", "properties": {}, "geometry": {"type": "LineString", "coordinates": [[77.7496204206324, 12.9453923907434], [77.7495861113877, 12.9450965653867], [77.7495727120712, 12.9448771066126], [77.7495578819394, 12.944469007315], [77.7495637999181, 12.944312716188], [77.7495969867695, 12.9441105108938], [77.7497888796921, 12.9432212426727], [77.7498485735921, 12.9428703582219], [77.7498804068758, 12.9427715599731], [77.7499087365724, 12.9427306020412], [77.7499494413996, 12.9426986164063], [77.7499934582961, 12.9426831918418], [77.7500447100579, 12.9426821740547], [77.7501247217259, 12.9427006646487], [77.750345225975, 12.9427814541246], [77.7505318518781, 12.9428389038447], [77.7509652765627, 12.9429414776253], [77.7510885235745, 12.9429599324408], [77.7512102437654, 12.9429638831603], [77.7513089207455, 12.9429470900001], [77.7513553405527, 12.9429269795563], [77.7514124862293, 12.9428822051194], [77.7514585633647, 12.9428151801449], [77.7514892765743, 12.9427317864146], [77.7515074787543, 12.9426275467101], [77.7515196447377, 12.9423135855543], [77.7514755036239, 12.9418642358528], [77.7514430629979, 12.9417043562271], [77.7513897036143, 12.941595785342], [77.7512462256522, 12.9414367806393], [77.751046737419, 12.9411660295839], [77.7509823623617, 12.9411128460943], [77.7509041122691, 12.9410809370594], [77.7508272589704, 12.9410734258027], [77.7507339908355, 12.9410800803771], [77.7502485003846, 12.9411604865627], [77.7500926770219, 12.9412074943313], [77.7499098445384, 12.9412904912105], [77.7497832837062, 12.9413377889816], [77.7495040967174, 12.9413977373948], [77.7494273588634, 12.9414032027011], [77.7493553965348, 12.9413957559537], [77.7491535303329, 12.941333327724], [77.7490724214393, 12.941322491408]]}}, {"type": "Feature", "properties": {}, "geometry": {"type": "LineString", "coordinates": [[77.7494849487952, 12.9470566913446], [77.7494759910247, 12.9468134678186], [77.7494794495777, 12.9466644663477], [77.7494987082856, 12.9464624414308], [77.7495458541934, 12.9462582604479], [77.7495548083917, 12.9461818840295], [77.7495262614488, 12.9459219794207], [77.7495267155768, 12.9458079704348], [77.7495411452339, 12.9457194306745], [77.7496204206324, 12.9453923907434]]}}, {"type": "Feature", "properties": {}, "geometry": {"type": "LineString", "coordinates": [[77.7494849487952, 12.9470566913446], [77.7496747905682, 12.9468070707694], [77.7497610432665, 12.946677973039]]}}, {"type": "Feature", "properties": {}, "geometry": {"type": "LineString", "coordinates": [[77.7490368239306, 12.9475771294484], [77.7486046698364, 12.9475279283407], [77.7481022752137, 12.9474475463353], [77.7476549336009, 12.9473916836045], [77.7473847499111, 12.9473374215641], [77.7470070553032, 12.9472046431722], [77.7466645999648, 12.9470657718177], [77.7465545923239, 12.9469999429972], [77.7463596264184, 12.9468312843081]]}}, {"type": "Feature", "properties": {}, "geometry": {"type": "LineString", "coordinates": [[77.7490368239306, 12.9475771294484], [77.7492787466166, 12.9473575833248], [77.7493694841323, 12.9472384011819], [77.7494849487952, 12.9470566913446]]}}, {"type": "Feature", "properties": {}, "geometry": {"type": "LineString", "coordinates": [[77.7490368239306, 12.9475771294484], [77.7488926373537, 12.9480440805805], [77.7487307269805, 12.9488727931484], [77.7486532380975, 12.9496251243001], [77.7486298833823, 12.950272651331], [77.7486116428621, 12.9503834903725], [77.7485598415389, 12.950520780866], [77.7482042865426, 12.9523678944093]]}}, {"type": "Feature", "properties": {}, "geometry": {"type": "LineString", "coordinates": [[77.4851982317625, 12.9523932089347], [77.485211979829, 12.9521537926417], [77.4852121504379, 12.9520258294342], [77.48514576182, 12.9513125142075], [77.4850044264162, 12.950692327038], [77.4849639796998, 12.9504846130784], [77.4849468220297, 12.950314466947], [77.4849390658564, 12.9499860924383], [77.4849267499602, 12.9498801311893], [77.4848841974419, 12.9497460611837], [77.484814031955, 12.9495925274065], [77.4847734521303, 12.949534766668], [77.4847257555383, 12.9495024008566], [77.4846651696136, 12.9494952040362], [77.4845888376546, 12.9495100086506], [77.484468824645, 12.9495506237449], [77.4843707469933, 12.9495962672285], [77.484064614898, 12.9498016991052], [77.4840075809192, 12.9498252570349], [77.4839463525354, 12.9498363386825], [77.4838986517617, 12.9498338480726], [77.4838505917508, 12.9498216012094], [77.4837398568291, 12.9497717995518], [77.4836855689201, 12.9497205381126], [77.4836579584419, 12.9496524339562], [77.4836541265686, 12.9495218641899], [77.4836812930852, 12.949335010443], [77.4837319571449, 12.9491426679534], [77.4838083713595, 12.9489133642021], [77.4838832139822, 12.9487740402181], [77.4841729913916, 12.9483741775629], [77.48421356868, 12.9482961208011], [77.4842440268173, 12.9482085896877], [77.4842735779394, 12.9480257401514], [77.4843177352108, 12.9474486313558], [77.4843702160777, 12.9471031155995], [77.4843791320411, 12.9470002170708], [77.4843661638244, 12.9469242013953], [77.4843495842831, 12.9468933240544], [77.4843227482098, 12.9468657772443], [77.4842680960673, 12.9468395093665], [77.4840917937479, 12.9467998051085], [77.4840461048675, 12.9467742992155], [77.4840075218712, 12.9467365146904], [77.4839387049105, 12.9466197086234], [77.4837978508545, 12.946296947436], [77.4837674857347, 12.9461911038253], [77.4837524859149, 12.9459853224097], [77.4836735625672, 12.945813137264], [77.483654479674, 12.9457388612042], [77.4836530270916, 12.9456967526891], [77.4836617406662, 12.9456460064373], [77.4837352307747, 12.9454591096526], [77.4837554132437, 12.9453682296736], [77.4837457325606, 12.9452932803385], [77.4836940551821, 12.9451761589609], [77.4836966479446, 12.9450983929674], [77.4837585190207, 12.9449527589309], [77.4837802593824, 12.9448337271204], [77.4836740205668, 12.9445658056099], [77.4834527345559, 12.9443706952615], [77.4833903890522, 12.9442278577242], [77.4834285398093, 12.9440810737507], [77.4834626096038, 12.9438297423835], [77.4834462540413, 12.9437163491672], [77.4833521419981, 12.9434423342134], [77.4832645984327, 12.9432160665537], [77.4832586811855, 12.9429262717125], [77.4832393612395, 12.9426981595539], [77.4832234594548, 12.9421998862253], [77.483096801444, 12.9413129304051], [77.4831523666126, 12.9409276048177], [77.4832478614496, 12.9408138787793], [77.4835532487371, 12.9406611852558], [77.4838531295439, 12.9405051105787], [77.4840255024299, 12.9404562084244], [77.4844344978906, 12.9404166603298], [77.4845212625805, 12.940182655711], [77.4846926767372, 12.9398392537486], [77.4847534724175, 12.9396728864101], [77.4848091216484, 12.9393568292059], [77.4848047143603, 12.9390251120176], [77.4847593702835, 12.938807374626], [77.4846397685425, 12.9384726948628], [77.4842142201136, 12.9370534655695], [77.4840829341108, 12.9367036498899], [77.4840621972482, 12.9365134840615], [77.4840806081169, 12.9360544837292], [77.4840509002007, 12.9357629784164], [77.4837751642363, 12.9342171091686], [77.4837301829252, 12.9340426520722], [77.4836156678926, 12.9337153314269], [77.4835222115659, 12.9331809703143], [77.4834537375937, 12.9329776772923], [77.483239916417, 12.9326177021918], [77.483176512366, 12.9324388512224], [77.483180100076, 12.9322612264064], [77.4832944397346, 12.9318231141881], [77.4833449250822, 12.9313686040642], [77.483466367144, 12.9307862082588], [77.4834645468765, 12.93052069479], [77.4834059049173, 12.9302179493089], [77.4833078966997, 12.9299896082769], [77.4830684351334, 12.9296519682142], [77.4829275778985, 12.9294075755587], [77.4825119094348, 12.9285025002244], [77.4824102141382, 12.9283126541795], [77.4822495974519, 12.9281029601849], [77.4817890269451, 12.9276178649048], [77.481644918298, 12.9274133765749], [77.4810427751402, 12.9261607353775], [77.4809621258801, 12.9260521079953], [77.4808453722176, 12.9259339674305], [77.4805133437029, 12.9256918516699], [77.4804128732459, 12.9256025767866], [77.4802934769076, 12.9254577162279], [77.4802035732261, 12.9253027649946], [77.4801518953232, 12.9251617114291], [77.4801309355503, 12.9250161212332], [77.4801939232251, 12.9244558464144], [77.4801913929922, 12.92432910808], [77.4801693588686, 12.9242108872525], [77.4800883581248, 12.9239938090802], [77.4797899579745, 12.9234063995739], [77.4796294395535, 12.9230446756662], [77.4795005748728, 12.922618286641], [77.4792789082818, 12.9217138634136], [77.4792144596877, 12.9215644530689], [77.4789773455524, 12.9211288375888], [77.4788777316153, 12.9208894912973], [77.4788352286541, 12.9206945604308], [77.4787659951388, 12.9199614226607], [77.4786281615653, 12.9193694536395], [77.4785183924589, 12.9191718633947], [77.4781139935958, 12.9186781584112], [77.4778367926818, 12.9183111320583], [77.4777585802188, 12.9181817559945], [77.4777206342781, 12.9180640343739], [77.477698586822, 12.9178405603717], [77.4777160080778, 12.9176631984083], [77.4777843138545, 12.9174790967851], [77.4779527050632, 12.9171464008207], [77.4779997525662, 12.916957098823], [77.4780035219578, 12.9167143058424], [77.4779655085835, 12.9162404026435], [77.4779319636464, 12.9160760487793], [77.4778834830114, 12.9159438534475], [77.4776304863511, 12.9155077995962], [77.477482490297, 12.915150708264], [77.4772947235457, 12.9147841177244], [77.4772041409252, 12.9144771865674], [77.477175112892, 12.9141990157862], [77.4771952063281, 12.9140651569466], [77.4772524781075, 12.9138951103985], [77.4775954067484, 12.9130713452216], [77.4777912071293, 12.9126419606694], [77.4778697898925, 12.9124240968842], [77.4780045278153, 12.9117334285946], [77.4780467012302, 12.9110591507812], [77.477886162391, 12.9110033674317], [77.4778636172658, 12.9108151096419], [77.4778682322047, 12.9107375066204], [77.4778709531431, 12.9106917351129], [77.4780696992535, 12.9105891066212], [77.478113265066, 12.9101341836963], [77.4781098558799, 12.9100321065776], [77.4780919644099, 12.9099591117216], [77.4780564885746, 12.9098880066469], [77.4780063375476, 12.9098269721543], [77.4777550167101, 12.9096203400365], [77.4776603236778, 12.9095051449097], [77.4775922942235, 12.9093275361702], [77.4775359064249, 12.9090186523622], [77.4774225209468, 12.9088024762215], [77.4773926951222, 12.9087162224421], [77.4773448414234, 12.9086657334452], [77.4774420003875, 12.9084329999393], [77.4774585102759, 12.9084213407861], [77.4777867469814, 12.9085137132838], [77.4778408866381, 12.9084108130083], [77.4778914156517, 12.9082016334458], [77.477956754767, 12.9080221609486], [77.4780861292797, 12.9077487999056], [77.4781721830632, 12.9076191240527], [77.4783105228038, 12.9074749388298], [77.4784746633738, 12.9073368307142], [77.4787917619429, 12.9071119367811], [77.479111637566, 12.9069248615812], [77.4791711862362, 12.9068753669936], [77.4792127804112, 12.9068201879851], [77.4792505040495, 12.9067074269877], [77.4792555921697, 12.9065791000229], [77.4792301003776, 12.9063625037295], [77.4791764504269, 12.9060700862668]]}}, {"type": "Feature", "properties": {}, "geometry": {"type": "LineString", "coordinates": [[77.4851982317625, 12.9523932089347], [77.4854128124055, 12.9522884428851], [77.4855571506902, 12.9522345583655], [77.4857484390008, 12.9521973398966], [77.485899238443, 12.9521944343159], [77.4859964723612, 12.9522147567145], [77.4860841755664, 12.9522532726542], [77.4863362505607, 12.9524385613737], [77.4864204111355, 12.9524882340327], [77.4864799021922, 12.9525054271912], [77.48652631461, 12.9525041989664], [77.4865694735382, 12.9524884156262], [77.4866027452203, 12.9524645526728], [77.4867051310546, 12.9523314955651], [77.4867655221889, 12.9522802938626], [77.4868237388046, 12.9522549395679], [77.4870379531735, 12.9521926332536], [77.4871207809415, 12.9521484976831], [77.4873206547445, 12.9520195501522], [77.4873713195517, 12.9519972855709], [77.4874233440863, 12.9519893167804], [77.4874677909326, 12.9519966642562], [77.4875156558746, 12.9520198328546], [77.4876875175455, 12.9521713542744], [77.4877463574546, 12.9522140800371], [77.4878035465342, 12.9522361096432], [77.4878847132066, 12.9522463381406], [77.4879774251415, 12.9522410669623], [77.4880289334233, 12.9522244311541], [77.4880709164274, 12.9521888585524], [77.4881410092374, 12.9520908130504], [77.4881844776217, 12.9520551006605], [77.4882812836526, 12.9520123951951], [77.488324654134, 12.9520062508546], [77.4883612755758, 12.9520111069821], [77.4884296277518, 12.9520429782732], [77.4885321855913, 12.9521170406778], [77.4887241199962, 12.9522858387367], [77.4888264816103, 12.9523889089129], [77.4888903062669, 12.9524803162464], [77.4889768071329, 12.9526708550856], [77.4891738037946, 12.9529180499899], [77.4893180578177, 12.9531682198643], [77.4893837616304, 12.9533190974354], [77.4894654114138, 12.9536302574205], [77.4895285237535, 12.9538054756364], [77.4895819719593, 12.9539103419598], [77.4897965298554, 12.9542761371563], [77.4899644448265, 12.9546275262717], [77.4900335793671, 12.9548477433942], [77.4901335828017, 12.9553130843383], [77.4901689539395, 12.9554433391188], [77.4902202246363, 12.9555536217279], [77.4903629479669, 12.9557830517506], [77.4904064788564, 12.9558865697133], [77.4904264012905, 12.9560212375966], [77.4904389120924, 12.9563077040503], [77.490452750606, 12.9563781306298], [77.490477518436, 12.9564438412024], [77.4905727865781, 12.9565948049312], [77.4907046195694, 12.9567735683218], [77.4910262056593, 12.9571334345889], [77.4911820479577, 12.9573345247233], [77.4912437040433, 12.9574330994288], [77.4913600547726, 12.9576671059293], [77.4914991272378, 12.9578544188322], [77.4915971529945, 12.9580316890104], [77.4916164066525, 12.9580907012026], [77.4916199410676, 12.9581426177531], [77.4915702500378, 12.9582864336559], [77.49156721403, 12.9583830405916], [77.4916958767459, 12.9590956179444], [77.4917073177191, 12.9592003668897], [77.4917114140927, 12.9593614308348], [77.4917215528762, 12.9594202049735], [77.4917465195831, 12.9594885127704], [77.4917834818658, 12.9595606531371], [77.4920757661204, 12.9600453144045], [77.4921374437319, 12.960158891118], [77.4921636070064, 12.9602320726088], [77.4921997408176, 12.9604232768086], [77.4922859932694, 12.9606614412129], [77.4923273844197, 12.9610928672721], [77.4934667269299, 12.9629705083366], [77.4937152086222, 12.9634462294368], [77.4939393197215, 12.9639221845708], [77.4942131279472, 12.9644932829983], [77.4944635187037, 12.9651602262213], [77.4945206012003, 12.965996358188], [77.4944302589362, 12.9667143769262], [77.4937258632931, 12.9683364263878], [77.4937896349628, 12.9685042028534], [77.493947784684, 12.9690650333197], [77.4940146026328, 12.9692286704469], [77.4941247509636, 12.9694607016417], [77.494148623146, 12.9695420957041], [77.4941440519452, 12.9696002335677], [77.4941183755676, 12.9696564153239], [77.4940845970209, 12.9697006103464], [77.4939524611244, 12.9698390327462], [77.4939009247206, 12.9699170876496], [77.49387757617, 12.9699879542263], [77.4938868000467, 12.9700548963452], [77.4939138587895, 12.9701052274204], [77.4939487390109, 12.9701462235488], [77.4939897311455, 12.9701792075764], [77.4940338290867, 12.9701999239334], [77.4940986300629, 12.9702058159523], [77.4942465440336, 12.9701816720286], [77.4943066782064, 12.9701789993092], [77.4943687966954, 12.9701898112315], [77.4944233612887, 12.9702148940461], [77.49446926616, 12.9702566173942], [77.4944996485693, 12.9703062650894], [77.4945224394582, 12.9703721374132], [77.4945358747996, 12.9704531435956], [77.494545596685, 12.9708042364149], [77.4945307552456, 12.9711922052477], [77.4944684723077, 12.9717178107723], [77.4944381845413, 12.9721290103139], [77.4944260804431, 12.9725717771528], [77.4943585330334, 12.9730313856878], [77.4943467476957, 12.9731461733916], [77.4942856726671, 12.97367013927], [77.4935485505687, 12.9740415916243], [77.4936539748038, 12.9745306346251], [77.4937071003803, 12.9749693816512], [77.4936810498125, 12.9751070860801], [77.4936067908178, 12.9752990389678], [77.4936681332074, 12.9756450751083], [77.4937543849919, 12.9760446575487], [77.4938173739462, 12.9762502362258], [77.4939339807997, 12.9763327853533], [77.4939061581823, 12.9764732976984], [77.4938577174173, 12.9766293428757], [77.4938288011666, 12.9767850029195], [77.4937560380867, 12.9768215579416], [77.4936860243453, 12.9768282060868], [77.4936288525458, 12.9769004695799], [77.4935909748291, 12.9770741445908], [77.4935522619116, 12.9771641600636], [77.4935528280134, 12.9772209295595], [77.4935526306157, 12.9772223833743], [77.4935186268198, 12.9774731077041], [77.4935110360596, 12.977628564131], [77.4934986039203, 12.9779095683151], [77.4934794225659, 12.9781248977969], [77.4934586908993, 12.9781848594277], [77.4933491899219, 12.9782038386455], [77.4932338326201, 12.9782467796462], [77.4931793502327, 12.9782831592756], [77.4931467307846, 12.9783731163022], [77.4931238463948, 12.978522742777], [77.4931253956214, 12.9786781106739], [77.4931242460692, 12.978758514083], [77.4930103853834, 12.9788148341421], [77.493045574544, 12.9789694620302], [77.4930482073278, 12.9790417799021], [77.4930388792437, 12.9791131978495], [77.4930013878612, 12.9792713371315], [77.4929805749561, 12.9793968058839], [77.4929504073539, 12.9797011585634], [77.4929492073145, 12.9797813031572], [77.4929790904063, 12.9800560740218], [77.4930630004525, 12.9804077339259], [77.493114615319, 12.9805888230716], [77.4931545982268, 12.9807740000572], [77.4932495940709, 12.981110056667], [77.4933114157083, 12.981299022989], [77.4933674878421, 12.9815050048988], [77.493501133435, 12.9819385447831], [77.4935713373969, 12.9821370979746], [77.4936183884407, 12.9823463818497], [77.4937725835559, 12.9826318623216], [77.4939166128161, 12.9828195019423], [77.4940458002678, 12.9830360575621], [77.4940638729422, 12.9830839203817], [77.4941251105569, 12.9833375705789], [77.4941182639983, 12.9833842522409], [77.494111559626, 12.9834452746581], [77.4940974362035, 12.9834956103318], [77.4940795849095, 12.9835388107221], [77.4940361770338, 12.9835858423593], [77.4939782521341, 12.9836437703505], [77.4939492181234, 12.983665563969], [77.493572255903, 12.9837516823607], [77.4934498749743, 12.9838081046], [77.4933986747209, 12.9838822155746], [77.4933416529948, 12.9839469372303], [77.493296978225, 12.9840302744485], [77.4932660132716, 12.9840700995741], [77.4932064642673, 12.9841052631268], [77.4930313085394, 12.9841665698848], [77.4928754854592, 12.984239606419], [77.4928037860152, 12.9842600735982], [77.492727330308, 12.9842675642618], [77.4925630161705, 12.9842617967304], [77.492383564443, 12.9842699327546], [77.4921969965523, 12.9842455549336], [77.4921214282089, 12.984245765553], [77.4919236183116, 12.9842857702455], [77.4917223959248, 12.9842993602967], [77.4915447999784, 12.984355962426], [77.4914574170719, 12.984372200367], [77.491339294436, 12.9843701218061], [77.4911432017705, 12.9843430481441], [77.4910623283508, 12.9843448217736], [77.4909707351018, 12.9843697590539], [77.4909017669285, 12.984414800946], [77.4908637845523, 12.9844570973343], [77.4908185350497, 12.9845296402595], [77.4907623146841, 12.984639543237], [77.4907356220888, 12.9847117050004], [77.4907251347391, 12.9847978539155], [77.4907328752239, 12.9849741880096], [77.4906521104483, 12.9856007711184], [77.4905867992759, 12.9858494285523], [77.4905317041636, 12.9859845374275], [77.4904818682059, 12.9861506455598], [77.4904148397701, 12.9863192793243], [77.4903595365349, 12.9865623846017], [77.4903335792187, 12.9866286593466], [77.4898478647527, 12.9875273248474], [77.4895327650065, 12.990658394412]]}}, {"type": "Feature", "properties": {}, "geometry": {"type": "LineString", "coordinates": [[77.541124441999, 12.9528339694216], [77.5419541287617, 12.952646987014], [77.5420606257493, 12.9526093697448], [77.5421329186458, 12.9525627227346], [77.5422059463324, 12.95248418421], [77.5422758512496, 12.9523692428615], [77.5425719011898, 12.9517306641585], [77.542639029826, 12.9516498043251], [77.5427127499574, 12.9516004166171], [77.5428276737076, 12.9515602269071], [77.5429671324582, 12.9515518084167], [77.5431082688721, 12.9515720043915], [77.5434932512674, 12.9516715280053], [77.5435938216748, 12.9516746485561], [77.5437036875443, 12.9516504649245], [77.5437962596001, 12.9516127626041], [77.5438806082792, 12.9515626121778], [77.544386246417, 12.9511924989355], [77.5449071850253, 12.9508993744329], [77.5450360496943, 12.9508469511352], [77.5450789527034, 12.9508474363211], [77.5451177284582, 12.9508616583907], [77.5451910428807, 12.9509317485787], [77.5452427379905, 12.9510274229626], [77.5453555204521, 12.9513220582205], [77.5453958207845, 12.9513864231177], [77.5454437936728, 12.95143394558], [77.5456371790322, 12.9515512717425], [77.5459674125607, 12.9516960021152], [77.5461861660937, 12.9518282011408], [77.546279218354, 12.9518581024057], [77.5463953745384, 12.9518628457011], [77.5466638557278, 12.9518417575516], [77.5468718023579, 12.951837631864], [77.5474267561444, 12.9519112273656], [77.5477038099789, 12.951921181404], [77.5478291652473, 12.9519076744103], [77.5479520729395, 12.951880032191], [77.5486139099298, 12.9516668062643], [77.5489838835438, 12.9516024938384], [77.5491966168484, 12.9515874146688], [77.5496341327382, 12.9516146352527], [77.5498413834522, 12.951605462772], [77.5499674441394, 12.9516373297979], [77.5501356416459, 12.9521213203308], [77.5501754105619, 12.9521974254448], [77.5502640194437, 12.9522826118863], [77.5503814810233, 12.9523292703276], [77.5506060726973, 12.9523653182557], [77.5509472499978, 12.9523619769096], [77.5511707717345, 12.9522928554087], [77.551394097682, 12.9522046129517], [77.5519951897273, 12.9515642898336], [77.5521978430216, 12.9515922458786], [77.5525385886473, 12.9516235320629]]}}, {"type": "Feature", "properties": {}, "geometry": {"type": "LineString", "coordinates": [[77.541124441999, 12.9528339694216], [77.5408004624127, 12.9528025191935], [77.540604498963, 12.9528049819639], [77.5403563066821, 12.952843987126], [77.5396553659742, 12.9529999345628], [77.5393411870594, 12.9530490831602], [77.5387973678536, 12.9530907658581], [77.5382505775748, 12.9531554589136], [77.5381337335738, 12.9531479450983], [77.5380275212992, 12.9531022047312], [77.5379815283784, 12.953050187426], [77.5379578983872, 12.952986600067], [77.5379542978321, 12.9529065152799], [77.5379742938826, 12.9527913346741], [77.5380432082522, 12.9525969434281], [77.5382533923393, 12.952238636426], [77.5383329195905, 12.9520491117332], [77.5385373670643, 12.9512876755723], [77.5385885675649, 12.9509263210527], [77.538519019633, 12.9508676172703], [77.5384859197451, 12.9507508689042], [77.5384799501137, 12.9507298111429], [77.5385478100181, 12.9506201667737], [77.538483993073, 12.9503996414387], [77.5383510681851, 12.9502478344477], [77.5382111518698, 12.9500523710634], [77.5380654210452, 12.9498859701768], [77.5379673070173, 12.9496827667279], [77.5378177457669, 12.9494254278352], [77.5375276070628, 12.9490608318458], [77.5374754093543, 12.9489809764062], [77.5374560595704, 12.9489287454125], [77.5374524167149, 12.9488720943326], [77.5374642266188, 12.9488097571695], [77.5374886097404, 12.948755743203], [77.5375241675452, 12.9487138516013], [77.537604273109, 12.9486706921848], [77.5378285448516, 12.9486014157682], [77.5379134697981, 12.9485509824527], [77.5379811553684, 12.9484895383977], [77.5380159073331, 12.9484373965787], [77.5380402473716, 12.948377141822], [77.5380611243356, 12.948213871697], [77.5380343714091, 12.9479163235666], [77.5379180215472, 12.9474156324436], [77.5378119091869, 12.946739003189], [77.5377636347381, 12.9465181705611], [77.5377267441641, 12.9464147407687], [77.5376778765688, 12.9463252850672], [77.5376008633226, 12.9462291629771], [77.5374944067189, 12.9461214749243], [77.5373908052195, 12.9458966156707], [77.5372294258314, 12.9457266664095], [77.5370277667301, 12.9455632311036], [77.536867791455, 12.9454635363668], [77.5366717360244, 12.9453841197313], [77.5362599169068, 12.9452637181749], [77.5359869792951, 12.9452663735758], [77.535694545828, 12.9452692202057], [77.5353764314468, 12.9452747566517], [77.5351163299694, 12.9451387999576], [77.5349477430127, 12.9450770115734], [77.5340215194578, 12.944887764116], [77.5337919670115, 12.9448235754103], [77.5334164273739, 12.9446913104377], [77.5331816770195, 12.9446516269313], [77.5329956268211, 12.9446553895913], [77.5327723199701, 12.9446841068206], [77.5316533692964, 12.9449040502048], [77.5314236220759, 12.9449229963746], [77.5310061339586, 12.9449180763748], [77.5308513554583, 12.9449326483851], [77.5306869314163, 12.944991361179], [77.5303348641662, 12.9452031831648], [77.5302110870115, 12.9452414537707], [77.530065983201, 12.9452613459573], [77.5294919808246, 12.9452698229936], [77.529269822364, 12.9452456149651], [77.5290725957797, 12.9451652756372], [77.528913865957, 12.9450651504243], [77.5288013510595, 12.9449731741255], [77.528694007683, 12.9448339074253], [77.5286300344375, 12.9446378292536], [77.5286050209972, 12.9443645846174], [77.5286206444207, 12.9440773474342], [77.5286618909899, 12.9437534704469], [77.5287091216722, 12.943558872812], [77.528968874366, 12.9429811161274], [77.5290562450232, 12.9427047852724], [77.5290880480618, 12.9424582988201], [77.5290552123027, 12.9422457625459], [77.5289910711999, 12.9421149794461], [77.5285407334015, 12.9414183785717], [77.5283541766638, 12.9410657617258], [77.5281558930275, 12.9405961250889], [77.5278581506214, 12.9396267419383], [77.5277437624521, 12.939408723115], [77.5274373037138, 12.9389104865915], [77.5272917192798, 12.9385412970467], [77.5270244585439, 12.9379485624427], [77.5264461017946, 12.9367590396705], [77.5263561670673, 12.9366222956898], [77.5262511641396, 12.9365062400699], [77.5258059582333, 12.9361476818222]]}}, {"type": "Feature", "properties": {}, "geometry": {"type": "LineString", "coordinates": [[77.6185513390496, 12.9521065482007], [77.6179243917869, 12.9527748410599], [77.6177104277675, 12.9532623480701], [77.6166041554205, 12.9593448431533], [77.6163369492541, 12.9617617379923], [77.6160776268173, 12.9626009514043], [77.6154187405837, 12.9638569350501], [77.6140615320263, 12.9655851932712], [77.613896185546, 12.9660888201559], [77.6138039484302, 12.9665917116784], [77.6138071927846, 12.9669024193026], [77.6139345354571, 12.9674270084219], [77.6140623782241, 12.9679993969171], [77.6140420025365, 12.9683820518193], [77.6139716387277, 12.9686456926134], [77.6133636323931, 12.9687713168858], [77.6127558738329, 12.9689208401142], [77.6118840344346, 12.9694554644349], [77.6112785178059, 12.9698200899215], [77.6104772878561, 12.9701149701494], [77.6099448783493, 12.9704788603424], [77.6094119704243, 12.9707949481779], [77.6085619920133, 12.9710903115886], [77.607833367637, 12.9713366501409], [77.6071781013588, 12.9716061553074], [77.6065959461347, 12.9718749254396], [77.6059662928438, 12.9722636865922], [77.6051670375562, 12.9727497589143], [77.6045866190395, 12.9731858309648], [77.6044185117019, 12.9734265471714], [77.6043003903566, 12.9737862781374], [77.6042063914075, 12.9741218664329], [77.6041123913385, 12.9744574520336], [77.6040457490772, 12.9750796039134], [77.6041290663771, 12.9760588028534]]}}, {"type": "Feature", "properties": {}, "geometry": {"type": "LineString", "coordinates": [[77.7482042865426, 12.9523678944093], [77.7476246137898, 12.9523665475558], [77.7474881833924, 12.9523524938535], [77.7474015505479, 12.9523308569891], [77.7472720444361, 12.9522651542721], [77.7470646667815, 12.9521062900262], [77.7469652549739, 12.9520424123852], [77.7466610281914, 12.951891402975], [77.7462808355597, 12.9517275032591], [77.7462089528958, 12.951684420606], [77.7460709250766, 12.9515771172209], [77.746000835324, 12.9515384527709], [77.7459005440281, 12.9515073153328], [77.7456412652621, 12.9514591937869], [77.7455379015439, 12.9514317588345], [77.7451843253567, 12.9512735422796], [77.7449584213181, 12.9511415611552], [77.7447007349423, 12.9510934832065], [77.739823417075, 12.9489170340266], [77.7378399969742, 12.9480416015698], [77.7357473347187, 12.947203152096], [77.7342807002036, 12.9467883309865], [77.7253605410738, 12.9442058221047], [77.7240719589758, 12.9440280855649], [77.7226091911497, 12.9439668896173], [77.721653435025, 12.9439195098598], [77.7191302498702, 12.9429092090101], [77.7189806550019, 12.9428214534341], [77.7189282887248, 12.9427536267432], [77.7188629685369, 12.942687329958], [77.7187860717806, 12.9426273590571], [77.7186941280128, 12.9425716670993], [77.7186095441238, 12.9425338199644], [77.7185249475969, 12.9425111140447], [77.7183452701916, 12.9424860366657], [77.7178597459394, 12.9424409850796], [77.7175934977177, 12.9424306972248], [77.7173889430937, 12.9424436947988], [77.7172209516417, 12.9424682669064], [77.717105889746, 12.9425011074447], [77.7169951550785, 12.9425564198515]]}}, {"type": "Feature", "properties": {}, "geometry": {"type": "LineString", "coordinates": [[77.7600600805467, 12.9586518188075], [77.7606034361493, 12.9595999060506], [77.7607991594302, 12.9596695324097], [77.7617022954012, 12.9598033541338], [77.7623368745469, 12.9598922216726], [77.7627283193296, 12.9600314704475], [77.7630466654454, 12.9601714936523], [77.7633411724495, 12.960359570609], [77.7636369970482, 12.9606671354502], [77.763858405883, 12.9608559878047], [77.7643224231145, 12.9609466610454], [77.7649567418336, 12.9610116250324], [77.7661779665628, 12.9612615523484], [77.766839558026, 12.9615891247403], [77.767452417848, 12.9619172142294], [77.7682845768816, 12.9622429683498], [77.768554986622, 12.9624551953901], [77.7696064472597, 12.9627786114107], [77.7701242264231, 12.963322807753], [77.7723640799703, 12.9653304781122], [77.7734486618082, 12.9664422311158], [77.7749911876906, 12.9670949889411], [77.7765135966212, 12.9681303537938], [77.7768089168734, 12.9683901033971], [77.7768846697777, 12.9686282967837], [77.7770586868039, 12.9689371405574], [77.7773789058382, 12.9692444248486], [77.7777955317038, 12.9694550769924], [77.7781133638344, 12.9695472835586], [77.7789188867465, 12.9703718927544]]}}, {"type": "Feature", "properties": {}, "geometry": {"type": "LineString", "coordinates": [[77.7477765564033, 12.9559400128649], [77.7476959765504, 12.9558271525747], [77.7476515947398, 12.9557443832934], [77.7475017894094, 12.9553090560733], [77.7474575997829, 12.955213647062], [77.7474118716094, 12.9551437210517], [77.7473220717348, 12.9550525204216], [77.7472184448468, 12.9549791556203], [77.7470936438683, 12.9549153979933], [77.7469192280721, 12.9548543443671], [77.7468485494223, 12.954809281927], [77.7468111189874, 12.9547700032644], [77.7467793536473, 12.9547207137048], [77.7467623191358, 12.9546752732246], [77.7467586157743, 12.9546223705908], [77.7467708820354, 12.9545762587809], [77.7467942301977, 12.9545363678607], [77.7468271229768, 12.9545026905582], [77.7468682027867, 12.954474304434], [77.746966267401, 12.954429015583], [77.7472788724188, 12.9543177574327], [77.7473551675616, 12.9542776872524], [77.7474115491865, 12.9542346013601], [77.7474778382579, 12.9541579243458], [77.7475318269615, 12.9540668054348], [77.7475725371131, 12.9539689640039], [77.7476444384008, 12.9537565606074], [77.7476840974583, 12.953685324404], [77.747720005767, 12.9536457986473], [77.7477701571647, 12.953606808225], [77.7478301434218, 12.9535752207171], [77.747968081441, 12.9535210312409], [77.7480134405637, 12.9534879079176], [77.7480402799509, 12.9534550604234], [77.7480663932719, 12.953377857894], [77.7480711369063, 12.9531711062165], [77.7481246417127, 12.9529709302341], [77.748141912321, 12.9527251497412], [77.7481897854184, 12.9525463374086], [77.7482042865426, 12.9523678944093]]}}, {"type": "Feature", "properties": {}, "geometry": {"type": "LineString", "coordinates": [[77.7456871857523, 12.9569060400598], [77.7459369776492, 12.957067008426], [77.7461081356247, 12.9571447940549], [77.7462732471109, 12.9571814314185], [77.7463424432571, 12.9571761585944], [77.7463994306443, 12.9571575837755], [77.7464925646379, 12.9570961302558], [77.7466431453281, 12.9569422702218], [77.7467560258483, 12.9568462662565], [77.7471677075617, 12.9565875229161], [77.7474865455541, 12.9563346151949], [77.7476478554252, 12.9561652424256], [77.7477765564033, 12.9559400128649]]}}, {"type": "Feature", "properties": {}, "geometry": {"type": "LineString", "coordinates": [[77.7472267709543, 12.9581593442376], [77.7472775771245, 12.9577952948947], [77.7472960507004, 12.9577321845625], [77.74732043857, 12.9576837921582], [77.7473799387959, 12.9576166328088], [77.7474868113462, 12.9575325563113], [77.7478709822597, 12.9572021913923], [77.7479880162663, 12.9570822734453], [77.7480540480365, 12.9569874870748], [77.748148835449, 12.9568158993025], [77.748218692856, 12.9566672085926], [77.7482534011483, 12.9565678287866], [77.7482608140736, 12.9564923303636], [77.7482210151128, 12.9563659261443], [77.7482063593816, 12.9561825985585], [77.7481827342143, 12.9560985254117], [77.7481522897451, 12.9560425727304], [77.7481185556524, 12.9560092263488], [77.7480878617905, 12.9559895514343], [77.7479920555344, 12.9559519289022], [77.747886853322, 12.9559359183772], [77.7477765564033, 12.9559400128649]]}}, {"type": "Feature", "properties": {}, "geometry": {"type": "LineString", "coordinates": [[77.7475448583174, 12.958327258251], [77.7474985816422, 12.9583239246805], [77.7474512015936, 12.958305820599], [77.7472267709543, 12.9581593442376]]}}, {"type": "Feature", "properties": {}, "geometry": {"type": "LineString", "coordinates": [[77.7455060026101, 12.9589273078255], [77.7452711099529, 12.9587826780282], [77.7450710353508, 12.9586772342235], [77.7449873330929, 12.9586428479776], [77.744883362794, 12.9586169933313], [77.7447104273368, 12.9586032442288], [77.7442233429243, 12.9586194138448], [77.7439071601414, 12.9585962123151], [77.7437578944449, 12.9585631138311], [77.74350901312, 12.9584502626453], [77.7433617244007, 12.9584083653529], [77.7430209466091, 12.9583646099061], [77.7423215774129, 12.9583015967673], [77.7420731909535, 12.9582675188447]]}}, {"type": "Feature", "properties": {}, "geometry": {"type": "LineString", "coordinates": [[77.7455060026101, 12.9589273078255], [77.7459095273828, 12.9587377504129], [77.7467995575919, 12.9583649634487], [77.7472267709543, 12.9581593442376]]}}, {"type": "Feature", "properties": {}, "geometry": {"type": "LineString", "coordinates": [[77.7459882243245, 12.9599888133894], [77.745884592596, 12.9598312983253], [77.7458098446052, 12.9596905307436], [77.7456742884154, 12.9593789579853], [77.7455060026101, 12.9589273078255]]}}, {"type": "Feature", "properties": {}, "geometry": {"type": "LineString", "coordinates": [[77.5453418536843, 12.9629192120566], [77.5453761227208, 12.9628375414267], [77.5453871803969, 12.9627725454147], [77.5453659390402, 12.962496715231], [77.5453062778314, 12.9623926122281], [77.5452897105701, 12.962326059567], [77.5452427039076, 12.9622775007795], [77.5452391038403, 12.9622737820817], [77.5451770159147, 12.9622973092924], [77.5450578149193, 12.9621529381907], [77.5450095101429, 12.962058685657], [77.5446564387335, 12.9615987496015], [77.5445640353511, 12.9614543257736], [77.5443860380172, 12.9610077166153], [77.5443572398441, 12.9608895192318], [77.5443532173964, 12.960788483153], [77.5444678597134, 12.9603039958333], [77.5444831183467, 12.9601493555981], [77.5444738480119, 12.9600037286984], [77.5444424941165, 12.9598670776698], [77.5443901410877, 12.9597244602956], [77.5441855519857, 12.9592749285726], [77.5441115863693, 12.9591572357579], [77.5441013612541, 12.9591475366764], [77.5440427168285, 12.959052238325], [77.5440367812674, 12.9590416832962], [77.5439520286734, 12.9589140086072], [77.5438614833632, 12.9585483430079], [77.543834659418, 12.9580657088477], [77.5438137415821, 12.9579195505549], [77.5437163286136, 12.9575328251922], [77.5436299563436, 12.9573257756576], [77.5435762561101, 12.9572538304075], [77.5435146337717, 12.9572039249352], [77.5432306970471, 12.957106908708], [77.5431567556603, 12.9570662322286], [77.5430755272192, 12.957001367872], [77.5427283313204, 12.9565881812007], [77.5422045484165, 12.9561192645916], [77.5421171165808, 12.956010033218], [77.5420677283478, 12.9559210412375], [77.5419029182353, 12.9554956589258], [77.5417648040135, 12.955206690841], [77.5417313338889, 12.9551097961188], [77.5417246815329, 12.954992264592], [77.5417701342042, 12.9548094565853], [77.5417755911202, 12.9547180282527], [77.5417254319391, 12.9543735226756], [77.5416883288876, 12.9542160676926], [77.5414999013983, 12.9536706417995], [77.541124441999, 12.9528339694216]]}}, {"type": "Feature", "properties": {}, "geometry": {"type": "LineString", "coordinates": [[77.7448753873288, 12.9613355089893], [77.7452277492949, 12.9611201212762], [77.7455249692022, 12.9610033619228], [77.7455929161457, 12.9609535389749], [77.7456683163208, 12.9608734904047], [77.745806681426, 12.9606745997354], [77.7458915153092, 12.9604970929375], [77.7459385446011, 12.960318756441], [77.7459882243245, 12.9599888133894]]}}, {"type": "Feature", "properties": {}, "geometry": {"type": "LineString", "coordinates": [[77.7448753873288, 12.9613355089893], [77.7448667602587, 12.961839476628], [77.7448478262824, 12.9619977536266], [77.7446348193942, 12.9625719323289], [77.7445968159247, 12.9626470732808], [77.7445036265506, 12.9627856828288], [77.7433744258854, 12.9647006886814], [77.7428659596477, 12.9655956140156], [77.7427787760059, 12.9657696340078], [77.7424784667392, 12.9660484907413], [77.7418540468167, 12.9665752206037], [77.7417382286502, 12.9667813568379], [77.7416524091633, 12.9673826975548], [77.7415467485489, 12.967496218717], [77.7415073448862, 12.9678198940127], [77.7414984712981, 12.9678927901649], [77.7414880393842, 12.9679784777317], [77.7413908428331, 12.9679910801103], [77.7413145298131, 12.968000974593], [77.7411794549353, 12.9680184873232], [77.7411315427324, 12.9681302083634], [77.741090292898, 12.9682263931616], [77.7409786516117, 12.9684432928135], [77.7408683981358, 12.9686427786471], [77.7408724834416, 12.9687842253307], [77.7406842775606, 12.9689398561457], [77.740605040565, 12.9690543444118], [77.7402930899141, 12.9692862720761], [77.7400873376603, 12.9694139195659], [77.7399961341449, 12.9698152523302], [77.7400024290953, 12.9707593285561], [77.7400043421016, 12.9710462392108], [77.7398466808263, 12.9712530310531], [77.7395217987034, 12.9713462136325], [77.7391926251898, 12.9714047709228], [77.7391477734089, 12.9715211172431], [77.7390390198459, 12.9716533162861], [77.739059575293, 12.9717338329567], [77.7390969300525, 12.9718801516196], [77.7393437761464, 12.972669171271], [77.7395377724325, 12.9729308788662], [77.7396813022111, 12.9731045808856], [77.7396636490228, 12.9731967203516], [77.7396305503775, 12.9733694665971], [77.7395965743876, 12.9735467983987], [77.7395816508684, 12.9736246851498], [77.738775279726, 12.973670144142], [77.7370017622473, 12.9741787874331], [77.7362793199665, 12.9745275762047], [77.7329118967185, 12.9759364399656]]}}, {"type": "Feature", "properties": {}, "geometry": {"type": "LineString", "coordinates": [[77.7439495207451, 12.961391355868], [77.743993158458, 12.9613937774238], [77.7441122715465, 12.9614133596871], [77.7441903441878, 12.9614202582014], [77.7444579708503, 12.9614302960496], [77.7445837539055, 12.9614309443041], [77.7446323846194, 12.9614237847159], [77.7446761392284, 12.9614109105543], [77.7448753873288, 12.9613355089893]]}}, {"type": "Feature", "properties": {}, "geometry": {"type": "LineString", "coordinates": [[77.7474866627872, 12.9614172723712], [77.7474728987554, 12.9614134321692], [77.7474587358047, 12.9614000154254], [77.7473511702864, 12.9612348427611], [77.7472910740965, 12.9611660939108], [77.7472235470091, 12.9611216138432], [77.7470646070391, 12.9610410330466], [77.7469962162967, 12.9609888511658], [77.7469668347148, 12.9609556990891], [77.746940899789, 12.9609144104377], [77.7469229095562, 12.9608728401018], [77.7468929929067, 12.9607748866961], [77.7468676355536, 12.9607294040804], [77.7468273774038, 12.9606925673469], [77.7467112658703, 12.9606225648633], [77.7466664044259, 12.9605848128192], [77.7466458096105, 12.9605532400319], [77.7466318329924, 12.9605154935743], [77.7466078241592, 12.9603697699879], [77.7465931824343, 12.9603153884231], [77.7465680954458, 12.9602683455571], [77.7465242136877, 12.9602181306751], [77.7464276821972, 12.9601530839459], [77.7462113844117, 12.9600432651275], [77.7461313789955, 12.9600157102219], [77.7459882243245, 12.9599888133894]]}}, {"type": "Feature", "properties": {}, "geometry": {"type": "LineString", "coordinates": [[77.579036455763, 12.963493428688], [77.5790875391282, 12.9634643211805], [77.5791617748651, 12.9634123691806], [77.5791865889506, 12.9633866542438], [77.5792570236866, 12.9632990131692], [77.5792964197944, 12.9632609436488], [77.5793448111754, 12.9632205498489], [77.5794296433618, 12.9631611170487], [77.5795485175971, 12.9630916772428], [77.5796132075965, 12.9630605240043], [77.5797510167778, 12.9630055051367], [77.5799573158728, 12.9629351759727], [77.5801111569794, 12.9628877522724], [77.5801520785506, 12.9628726719339], [77.5802519799863, 12.9628262084357], [77.5803457390718, 12.962787616983], [77.5804580368844, 12.9627288430511], [77.5805502177341, 12.9626909483815], [77.5807136030923, 12.9626044154132], [77.5807671845447, 12.9625728336332], [77.5809068042154, 12.9624750236468], [77.5809787181524, 12.9624111263483], [77.5810973347691, 12.9623134793987], [77.5811592527955, 12.962247509319], [77.5811854298356, 12.9622244702812], [77.5812389681946, 12.9621899743464], [77.5813519400714, 12.9621264937123], [77.5813983037289, 12.9620921204075], [77.5815242775628, 12.9619668850738], [77.5815635882396, 12.9619341654406], [77.5816777851516, 12.9618602422947], [77.5818197258896, 12.961799640724], [77.5818560547766, 12.9617801508449], [77.5818917390973, 12.9617563985866], [77.5819119317649, 12.9617368998267], [77.5819229611032, 12.9617200360621], [77.5819410378715, 12.9616751733441], [77.5819512816404, 12.961639570926], [77.5829176091749, 12.9611059864389], [77.5829417981167, 12.9610845615771], [77.5829803112655, 12.9610390370773], [77.58301779581, 12.96100845759], [77.5832343779385, 12.9608892265897], [77.5833575911684, 12.9608345064018], [77.5834871646949, 12.9607475315832], [77.5836150440213, 12.9606725107129], [77.5836699390392, 12.9606266374314], [77.5836984692765, 12.9605914624032], [77.5837292608678, 12.9605432454229], [77.583802759046, 12.9603993022294], [77.5838184136065, 12.9603425615521], [77.583837044736, 12.9602190802653], [77.5838914173062, 12.9600681427446], [77.5839118839169, 12.9600352286599], [77.5839347256707, 12.9600084226585], [77.5839658908967, 12.9599780331945], [77.5840052791752, 12.959947183558], [77.5840612089508, 12.9599153737791], [77.58411718192, 12.9598968549987], [77.5841870082371, 12.9598835154357], [77.584337532187, 12.9598642259906], [77.5844122559581, 12.9598629926535], [77.5845051421991, 12.9598712150761], [77.5846600331136, 12.9599051824314], [77.5895413841301, 12.9583963842255], [77.5905373263556, 12.9580757301883], [77.5908767697672, 12.9579050284519], [77.5913363303255, 12.957565805182], [77.5917215435457, 12.9571078048137], [77.5947609004438, 12.9540656985809], [77.5986533387873, 12.9510389638437], [77.5995670234501, 12.95021564359], [77.6001303932262, 12.9500187940077], [77.6007287608574, 12.9499061154053], [77.6008196495943, 12.9499617392988], [77.6009478694033, 12.9500177339369], [77.6010362658829, 12.9500402763764], [77.6011940701303, 12.950059717154], [77.6012491996358, 12.950077638195], [77.6013129471096, 12.9501090490238], [77.6013651697539, 12.9501417141536], [77.6014064193371, 12.9501753697003], [77.6014701575516, 12.9502490936779], [77.6015528360544, 12.9503670303035], [77.6015821879795, 12.9503917549676], [77.6016108628363, 12.9504043198831], [77.6016588614363, 12.9504117979078], [77.6017215692897, 12.9504081848434], [77.6020053073381, 12.9503508774349], [77.6021440348384, 12.9503282113245], [77.6022476277186, 12.9503173769387], [77.6023382978559, 12.9503214905885], [77.6023977980432, 12.9503357657176], [77.6025414399343, 12.9503941919143], [77.6026252674313, 12.9504199730387], [77.6027067683709, 12.9504360149109], [77.6029298750865, 12.9504667110805], [77.6030373156154, 12.9504957966428], [77.6031399728483, 12.9505433274087], [77.603339372403, 12.9506585510367], [77.6034175528529, 12.9507104134185], [77.6035837594354, 12.9507494056038], [77.6037397338426, 12.9507581248424], [77.6041280527051, 12.9507244739928], [77.604307922228, 12.95069035369], [77.6045658597102, 12.9506235354206], [77.6047921106303, 12.9505843525755], [77.6048970947782, 12.9505492976499], [77.6050506856161, 12.9504654773422], [77.6051435186045, 12.9504262823803], [77.6055641005885, 12.9503171117711], [77.6056789348166, 12.9502722235989], [77.6059823060881, 12.950214983055], [77.6060334424255, 12.9502101088125], [77.6061811411585, 12.9501738482352], [77.606883227752, 12.950042719941], [77.6072235155519, 12.9499899265765], [77.607336361833, 12.9499620718962], [77.6075250485574, 12.949899880337], [77.6076443175702, 12.9498764458572], [77.6078168612072, 12.9498639497127], [77.6080740909576, 12.9498836204208], [77.6082317778288, 12.9498847383269], [77.608475955083, 12.9498670308497], [77.6087184911585, 12.949856785626], [77.6090206734094, 12.9498232676909], [77.6090815892645, 12.9498065747754], [77.6091728207654, 12.9497699069975], [77.6093358130182, 12.9496875189256], [77.609499618146, 12.9496474680111], [77.6095960086486, 12.9496141642795], [77.6098309365972, 12.9493483807969], [77.6103552261546, 12.9489604059494], [77.6107250270674, 12.9488993318034], [77.6114638320115, 12.948700701558], [77.6121652409056, 12.9486554248407], [77.6127695743542, 12.9486493654326], [77.6137411373535, 12.9493850919356], [77.6139383276341, 12.9495982409797], [77.6144294350809, 12.9499518593558], [77.6149929006064, 12.9502330410004], [77.6157503163541, 12.9504166608504], [77.6165321008496, 12.9506000344054], [77.6171186893056, 12.9507614621857], [77.6177067764508, 12.9510662923611], [77.6185513390496, 12.9521065482007]]}}, {"type": "Feature", "properties": {}, "geometry": {"type": "LineString", "coordinates": [[77.5459109804084, 12.9641418252779], [77.5456421837907, 12.9637836420142], [77.5455012132425, 12.9635461859838], [77.5454245401404, 12.9633786942138], [77.5453848367912, 12.9632173737888], [77.5453418536843, 12.9629192120566]]}}, {"type": "Feature", "properties": {}, "geometry": {"type": "LineString", "coordinates": [[77.48110563256, 12.9673836186501], [77.4811389791885, 12.9673002666019], [77.4811570805393, 12.9672031269603], [77.481157044061, 12.9671072697884], [77.4811368091124, 12.9669935712371], [77.4810578546966, 12.9666833543333], [77.480864621678, 12.9659991054368], [77.4807415731959, 12.9654393860551], [77.4805808666557, 12.9649300345811], [77.4804866960807, 12.9647042377975], [77.4804146171356, 12.964569920091], [77.4803176066431, 12.9644276993735], [77.4799858625601, 12.9640500498117], [77.479883344121, 12.9639795873028], [77.4796476790412, 12.9638867621603], [77.4795619870258, 12.9638407380732], [77.479497077027, 12.9637879854017], [77.4793612635947, 12.963646492554], [77.4792367273406, 12.9635324509766], [77.4791974496929, 12.9634711914452], [77.4791431781182, 12.9632941347875], [77.4790520306701, 12.9631020426144], [77.4790360389921, 12.9630267014214], [77.4790303448348, 12.9629305103695], [77.479038995225, 12.9628665002642], [77.4790636610131, 12.9628020837269], [77.4793380465778, 12.9623649839674], [77.4793866690934, 12.9623034581217], [77.4794687880308, 12.9622249380395], [77.4804599733128, 12.9612927149205], [77.4807098897385, 12.9609317529762], [77.4811065588696, 12.9606219844285], [77.481867572836, 12.9601844330603], [77.4825178484198, 12.9598865879917], [77.4828236067699, 12.9597498022529], [77.4831484348741, 12.9595698048554], [77.483712087776, 12.9590764229148], [77.4838636364474, 12.9589271943019], [77.484047645239, 12.9588141087352], [77.4840981953855, 12.958773708648], [77.4842912362281, 12.958531792721], [77.4844177280718, 12.9584008667635], [77.4845265771071, 12.9582448272567], [77.484657249633, 12.9580799627333], [77.4847517049255, 12.9578559182105], [77.4847860126582, 12.9577513444132], [77.4847945243018, 12.9576814800882], [77.4847910257194, 12.9576233747527], [77.4847388191784, 12.9573949221534], [77.4847257488904, 12.9572864573509], [77.484730798421, 12.9572019929006], [77.4847645891546, 12.9570285950528], [77.484760507958, 12.9569557726606], [77.4847413116976, 12.9569082282057], [77.4847076182282, 12.9568589111774], [77.4844978368437, 12.956631022444], [77.4844695167276, 12.9565745371895], [77.4844585288501, 12.9565148552958], [77.4844630902107, 12.9564348434469], [77.4844966586549, 12.9562420811025], [77.4844999958107, 12.9561645854511], [77.4844873490893, 12.956105762353], [77.4844222601711, 12.9559391563324], [77.4844010461858, 12.9558046316658], [77.4843995762577, 12.9557066759203], [77.4844233903427, 12.9556004115507], [77.4845507613382, 12.9552366179325], [77.4845753956055, 12.9551863043237], [77.4846215420327, 12.9551290389924], [77.4846754379963, 12.9550900137616], [77.4847505556115, 12.9550532002002], [77.48500399474, 12.9549718959597], [77.4852561090148, 12.954940458625], [77.4853654828532, 12.954894866602], [77.4854373519847, 12.9548443921644], [77.4854895816674, 12.9547871156456], [77.4855269769739, 12.954717936087], [77.485550527038, 12.9546385923341], [77.4855697234397, 12.9544636144336], [77.4855781971567, 12.9540511470146], [77.4856119052208, 12.9534907482992], [77.4856136157988, 12.9533593551929], [77.4856024618511, 12.953231863316], [77.4855638539119, 12.9530578066077], [77.4855037705887, 12.9528994869704], [77.4851982317625, 12.9523932089347]]}}, {"type": "Feature", "properties": {}, "geometry": {"type": "LineString", "coordinates": [[77.6681711580239, 12.9656392466093], [77.6681944659907, 12.965646139828], [77.6682506322928, 12.9656862894125], [77.6683040734372, 12.965713175404], [77.6685498129215, 12.9658029875592], [77.6686564741405, 12.9658689293606], [77.6687068238748, 12.9658926887235], [77.6688922321095, 12.9659451418614], [77.6691041900564, 12.9660333531342], [77.6691598198805, 12.966046242893], [77.6693117354335, 12.9660689258263], [77.6693711219509, 12.9660843507406], [77.6694238039864, 12.9661073253641], [77.6695891392726, 12.9661966514086], [77.6698478778255, 12.9662979752235], [77.6699171011776, 12.966315477116], [77.6700174939338, 12.9663312805531], [77.67029154237, 12.9663563410739], [77.6704411760349, 12.9663958162468], [77.6705255225525, 12.9664357663331], [77.6706638047106, 12.9665386318545], [77.6709106486569, 12.9666386817339], [77.6710790544558, 12.9666782682134], [77.6711705397273, 12.9666933513743], [77.6713001436204, 12.9666998539391], [77.6715729423351, 12.9667003212662], [77.6716471203722, 12.9667077089796], [77.6717237532786, 12.9667258009546], [77.6718072451577, 12.9667622063319], [77.6720661248475, 12.9669069220579], [77.6722593691971, 12.9670468353384], [77.6723249476499, 12.967084237557], [77.67239564763, 12.967105514145], [77.6725776468512, 12.9671243970998], [77.6726508786241, 12.9671403745541], [77.6728403707483, 12.9672190602022], [77.6730160086149, 12.9672563007902], [77.6731263190538, 12.9673183644464], [77.6743338438492, 12.9677266666636], [77.6777204243928, 12.9685379607717], [77.6782257501183, 12.9688434842172], [77.6786111380808, 12.9688729790379], [77.6789814943186, 12.9688643844241], [77.6795709152602, 12.9688296312025], [77.6803119350162, 12.9688411187412], [77.6809899536255, 12.9688867145882], [77.6820788781345, 12.9690894469819], [77.6820925994455, 12.9694394336714], [77.6821584301458, 12.9695109464409], [77.6822123049486, 12.9695604958089], [77.6822522395415, 12.9695813639604], [77.682313201852, 12.9695961451228], [77.6825084441772, 12.9696186041707], [77.6825908560172, 12.9696352815712], [77.6826610296522, 12.9696620891551], [77.6827288207865, 12.9697105860675], [77.6827750540212, 12.9697540359102], [77.6828210497201, 12.9698079745865], [77.6829028082139, 12.9699399773284], [77.6829401899623, 12.9699909477953], [77.6830096315367, 12.9700678396737], [77.683141144416, 12.9702003706654], [77.6831891307868, 12.9702565363099], [77.6832309717561, 12.9703238154364], [77.683315094876, 12.9704966641234], [77.6833435697479, 12.9705407929765], [77.683384179232, 12.9705893487449], [77.6834751390871, 12.9706688423884], [77.6836271532379, 12.9707689949957], [77.68367749975, 12.9708074697362], [77.6837153318844, 12.9708489625887], [77.6837840528798, 12.9709431287284], [77.6838217569587, 12.9709791213207], [77.6839724233545, 12.9710680712578], [77.6840655161807, 12.9711387401213], [77.684109686418, 12.9711628597118], [77.684153103703, 12.9711778430964], [77.6842105528438, 12.9711906129264], [77.6843613600926, 12.9712066560262], [77.6844396918075, 12.9712199808479], [77.6846337555665, 12.9712883795914], [77.6848778458365, 12.9713138265967], [77.6850188815454, 12.9713527659303], [77.6850862579184, 12.9713615982367], [77.685258976577, 12.9713505536217], [77.6853146459568, 12.9713544686174], [77.6854501494572, 12.9713740241958], [77.685658328792, 12.971365277217], [77.6857900271139, 12.9713792592394], [77.6858563925499, 12.9713791276575], [77.6858975839219, 12.9713727851668], [77.6859397431118, 12.9713594667552], [77.6860698724544, 12.9712883263275], [77.6861233301534, 12.9712674501077], [77.6861832821747, 12.9712600727745], [77.686276302037, 12.9712661673806], [77.6864748822212, 12.9713040155736], [77.6866774028603, 12.971439359271], [77.6875231227735, 12.9722022024523], [77.6877824008467, 12.9725162202308], [77.688182251913, 12.9728706143207], [77.6885748553567, 12.9731175242681], [77.6894089436705, 12.9734425779495]]}}, {"type": "Feature", "properties": {}, "geometry": {"type": "LineString", "coordinates": [[77.5475273530665, 12.9679357831937], [77.5469365975657, 12.9673143274465], [77.5468337687497, 12.9671910099949], [77.5466476381697, 12.9669382019395], [77.5465681530352, 12.966851900304], [77.5465026827055, 12.9668086380864], [77.5464159925401, 12.9667758098532], [77.5458862879322, 12.9666609743701], [77.5457973981708, 12.9666334138563], [77.5457420640417, 12.9666051807745], [77.5456615353846, 12.9665259251898], [77.5455235092646, 12.9663193997551], [77.5454506959866, 12.9662290119747], [77.5452529925644, 12.9660176014484], [77.5450726203279, 12.9658408118812], [77.5450324034437, 12.9657703608187], [77.5449992802301, 12.9656632535826], [77.5447659850247, 12.9647124112865], [77.5447325094559, 12.9645087259065], [77.5447035650698, 12.9644866897037], [77.5446594374478, 12.9643294599227], [77.5446876908214, 12.9641373658913], [77.5446889325646, 12.9641250385924], [77.5447263618362, 12.964001704431], [77.5447655255664, 12.9638918583312], [77.5447737222553, 12.9637799344091], [77.5447510248657, 12.9634674962974], [77.5447695062241, 12.9633710141488], [77.5448049047095, 12.9632886919511], [77.5448318547638, 12.9632508523366], [77.5448783172122, 12.9632089839923], [77.5451055146319, 12.963088337641], [77.5453418536843, 12.9629192120566]]}}, {"type": "Feature", "properties": {}, "geometry": {"type": "LineString", "coordinates": [[77.5475273530665, 12.9679357831937], [77.5476932445555, 12.967799172062], [77.5478138374448, 12.9677225870563], [77.5485958963553, 12.967349993623], [77.5486990231279, 12.9673137166792], [77.5487877082971, 12.967300709856], [77.5488699660759, 12.9673145563901], [77.5489341763398, 12.9673479310036], [77.5490120438267, 12.967420761583], [77.5490951546177, 12.9675381492863], [77.5495330196349, 12.9683021045974], [77.5498309950942, 12.9687884196023], [77.5499842890819, 12.9690023812808], [77.5501435521244, 12.9691867166683], [77.5504558142956, 12.9694769989445], [77.551077835326, 12.9699610958267], [77.5512762903652, 12.9700637668048], [77.5516297669532, 12.970181559658], [77.5517467965718, 12.9702536977715], [77.5518636291067, 12.970377135419], [77.5525492520717, 12.9712247991357], [77.5526694429551, 12.9713416080371], [77.5528933386442, 12.971515176253], [77.5530181234531, 12.971766431782], [77.5531318183302, 12.9720903873548], [77.5531806479405, 12.9722712669686], [77.5532738574534, 12.9727201634424], [77.5533344621951, 12.9729314246012], [77.5534829497933, 12.9732909679607], [77.5536489295761, 12.9738124997259], [77.5540661475405, 12.9749038245753], [77.5541062773968, 12.9750574360557], [77.5541809113975, 12.9754835508639], [77.5542095715413, 12.9758056889684], [77.5545299520329, 12.9761868400107], [77.554594148035, 12.9762621703907], [77.5553243721306, 12.9772214976342], [77.5558176477463, 12.9777778180922], [77.5563532363864, 12.9783138387169], [77.5565239429524, 12.9784393895987], [77.5566971825593, 12.9785174992171], [77.5568254340917, 12.978542281854], [77.5569758225337, 12.9785436675633], [77.5573780957325, 12.9784746380826], [77.5576840780264, 12.978383447652], [77.5587788761242, 12.9780112823214], [77.5597087369851, 12.9776387980988], [77.5599198572645, 12.9776060605816], [77.5600173357589, 12.9776243317088], [77.5600945590154, 12.9776654663604], [77.5601533068194, 12.9777241491585], [77.5602038507849, 12.9778096234109], [77.5602744713532, 12.9780608097171], [77.5604928820589, 12.9801534098485], [77.5605798367458, 12.9804302141724], [77.5607205112982, 12.9806861975801], [77.5609013704046, 12.9808983043266], [77.5612152219195, 12.9811656937646], [77.5622935203592, 12.9819407805811], [77.5627520438627, 12.9822232329498], [77.5632103607822, 12.9824323566059], [77.5633224189185, 12.98246092805], [77.5634369666437, 12.9824702195721], [77.5635450631236, 12.9825023570719], [77.5635893258161, 12.9825401663719], [77.5636241340241, 12.9826067535812], [77.5636497810384, 12.9827308013692], [77.5636615891188, 12.9829314783828], [77.5636638446734, 12.9831513721259], [77.5637005163705, 12.9833996110003], [77.563746985954, 12.983652534268], [77.5637683968279, 12.983838773276], [77.5637895625636, 12.984001111118], [77.5638555260481, 12.9843102129737], [77.5639322686663, 12.9843395254279], [77.564676332938, 12.9846237280452], [77.5657331655649, 12.9849684295937], [77.5657481606595, 12.9849728828121], [77.5665583558719, 12.9851654396765], [77.5666959011774, 12.9851775849337], [77.5669009068744, 12.9850556320364], [77.5669633922115, 12.9849689609995], [77.5670066737186, 12.9849111642543], [77.5670739847031, 12.9848196635621], [77.5671992488482, 12.9846750040216], [77.5673248584468, 12.9845638048677], [77.5674168352699, 12.9845007459041], [77.5674994070975, 12.984471244578], [77.5676405722735, 12.9844507272977], [77.567748008426, 12.9844687890333], [77.5678250629998, 12.9845191972594], [77.5681057923315, 12.9849092054288], [77.5683701672091, 12.9851191219389], [77.5685733173051, 12.9853193783289], [77.5686112034557, 12.9854480842881], [77.5686640071776, 12.9856053273107], [77.5686945065495, 12.9857269355795], [77.5687398525585, 12.9858699100189], [77.5687631890189, 12.9860059313544], [77.5687650060165, 12.9860811427927], [77.5687951637703, 12.9862709477335], [77.5688103771534, 12.986328166411], [77.5688474518473, 12.9863779982568], [77.5690567852788, 12.9864900956431], [77.569463080675, 12.9867271670613], [77.5695688505727, 12.9868072417524], [77.5696481726074, 12.9868913363248], [77.5697610045576, 12.987090222384], [77.5699235364301, 12.9872537210001], [77.5705384538467, 12.987563675798], [77.5705440427052, 12.9876546014334], [77.5705835582735, 12.9882975158301], [77.5708122016705, 12.9885405495589], [77.571373434039, 12.9889442985745], [77.5715052555967, 12.9891525431078], [77.5715904282589, 12.9895500402313], [77.571590447624, 12.989590134171], [77.5715851943947, 12.9898582383787], [77.5715814154588, 12.9900511023684], [77.5717213461523, 12.9903480256237], [77.5718407407174, 12.9906304331066], [77.5720457686569, 12.9909707934033], [77.5721417619848, 12.9911301460592], [77.572288688446, 12.9914706242617], [77.5723776508893, 12.9916280064136], [77.5724849193696, 12.9918735770151], [77.5725443210995, 12.9920698073877], [77.5725655150319, 12.9921787185534], [77.57290371481, 12.9922873523663], [77.5729745350871, 12.9923918869879], [77.5733199549121, 12.9929017462475], [77.5735906438375, 12.9932874303341], [77.5737814728568, 12.9935818966966], [77.5736356828142, 12.9938563108255], [77.5736219455817, 12.9939425002756], [77.5736152982093, 12.9940071065854], [77.5736497417583, 12.9941329731078], [77.5738431527567, 12.9943202342109], [77.5740196301883, 12.9945356038647], [77.5746021459174, 12.9955022963364], [77.5752648636082, 12.9964264239353], [77.5755433378976, 12.9969617111893], [77.5756006138832, 12.9971286543854], [77.5756220528905, 12.9972806677042], [77.5755979660948, 12.9974824625999], [77.5755120831063, 12.9977101941483], [77.5749411362785, 12.9986278762652], [77.5748440128665, 12.9988303703719], [77.5747833664273, 12.999025057359], [77.574711021277, 12.999430281029], [77.5745989699175, 13.0003677146173], [77.5745830898141, 13.000955627741], [77.5746099424041, 13.0013774123585], [77.5745788665934, 13.0016341103891], [77.5745010899304, 13.0017956130552], [77.5741256556533, 13.0023675006586], [77.5738417475692, 13.0029261202028], [77.5738246561259, 13.0029318450075], [77.5737957325459, 13.0029310938122], [77.5737790239297, 13.0029323987725], [77.5736758928888, 13.0029287760738], [77.5736451099575, 13.0029306045717], [77.5735323209178, 13.0029491632452], [77.5734286693689, 13.0029688635611], [77.5733715197574, 13.0029818463464], [77.5733093635715, 13.0030020584547], [77.5731942838277, 13.0030517787968], [77.573148038301, 13.0030738956741], [77.5730920469184, 13.0031075341637], [77.57296212297, 13.0031998184244], [77.5728906156659, 13.0032627866262], [77.5728570012227, 13.0032980137234], [77.5728336992778, 13.0033298527387], [77.5727722684363, 13.0034330273894], [77.5726577082043, 13.0035937534237], [77.5725445636681, 13.0037692891534], [77.5724979273268, 13.0038308181761], [77.5724047037105, 13.0039184271726], [77.5722361214521, 13.0040465998842], [77.5721708986644, 13.0041018444306], [77.5721174221591, 13.0041554149897], [77.5720588226457, 13.004224142862], [77.5720309496176, 13.0042538200244], [77.5720013884337, 13.0042818624165], [77.571955818239, 13.0043194755987], [77.5718363351172, 13.0044104607237], [77.5717924593166, 13.0044391463904], [77.5716093182316, 13.0045403994334], [77.5714555907781, 13.0046191442027], [77.5712952420393, 13.0047065155813], [77.570588733742, 13.0051522762679], [77.5704423376259, 13.0052353242253], [77.5704142284137, 13.0052478308627], [77.5703923364561, 13.0052550684313]]}}, {"type": "Feature", "properties": {}, "geometry": {"type": "LineString", "coordinates": [[77.4818350820842, 12.968599209128], [77.4817232740235, 12.968494014367], [77.4817022381046, 12.9684704293301], [77.4816838159531, 12.968444258822], [77.4816701508145, 12.9684141497275], [77.4816514058414, 12.9683417715719], [77.4816379034402, 12.9683096777257], [77.4816164793671, 12.9682794637416], [77.4815394705378, 12.9681941835937], [77.4815112055752, 12.96815359935], [77.4814618521533, 12.9680509583374], [77.4814322911288, 12.9679669061061], [77.4814204026996, 12.9679402811291], [77.4813667517179, 12.9678675573146], [77.481347550154, 12.9678362649961], [77.4813169754059, 12.9677771637004], [77.4812444283619, 12.9676162381614], [77.48110563256, 12.9673836186501]]}}, {"type": "Feature", "properties": {}, "geometry": {"type": "LineString", "coordinates": [[77.4812214061332, 12.9686496913525], [77.4811777916341, 12.9684461922474], [77.4811392350907, 12.9682244970538], [77.4810811161757, 12.9677672012105], [77.4810764208015, 12.9676074979061], [77.48110563256, 12.9673836186501]]}}, {"type": "Feature", "properties": {}, "geometry": {"type": "LineString", "coordinates": [[77.4818178225721, 12.968716829555], [77.4817646403927, 12.9686776576159], [77.4817234776467, 12.9686606614044], [77.4814931346138, 12.9686164689827], [77.4814570400879, 12.9686151155739], [77.4814168848437, 12.9686182407211], [77.4812214061332, 12.9686496913525]]}}, {"type": "Feature", "properties": {}, "geometry": {"type": "LineString", "coordinates": [[77.5490048835997, 12.969738623996], [77.5488190763798, 12.9694611008336], [77.5485438459421, 12.9689734666581], [77.5484649718278, 12.9688597342986], [77.5483628486358, 12.9687527454306], [77.5480309356743, 12.9684506418451], [77.5475273530665, 12.9679357831937]]}}, {"type": "Feature", "properties": {}, "geometry": {"type": "LineString", "coordinates": [[77.4789978943459, 12.9714180980728], [77.4790335483269, 12.9714020019965], [77.4790850505554, 12.9713550961467], [77.4791181432228, 12.971341214575], [77.4791605998616, 12.9713418543693], [77.4792665333522, 12.971369493988], [77.4793729417054, 12.9713684489994], [77.4794983959439, 12.9713422612169], [77.4796339005666, 12.97132511835], [77.4797572279266, 12.9712981348593], [77.4798472326395, 12.9712904544025], [77.4798829738418, 12.9712721998154], [77.4798986945405, 12.9712376416764], [77.4799021404016, 12.971197802111], [77.4798947586075, 12.9708912231033], [77.4799006734118, 12.9708500761161], [77.4799168662078, 12.9708117503723], [77.4799742491752, 12.9707492895686], [77.4804016854305, 12.9703704665639], [77.4805153289191, 12.9702628414], [77.4805760784148, 12.9701879793998], [77.4806246877908, 12.9700888999192], [77.4806437657412, 12.9700185995518], [77.4806521825824, 12.9699397271857], [77.4806583758887, 12.969567261663], [77.480643790448, 12.9693159006305], [77.4806498701197, 12.969260729654], [77.4806659453989, 12.9692139138619], [77.4806881665531, 12.9691751041654], [77.4807359861553, 12.9691140219731], [77.4809460654323, 12.9688865124327], [77.4810587468923, 12.9687822926313], [77.4812214061332, 12.9686496913525]]}}, {"type": "Feature", "properties": {}, "geometry": {"type": "LineString", "coordinates": [[77.6894089436705, 12.9734425779495], [77.6893725623183, 12.9736034535961], [77.6886172226567, 12.9761474778441]]}}, {"type": "Feature", "properties": {}, "geometry": {"type": "LineString", "coordinates": [[77.6886172226567, 12.9761474778441], [77.6871141785592, 12.9764084931384], [77.6861981941239, 12.9764466409098], [77.6840988508618, 12.9765684170784], [77.6836865937898, 12.9767889482844], [77.6827473991231, 12.9772628658554], [77.6823129656032, 12.9774650543434], [77.6821904387269, 12.9775091304524], [77.6818550445584, 12.9775958901206], [77.6817025420051, 12.9776287156504], [77.6809710908699, 12.9777278968222], [77.6806547429399, 12.9777780055525], [77.6803029313581, 12.9778420699829], [77.6797026212398, 12.9779319386705], [77.6787373847325, 12.978095396077], [77.6785471419391, 12.9781199688601], [77.6782542714158, 12.9781745756695], [77.6779112910181, 12.9782591855891], [77.6777844491562, 12.9782700129394], [77.677418875853, 12.978277812965], [77.6773248553417, 12.9782887519284], [77.6772369464152, 12.9783210786698], [77.6769590791474, 12.9784914901563], [77.6768020548056, 12.9785699233661], [77.6767312201234, 12.9785936157952], [77.6764823322334, 12.9786542478174], [77.6759163810733, 12.9788321313918], [77.6757451884503, 12.9789016950751], [77.6756368687911, 12.9789698391098], [77.6755908575828, 12.9789918158873], [77.6755738118542, 12.9790077878587], [77.6755550177044, 12.9790280598513], [77.6755450120641, 12.9790496741452], [77.6755351804545, 12.9791017513618], [77.6755571021713, 12.9791949380139], [77.6757421145419, 12.9800445223237], [77.6756786339605, 12.9801671837099], [77.6745684693838, 12.9804588865611], [77.6745432392952, 12.9804648275505], [77.6745053440524, 12.9804707778099], [77.6744674018808, 12.9804707924268], [77.6742838032994, 12.9805005978718], [77.6741432551057, 12.9805784682525], [77.6740716278406, 12.9806630914221], [77.6740452933096, 12.9806996096554], [77.6739967078413, 12.9808596205529], [77.6739268156418, 12.981298816785], [77.6739473506544, 12.9813742547062], [77.6739571867127, 12.9814103917658], [77.6740169099272, 12.9814694926321], [77.6738493393785, 12.9816030905752], [77.6737575138246, 12.9816407704155], [77.6735098906925, 12.9816657912861], [77.6725672031021, 12.9818308508464], [77.672371985034, 12.9818089557054], [77.6721581057692, 12.9817513997241], [77.672004194304, 12.9816035942386], [77.6718614460947, 12.9813600661059], [77.6717487778588, 12.9810803751456], [77.6715998743967, 12.9808309341528], [77.6711579526614, 12.9801029766673], [77.6702011019198, 12.979769945048], [77.6700929140571, 12.9797475819869], [77.6698016114461, 12.9797190470094], [77.6695638322647, 12.9796546549993], [77.6689691622619, 12.9794358703839], [77.6688248221402, 12.9793668314499], [77.6686576778463, 12.9792731491148], [77.6676396650786, 12.9786459878226], [77.6670155562546, 12.9782407962456], [77.6666776762825, 12.9780089835456], [77.666545880609, 12.9778959395926], [77.6663936211703, 12.9776974643506], [77.6662813326666, 12.9775657765759], [77.6661676033536, 12.9774464211911], [77.6660842061243, 12.9773774003712], [77.6660213670677, 12.9773415886026], [77.6659541187048, 12.9773199754018], [77.665722291929, 12.9772945346179], [77.6656578783319, 12.9772808122646], [77.6655754816241, 12.9772519663771], [77.6654998888662, 12.9772144956181], [77.6654041614069, 12.9771438628324], [77.6647803939543, 12.9766066949358], [77.6647304167048, 12.9765705476902], [77.664674082261, 12.9765416402984], [77.6645824601786, 12.9765166665512], [77.6644761190594, 12.9765083187105], [77.6643916446246, 12.9765150121907], [77.6642717345588, 12.976541147443], [77.664101635852, 12.9765910058942], [77.663978378839, 12.9766368312513], [77.6636138531061, 12.9768236433607], [77.6635121081757, 12.9768676744278], [77.6632596012441, 12.9769388230665], [77.6630734521107, 12.9769567407017], [77.6627803713126, 12.9774405148241], [77.6626912095582, 12.977650572673], [77.6626139798991, 12.9778366064231], [77.6625239925855, 12.9779689902441], [77.6623300494449, 12.9780665849911], [77.6621108447316, 12.9780807817018], [77.6618722816187, 12.9779935911481], [77.661754805247, 12.9778334530663], [77.6616791506651, 12.9775952059945], [77.6616078533866, 12.9773014867511], [77.6614971295943, 12.977208313596], [77.6613935214051, 12.9770784820304], [77.6613537330747, 12.9770512952807], [77.6613064336894, 12.9770352031616], [77.661214164126, 12.9770321438508], [77.6609333515798, 12.9770579832774], [77.6605569044406, 12.9770832048425], [77.660464012626, 12.9770933537906], [77.6598719530388, 12.9771824372197], [77.6594178498597, 12.9772571553457], [77.6589407989853, 12.9773623755797], [77.6580220995709, 12.9775451285563], [77.6579316609961, 12.9775697175906], [77.6578343291527, 12.9776111106152], [77.6575673198881, 12.9776970283366], [77.6569185273565, 12.9779964632985], [77.6553162440843, 12.9791661230346], [77.6539872015852, 12.9799980419492]]}}, {"type": "Feature", "properties": {}, "geometry": {"type": "LineString", "coordinates": [[77.6886172226567, 12.9761474778441], [77.688583692933, 12.9762604073568], [77.6884590360876, 12.9769070439824], [77.688465049315, 12.9774662831137], [77.688621598144, 12.978425516081], [77.6890313558314, 12.9790563824395], [77.6891769269006, 12.9792893032537], [77.6894323412315, 12.979622131342], [77.6896760293837, 12.9799920698349], [77.6897467725458, 12.9800691668201], [77.6898923933453, 12.9801813436776], [77.6899210819332, 12.9802213904299], [77.6899463456193, 12.9802821507896], [77.6899748807791, 12.9804126265745], [77.6899913990534, 12.9805425591306], [77.6900283565919, 12.9812043259704], [77.690206271943, 12.9820342352151], [77.6902340515615, 12.9822088908438], [77.6902643793634, 12.9824978064332], [77.6903120833291, 12.9828439630713], [77.6904118783077, 12.9833342289819], [77.690414158618, 12.9834241106334], [77.690402323941, 12.9834773025803], [77.6903798713621, 12.9835111178496], [77.6903357671756, 12.9835430262334], [77.6901080788545, 12.9836437370673], [77.6897232013829, 12.9837813298264], [77.6895905138294, 12.9838222293644], [77.6893147015495, 12.983890242429], [77.6892235518757, 12.9839214911824], [77.6891488875938, 12.9839597592344], [77.6890925164496, 12.9840009735592], [77.6890557222097, 12.9840457848603], [77.689037913069, 12.9840931269665], [77.6890386105373, 12.9841671880894], [77.689069773445, 12.9842575288641], [77.6897435309399, 12.985684524998], [77.6898000131822, 12.9858173952508], [77.6898178429684, 12.9858993072078], [77.6898134588112, 12.9859650023733], [77.6897913279786, 12.9860259036977], [77.6901853980832, 12.9862918528209], [77.690599221974, 12.9866962874507], [77.6911313381247, 12.987221393838], [77.6914491156796, 12.9875336045599], [77.6917223319035, 12.9877817415629], [77.6921416952469, 12.9880211926577], [77.6927141293078, 12.9882160341963], [77.6932126795445, 12.9883399345566], [77.6935281416451, 12.9884370495709], [77.693792349025, 12.988527526559], [77.6940895254524, 12.9886409248352], [77.6940779920856, 12.9887605031246], [77.6940126523659, 12.988924552189], [77.6939863631476, 12.9890108914272], [77.6938998614445, 12.9893754818337], [77.6938920303, 12.9894305700379], [77.6938960923819, 12.9894827227078], [77.6939089665894, 12.989518984075], [77.693933953072, 12.9895622844287], [77.6940975103036, 12.9897856847167], [77.6941489731063, 12.9898712716849], [77.6941813215587, 12.9899527171288], [77.6942571220116, 12.9901953107741], [77.6942902861774, 12.9902718361163], [77.6943189474007, 12.9903134207304], [77.6944366808002, 12.9903964664105], [77.6956471054038, 12.990642247622], [77.695966375432, 12.9908659994131], [77.6962130498815, 12.9911383069048], [77.6965813478854, 12.9915349615916], [77.6966670585725, 12.9916824883383], [77.6967113300004, 12.9917360896678], [77.6967513597169, 12.9917752260712], [77.6970989426998, 12.9920522163433], [77.697241964312, 12.9921535574235], [77.6973502271507, 12.9922514011637], [77.6973815058826, 12.9922723116894], [77.6974158046187, 12.9922854029269], [77.697447523408, 12.9922902533566], [77.6974943842992, 12.9922891586326], [77.6978674444412, 12.992245850441], [77.6984939276031, 12.9921568667706], [77.6986637016841, 12.9921545695796], [77.6988819587267, 12.9921660036341]]}}, {"type": "Feature", "properties": {}, "geometry": {"type": "LineString", "coordinates": [[77.7752383481206, 12.9813931806975], [77.7752252261847, 12.9813524675885], [77.7752068028699, 12.981317027723], [77.7750584743269, 12.9811563793033], [77.7750069530442, 12.9810934138782], [77.7748414366428, 12.9808779008919], [77.774708668267, 12.9806794431601], [77.7746729675789, 12.9805994185698], [77.7746430099225, 12.9804917535926], [77.7746395418202, 12.9804495887134], [77.7746486108508, 12.9804245125647], [77.7746660963968, 12.9804088458066], [77.7747105947465, 12.9803854184481], [77.7754957169881, 12.9800107002586], [77.7757554083822, 12.979891486293], [77.7758095326582, 12.9798624737745], [77.7758384580423, 12.9798413191036], [77.775868401909, 12.9798092758612], [77.7759471313804, 12.9797029416397], [77.7761725815292, 12.9794589436275], [77.7762979287387, 12.9793130576072], [77.7763376002778, 12.9792572987447], [77.7764186483034, 12.979114850547], [77.7764662316512, 12.9790454556722], [77.7768749503843, 12.9785397892219], [77.7769494408306, 12.9784581406771], [77.7770086753834, 12.9784128372674], [77.7770774521064, 12.9783792743224], [77.7771700022633, 12.9783467834294], [77.7772497276718, 12.9783267868377], [77.7773218917828, 12.9783176520393], [77.7773975528084, 12.9783174280637], [77.7774640947177, 12.978325140444], [77.7777485951501, 12.9783971248945], [77.7778618035748, 12.9784149541853], [77.7779172100483, 12.9784125256324], [77.777961855646, 12.97840026029], [77.7780003925664, 12.9783799584267], [77.7780385680947, 12.9783482723759], [77.7780825292586, 12.9782931504053], [77.7781292688788, 12.978215523449], [77.7782389882316, 12.9779765044427], [77.7783660871246, 12.9776274615599], [77.7784532160539, 12.9773560970448], [77.778467044598, 12.9772921276072], [77.778470425637, 12.9772248002173], [77.7784287406522, 12.9769387588357], [77.7784296700936, 12.9768063939548]]}}, {"type": "Feature", "properties": {}, "geometry": {"type": "LineString", "coordinates": [[77.7144319481572, 12.9854004128161], [77.7145001440775, 12.9853884644032], [77.715021980032, 12.985263124098], [77.7152629807419, 12.9852123204213], [77.7154776693978, 12.9851765433049], [77.7155589699941, 12.9851682707267], [77.7156399830032, 12.9851672713198], [77.7158297525428, 12.9851825508537], [77.7162574004051, 12.9853134406352], [77.7163890580443, 12.985590604078], [77.7164429528557, 12.9856993228212], [77.7165015676118, 12.9858231070953], [77.7165224092975, 12.9858623602823], [77.7165427232907, 12.9858960335524], [77.7165707901595, 12.9859351587912], [77.7166008923347, 12.9859688173317], [77.7166376059261, 12.9860030860561], [77.7167247258934, 12.9860758218134], [77.7167618961234, 12.9861094705555], [77.7167998870591, 12.9861487891837], [77.7168861132414, 12.9862448732354], [77.7169312674292, 12.9862892931362], [77.7169616021967, 12.9863144296655], [77.7169958889835, 12.9863384832936], [77.7170300532187, 12.9863600765617], [77.7171111667321, 12.9864074248084], [77.717227130598, 12.9864804124261], [77.7172976239909, 12.9865260640692], [77.7173543394487, 12.9865653610847], [77.7173895926623, 12.98659170628], [77.7174171518397, 12.9866147931586], [77.7175072159427, 12.9867002847232], [77.7175389283094, 12.9867285865537], [77.7175700171035, 12.9867529129253], [77.7176001288277, 12.9867725231741], [77.7176402308788, 12.9867949494477], [77.7176818123055, 12.9868154252573], [77.7177242739057, 12.9868336560547], [77.7177670761426, 12.9868494126124], [77.7178095643455, 12.9868624669078], [77.7178514632399, 12.9868727486498], [77.7178921994372, 12.9868801346584], [77.7179324457489, 12.986884742558], [77.7179823722639, 12.9868871145525], [77.718033628054, 12.9868861022237], [77.7180852211984, 12.9868817222727], [77.718136178004, 12.9868740580589], [77.7181856183071, 12.9868632380349], [77.7182326873927, 12.9868494436851], [77.7182772118835, 12.9868326569515], [77.7183158600339, 12.986814159323], [77.7183418368147, 12.9867984781373], [77.7183682740643, 12.9867797388027], [77.7183955969513, 12.9867576496044], [77.718424839166, 12.9867313767725], [77.7185319971178, 12.9866244711753], [77.7185862148847, 12.9865730496428], [77.7186737671922, 12.9864780538974], [77.7187158899257, 12.9864389035766], [77.7187453680483, 12.9864178938882], [77.7187756796008, 12.9864021122038], [77.7188151033214, 12.9863870906297], [77.7188588363076, 12.986375205556], [77.718912741651, 12.9863657668873], [77.7189696636267, 12.986360882048], [77.7190217406464, 12.9863606884194], [77.7190664587047, 12.9863661039235], [77.7190981099716, 12.9863730401148], [77.7191332298624, 12.9863829779679], [77.7192527887594, 12.9864239943838], [77.7192989172548, 12.9864380537018], [77.7194325440729, 12.9864716896418], [77.7195497384273, 12.986491128824], [77.7195774641738, 12.9864994628771], [77.7195998102103, 12.986510496448], [77.7196141126645, 12.9865207732005], [77.7196279285433, 12.9865334010479], [77.7196545632708, 12.9865661577622], [77.7196794548545, 12.9866072643254], [77.7197157433501, 12.9866785996418], [77.7197304195055, 12.9867113568737], [77.7197434054126, 12.986749199597], [77.7197786039414, 12.9868897267138], [77.7197962215988, 12.9869451778329], [77.7198199337735, 12.9870189103883], [77.7198295129407, 12.987044457128], [77.7198428651186, 12.9870705867733], [77.7198584858288, 12.9870912725624], [77.7198791071623, 12.9871102284721], [77.7199114113712, 12.9871340621059], [77.7199432421985, 12.9871526585473], [77.7200167883804, 12.9871862465336], [77.7200435184357, 12.9872022802641], [77.720073062355, 12.9872251382484], [77.7201021852161, 12.9872514568562], [77.7201306925999, 12.9872810619697], [77.7201582919886, 12.9873136531262], [77.7201878764724, 12.9873512325702], [77.7202059903759, 12.9873772057296], [77.7202198266822, 12.9874018542002], [77.7202291540487, 12.9874252508668], [77.7202319356501, 12.98743884065], [77.7202352230037, 12.9874734135802], [77.7202403235459, 12.9874888968932], [77.7202514920981, 12.9875016120333], [77.720269310427, 12.9875116902168], [77.7202867632327, 12.9875177243135], [77.7203332091489, 12.987529527118], [77.7203528668814, 12.9875360358659], [77.7204557658554, 12.9875768547681], [77.720664179827, 12.9876545002287], [77.7207723914323, 12.9876984630109], [77.7208045318728, 12.9877093604388], [77.7208336227386, 12.9877169979961], [77.7208668114109, 12.9877228148363], [77.7209024661028, 12.9877266058254], [77.7209399033883, 12.9877282941095], [77.7209792432116, 12.9877278974021], [77.7210238401222, 12.9877251294332], [77.7210706443764, 12.9877199291011], [77.721107143996, 12.9877141835807], [77.7211432571145, 12.9877059371153], [77.7211916819997, 12.9876916311844], [77.7213058949262, 12.9876524515957], [77.7215033260196, 12.9875892274198], [77.7215931580827, 12.9875601821754], [77.7218424830447, 12.9874751402073], [77.7220516544473, 12.987398928961], [77.7221430331161, 12.9873638085819], [77.7222214764474, 12.9873299330382], [77.7222912394308, 12.9872954519567], [77.7223536246772, 12.9872596958617], [77.7224088952104, 12.9872226249644], [77.7224319086575, 12.987205202093], [77.7224849351468, 12.9872694779248], [77.7225349982531, 12.9873350205786], [77.7225820979461, 12.9874018273467], [77.722626232402, 12.9874699000568], [77.7226674015902, 12.9875392360011], [77.7227056055094, 12.9876098351813], [77.7227408441481, 12.9876816966958], [77.7227731165838, 12.9877548205558], [77.7228041710275, 12.9878368822591], [77.7228333002137, 12.9879300120882], [77.722860321182, 12.9880316220606], [77.7229021035956, 12.988205456288], [77.7229036178735, 12.988211782825], [77.7229204629159, 12.9882925354371], [77.722957250947, 12.9884998431752], [77.7229704578011, 12.9885588288887], [77.7229848287922, 12.9886112016293], [77.7230056278914, 12.9886744049772], [77.7230314410917, 12.9887434519125], [77.7231131465662, 12.9889377312566], [77.7231489501523, 12.9890185398153], [77.7231895311236, 12.9891046849437], [77.7233521358343, 12.9894229469564], [77.7234155630994, 12.9895454254287], [77.7235051304637, 12.989711309364], [77.7235262555688, 12.9897540348224], [77.723543456674, 12.9897929775524], [77.7235637924664, 12.9898467809082], [77.7235833696757, 12.989907891267], [77.72363720107, 12.9901084038964], [77.7236668680244, 12.9902174981596], [77.7236841950947, 12.9902886818416], [77.7237046336221, 12.9903968367296], [77.7237317987124, 12.9905817824215], [77.7237558307627, 12.9907421320835], [77.7237677136405, 12.9908410956836], [77.7237801932906, 12.9910215530606], [77.7238046648408, 12.9912922085971], [77.723809666778, 12.9913832515312], [77.7238121346753, 12.9914847790986], [77.7238107473244, 12.9918242211445], [77.7238123507737, 12.9919512168243], [77.723815533242, 12.992030755732], [77.7238205535586, 12.9921044740631], [77.7238448433218, 12.9923412830193], [77.7238590012788, 12.9924804858302], [77.7238690095598, 12.9925555267292], [77.723881487876, 12.9926222363388], [77.723916249957, 12.9927809331507], [77.7239502996107, 12.9929464324019], [77.7239583961238, 12.9929957669056], [77.7239636708606, 12.9930401869877], [77.7239660988889, 12.9931042612539], [77.7239625120975, 12.9932443864059], [77.7239650718823, 12.993299679654], [77.7239703638025, 12.9933416198645], [77.7239787083496, 12.9933881016998], [77.7240131726909, 12.9935384808494], [77.724024182149, 12.9935927206754], [77.7240621200839, 12.9938431325834], [77.7240668724388, 12.993840846038], [77.7240925935737, 12.9941365932102], [77.7240945846158, 12.9941925211437], [77.7241105859827, 12.9942657484359], [77.7242779057006, 12.9947547273136], [77.7244392177413, 12.9951362833264], [77.7244824834506, 12.9952103066707], [77.7245961244195, 12.9953434562883], [77.7246088284336, 12.9953696889582], [77.7246092257374, 12.9953887905779], [77.7246445653763, 12.9955909302281], [77.7246769201925, 12.995647952303], [77.7247510266133, 12.9957052389911], [77.7247922133553, 12.9957303045977], [77.7248402687977, 12.9957548012652], [77.7248950750387, 12.995778983164], [77.7249806693144, 12.9958134372519], [77.725039099839, 12.9958322422955], [77.725152303901, 12.995860076767], [77.725197147135, 12.9958727551673], [77.7252417734479, 12.9958891061332], [77.7252806017539, 12.9959083273612], [77.7253345157717, 12.9959423306678], [77.7253688221032, 12.9959594584182], [77.7253805896418, 12.9959668977026], [77.7253894008697, 12.995972294841], [77.7253905272405, 12.9959748873644], [77.725407213068, 12.9960132959327], [77.7254298045492, 12.996116579558], [77.7255392686912, 12.9963617702111], [77.7255775784252, 12.9964732104094], [77.7256791626158, 12.9966667336792], [77.7257324109897, 12.9967524694508], [77.7257630191546, 12.9968130751576], [77.725794668453, 12.9968902309702], [77.7258467087603, 12.9970380148705], [77.7258827213407, 12.9971210282114], [77.7259193059791, 12.9971854790014], [77.7259227518751, 12.997206623571], [77.7259189223108, 12.997222387425], [77.7263040721751, 12.9978732413398], [77.726415894552, 12.9980692509697], [77.7264612189965, 12.9983137604284]]}}, {"type": "Feature", "properties": {}, "geometry": {"type": "LineString", "coordinates": [[77.7750791772425, 12.991941058382], [77.7753964438698, 12.9917036710064], [77.7754323955627, 12.9916662265764], [77.7754692159505, 12.9916178472961], [77.7754906142012, 12.9915809639905], [77.7755071605671, 12.99153867563], [77.7755172753788, 12.9914778125451], [77.7755165246254, 12.9914219479913], [77.7754728512739, 12.9910416758148], [77.7754592056428, 12.9908138373417], [77.7754683660393, 12.990484981604], [77.7754851683988, 12.9903039299904], [77.7755226526565, 12.9901610454251], [77.7756864231313, 12.9896939502623], [77.7757853419836, 12.9893950114319], [77.7759580285559, 12.9888351041179], [77.7759985298078, 12.9886593681849], [77.7760125599315, 12.9884869096414], [77.7760165063067, 12.9882599030613], [77.7759779634293, 12.9877485669348], [77.775972097896, 12.9876075882547], [77.7759789350618, 12.9875463772118], [77.7760083506693, 12.987463914746], [77.7760109803035, 12.9874173940686], [77.7759732566106, 12.9871157684306], [77.7759532105689, 12.9870364830356], [77.7759104666461, 12.9869040291319], [77.7758578421306, 12.9866830631388], [77.7758268638687, 12.9864759069113], [77.775829212976, 12.9864069509464], [77.7758470227507, 12.9863595083777], [77.775948969394, 12.986156969567], [77.776059822101, 12.9858789758515], [77.7760820255362, 12.9858401509032], [77.7761198033692, 12.9857898039938], [77.7761911442717, 12.985717741422], [77.7764924175541, 12.9854540654155], [77.7766901470635, 12.9853117618484], [77.7767541932703, 12.9852597556859], [77.7767916289362, 12.9852144456296], [77.7768088654495, 12.9851644256978], [77.7768069712897, 12.9851192243483], [77.77678825073, 12.9850311482849], [77.7767179182435, 12.984805013323], [77.7765401939587, 12.9843229478887], [77.7763886114235, 12.9838544388903], [77.7763204368395, 12.9835863298934], [77.7762828123982, 12.9834580252638], [77.7762712435447, 12.983381118017], [77.7762682147644, 12.9833062359837]]}}, {"type": "Feature", "properties": {}, "geometry": {"type": "LineString", "coordinates": [[77.4718191624476, 12.9953725107076], [77.4717546233385, 12.9953339434245], [77.4717217062375, 12.995308672953], [77.4717099686935, 12.9952952401522], [77.4716985381261, 12.9952758665561], [77.4716788988101, 12.9952275123835]]}}, {"type": "Feature", "properties": {}, "geometry": {"type": "LineString", "coordinates": [[77.4718191624476, 12.9953725107076], [77.472047114898, 12.9952139863497], [77.4720899372322, 12.9951933400378], [77.4722082951253, 12.9951482583345], [77.4723217878428, 12.9950818332018], [77.472416457653, 12.9950087675547], [77.4724464235516, 12.9949762431818], [77.4724655988468, 12.9949472946436], [77.4724914272232, 12.9948877251361], [77.4725106068829, 12.994808784429], [77.4725935935668, 12.9942809677014], [77.4726062229022, 12.994175007551], [77.4726043585721, 12.9940346405919], [77.4725594952367, 12.9935706020279], [77.4725631039205, 12.9935002221651], [77.4725810105935, 12.9934411409984], [77.4726016714331, 12.9934036735841], [77.4726307509575, 12.9933640922124], [77.4726841253162, 12.993305581378], [77.4727250690346, 12.9932701796147], [77.472756051929, 12.9932523610321], [77.4728408539182, 12.9932179764283], [77.4730011136482, 12.9931424366803], [77.4731402491331, 12.9930932031269], [77.4732090481617, 12.9930604173331], [77.4732506678095, 12.9930331804122], [77.4732940679335, 12.9929957530088], [77.4733320839202, 12.9929531428436], [77.4733609053081, 12.9929127254187], [77.4733889678675, 12.9928607168633], [77.4734138776516, 12.9927934617891], [77.4734914085844, 12.9924965998724], [77.4735282091376, 12.9923736042619], [77.4735958081972, 12.9922152175873], [77.4736294855412, 12.9921505750807], [77.4736906583554, 12.9920604980152], [77.4737878439573, 12.9919295853458], [77.4742833083138, 12.991303668775], [77.4743996244148, 12.9911411569102], [77.4744677803763, 12.9910186974051], [77.4744980966356, 12.99094097514], [77.4745133939939, 12.9908763631191], [77.4745259178341, 12.9907769409149], [77.4745493837858, 12.9904837192556], [77.4745639665483, 12.9903991501043], [77.4745879893332, 12.9903251777298], [77.4746340029089, 12.9902194164027], [77.4746708481933, 12.9901450923793], [77.4746999026042, 12.9901018329412], [77.4747281164205, 12.9900701663042], [77.474764222285, 12.9900412732416], [77.4747999095689, 12.9900218375792], [77.4749031331903, 12.9899784217292], [77.4749285902922, 12.989961725381], [77.4749574513394, 12.9899340144469], [77.4749923572261, 12.989884442437], [77.4751706301248, 12.9895834185503], [77.4752121844031, 12.9895198140265], [77.475249294835, 12.9894698577829], [77.4752984419428, 12.9894137956757], [77.4753593699654, 12.9893614295936], [77.4754346289149, 12.9893264026068], [77.4755362775405, 12.9892997219108], [77.4756394279258, 12.9892868017597], [77.475779996981, 12.9892893499076], [77.4758607600423, 12.9892840852311], [77.4759588634503, 12.9892603050007], [77.4760569679873, 12.9892236271434], [77.4760954423127, 12.9892036570023], [77.4761270502123, 12.9891803722807], [77.4763279801288, 12.9890020849609], [77.4763892672299, 12.9889572577527], [77.4764729435747, 12.9889181784475], [77.4767295127721, 12.9888230939967], [77.4768288976246, 12.9887753555933], [77.4769249042571, 12.9887149225559], [77.4771430809432, 12.9885532123208], [77.4774780898897, 12.9882689500762], [77.4778321282054, 12.987925791606], [77.4779863475521, 12.9877683617949], [77.4780267163607, 12.9877112979401], [77.4780607084029, 12.9876440870796], [77.478166983661, 12.987403377454], [77.4782062729731, 12.9872867177088]]}}, {"type": "Feature", "properties": {}, "geometry": {"type": "LineString", "coordinates": [[77.7124016240333, 12.9931136897849], [77.7126152040882, 12.9933398161083], [77.7126892232706, 12.9933873046065], [77.7129089420374, 12.9934961922798], [77.7130049578839, 12.9935726111487], [77.7130536751096, 12.9936390497711], [77.7131780726048, 12.9938585217748], [77.713425449965, 12.994222640968], [77.7134843535609, 12.9943312445858], [77.7135104252181, 12.9944021772377], [77.7135276949698, 12.994488212011], [77.7135612052694, 12.994912079791], [77.7135496046903, 12.9950060902806], [77.7134750141018, 12.995241741125], [77.7134696728314, 12.9953192848948], [77.7134828910633, 12.9954058967869], [77.7135155352972, 12.9955033220525], [77.7135752488045, 12.9956323256967], [77.7136334924112, 12.995733979363], [77.7136968638241, 12.9958212549178], [77.7138255990148, 12.9959462831205], [77.7140692454505, 12.9961183183543], [77.7141115920407, 12.9961635320696], [77.7141454627764, 12.9962209619145], [77.7141678000292, 12.9963160990856], [77.7141638160892, 12.9964043306734], [77.71414005255, 12.9964944800053], [77.7140585423151, 12.9967226783807], [77.7140395093984, 12.9968542855708], [77.7140507825605, 12.9969284550362], [77.7140791639657, 12.9970044438543], [77.7142054892668, 12.9971960686711], [77.7143426817904, 12.9975025243085], [77.7143952870227, 12.9976031146434], [77.7144701443821, 12.9976777998609], [77.7145591889297, 12.9977997961812], [77.7147188710015, 12.9980682190616], [77.7148063626659, 12.9982363765888], [77.7149749395453, 12.9986025212748], [77.7150675729493, 12.9988201376536], [77.7151703639869, 12.9990952626749], [77.7152146915458, 12.9991790511117], [77.715266461939, 12.9992385626506], [77.7154185554377, 12.9993526594381], [77.7155989485838, 12.9995091452536], [77.7156917788235, 12.9996015102084], [77.7158712328947, 12.9996760687926], [77.7159849875896, 12.9997143152221], [77.716215373611, 12.9997190751086], [77.7164746538121, 12.9996912664416], [77.7167261538238, 12.9996205141068], [77.7169519861793, 12.99954286124], [77.7171777403099, 12.9994580391174], [77.7173853718282, 12.999387747268], [77.71753124704, 12.9993539531805], [77.7176664677121, 12.9993489519864], [77.7177616724231, 12.9993622958328], [77.717885529855, 12.9994305533485], [77.7179436092996, 12.9995132395792], [77.7179467603527, 12.999577659794], [77.7179750945812, 12.9997146453764], [77.7180289314433, 12.999907082583], [77.7180580603213, 12.9999664583351], [77.7180939979529, 13.0000007977626], [77.7181427361766, 13.0000223878263], [77.7182015849379, 13.0000320660954], [77.7188000497081, 13.0000580924308], [77.7190012931794, 13.0000452921905], [77.7197668682174, 12.9998744184405], [77.7200433132304, 12.9997939309026], [77.7201096435459, 12.9997847144539], [77.7202937915688, 12.9997756371693], [77.7203592727168, 12.9997590880367], [77.7205282934276, 12.9996988850854], [77.720728622362, 12.9996846432817], [77.7209064043262, 12.9996507820759], [77.7216706179124, 12.9999957133125], [77.7224684689659, 13.0000983001266], [77.7246355454195, 12.9995123109151], [77.7253284584317, 12.999380396024], [77.7256975572104, 12.9992479478546], [77.7258851265722, 12.999126472605], [77.7261026382716, 12.9989568804271], [77.7261866319142, 12.9988364928343], [77.7263552697242, 12.9986554625748], [77.7264270769996, 12.9985352047484], [77.7264612189965, 12.9983137604284]]}}, {"type": "Feature", "properties": {}, "geometry": {"type": "LineString", "coordinates": [[77.4722783149816, 12.9973903048749], [77.4721274929921, 12.9973944931234], [77.4718864985447, 12.9973733100172], [77.4716493738428, 12.9973646892956], [77.4715682602835, 12.9973544811218], [77.4715145630466, 12.9973345928337], [77.4714680461516, 12.9972969364054], [77.4713615902408, 12.9971860120054], [77.471324236849, 12.9971365768863], [77.4712937136607, 12.9970641573856], [77.4712120186136, 12.996809485337], [77.4711995767333, 12.9967226643202], [77.4712023436379, 12.9966439150755], [77.4712207928948, 12.9965545268069], [77.4712506522543, 12.9964703398726], [77.4713016928147, 12.9963772053498], [77.4714667591757, 12.9961373901343], [77.4717649549837, 12.9956157223381], [77.4717993700619, 12.9955254674099], [77.4718191624476, 12.9953725107076]]}}, {"type": "Feature", "properties": {}, "geometry": {"type": "LineString", "coordinates": [[77.4722783149816, 12.9973903048749], [77.4725850726224, 12.9974558064166], [77.473005378142, 12.9975090143527], [77.4730871731098, 12.9975139697891], [77.4732392313102, 12.9975028763204], [77.4733232738407, 12.9974835004414], [77.4734755272966, 12.9974278592491], [77.4736674984334, 12.9973687107054], [77.4738607877605, 12.9972873213388], [77.473931531408, 12.9972633285773], [77.4745171413456, 12.9971035784385], [77.4745968476583, 12.997091922435], [77.4746711057477, 12.9970956806982], [77.4747594334429, 12.9971216856456], [77.4748007667217, 12.9971448994381], [77.4748361025901, 12.9971726445663], [77.4748753150529, 12.9972137201459], [77.4750042727734, 12.9973724814289], [77.475161002255, 12.9975065813164], [77.475319142115, 12.9976802268424], [77.4754054856259, 12.9977489032599], [77.47556853667, 12.9978285134042], [77.4756449960052, 12.997854189343], [77.4757656421457, 12.9978654340869], [77.4759208447943, 12.9978672535996], [77.4759950071372, 12.997857623269], [77.4763474686207, 12.9977880064324], [77.4766219449233, 12.9977239433715], [77.4768034256228, 12.9976642674368], [77.4771333544267, 12.9975342076174], [77.477235420654, 12.9975082797873], [77.4773114469183, 12.99750832776], [77.4773742565637, 12.9975244803496], [77.4775665747177, 12.9976310659728], [77.4776413724516, 12.9976617137933], [77.4777126229383, 12.9976701745943], [77.4777786108652, 12.9976567565856], [77.4778149957284, 12.9976400486288], [77.4778520973477, 12.9976147938806], [77.4779068354202, 12.9975555263407], [77.4779449546116, 12.9974899320398], [77.4780588485749, 12.9972485871762], [77.47811037904, 12.997174725167], [77.4781745580086, 12.9971080120367], [77.4782810750293, 12.9970339133709], [77.4785306137531, 12.9969076587694], [77.4786303290734, 12.9968641887353], [77.4787123751844, 12.9968432545579], [77.4787902260916, 12.996835569671], [77.478846823708, 12.9968364062586], [77.4789012775684, 12.9968450641741], [77.4789393600426, 12.9968583037621], [77.4790105389392, 12.9969051413443], [77.4791424870146, 12.9970491787798], [77.4792305452868, 12.9971212400116], [77.4792855109968, 12.9971506311176], [77.4793463963197, 12.9971729535704], [77.4794033542509, 12.9971841814171], [77.4794612663832, 12.9971879534426], [77.4796003123677, 12.9971777404343], [77.4796473557676, 12.9971681241695], [77.4796932238457, 12.9971514925583], [77.479758764114, 12.9971109406657], [77.4798736266071, 12.9970077492481], [77.4799343418465, 12.9969626752842], [77.4800151580313, 12.9969207107153], [77.480093763394, 12.9968970668437], [77.480139153865, 12.9968963631088], [77.4801915015826, 12.9969116147671], [77.4803630299075, 12.9970213060782], [77.4804659405675, 12.9970616230374], [77.4806605012363, 12.9970960968147], [77.4808868149552, 12.9971077643276], [77.4809937543991, 12.9970988982174], [77.4810944943599, 12.9970696748098], [77.4812270909077, 12.9970132405518], [77.4814228388716, 12.9969129880501], [77.48155362468, 12.9968545064492], [77.4816064731557, 12.9968415293475], [77.4816746883302, 12.9968552692553], [77.4820401407059, 12.9969288737], [77.4821593537217, 12.9971500529662], [77.4822405435364, 12.9971604467657], [77.4822756768147, 12.9972040762758], [77.482294077454, 12.9972158528038], [77.4823111523003, 12.9972168848867], [77.4823449530724, 12.9972128609608], [77.4823888181841, 12.9972143325886], [77.4825324529193, 12.9972615496478], [77.4826343448714, 12.9972812990113], [77.4830874020741, 12.9973140415956], [77.4832998217839, 12.9973392550485]]}}, {"type": "Feature", "properties": {}, "geometry": {"type": "LineString", "coordinates": [[77.7264612189965, 12.9983137604284], [77.7288144414588, 12.9996978234329], [77.7292474674525, 13.0002907959965], [77.7296205455322, 13.000974026772], [77.7297688732017, 13.0022786556879], [77.7297721674292, 13.0025797739495], [77.729946039287, 13.0033927746343], [77.7302610216989, 13.0034204460986], [77.7305846377609, 13.0034090561148], [77.7308288344004, 13.0034004609292], [77.7316659958598, 13.0033025966805], [77.732435972403, 13.0032486387282], [77.7328395598814, 13.0031783921836], [77.7331534120961, 13.0031643385778], [77.7333586427251, 13.003292440303], [77.7333668171904, 13.0035286906822], [77.7334282312799, 13.0036630570063], [77.7334459671476, 13.0036800887403], [77.7336895177921, 13.0038592506014], [77.7334722961657, 13.0040961772783], [77.7334667921037, 13.0041500120279], [77.7335127646015, 13.0042382745785], [77.7337318617555, 13.0042547331226], [77.7339395759004, 13.0042909139005], [77.7342822895759, 13.0043250521708], [77.7344761188024, 13.0043554908467], [77.734612858964, 13.004391817419], [77.7348019602213, 13.0044708032568], [77.7349221776053, 13.0045117708161], [77.7353832645937, 13.004607289154], [77.7354634955471, 13.0046313781511], [77.7355215796694, 13.0046596951894], [77.7355818449443, 13.0047059620483], [77.7356516481866, 13.0047815952389], [77.7357053287976, 13.0048545944398], [77.7357483447508, 13.0049360240214], [77.7357941010804, 13.0050947098513], [77.7358191640838, 13.0053113652281], [77.7358483545666, 13.0054702564258], [77.7358695083343, 13.0055396067006], [77.7359040626174, 13.0056135229537], [77.7359758362978, 13.0057159083598], [77.7360618856202, 13.0058113437488], [77.7361367332156, 13.0058706950401], [77.7362247467887, 13.0059171739807], [77.7363338879289, 13.0059455213576], [77.7370042701168, 13.0060518257836], [77.7375725071467, 13.0062170894271], [77.7378206768496, 13.0062706454432], [77.7380712687814, 13.0063426046188], [77.7384532136435, 13.0063786857784], [77.7386628928359, 13.0063856782248], [77.7387888050234, 13.0064046099021], [77.7389472400512, 13.0064140428252], [77.7391195156277, 13.0064374884091], [77.7402403957323, 13.0069794121171], [77.7410122202556, 13.0074460581186]]}}, {"type": "Feature", "properties": {}, "geometry": {"type": "LineString", "coordinates": [[77.7686205601662, 13.0012468435537], [77.7686976126464, 13.0010492141251], [77.7687680533563, 13.0009017865897], [77.7689575317741, 13.0006373235931], [77.769089311039, 13.0003906744084], [77.7691750659811, 13.0002996075492], [77.7692873309917, 13.0002272464121], [77.769703792451, 13.0000019641344], [77.7700134697034, 12.9997708727322], [77.7702062538151, 12.9995852379036], [77.7703948933785, 12.9994727254425], [77.7705535148149, 12.9993556978612], [77.7709493449901, 12.9991344372434], [77.7710943393818, 12.9990220136612], [77.7711981851048, 12.9989581670101], [77.7712677310119, 12.9989266187287], [77.7713386805514, 12.9989114768051], [77.7714272841466, 12.9989143102145], [77.7716364454541, 12.9989453901266], [77.7717228046873, 12.9989345865721], [77.7718414748321, 12.9988966338865], [77.7719687234129, 12.998828533559], [77.7722634681734, 12.9986037412277], [77.7726586810834, 12.9983834986113], [77.7727711545471, 12.9982854754535], [77.7729352600181, 12.9980895541793], [77.7730122683346, 12.9980112877088], [77.773079050273, 12.9979597673889], [77.7732272914536, 12.9978682831714], [77.773287853677, 12.9978141211285], [77.7733483290831, 12.9977226323802], [77.7734721389567, 12.9974634524133], [77.7735395060152, 12.9973448999142], [77.7736147675741, 12.9972414477554], [77.7736894036673, 12.9971771310909], [77.7738024681944, 12.9971319695559], [77.7739466668618, 12.9971090707578], [77.7740689413895, 12.9971101849879], [77.7741576486996, 12.9971365965518], [77.7742379354139, 12.9971923310861], [77.7742813911305, 12.9972474095673], [77.7743151990666, 12.9973238361635], [77.7743671777096, 12.99749952419]]}}, {"type": "Feature", "properties": {}, "geometry": {"type": "LineString", "coordinates": [[77.7689095758012, 13.002096962179], [77.7688758154318, 13.001788423445], [77.768859064601, 13.0017271640148], [77.7688130640099, 13.0016034587589], [77.7687828618544, 13.0014506119547], [77.7687570811949, 13.0013951280004], [77.7687151141542, 13.0013353091847], [77.7686814075688, 13.0012978369984], [77.7686205601662, 13.0012468435537]]}}, {"type": "Feature", "properties": {}, "geometry": {"type": "LineString", "coordinates": [[77.6284232892343, 13.0037638167534], [77.6285964821707, 13.0037752639012], [77.6287385505754, 13.0037591207957], [77.6288688910131, 13.0037621394201], [77.6289793032588, 13.0037549571118], [77.6292368457345, 13.0037130430278], [77.6295078512422, 13.003647031133], [77.6296280524209, 13.0036051749638], [77.6297624071689, 13.0035376015836], [77.6298739258245, 13.0034600673165], [77.6300466996044, 13.0033040816311], [77.6301035511941, 13.0032785279487], [77.6301653214105, 13.0032665966025], [77.6302714745599, 13.003264694926], [77.6303443720217, 13.0032797611662], [77.6307362430354, 13.0034391639299], [77.6308205403723, 13.00346783904], [77.6308916357197, 13.0034759897149], [77.6309635262454, 13.0034635300639], [77.6311252875602, 13.003574330007], [77.6312105841497, 13.0036558207714], [77.6312677037069, 13.0037391167564], [77.6314083267455, 13.0039889431771], [77.6314680996658, 13.0041007924191], [77.6316242558474, 13.0046022284284], [77.6316420471945, 13.0047242683151], [77.6316530427002, 13.0049909071274], [77.6316663245542, 13.0050448387011], [77.6316997838121, 13.0050959836734], [77.631735541147, 13.0051206987004], [77.6318128184381, 13.0051457523357], [77.6320681491325, 13.0051873958553], [77.6323215441434, 13.0052160216639], [77.632410329346, 13.0052361802262], [77.6324828974459, 13.0052630186745], [77.6325440718771, 13.0052979759947], [77.6325987835762, 13.0053407175889], [77.6327265646905, 13.0054866042064], [77.6328923153711, 13.0056413057252], [77.6330376624367, 13.005729072016], [77.6328738446999, 13.0058917940007], [77.6324061366656, 13.0062952662414], [77.632408538733, 13.0082552647687], [77.6325985943054, 13.0089405392707], [77.6326648267852, 13.00944182381], [77.6325718732401, 13.0098730160515], [77.6324562438773, 13.0099990568467], [77.6321789739393, 13.0101504570382], [77.6320911470062, 13.0102114881995], [77.6319768405949, 13.0103152147978], [77.6318549802211, 13.0104083785787], [77.6318021182747, 13.0104559066617], [77.6317611795453, 13.0105062742198], [77.631682362648, 13.0106288344237], [77.6316273220339, 13.0106804092751], [77.6315708421337, 13.0107117135939], [77.6314138270662, 13.010774528883], [77.6313294908882, 13.0108300886311], [77.631278403294, 13.0108789347791], [77.6312221900294, 13.0109462579377], [77.6311140693743, 13.0111179003001], [77.6310737644269, 13.0111729979332], [77.6310226562112, 13.0112281961263], [77.6309588850001, 13.0112847577339], [77.63067909184, 13.0114832291447], [77.6303137143519, 13.0117011343332], [77.6300864258198, 13.0116969123547], [77.6299705853067, 13.0116921119794], [77.6298362128795, 13.0116635961686], [77.6297443059047, 13.0116167224234], [77.6294091055769, 13.0115386598385], [77.6294168884312, 13.0115839610011], [77.6294599765979, 13.0116889592575], [77.6294627449751, 13.0117313146486], [77.6294558880641, 13.0117716382954], [77.6294401881003, 13.0118131664106], [77.6294108905743, 13.0118656389777], [77.6292379472329, 13.0121259301873], [77.6291860240106, 13.012189436011], [77.6291245214137, 13.0122457448163], [77.6286115127184, 13.0126446532199], [77.6285612779808, 13.0126984545824], [77.6285334636454, 13.0127555709513], [77.62851795361, 13.0128222995541], [77.6285082444022, 13.012902151919], [77.6285064276646, 13.0129573081644], [77.628511413908, 13.0130208441436], [77.6285406844349, 13.0131450210943], [77.6286118356452, 13.0133328848926], [77.6286262324072, 13.0134188800014], [77.6286269743072, 13.0135042772504], [77.6286095152055, 13.0138429881699], [77.6285981497028, 13.0139109756771], [77.6285744580302, 13.0139692942715], [77.6283758551516, 13.0142941402117], [77.628345899358, 13.0143510696145], [77.6283285277507, 13.0143984461761], [77.6283190389713, 13.014492042603], [77.6283235134535, 13.0146418720883], [77.6283350107161, 13.0147174558918], [77.6283610447043, 13.0148105946546], [77.6280000122715, 13.0154384321792], [77.6277100365527, 13.0156803992273], [77.6275913140072, 13.0159803865546], [77.6276344268829, 13.0166014228609], [77.6280890832963, 13.0192619725939], [77.6282105441332, 13.0203839921803], [77.6282378915411, 13.0206587760693], [77.6282277200601, 13.0208501012764], [77.6280705433642, 13.020971209066], [77.6274378006627, 13.0210732361265], [77.6269379860041, 13.0210663515866], [77.6266702375726, 13.0211049190533], [77.6265621880881, 13.0212613827423], [77.6265537799477, 13.0216200100775], [77.6267655037538, 13.0220481144446], [77.6268208060664, 13.0226690263762], [77.6252899133204, 13.0266046012798], [77.6246256868573, 13.0295035729333], [77.6247533612272, 13.0300520439794], [77.62512542677, 13.0306577939459], [77.6254340690801, 13.0321844448231], [77.6258739286004, 13.0345941667696], [77.6261854040187, 13.0375430013437], [77.6265220581602, 13.0382566683527], [77.6271869170878, 13.0388833450176], [77.6292224387043, 13.0400219578906], [77.6305535042333, 13.0402474596922], [77.6338847370718, 13.0405721193746], [77.6349978064271, 13.0409312797632], [77.6353494893315, 13.0409945208843], [77.6354439432272, 13.0410115060572]]}}, {"type": "Feature", "properties": {}, "geometry": {"type": "LineString", "coordinates": [[77.4813356830596, 13.011073228579], [77.4812892152186, 13.0110174878269], [77.4811213967768, 13.0107516777055], [77.4810719438734, 13.0107007738976], [77.4810081451336, 13.0106709523306], [77.4808854990307, 13.0106507331707], [77.4808391793149, 13.0106375603939], [77.4806204703394, 13.0105337036196], [77.4804579077064, 13.010418247202], [77.4802321413612, 13.0102960802426], [77.4800168130981, 13.0101498324252], [77.4799035162958, 13.0100820206823], [77.4798277353872, 13.0100202831762], [77.479754380107, 13.0099279144158], [77.4796745741544, 13.0097767963434], [77.479642094337, 13.0097285072964], [77.4795408443126, 13.0096337198816], [77.4794201995521, 13.0095426378516], [77.4793709250839, 13.0094972053434], [77.4792529773715, 13.0093211164384], [77.4790720887815, 13.009119396589], [77.4789887059778, 13.0090017718829], [77.4789500355416, 13.0089222480499], [77.4789081035623, 13.0088008399453], [77.4788488661965, 13.0086066960352], [77.4787533189942, 13.0082561263507], [77.4787293639086, 13.0082009215509], [77.4787017990853, 13.0081626251087], [77.4785737628689, 13.0080729277248], [77.4784551453862, 13.007967282848], [77.4783874839118, 13.0079268649021], [77.478187485893, 13.0078492027752], [77.477728810743, 13.0077070820835], [77.4776676883642, 13.0076773965586], [77.4776060629587, 13.0076330582365], [77.4774343097948, 13.0074839275857], [77.4773841670684, 13.0074286455972], [77.4773596739174, 13.007386672173], [77.4773012602132, 13.0072501553533], [77.4771934448369, 13.007091301178], [77.4771210607044, 13.0069734061348], [77.4770623054498, 13.006863988648], [77.4770299460315, 13.0068179874502], [77.4769874542954, 13.0067811144342], [77.4768780618608, 13.0067241536441], [77.4767989816747, 13.0066706168461], [77.4766978989914, 13.0065624706666], [77.4765560394458, 13.006444547395], [77.4765004488399, 13.0063768225631], [77.4764446411819, 13.0062780390156], [77.4764084056646, 13.0061899920463], [77.4763519551607, 13.0058639843315], [77.4762892419668, 13.005574907571], [77.4762178918068, 13.0053178612094], [77.476114721349, 13.0050109530019], [77.4758624274336, 13.0044318339646], [77.4754563216641, 13.0038102188515], [77.4754213252457, 13.0037342360775], [77.4753543865683, 13.0035282721271], [77.4753280334453, 13.003482068727], [77.4752767956331, 13.0034148973438], [77.4752577496652, 13.0033736667137], [77.4752372744461, 13.0032942403557], [77.4751084253296, 13.0026520521788], [77.4749443315755, 13.0019368566971], [77.4747841865453, 13.0013631072776], [77.4746961556594, 13.0009905726196], [77.4746324004279, 13.0007562835928], [77.4745682440699, 13.0005541009169], [77.4745165384467, 13.0004227348826], [77.4744635439464, 13.0003272504115], [77.4743566717453, 13.0001719061509], [77.4741179708094, 12.9998833843596], [77.4739779828972, 12.9996892796346], [77.4738965284411, 12.9995885990848], [77.4738030997244, 12.9994936723144], [77.473563904773, 12.9992836604163], [77.4731728729882, 12.998899382993], [77.4730068017374, 12.9987175002164], [77.4728598796492, 12.9985316157492], [77.4727421850266, 12.9983613906864], [77.4726115361998, 12.9981229925999], [77.4723969058841, 12.9976695410993], [77.4722783149816, 12.9973903048749]]}}, {"type": "Feature", "properties": {}, "geometry": {"type": "LineString", "coordinates": [[77.540330314864, 13.0130950853959], [77.5401403026084, 13.0129983675822], [77.5400629213873, 13.0129510168127], [77.5399965044424, 13.0128963164329], [77.5398539202642, 13.0127449176594], [77.5397877019491, 13.012687907807], [77.539713716204, 13.0126413729091], [77.5395421031845, 13.0125598116261], [77.5394322462814, 13.012496097015], [77.5393616802686, 13.0124433551145], [77.5392214345415, 13.0123148738281], [77.5391636729171, 13.0122728824311], [77.5390659745376, 13.0122234390161], [77.5388049134449, 13.0121336712111], [77.5386688695515, 13.0120701592553], [77.5385913585468, 13.0120219554367], [77.5385205546514, 13.0119670870083], [77.5383167994328, 13.0117686188836], [77.5382374257747, 13.0117049585552], [77.5381390150067, 13.0116547392858], [77.5379352426656, 13.0115861671079], [77.5378207122939, 13.0115228081874], [77.5377709723988, 13.0114852326666], [77.537701362907, 13.0114203120199], [77.537612159885, 13.0113189537246], [77.5374551359703, 13.0111191691729], [77.5374046893378, 13.0110690802], [77.5373638027936, 13.0110390775679], [77.5373108943926, 13.0110111873949], [77.5372386629723, 13.0109858479053], [77.5371451413716, 13.0109637821278], [77.5369496863134, 13.0109321798365], [77.5368729145755, 13.010907312889], [77.5368020775894, 13.0108743975878], [77.5367115465732, 13.0108146241056], [77.5366450717637, 13.0107517576401], [77.5365950249383, 13.0106853343476], [77.5364921134045, 13.0105238228931], [77.5364559196658, 13.0104837682648], [77.5364168688754, 13.010452242313], [77.5363638358439, 13.010422133299], [77.5363061541562, 13.010399966053], [77.5360192695537, 13.0103261641915], [77.5359546572145, 13.0102965585938], [77.5359069716507, 13.0102634310963], [77.5358688685951, 13.0102234329751], [77.5358396142449, 13.0101783385958], [77.5357319823177, 13.0099241253444], [77.5356003446014, 13.0096927903406], [77.5355186321295, 13.0094749827506], [77.5354852290049, 13.0094044211833], [77.5351466596459, 13.0087970982183], [77.5350346891646, 13.0086497269765], [77.5350045345601, 13.0085972454279], [77.5349604787611, 13.0084615843745], [77.5349351061417, 13.0082767401076], [77.5349099902999, 13.0081810739985], [77.5348984821744, 13.0080995479446], [77.5348860862013, 13.0080653823618], [77.5348572893703, 13.0080201098533], [77.5345822447403, 13.0076893397166], [77.5344935185528, 13.0076039043048], [77.5344221100769, 13.0075449999477], [77.5343158610307, 13.0074820188479], [77.5341762290637, 13.0074192255573], [77.5340980797809, 13.0073902321987], [77.533960705333, 13.0073532966551], [77.5339022787641, 13.0073313645614], [77.5338118944251, 13.0072776740559], [77.5337364364124, 13.0072190972218], [77.5336024385603, 13.0070766247007], [77.5331942343387, 13.0065341793476], [77.5330748039833, 13.0063908902059], [77.532948555078, 13.0062577972784], [77.5328581665419, 13.0061778632225], [77.5327781858806, 13.0061164507935], [77.5326898730077, 13.0060589973702], [77.5326098284542, 13.0060175133838], [77.5323186185422, 13.0058911908512], [77.5320994823069, 13.0058076893657], [77.5318981209712, 13.0056699702922], [77.5318210675432, 13.005627139565], [77.5316892206247, 13.0055866675656], [77.5314690902613, 13.0055396320998], [77.5313205161918, 13.005534316407], [77.5312281167435, 13.005548707584], [77.5310739927966, 13.0055997431105], [77.5308846442931, 13.005692759617], [77.5308114815473, 13.0057215568225], [77.530700129072, 13.0057516200366], [77.5304198948174, 13.0058133744033], [77.5303390540564, 13.005825258357], [77.5302473993725, 13.0058305258997], [77.5299722612552, 13.005824626786]]}}, {"type": "Feature", "properties": {}, "geometry": {"type": "LineString", "coordinates": [[77.4787949404081, 13.0161955308044], [77.4773792906106, 13.0159956322886], [77.4770374129898, 13.0157669857592]]}}, {"type": "Feature", "properties": {}, "geometry": {"type": "LineString", "coordinates": [[77.4787949404081, 13.0161955308044], [77.4797122960159, 13.0160041858603], [77.4798541026476, 13.0159583862138], [77.4799043996504, 13.0159314794494], [77.4799424270224, 13.0159007959281], [77.4799786730538, 13.0158513826269], [77.4800056035536, 13.0157845747104], [77.4801295819714, 13.0152787202075], [77.4801563823225, 13.0151951327481], [77.4801838634201, 13.015137831658], [77.4803822016547, 13.0148889823488], [77.4805935249946, 13.0145796365842], [77.4807904217386, 13.0143496290089], [77.48085251905, 13.0142654020741], [77.4811082328813, 13.0137098403824], [77.4813070360315, 13.0133229055689], [77.481408303928, 13.0131544550161], [77.4815060770171, 13.0130290844154], [77.4815960822903, 13.0129372159512], [77.4817077960865, 13.0128448722925], [77.4818340654202, 13.0127558533378], [77.4820025992386, 13.012660714288], [77.4823285859689, 13.0125104741155], [77.4825110606279, 13.0124417273051], [77.4827085513884, 13.0123840698873], [77.482834480605, 13.0123619193369], [77.4832421871763, 13.0123148690959], [77.4837715864017, 13.0121945732095], [77.484232011188, 13.0121103398398], [77.4845587993688, 13.0120257153827], [77.484680049913, 13.0120235256059], [77.485104870235, 13.0120580999067], [77.4852733423066, 13.0119962635715], [77.485358136943, 13.0119428599977], [77.4855006982494, 13.0118147958259], [77.4856553514376, 13.0116770548634], [77.4857833816897, 13.0115586934068], [77.48597945197, 13.0114181628795], [77.4861877340741, 13.011279906749], [77.4864059331367, 13.0111582891588], [77.4866777384245, 13.0110337668206], [77.4875221732149, 13.0105305975785], [77.4875493495988, 13.0105278577438], [77.4876025508038, 13.0105318207473], [77.4876568874453, 13.0105277732607], [77.4878955785384, 13.0104941369856], [77.4879551632297, 13.0104823033353], [77.4879959388021, 13.0104714478815], [77.4880597770375, 13.0104472713557], [77.4881009230433, 13.0104242286398], [77.4881611536385, 13.0103791499], [77.4881822910832, 13.010360341366], [77.4882381851009, 13.0103024781314], [77.4882825386914, 13.0102492566473], [77.4883369659463, 13.0101742328457], [77.4884127071984, 13.0100572845686], [77.4884498917245, 13.010013438793], [77.4884886853388, 13.0099793218196], [77.4885760509006, 13.0099158368054], [77.4885999514208, 13.0098928573881], [77.4886466577526, 13.0098408899385], [77.4887273076178, 13.0097755186637], [77.488793117012, 13.0097152924357], [77.4888280576834, 13.009678637421], [77.4888786114294, 13.0096131600474], [77.4889193687047, 13.0095674359064], [77.4889441808804, 13.0095451479325], [77.4890289603354, 13.0094817183422], [77.489084444361, 13.0094323915692], [77.48924434765, 13.0092695238434], [77.4893461407505, 13.0091687139809], [77.489419647974, 13.0091011758426], [77.489490056723, 13.0090293234025], [77.4895384946398, 13.008989418108], [77.4895683337602, 13.0089710879634], [77.4895979244277, 13.0089602682762], [77.4896493928378, 13.0089487055532], [77.4896888998623, 13.00893652398], [77.489710596766, 13.008925879427], [77.4897297840419, 13.0089103701271], [77.4897406031143, 13.0088950432373], [77.4897462490161, 13.0088802285894], [77.4897479720874, 13.0088638027065], [77.4897461346566, 13.0088480949449], [77.4897377836138, 13.0088237806275], [77.489712450091, 13.0087826543642], [77.4896992514208, 13.0087543569649], [77.4896947443504, 13.0087301223037], [77.4896985752851, 13.0087092345902], [77.4897116439965, 13.0086850038147], [77.4897470588457, 13.0086322799615], [77.4897683742716, 13.0085941284344], [77.489810643093, 13.0084846966486], [77.4898571946311, 13.0083858877527], [77.4899103051037, 13.0082993070988], [77.489939381673, 13.0082647790952], [77.4899665986493, 13.0082437997348], [77.489997311893, 13.00822720673], [77.4900423330122, 13.0082087136638], [77.4900887121666, 13.0081952870249], [77.4901215984316, 13.0081899921804], [77.4901568878129, 13.0081885846068], [77.4902319967615, 13.0081970883572], [77.4902635039722, 13.0081978213225], [77.4902988603233, 13.008192877697], [77.4903326140065, 13.0081829151581], [77.4903920850441, 13.0081593113721], [77.4904325497511, 13.008138691782], [77.4905269475607, 13.0080829043567], [77.4905547630589, 13.0080631859049], [77.490575062289, 13.0080444413011], [77.4906404289249, 13.0079596185499], [77.4907741900773, 13.0077645339646], [77.4909075362483, 13.0075901949353], [77.4909984044144, 13.0074483740489], [77.4911713433624, 13.0072433812764], [77.4912110368551, 13.0071882761621], [77.4912968175392, 13.0070600935852], [77.4913277901356, 13.0070242868943], [77.4914346611166, 13.0069148941992], [77.4914628886994, 13.006875013785], [77.4915049628576, 13.0068030156725], [77.4915254101676, 13.0067774346394], [77.4915504205496, 13.0067555773711], [77.4916410841461, 13.0066940765709], [77.4916759143378, 13.0066622181358], [77.4916942206115, 13.0066387899105], [77.4917104464357, 13.0066042975546], [77.4917168649846, 13.0065711922905], [77.4917275502909, 13.0064129739572], [77.4917335435711, 13.0062038018521], [77.491739848909, 13.0061598231775], [77.4917498815982, 13.0061310064422], [77.4917712344399, 13.0060941582211], [77.4918715218497, 13.005966716249], [77.4919697394194, 13.0058181197639], [77.4920686124383, 13.005702499143], [77.4920960766244, 13.0056743986025], [77.4921183448006, 13.0056554931679], [77.4921640141741, 13.0056272475822], [77.4922094696651, 13.0056074770437], [77.4924152732914, 13.0055495005515], [77.4924525000858, 13.0055366737912], [77.4924939174147, 13.0055184119895], [77.4926396592321, 13.005438944369], [77.4927288858375, 13.0053786632838], [77.4928027217855, 13.0053325161701], [77.4929825705564, 13.0052392360292], [77.4931132805886, 13.0051581155598], [77.4932320780011, 13.0051018056852], [77.4933191172519, 13.0050688464207], [77.4935484567201, 13.0050071699505], [77.4937321732091, 13.0049777158612], [77.4938281317507, 13.0049661847843], [77.4939104614335, 13.0049508110847], [77.494068377571, 13.0049044374049], [77.4943655155674, 13.0048422802679], [77.494541109238, 13.0047972018658], [77.4946330448596, 13.0047782065517], [77.4946944401475, 13.0047685994143], [77.4947228768313, 13.0047665723367], [77.494845076258, 13.0047718177105], [77.4949123056101, 13.0047672664103], [77.4950050703831, 13.0047507557433], [77.4951019297318, 13.0047192230042], [77.4951748179523, 13.0046903240342], [77.4952389181188, 13.0046576597579], [77.4952663282724, 13.0046389486061], [77.4953192621794, 13.0045950455921], [77.4953648798385, 13.004562061198], [77.4954195018387, 13.0045298738252], [77.495528531638, 13.0044759617825], [77.495587103708, 13.0044423151948], [77.4957389880833, 13.0043304870674]]}}, {"type": "Feature", "properties": {}, "geometry": {"type": "LineString", "coordinates": [[77.4852710315856, 13.0187333355959], [77.4854263365659, 13.0187324673142], [77.4856530265998, 13.0187361321781], [77.4857748192115, 13.0187195162639]]}}, {"type": "Feature", "properties": {}, "geometry": {"type": "LineString", "coordinates": [[77.4852710315856, 13.0187333355959], [77.4851970248221, 13.0187096559952], [77.4851490220579, 13.01868680586], [77.4849157673116, 13.0185412435493], [77.4848763173498, 13.0185271665848], [77.484829087343, 13.0185196197048], [77.4847635340695, 13.0185214596429], [77.4843160867485, 13.0185682478961], [77.4838467811082, 13.0185888219288], [77.483701923962, 13.0185905829983], [77.4834270944199, 13.0185744818891], [77.4833006706765, 13.0185784604215], [77.4832265821466, 13.0185918769973], [77.4831720840441, 13.0186080323412], [77.4831006205737, 13.0186387330366], [77.4830388080949, 13.018672190016], [77.4829883380484, 13.0187083699183], [77.4829392996742, 13.0187534979414], [77.4828107113334, 13.0189067673496], [77.4827712433535, 13.0189461025872], [77.4827321173205, 13.0189685209775], [77.4827039084136, 13.0189738128158], [77.4826750320457, 13.0189720411358], [77.4825836408597, 13.0189406342534], [77.4823407333717, 13.0188250867661], [77.4822795366001, 13.0187800332318], [77.482101559385, 13.0186203997983], [77.4820033931316, 13.018556991319], [77.4818932164481, 13.0184978005894], [77.4818536856379, 13.018482534897], [77.4817940926782, 13.0184690704045], [77.481456699552, 13.0184504454055], [77.4813868135725, 13.0184394284504], [77.4813234044368, 13.0184228597936], [77.4812380063747, 13.0183822651031], [77.4810471551149, 13.0182610869482], [77.4808997680595, 13.0181739342382], [77.4808152635371, 13.0181282079634], [77.4807628067368, 13.0181068225668], [77.4807128388362, 13.0180965544477], [77.4806455089619, 13.0180961768665], [77.4802915453611, 13.018141762732], [77.4801906164247, 13.0181499509691], [77.4801121209413, 13.0181470282895], [77.4800341443135, 13.0181342054429], [77.4795055177699, 13.0179817323986], [77.479201981237, 13.0179050862897], [77.4791140020056, 13.0178786029393], [77.479005110448, 13.0178316247476], [77.4788728693561, 13.0177651679377], [77.4788358404251, 13.0177408156535], [77.4787921306305, 13.0176985393589], [77.4787661138335, 13.0176798352898], [77.4784895841412, 13.0174420238593], [77.4783783520374, 13.0172888986171], [77.4783037936737, 13.0171461798688], [77.4782324635631, 13.016960399873], [77.4782237962231, 13.0168242223494], [77.4782225842635, 13.0167023176132], [77.4782469683551, 13.0165801673111], [77.4782825011846, 13.0164758396058], [77.4783401157643, 13.0163856439744], [77.4783942517072, 13.0163134107505], [77.4785949757212, 13.0162223105607], [77.4787949404081, 13.0161955308044]]}}, {"type": "Feature", "properties": {}, "geometry": {"type": "LineString", "coordinates": [[77.4852710315856, 13.0187333355959], [77.485395208664, 13.0188718317226], [77.4854386648911, 13.0189306052222], [77.4855399552298, 13.0191778338449], [77.4855680739561, 13.0193243614239], [77.4856664249214, 13.0201235459358], [77.4856768735449, 13.0201608091044], [77.4856905998298, 13.0201869937369], [77.4857128916745, 13.0202116786327], [77.4857405137606, 13.0202305101274], [77.4857864792744, 13.0202459411076], [77.4858318102436, 13.0202445929301], [77.4858732233764, 13.020229681925], [77.4859577972481, 13.0201858759219], [77.4859961784221, 13.0201757301286], [77.4860262987419, 13.0201733351835], [77.4862076179144, 13.0201944501104], [77.4864260696414, 13.0201745692666], [77.4867928286217, 13.0201640685683], [77.4868853263217, 13.0201692553534], [77.4871192499448, 13.0201946218399], [77.4874366905944, 13.0202408417202], [77.4876450322628, 13.0202551432022], [77.4877024086308, 13.0202628731034], [77.4878110541881, 13.0202870253228], [77.4881461652454, 13.0203796392256], [77.4883482832499, 13.0204101544199], [77.4884106008115, 13.0204287175555], [77.4884785448963, 13.020457170565], [77.488566640039, 13.0204695619307], [77.4887937216683, 13.0205134284064], [77.4888194566702, 13.0205146205704], [77.4888522660272, 13.0204981401297], [77.4889316264074, 13.0204582755612], [77.4895084163078, 13.0210128582377], [77.4895529879849, 13.021012430117], [77.4896261208753, 13.021011727643], [77.4897053485522, 13.0210109666026], [77.4897808675722, 13.0213279228397], [77.4898113480051, 13.0213586145934], [77.4898900160974, 13.0213825306735], [77.4900159599171, 13.0214719018072], [77.4901589163346, 13.0215240940037], [77.4902091969588, 13.0215492557846], [77.4903601749735, 13.0216656474154], [77.4904211742781, 13.0216955443817], [77.4904833330929, 13.0217056517222], [77.4907087995892, 13.0217147534529], [77.4907758789751, 13.0217310394331], [77.49095883621, 13.0217935070653], [77.491025315757, 13.0218005758391], [77.4911816781779, 13.0217991722941], [77.4912485588584, 13.021804151882], [77.4913143232797, 13.0218197835713], [77.4914328640219, 13.0218648416622], [77.4914894964096, 13.0218797795648], [77.4915587147615, 13.0218879783418], [77.4917226036671, 13.0218955217125], [77.4918964844022, 13.0219347241065], [77.4919529524259, 13.0219388450108], [77.4919937237705, 13.0219315629168], [77.4920313975622, 13.0219152882837], [77.4920625050411, 13.0218913609238], [77.4920902934032, 13.0218552673689], [77.4921154362042, 13.0217846179186], [77.4921345050662, 13.0216190088459], [77.4921582218499, 13.0215393715721], [77.492199367791, 13.0214801853983], [77.4923052221418, 13.021376204131], [77.4923604598901, 13.0213081916996], [77.4923922330472, 13.0212425823344], [77.4924314431135, 13.0210998594048], [77.4924525016894, 13.0210442942464], [77.4924895171641, 13.0209847908901], [77.4925282174527, 13.020948728806], [77.4925525151523, 13.0209350131667], [77.4925899493737, 13.020923363978], [77.4926690028131, 13.0209221537698], [77.4927591436326, 13.0209385002553], [77.4930600258819, 13.0210091364279], [77.4932662730224, 13.0210373184078], [77.4951071711973, 13.0222349281841], [77.4952455238499, 13.0222430150746], [77.4953427956054, 13.0222504629398], [77.4954382112715, 13.0222606418336], [77.4955237177107, 13.0222733076591], [77.4956023353501, 13.0222889119997], [77.4956752101246, 13.0223076959011], [77.4957253243568, 13.0223236433485], [77.4957769661943, 13.0223427943205], [77.4958306470607, 13.0223653345279], [77.4958873561277, 13.0223916772777], [77.4959950119059, 13.0224471576264], [77.4962287862783, 13.0225761059785], [77.4963179190533, 13.0226246721545], [77.4964097001054, 13.0226768249516], [77.4966047446101, 13.0227939235072], [77.4968162166155, 13.0229282802569], [77.4971212028974, 13.0231288959915], [77.4973140343821, 13.0232581879804], [77.4975066233473, 13.023391028338], [77.4976989057751, 13.0235273725058], [77.4978908083702, 13.0236671696905], [77.4980169688602, 13.0237624538186], [77.4982889954633, 13.0239734278744], [77.4983989018426, 13.0240561274169], [77.4986209578578, 13.0242169556079], [77.4988606956881, 13.0243851084137], [77.498942467268, 13.0244412226733], [77.4992146788116, 13.0246242857346], [77.4994495781951, 13.0247887937572], [77.4995231251699, 13.0248386690035], [77.4996108429629, 13.0248935673622], [77.4996917500389, 13.0249381538827], [77.4997728597308, 13.0249776770576], [77.4998561665238, 13.0250146618775], [77.49994134739, 13.0250489650917], [77.5000280664744, 13.0250804508014], [77.5001159788076, 13.0251089931349], [77.5002047256993, 13.0251344762915], [77.5002939485857, 13.0251567971192], [77.5003832899602, 13.0251758660082], [77.5004559171158, 13.0251886994438], [77.5005344703772, 13.0251999939417], [77.5006206303543, 13.0252100124558], [77.5007210485535, 13.0252195328364], [77.5008058962911, 13.0252246778718], [77.5008997126973, 13.0252260735605], [77.5010001428859, 13.0252241229935], [77.5012877479642, 13.0252137773012], [77.5013773362505, 13.0252135683765], [77.5014575343597, 13.0252163340175], [77.5016493123033, 13.0252254156241], [77.5017449875875, 13.0252323513307], [77.5018369600384, 13.0252436486663], [77.5019180420509, 13.0252594655796], [77.5019803181436, 13.0252766647997], [77.5020451706027, 13.0252992736184], [77.5024314650861, 13.0250341001675], [77.5025132978055, 13.0249853227658], [77.5025948546884, 13.0249390850073], [77.5026645658684, 13.0249021645895], [77.5027390801195, 13.024865291727], [77.5028237448067, 13.0248257323036], [77.5030254027105, 13.0247339025093], [77.5032106423883, 13.0246530233752], [77.5033252569879, 13.0246048560502], [77.5035888007906, 13.0244987003783], [77.5037093118064, 13.0244470706856], [77.5038261641033, 13.024391724108], [77.5039288925596, 13.024336399224], [77.504009288013, 13.0242875160639], [77.5040971672776, 13.0242307318304], [77.5041718691243, 13.0241792925689], [77.5042400897707, 13.0241288925982], [77.5042727568141, 13.0241034815873], [77.504287915802, 13.0240910367948], [77.5043205533362, 13.0240621413081], [77.5043502898046, 13.024033395827], [77.5044361796165, 13.0239448188916], [77.5044813132347, 13.0239028511062], [77.5045286985548, 13.0238664442094], [77.5045841989241, 13.0238335068722], [77.5046177295482, 13.0238170121448], [77.5046540416047, 13.023801300959], [77.5047375123399, 13.0237711885958], [77.5048000156794, 13.0237516337656], [77.5049529049026, 13.023708540294], [77.5051116561017, 13.023658736783], [77.5052404526328, 13.023621102748], [77.5053677750963, 13.0235867969019], [77.5054975148388, 13.0235546350953], [77.5056297003876, 13.0235246134344], [77.5057643648043, 13.0234967207536], [77.5059015347825, 13.0234709540797], [77.5060412618203, 13.0234473029722], [77.5061835937392, 13.0234257579288], [77.5063285903567, 13.0234063111385], [77.506462747171, 13.0233904484471], [77.5065992202625, 13.023376305208], [77.5067380768099, 13.023363872636], [77.5068794005948, 13.0233531435917], [77.5071294013038, 13.02333864628], [77.5073825010109, 13.0233323224083], [77.5075709316741, 13.0233233290529], [77.507647494419, 13.0233181005623], [77.5077099897218, 13.0233106094237], [77.5077583878925, 13.0233016591343], [77.5078027793885, 13.0232901229816], [77.5078492283266, 13.0232757353836], [77.507961850078, 13.0232364713379], [77.5081074276129, 13.0231922109389], [77.5081771009366, 13.0231730078951], [77.508223510564, 13.0231623176844], [77.5082665616654, 13.0231544788513], [77.5083289109679, 13.0231461315776], [77.5083861102538, 13.0231405238185], [77.5084408542426, 13.0231375138465], [77.5084920850807, 13.0231372808546], [77.5085405640448, 13.0231398409663], [77.5085854604513, 13.0231451480147], [77.5086404805438, 13.0231568395665], [77.5087521072104, 13.0231882501074], [77.5088628997451, 13.023215976123], [77.5089078910147, 13.02322530361], [77.5089495995412, 13.0232309152112], [77.5090079905395, 13.0232349450061], [77.5090769944068, 13.0232359239564], [77.509105430749, 13.0232342446094], [77.5091830095678, 13.0232258002681], [77.5092062883194, 13.0232253751962], [77.5092240319356, 13.0232266860087], [77.5092268646673, 13.0232270732799], [77.5092465705538, 13.0232312716045], [77.5092681544358, 13.0232384982971], [77.5093363889738, 13.0232694930047], [77.5093585287248, 13.0232779322049], [77.509379568075, 13.0232840646177], [77.5094001466914, 13.0232874512795], [77.509427452437, 13.023289432927], [77.5094589135449, 13.0232894589422], [77.5095463591922, 13.0232876950851], [77.5096069203186, 13.023281858442]]}}, {"type": "Feature", "properties": {}, "geometry": {"type": "LineString", "coordinates": [[77.7686205601662, 13.0012468435537], [77.7681983708939, 13.0011622685765], [77.7680227738324, 13.0010728930217], [77.7676892714016, 13.0008074249502], [77.7672258356209, 13.0002821167836], [77.7670970400826, 13.0001879876686], [77.7669728596062, 13.0001342228014], [77.7667607020951, 13.000108522395], [77.7665194276468, 13.00012942904], [77.76585913571, 13.0003241825626], [77.765704830016, 13.0003931296414], [77.7656432787616, 13.0004763913471], [77.7656176711139, 13.0006739309665], [77.7655757037922, 13.000807607761], [77.7653607108992, 13.0011754167682], [77.7653059783285, 13.0012996047214], [77.7652842276293, 13.0014365574155], [77.7652704991674, 13.0018515303076], [77.7652253564259, 13.0020394229163], [77.7651630701294, 13.0021721112109], [77.7650167923124, 13.0024262776336], [77.7649332622825, 13.002548752616], [77.764860541442, 13.0026256664296], [77.7645043394131, 13.0028702331913], [77.7642585419839, 13.0030023615975], [77.7640185599716, 13.0030693960835], [77.7636289744543, 13.0030919562926], [77.7634753056525, 13.0031194856928], [77.7633267969581, 13.0031840756721], [77.7631310230008, 13.0033222556457], [77.7629308671476, 13.0035223695531], [77.7627731756993, 13.0037501949375], [77.762658061429, 13.0039754766511], [77.7624370089862, 13.0044992142877], [77.7622887447937, 13.0047682751486], [77.7621497835653, 13.0049511387189], [77.7620116346183, 13.0050661054231], [77.7619285548985, 13.0051071479107], [77.7618352528956, 13.0051328316305], [77.7616131137594, 13.0051437209222], [77.7614657147797, 13.0051211449912], [77.7611450121977, 13.0050197025625], [77.7609189344206, 13.0049710383205], [77.7607455637209, 13.004956600841], [77.7605807677042, 13.0049830457827], [77.7604267814419, 13.005053146984], [77.7602721198162, 13.0051671224237], [77.7598721803191, 13.0055218780273], [77.7595454452048, 13.0058427902357], [77.7594654326215, 13.005945649931], [77.7594123770148, 13.0060477242481], [77.7593848429577, 13.0061491603507], [77.759376207236, 13.0062780470492], [77.7594044292399, 13.0064627238501], [77.759555260334, 13.006881130071], [77.7595998682768, 13.0070605594327], [77.7596058304469, 13.0072839599176], [77.7595705681672, 13.0074415818119], [77.759474211234, 13.0076066637948], [77.7593256735844, 13.0077414352189], [77.7591674768448, 13.0078274142793], [77.7588144100986, 13.0079601415757], [77.7586944029978, 13.008046777433], [77.7586461816873, 13.0081164848301], [77.7586178468293, 13.0082046894513], [77.7581767962396, 13.0082680469985], [77.7581057708795, 13.0083291803818], [77.7579974244492, 13.0084769888237], [77.7579062567231, 13.0085611389428], [77.7577782672639, 13.0086463372609], [77.7573727857941, 13.008876844082], [77.757150823968, 13.0090445616369], [77.7570603342615, 13.009152339816], [77.7569760969202, 13.0094102011549], [77.756859569669, 13.0095567467214], [77.7564430447616, 13.009916594083], [77.7561498852588, 13.0100734103556], [77.7559471024547, 13.0101440210382], [77.7557873035395, 13.0101733165568], [77.7556506230305, 13.0101653652484], [77.7555402590141, 13.0101194556656], [77.7554488215545, 13.0100315137628], [77.7553671996993, 13.0098926988495], [77.7553014275561, 13.0097225218826], [77.7552059909697, 13.0093751502525], [77.7551127285587, 13.0092032833125], [77.7550301535681, 13.0091265756289], [77.7549158969358, 13.0090699014348], [77.754789732021, 13.0090520403878], [77.7546774277579, 13.0090686953859], [77.7545525339592, 13.0091210452699], [77.7544369005421, 13.0092000261734], [77.7539901765332, 13.009616163656], [77.7529542932749, 13.010451460387], [77.7526769506434, 13.0106425808258], [77.7523710079772, 13.0107961587844], [77.7511218114468, 13.0112685292055], [77.7507454924514, 13.0114485780422], [77.7504763489156, 13.0116065821699], [77.7502512265511, 13.0117691886918], [77.7500938355402, 13.0119187011751], [77.7498043584429, 13.0122546368303], [77.7495561362219, 13.0126114181923], [77.7494378434468, 13.0127451168068], [77.7492920135704, 13.0128460626743], [77.748952512371, 13.0129783693846], [77.7488065863156, 13.0130688708596], [77.7486731168221, 13.0132027012209], [77.7482669627025, 13.0136858480271], [77.7481971231701, 13.0138278591426], [77.748175919401, 13.0139658028598], [77.7481952816003, 13.0140669458314], [77.7482738798959, 13.0142064992163], [77.7482766141346, 13.0142696699007], [77.7482295031352, 13.014352056123], [77.7480144928108, 13.014538373234], [77.7479360810586, 13.0146622794251], [77.7479210325464, 13.0147632460421], [77.7479631718759, 13.0150504151755], [77.7479607859408, 13.0151860546919], [77.7479208277022, 13.0153109263889], [77.7478459611368, 13.0154129750864], [77.7477521610358, 13.0154831146735], [77.7476077970982, 13.0155519410145], [77.746789892621, 13.0158227637477], [77.7461591113828, 13.0161107535986], [77.7459073927506, 13.016201041299], [77.7458166065538, 13.0162138573285], [77.7457264444258, 13.0162044637331], [77.7456297466027, 13.0161675298994], [77.7455439301046, 13.0161118062081], [77.7454279852918, 13.0159824430717], [77.7452523638012, 13.0156778023841], [77.745125386276, 13.0153626393139], [77.7449959757073, 13.0148807919428], [77.7449480159485, 13.0147872465896], [77.7447609198424, 13.0145173912325], [77.744673256576, 13.0143102646705], [77.7446030353731, 13.0139965173735], [77.7445969821308, 13.0135679448059], [77.7445732954106, 13.0134787005819], [77.7445322478716, 13.0134171655567], [77.7444452261382, 13.013377708589], [77.7443532422672, 13.0133845032449], [77.743503837754, 13.013692424837], [77.7434071154346, 13.013711587172], [77.7433222065645, 13.0136982065621], [77.7432671739508, 13.0136664124505], [77.7432136331566, 13.0136127942673], [77.7430398247519, 13.0133633284119], [77.7429679036312, 13.0132138694037], [77.7428836740394, 13.0129223332651], [77.7428300005437, 13.012832261425], [77.7427704862469, 13.0127688075512], [77.7426874961092, 13.0127102387781], [77.7425850117568, 13.0126758154059], [77.742249023975, 13.0126609001707], [77.742163881411, 13.0126457555532], [77.7420798267898, 13.0126104189154], [77.7420132335643, 13.0125566565738], [77.7419514580769, 13.0124436324141], [77.7419024223429, 13.0121318817928], [77.7418749000805, 13.0120769266804], [77.7418385475334, 13.0120413935741], [77.7417406677956, 13.0120111478075], [77.7416214513033, 13.0120201317606], [77.7414931087994, 13.0120600212712], [77.7412465656617, 13.0121654415675], [77.741001956438, 13.0122852331573], [77.7408198852013, 13.0124275855935], [77.7405610767353, 13.0126951779791], [77.7403616622367, 13.0129766473722], [77.7402317534471, 13.0132136462727], [77.7401221310311, 13.0135440714282], [77.7399690315484, 13.0139093586651], [77.7396631688475, 13.0145244371669], [77.7396018439166, 13.0146833261094], [77.7395733577074, 13.0148027798127], [77.7395748225534, 13.0149974259661], [77.7396305985737, 13.0153255243185], [77.7396922470874, 13.0155192761072], [77.73979495025, 13.0157325866122], [77.7399492802833, 13.0159559565595], [77.7405888037806, 13.0166474095581], [77.740675514874, 13.016771722154], [77.7406970355566, 13.0168543214044], [77.7406890502341, 13.0169497636688], [77.7406542106045, 13.0170440038677], [77.7406003147798, 13.0171141358902], [77.7404648665356, 13.0172017776477], [77.7401493924051, 13.0173345831556], [77.740030276549, 13.0174002284099], [77.7389902360366, 13.0181744765861], [77.7385934812696, 13.0184107286404], [77.7385032673645, 13.0184341920286], [77.7384091525626, 13.0184200771579], [77.7383318068656, 13.0183783868983], [77.7381555932888, 13.0182516205637], [77.738097660834, 13.0182272968413], [77.738020918221, 13.0182261499755], [77.7379410968613, 13.0182604870565], [77.7378682727516, 13.0183365195949], [77.7378154126716, 13.0184326852968], [77.7376726667033, 13.0189105008806], [77.7376006647465, 13.0190782486329], [77.7375453757299, 13.0191574527287], [77.7374802481108, 13.0192222928891], [77.7374135259296, 13.0192678627319], [77.7373414842465, 13.0192969088954], [77.737215206382, 13.0193130699186], [77.7370704109348, 13.0193021501695], [77.7369283180051, 13.0192713889006], [77.736745603131, 13.0192101686637], [77.7363763357695, 13.0190596428464], [77.7361325635652, 13.0189412874273], [77.7360164633285, 13.0188663507833], [77.7357335707399, 13.0186398564274], [77.7355851328231, 13.018553652051], [77.7353979917772, 13.0184961106383], [77.7351670567402, 13.018470520689], [77.7349360937912, 13.0184221558424], [77.7347952952257, 13.0183638891894], [77.7346420483272, 13.0182818523354], [77.7345861613135, 13.0181868388763], [77.7345723353041, 13.0180376040847], [77.7345648659938, 13.0179122027709], [77.7345083881958, 13.0177634179228], [77.734427933431, 13.0176507377043], [77.7343650655487, 13.0175931987441], [77.7342681993801, 13.0175329181274], [77.7341579327147, 13.0174803054345], [77.7340480602372, 13.0174635375521], [77.7339198416971, 13.0174409884265], [77.7338217678208, 13.0174488149872], [77.7336706131531, 13.0174973935924], [77.7335373514185, 13.0175705024207], [77.7334224319807, 13.0176493915608], [77.7332343443749, 13.0179835980246], [77.7331297256551, 13.0182237095706], [77.733035275803, 13.0185019567868], [77.7329813933878, 13.0189231805848], [77.7329672427267, 13.0194109093897], [77.7328755165569, 13.0199376973034], [77.7326271772154, 13.0204087736295], [77.7323602114168, 13.0207818938188], [77.7297061911252, 13.0216746228414], [77.7291412375557, 13.0222405995772], [77.7283786463212, 13.0222486309552], [77.7275402103673, 13.022257458428], [77.7267797671741, 13.0222654606865], [77.7262888516595, 13.0225506402468], [77.7226069637766, 13.0222994868884], [77.7217081480214, 13.0221368412766], [77.7211026467042, 13.0220475953287], [77.7201714111896, 13.0209459102825], [77.7199949685935, 13.0209855014254], [77.7198765664528, 13.0210028824375], [77.7198048628636, 13.0210000884266], [77.7195808996896, 13.0209730835856], [77.7193606244269, 13.0209816119274], [77.7192951781513, 13.0209705352487], [77.7189611078918, 13.0208876160781], [77.7187416289272, 13.0208624035496], [77.7184532354575, 13.020811205282], [77.7183609439109, 13.020801424407], [77.7181178454229, 13.0207907094188], [77.7175882926083, 13.0207172008513], [77.7174445436474, 13.020704437059], [77.7173685941476, 13.0207054773304], [77.7172612611896, 13.020716700383], [77.7164423906003, 13.0208558489407], [77.7163074247363, 13.0208729638443], [77.7161780710289, 13.0208811724374], [77.7160463845424, 13.0210140381026], [77.7158760724465, 13.0211658335507], [77.7156723842758, 13.0213342001676], [77.7154950136033, 13.0215026441125], [77.7154435476185, 13.0215292423928], [77.7153909795979, 13.0215417102394], [77.7153225830464, 13.021542966212], [77.7152491919435, 13.021529496564], [77.7151951594552, 13.0215098782011], [77.7151524194201, 13.0214853627783], [77.7151158148395, 13.0214537080116], [77.7150841084286, 13.0214123794135], [77.7148941901243, 13.0209714004374], [77.7148015421067, 13.0207879660849], [77.7147576326746, 13.0206347992485], [77.714734129922, 13.0205786952278], [77.7147044547736, 13.0205316649911], [77.7146662633811, 13.0204882903896], [77.7146260164172, 13.0204574153178], [77.7145549581165, 13.020417622573], [77.7143299385643, 13.0199700429258], [77.7131545542322, 13.0178007604462], [77.7109962979927, 13.0147727919092], [77.7103346201607, 13.0144422477037], [77.7092240752136, 13.0139259265706], [77.7091281585509, 13.0138432860862], [77.7090536323247, 13.0138058509644], [77.7089653817374, 13.0137792558504], [77.7088222328819, 13.0137500833289], [77.7087119407441, 13.0137393392345], [77.7085919621853, 13.0137529197919], [77.7083306146344, 13.0138289120107], [77.7081848911466, 13.0138557452547], [77.7080220889312, 13.0138646788101], [77.7078912565544, 13.0138453420615], [77.7077552214493, 13.0137951891423], [77.7076430643961, 13.0137260683237], [77.7075513968774, 13.0136334765505], [77.7073836210404, 13.0134175427174], [77.7073358848551, 13.0133744198036], [77.7072795579261, 13.013341659557], [77.7070881391625, 13.013282880142], [77.7064423514213, 13.0131260286313], [77.7063048182452, 13.0131045874423], [77.7062220081656, 13.0131143181739], [77.7061456390598, 13.0131565883865], [77.7060833634135, 13.0132158165952], [77.7059034089044, 13.0134218409794], [77.705767692185, 13.0135365447422], [77.7057320761005, 13.0135810707702], [77.7057128355823, 13.0136299138034], [77.7056867896832, 13.0137600876857], [77.705662888237, 13.0138283545959], [77.7054419876271, 13.0143326850742], [77.7053041034122, 13.0146148010537], [77.7052025342366, 13.0147837690807], [77.7051199615566, 13.0149888810263], [77.7050908492791, 13.015098677323], [77.7050712845649, 13.0152564688451], [77.7050745090801, 13.0152998524484], [77.7050609717509, 13.0153839013049], [77.7049351176305, 13.0155768593611], [77.7047679060614, 13.0159836169244], [77.7042769838794, 13.0166821625754], [77.703943113144, 13.0170286590674], [77.7027911148726, 13.0171382401278], [77.7013773664197, 13.0171434162219], [77.7000577965941, 13.0168416637158], [77.6964774273985, 13.0166590361915], [77.6954394643349, 13.0163376811348], [77.6943509582192, 13.0161546489065], [77.6939097154309, 13.0158659636256], [77.6927249166728, 13.0155864674218], [77.6926107091303, 13.0162990907162], [77.6909965526529, 13.0160922654231], [77.6906899196477, 13.0160460482741], [77.6898744375675, 13.0159562801276], [77.6882622928873, 13.015803294861], [77.6873407456487, 13.0156913907164], [77.6866401492714, 13.0156333697153], [77.686490716173, 13.0156299162533], [77.6864186388041, 13.0156434602898], [77.686287840691, 13.0157221532385], [77.6861335468413, 13.0157994156281]]}}, {"type": "Feature", "properties": {}, "geometry": {"type": "LineString", "coordinates": [[77.7119276469172, 13.0245011884088], [77.7119106467214, 13.0245780990499], [77.7118543407097, 13.024753276936], [77.7118332977537, 13.0248024309794], [77.7118047542019, 13.0248496237572], [77.7117379512332, 13.0249384569092], [77.7116504185549, 13.0250725600029], [77.7115985313484, 13.0251385212768], [77.7115417019209, 13.0251921881289], [77.7114652958237, 13.0252436081577], [77.7114079158521, 13.0252719272091], [77.7113031466712, 13.0253127423577], [77.7111709659411, 13.0253872006937], [77.7111267161611, 13.0254038916189], [77.7098505512225, 13.0255962602132]]}}, {"type": "Feature", "properties": {}, "geometry": {"type": "LineString", "coordinates": [[77.5957646650609, 13.0320184749053], [77.5955488759054, 13.0318823749693], [77.5953968038496, 13.0318030899217], [77.594402675932, 13.0313719607262], [77.5941915870314, 13.0312307178822], [77.5940320473271, 13.0310834864169], [77.5939494508902, 13.0309605011112], [77.5938900719922, 13.0308227063613], [77.5937548504439, 13.0302420373643], [77.5937266664453, 13.0300251716472], [77.5937558912813, 13.0296621881563], [77.5937345426015, 13.0295919965974], [77.5936870589653, 13.0295372814392], [77.5936427005667, 13.029513153184], [77.5935800558621, 13.029498139354], [77.593448451615, 13.029501512418], [77.5923834496036, 13.0297038903977], [77.5921488452272, 13.0297311939242], [77.5920403239189, 13.0297116374343], [77.5917712931827, 13.0295639811819], [77.5916295930579, 13.0294514959919], [77.5913860967103, 13.0291876488617], [77.5911600217588, 13.0288605521129], [77.5908859291686, 13.0285200025843], [77.590790834824, 13.0284433740499], [77.5905695717601, 13.0283133224362]]}}, {"type": "Feature", "properties": {}, "geometry": {"type": "LineString", "coordinates": [[77.5999809912254, 13.0327083601751], [77.5999676562635, 13.0322377513489], [77.5999395497123, 13.0317334700799], [77.5999748248293, 13.0315215927988], [77.5999845186352, 13.031243536076], [77.600049580946, 13.0309929026495], [77.6000685628368, 13.0308850695813], [77.6000775112173, 13.0307193326709], [77.6000682913857, 13.0305780532557], [77.6000410371189, 13.0304619518251], [77.600002174786, 13.0303625113885], [77.5996875506666, 13.0298615143673], [77.5996209800044, 13.0297147701906], [77.5995003256607, 13.0294044032484], [77.5993868040216, 13.029047846408], [77.5993666989228, 13.0288686598495], [77.5993625846954, 13.0286366709537], [77.5993770189997, 13.0284900117278], [77.5994302028678, 13.0282868517251], [77.5994415319407, 13.0282094777605], [77.5994445158143, 13.0280759581681], [77.5994305281661, 13.0276793598301], [77.5994423706125, 13.0275199033565], [77.5994904814201, 13.0273253325809], [77.5996529607203, 13.0268210003749], [77.5996873236178, 13.0266435104549], [77.5996822779924, 13.0265407545779], [77.5996639879818, 13.0264683422397], [77.5995548133941, 13.0262471013433], [77.5995240858906, 13.0261626283404], [77.5995147191746, 13.0261007606962], [77.5995222138452, 13.0260363180384], [77.5995478890356, 13.0259707732713], [77.5996001990733, 13.0258815787221], [77.599821414397, 13.02556745312], [77.599912758686, 13.0254899610361], [77.600169501421, 13.0253430275879], [77.6002150679907, 13.0252937797626], [77.6002304840049, 13.0252359863507], [77.6001927788053, 13.0250606895875], [77.6001648046717, 13.0249786219669], [77.6001217322978, 13.0248954609312], [77.6000177959437, 13.0247414413606], [77.5999838457952, 13.0246512531285], [77.5999855661554, 13.0245279423281], [77.6000457116536, 13.0242061719342], [77.6000524188508, 13.0240905679292], [77.6000354064411, 13.0239654855659], [77.5999458682837, 13.0235494437882], [77.5999050040492, 13.0234317712224], [77.5998291738224, 13.0232691199475], [77.5996290070787, 13.0229098724287], [77.5995629415379, 13.0227011647442], [77.5994538828063, 13.0224217405811], [77.5994176407547, 13.0222582366357], [77.5993883985351, 13.0219202266654], [77.5993645206425, 13.0217825984437], [77.5991466375707, 13.0210379336304], [77.5989611181002, 13.020266634185], [77.598910886119, 13.020132923565], [77.5988503319795, 13.0200370174208], [77.5987547473186, 13.0199303358545], [77.5984548495719, 13.0196777136484], [77.598208015931, 13.0194950699396], [77.597943740434, 13.0193586765627], [77.5978343085816, 13.0192915391217], [77.5977214894572, 13.0192034181794], [77.5976440700872, 13.0191167700533], [77.5975618406797, 13.0189643913628], [77.5975032196132, 13.0187753235569], [77.5974643686729, 13.0185600189541], [77.5974274133275, 13.0181404297991], [77.5974046262927, 13.0180404614041], [77.5973640862692, 13.0179469352669], [77.5972621747839, 13.0177878739542], [77.596530472013, 13.0167966329681], [77.5964645553232, 13.0166897343012], [77.5963504158978, 13.0164641659579], [77.5962598195462, 13.0163262818522], [77.5960153934192, 13.0159920487119], [77.5959642083167, 13.0159333178248], [77.595903187891, 13.0158836275615], [77.5958541290822, 13.0158615898952], [77.5957985334257, 13.0158507190288], [77.5956640209034, 13.0158598813306], [77.5955484418123, 13.0158930641744], [77.5951516519201, 13.0160399238528], [77.5950477237536, 13.0160651896467], [77.5949676870275, 13.0160705079088], [77.5949138621018, 13.0160603373585], [77.5948511481742, 13.0160304570537], [77.5946405945715, 13.01587374006], [77.5945371033875, 13.0158195408089], [77.5941270434248, 13.0157247136795], [77.5938566004257, 13.0156407134373], [77.5937315397837, 13.0156136383438], [77.5934547463508, 13.0156003396697], [77.5930456836871, 13.0156156906313], [77.5927433567356, 13.0155892179243], [77.592421663569, 13.0155808065995], [77.5921393425649, 13.015587250296], [77.5917376669539, 13.0156171365797], [77.5915616501487, 13.0156191896429]]}}, {"type": "Feature", "properties": {}, "geometry": {"type": "LineString", "coordinates": [[77.5999809912254, 13.0327083601751], [77.5993982607742, 13.0327924038199], [77.5989761325819, 13.0329269414065], [77.5987362720996, 13.0329204309355], [77.5984724054328, 13.0328544779315], [77.5982110676391, 13.0327484827858], [77.5980237601995, 13.0326383820587], [77.5976615291265, 13.0323625862372], [77.5973194172479, 13.0322304094111], [77.5970057755666, 13.0321528967575], [77.5957646650609, 13.0320184749053]]}}, {"type": "Feature", "properties": {}, "geometry": {"type": "LineString", "coordinates": [[77.5320276509148, 13.0334004957116], [77.531845943438, 13.0332603578586], [77.5317563460041, 13.033204676563], [77.5316936517949, 13.033176456127], [77.5312862190255, 13.0330251992194], [77.531198323201, 13.0329845104325], [77.5311257290859, 13.0329409047151], [77.5310548068445, 13.0328811972231], [77.530996798348, 13.0328097367144], [77.5309547331105, 13.0327301228353], [77.5309159308357, 13.0326206913985], [77.5308857112181, 13.0324932322184], [77.5308516661304, 13.0322632952763], [77.5308125315963, 13.0320831830253], [77.530803271547, 13.0319795468197], [77.5308125014269, 13.0318797042964], [77.5308588616853, 13.031609001142], [77.5308701926544, 13.0315080873506], [77.5308690115427, 13.031418365167], [77.530846931941, 13.0312072823557], [77.5308441150544, 13.0311227060665], [77.530851855799, 13.0310224028702], [77.5308962692554, 13.0307115666571], [77.5308975398705, 13.0305983338581], [77.5308837220267, 13.0303525104086], [77.5308860482434, 13.030251293406], [77.5309099894136, 13.030067071935], [77.5309800754222, 13.0297395498225], [77.5309852229835, 13.0296149288238], [77.5309764415485, 13.0294502050985], [77.5309522254207, 13.0292783700751], [77.5309031435391, 13.0291286131086], [77.530832237677, 13.0289572369488], [77.5307192821584, 13.0287103907566], [77.5305402084358, 13.0283462149781], [77.5304666834137, 13.0282215375905], [77.5303723234051, 13.0280867731341], [77.5302884507852, 13.0279841420838], [77.5301810204503, 13.0278735230985], [77.5297696750952, 13.0275323306968], [77.5294688563231, 13.0272615401757], [77.5293953847479, 13.0271913936275], [77.5291783137172, 13.0269599461368], [77.5287632126905, 13.0266356398626], [77.5281011092368, 13.0260583481776], [77.5281246470487, 13.0258721980345], [77.5281538157514, 13.0254352934051], [77.5282107837851, 13.0250062388564], [77.5282542606238, 13.024810927191], [77.5284967739313, 13.0241294584193], [77.5286844719676, 13.0236476961942], [77.5287403553635, 13.0235280847833], [77.5289201622328, 13.0232080625674], [77.528944929058, 13.0230725961817], [77.5289347418099, 13.0230296676717], [77.5288805293223, 13.0229728261469], [77.5287680553866, 13.022940457241], [77.5280465884188, 13.02263133108], [77.5279974591309, 13.0225356535863], [77.5279002782961, 13.0223286326358], [77.5278178702808, 13.0221358101799], [77.5277174009302, 13.021916134591], [77.5277083382458, 13.0217926547945], [77.5277807720608, 13.0217232219311], [77.5278899536403, 13.0216713600707], [77.5279534580925, 13.0216229324071], [77.5279041778779, 13.0214950917342], [77.5278562432956, 13.0212950729081], [77.5278028609706, 13.0211971076358], [77.5276891779227, 13.021105587671], [77.5275789669948, 13.021055864649], [77.5274036894475, 13.0209606862262], [77.5273051154295, 13.020856468545], [77.5272695320143, 13.0207133880067], [77.5273509586086, 13.0205691674179], [77.5274820128279, 13.0205105188368], [77.5276563140383, 13.0203892966376], [77.5277681087384, 13.0203547398843], [77.5279227624305, 13.0202193674057], [77.5279803948262, 13.020132747579], [77.5280032204429, 13.0199795378506], [77.5280121464464, 13.0198981751516], [77.5280744586113, 13.0197923876462], [77.5281812793814, 13.0197483169105], [77.5283129634252, 13.019751813661], [77.5285062934236, 13.0197468054094], [77.5286387385357, 13.0196625808061], [77.5286571255507, 13.0195524414335], [77.5286206695636, 13.0193233128896], [77.5285162017076, 13.0191187527748], [77.5283625402013, 13.018550848806], [77.5281983933232, 13.017990693869], [77.5281355120778, 13.0178000714136], [77.5282516195736, 13.0177389854455], [77.52831096056, 13.0177077662896], [77.5282199507272, 13.0171081976305], [77.528129513665, 13.017038802801], [77.5279832683011, 13.0168832312214], [77.527914743029, 13.0167987198185], [77.5278598251583, 13.0167081218157], [77.5277970292809, 13.0165772704019], [77.5277382307455, 13.0164306288107], [77.5276982777933, 13.0162805328824], [77.5276770335734, 13.0161417494524], [77.5276576542458, 13.0159230842831], [77.5276571391801, 13.0157208049266], [77.5276860111417, 13.0155470364343], [77.5277572681211, 13.0153366985832], [77.5279354043043, 13.0148920560492], [77.5279702269999, 13.0147829454366], [77.5279908124448, 13.0146895784417], [77.5279998546259, 13.014585401883], [77.5279995340179, 13.0142515548845], [77.5280214362271, 13.0138061650888], [77.5280152073425, 13.0136590181763], [77.5279972128467, 13.0135306490352], [77.5279685334526, 13.013442677213], [77.5279241919535, 13.0133629495809], [77.5276539725426, 13.0130328328971], [77.5275714294431, 13.0129151222945], [77.5275257719782, 13.0128218968144], [77.5273965164402, 13.0124869472715], [77.5273369996798, 13.0123857327477], [77.5272105434505, 13.0121983808801], [77.5271599790936, 13.0121064408616], [77.5271149989564, 13.0119782793938], [77.5270333915766, 13.0116465233686], [77.5269123471062, 13.0113354851256], [77.5268951749288, 13.011230434583], [77.5269001039697, 13.0111490141393], [77.5269184333252, 13.0110873829672], [77.5269495782598, 13.011033664253], [77.5271147261475, 13.010871308859], [77.5271751767954, 13.0107871483934], [77.5272083931633, 13.0107007217439], [77.5272779383076, 13.010429948378], [77.527309288088, 13.0103596344236], [77.5273527708563, 13.0102880692882], [77.5274681902433, 13.0101332779615], [77.5277845241264, 13.0096738356775], [77.5278788646033, 13.0095784092098], [77.5280844203838, 13.0094112778118], [77.5281626877412, 13.0093615376324], [77.5282546800598, 13.0093156272058], [77.5284647002385, 13.0092474611416], [77.5286261144466, 13.0092115258712], [77.5292311598088, 13.009099569239], [77.5294177060537, 13.0090529939963], [77.5295209465726, 13.0090103064128], [77.5297069948086, 13.0088986559085], [77.5297976448119, 13.008863076675], [77.5299017571731, 13.0088454075867], [77.5301378859746, 13.0088401592607], [77.5302117511788, 13.0088287425746], [77.5302799437489, 13.0087947392518], [77.5303318699249, 13.0087332681712], [77.5303737713386, 13.0086333626324], [77.5304069352333, 13.0084947580155], [77.5304680155517, 13.0081258007505], [77.5304783374536, 13.0079852731981], [77.5304645699301, 13.0079303796363], [77.5304278575817, 13.0078799480727], [77.5303822974376, 13.0078457876249], [77.5302454803539, 13.0077677049524], [77.5301933704365, 13.0077233927689], [77.530147970155, 13.0076512116365], [77.5301138180275, 13.007550326755], [77.5300316801545, 13.0070454734428], [77.5300150848222, 13.0068794430918], [77.5299775941176, 13.0061077316117], [77.5299722612552, 13.005824626786]]}}, {"type": "Feature", "properties": {}, "geometry": {"type": "LineString", "coordinates": [[77.5182700042342, 13.0340124285607], [77.5178185452522, 13.0339929054186]]}}, {"type": "Feature", "properties": {}, "geometry": {"type": "LineString", "coordinates": [[77.5182700042342, 13.0340124285607], [77.518229569866, 13.0339188888217], [77.5183014690271, 13.0338055753751], [77.5184718227148, 13.0336230763252], [77.5186945247182, 13.0333298769879], [77.5191671945464, 13.0325625386157], [77.5192624168812, 13.0324307957598], [77.519351680557, 13.0323484642979], [77.5195993996996, 13.032211087201], [77.5198469137692, 13.0320197019495], [77.5198470833387, 13.0317775291484], [77.5199021753628, 13.0314198398386], [77.5199234261696, 13.0310864274078], [77.5199630758235, 13.0308170145778], [77.5200651685678, 13.0302704728044], [77.5201322368172, 13.0300318042169], [77.5202034853837, 13.0298270693675], [77.5202300085663, 13.0297273617948], [77.5203637861811, 13.0289657034108], [77.520389314133, 13.0288494294055], [77.5205420001637, 13.0284165905912], [77.5206172537706, 13.0281556881767], [77.5207015308975, 13.0279205338298], [77.5207855195596, 13.0275469169957], [77.5209409422976, 13.0269473164215], [77.5210447262874, 13.0264517379851], [77.5210552509385, 13.0263474880161]]}}, {"type": "Feature", "properties": {}, "geometry": {"type": "LineString", "coordinates": [[77.6007172857001, 13.0332744159568], [77.6005896031116, 13.0332002115527], [77.6004214048365, 13.0330779396508], [77.5999809912254, 13.0327083601751]]}}, {"type": "Feature", "properties": {}, "geometry": {"type": "LineString", "coordinates": [[77.6018182752126, 13.0345908106831], [77.6017474525734, 13.0343087237003], [77.6016557733586, 13.0340414112682], [77.6015612122007, 13.0338241766458], [77.6014715059909, 13.0336845950947], [77.6013927784072, 13.0336047705719], [77.6012728908593, 13.0335246720002], [77.6010352270441, 13.0334341474038], [77.6007172857001, 13.0332744159568]]}}, {"type": "Feature", "properties": {}, "geometry": {"type": "LineString", "coordinates": [[77.6018182752126, 13.0345908106831], [77.6015806074458, 13.0346391335629], [77.601485934741, 13.0346470791348], [77.6014023864385, 13.0346439200093], [77.600829314326, 13.0345618803095], [77.6007467868163, 13.0345383366254], [77.6006926327898, 13.0344998895667], [77.6006647316985, 13.0344507388015], [77.6006435595798, 13.0343655866322], [77.6005990529141, 13.0340298422221], [77.6005936897261, 13.0338663712573], [77.6006106908802, 13.0336868042667], [77.6007172857001, 13.0332744159568]]}}, {"type": "Feature", "properties": {}, "geometry": {"type": "LineString", "coordinates": [[77.5945803807381, 13.0347598150394], [77.5949413340444, 13.0345181193108], [77.595060025292, 13.034455197422], [77.5951753271411, 13.0344096553289], [77.5952636930411, 13.0343841963151], [77.5956947778089, 13.0343027085758], [77.5957789355715, 13.0342822116686], [77.5958161158947, 13.0342672575622], [77.5958474078531, 13.0342468723393], [77.595871182359, 13.0342204372233], [77.5958920611185, 13.0341833408482], [77.5959183520131, 13.0340961175957], [77.5959235785599, 13.0340054881917], [77.5959100125859, 13.0339201578962], [77.59583547957, 13.0336542305756], [77.5958072932945, 13.033405158256], [77.59580371584, 13.033301199356], [77.5958267295325, 13.0329142806179], [77.5958268879589, 13.0327455001824], [77.5958145336792, 13.0325713468975], [77.5957832388028, 13.0322787892605], [77.5957646650609, 13.0320184749053]]}}, {"type": "Feature", "properties": {}, "geometry": {"type": "LineString", "coordinates": [[77.5183013352103, 13.0371665692242], [77.5183149699789, 13.0364424613631], [77.5184836424342, 13.0354618627727], [77.5185006849633, 13.0350130453933], [77.5184824767378, 13.0346761018016], [77.5184498001493, 13.0344689066597], [77.5183942514187, 13.0342998529903], [77.5182700042342, 13.0340124285607]]}}, {"type": "Feature", "properties": {}, "geometry": {"type": "LineString", "coordinates": [[77.5173829330783, 13.037689595977], [77.5176210711963, 13.0375564969016], [77.5178024692098, 13.0374309614056], [77.5179771535736, 13.0373257868784], [77.5183013352103, 13.0371665692242]]}}, {"type": "Feature", "properties": {}, "geometry": {"type": "LineString", "coordinates": [[77.5173829330783, 13.037689595977], [77.5176575172572, 13.0378358634088], [77.5179810519191, 13.0380289903645], [77.5180275684436, 13.0380453399062], [77.5180830292913, 13.0380520671115], [77.5181264895415, 13.0380461367444], [77.5181725491467, 13.0380268032645], [77.518230942575, 13.0379782053572], [77.5182711117066, 13.0379237874305], [77.5182992053746, 13.0378622455843], [77.5183223985682, 13.0377575452194], [77.5183361665747, 13.0376257842786], [77.5183397622761, 13.0374841009011], [77.5183013352103, 13.0371665692242]]}}, {"type": "Feature", "properties": {}, "geometry": {"type": "LineString", "coordinates": [[77.5173829330783, 13.037689595977], [77.5173225500787, 13.0378046088982], [77.517297158438, 13.0378716627364], [77.5172753566538, 13.0379702998523], [77.5172444582641, 13.0381988762842], [77.5172298441986, 13.038247875883], [77.517210312866, 13.0382787308242], [77.5171766864273, 13.0383024877578], [77.5171157562869, 13.0383130537525], [77.5168875056599, 13.0382787842545], [77.5168032577084, 13.0382741056954], [77.5167364696978, 13.0382896922764], [77.5166937578851, 13.0383184307354], [77.5166597813999, 13.0383595179609], [77.5166284589005, 13.0384160126338], [77.5164767662051, 13.0387617341815], [77.5163857717424, 13.0389057599079], [77.5163002192971, 13.0390158630373], [77.5162171899953, 13.0391090320805], [77.5161447226871, 13.0391771253294], [77.5159989947546, 13.0392974760589], [77.5159363399982, 13.0393679927926], [77.5158975758853, 13.0394416879446], [77.5158297890355, 13.0396341250749], [77.5157921292313, 13.0397143317169], [77.5157369522807, 13.0397928664178], [77.5155278720787, 13.0400437921372], [77.5154121905517, 13.0402853453582], [77.515376160169, 13.0403942126298], [77.5153393594302, 13.0405880335821], [77.5152953657119, 13.0407179914087], [77.5152477910246, 13.0407792264121], [77.514576309692, 13.0406983528857], [77.5144516859865, 13.0406708781092], [77.5142905665964, 13.0406509296443], [77.5141442911279, 13.0406523505916], [77.5138886724378, 13.0406906900104], [77.5135673029353, 13.0407368395931], [77.5133192870048, 13.040803791109], [77.5127575038037, 13.0409455028066], [77.512436930066, 13.0410705282437], [77.5121676965926, 13.0412093986976], [77.5111343769503, 13.0418469259128]]}}, {"type": "Feature", "properties": {}, "geometry": {"type": "LineString", "coordinates": [[77.4881514046483, 13.0403015240838], [77.4883581320644, 13.0400654629891], [77.4885356278191, 13.0399118839693], [77.4886107096345, 13.0398595696646], [77.4886727519176, 13.0398278910178], [77.4887304273909, 13.0398107970445], [77.4888147865429, 13.0398020161639], [77.4889358006549, 13.0398155967218], [77.4892165524053, 13.039882223173], [77.4895277322956, 13.0399395912285], [77.4896093202516, 13.0399639490062], [77.4896524427317, 13.0399895558488], [77.4896836723958, 13.040019612057], [77.4898017173497, 13.0401890866261], [77.4898880186321, 13.0402736332921]]}}, {"type": "Feature", "properties": {}, "geometry": {"type": "LineString", "coordinates": [[77.4828014922156, 13.0405762815692], [77.4826962554294, 13.040456913938], [77.4826287586261, 13.0403317072296], [77.4826008546816, 13.0402961302627], [77.4825614324297, 13.0402654288358], [77.4824544919742, 13.0402051691145], [77.4824233406252, 13.0401777204484], [77.4824081869067, 13.0401548879329], [77.4823936370516, 13.0401140708461], [77.4823905291494, 13.040039942145], [77.4824075392709, 13.0399625142604], [77.4824480741185, 13.0398797406138], [77.4827213602388, 13.0395389975957], [77.4827623420466, 13.0394682479542], [77.4828069585665, 13.0393676939793], [77.4828463499221, 13.0392511511651], [77.4828670407687, 13.0391558402091], [77.4828732127594, 13.0390737963912], [77.4828744654457, 13.0388580923978], [77.4828967423601, 13.0386818016669], [77.4829315008373, 13.0385701216697], [77.4829585725431, 13.0385218508462], [77.4829937027816, 13.0384773543511], [77.4830496011715, 13.0384265726593], [77.4831304978592, 13.0383796124056], [77.4837258401764, 13.0381308493027], [77.4842661571688, 13.0379460207471], [77.4846800786398, 13.0378164933126], [77.4848210823839, 13.0377580079899], [77.4849379167725, 13.037688371403], [77.4852206119628, 13.0374852785574], [77.4853061584075, 13.0374089445922], [77.4855205786475, 13.0371976797556], [77.4855903163273, 13.0371409914145], [77.4856907924547, 13.0370985714421], [77.485934151107, 13.0370345383726], [77.4860473543122, 13.0370169570505], [77.486948524716, 13.0369667001874], [77.4872195406739, 13.0369771512744], [77.4873120816264, 13.0369882471068], [77.4873773829015, 13.0370045169432], [77.4874738197198, 13.037050619285], [77.4885524543308, 13.0376774532946], [77.4887944565569, 13.0378353694058], [77.4889637904281, 13.0379659095457], [77.4890204887641, 13.0380029074414], [77.4891114877915, 13.0380390026961], [77.4893612186543, 13.03809385688], [77.4894384401115, 13.03812257101], [77.4894820648847, 13.0381553143539], [77.4895523504143, 13.0382346232306], [77.4896147663314, 13.0382937658134], [77.4896714280345, 13.0383384156062], [77.4897279457787, 13.0383719907959], [77.4898012139906, 13.0384019869323], [77.4900948515719, 13.0384939465603], [77.4909367679161, 13.0388280150136], [77.4910164549291, 13.0388552728327], [77.4910862180218, 13.0388706403454], [77.4912229584107, 13.0388797371848], [77.4914720509659, 13.038875252719], [77.4916474675429, 13.0388562207716], [77.491788860454, 13.0388290450523], [77.4919136614097, 13.0387886102666], [77.4924424574377, 13.038565436184], [77.4927826518526, 13.038431891737], [77.493034593729, 13.0383744101022], [77.4932495171587, 13.0382885681014], [77.4934503358652, 13.0382534981751], [77.4936317909106, 13.0382077699832], [77.4937427968569, 13.0381918679814], [77.4937880546653, 13.0381761186652], [77.4938972216958, 13.0380350253259], [77.4940164625752, 13.0380328682584], [77.494071902296, 13.0380255082323], [77.4941187285569, 13.0380068272753], [77.4942117743076, 13.0379464411134], [77.4942606276684, 13.037931510886], [77.49438271371, 13.0379254556753], [77.4947254077243, 13.0379389872946], [77.494786080617, 13.0379253769143], [77.4948241578951, 13.0378968507572], [77.4948405472043, 13.0378721557182], [77.4948558859119, 13.0378255764334], [77.4948773309943, 13.0375972330065], [77.4948970261371, 13.0375103511425], [77.4949400238254, 13.0374364745664], [77.4950497147623, 13.0373174960929], [77.4950693241753, 13.0372794236024], [77.4950778144226, 13.0372428848926], [77.4950781331865, 13.0371934281782], [77.4950685230359, 13.0371272721073], [77.4949768197242, 13.0367291892192], [77.4949569305575, 13.0366159969109], [77.4949600389869, 13.0365128809989], [77.4949920618215, 13.03643389343], [77.4950798239489, 13.0363180012572], [77.495152248016, 13.036246819917], [77.4952278436786, 13.0361980489773], [77.4954981416887, 13.0360488709152], [77.4955485658421, 13.0360135488861], [77.4955944000005, 13.0359694051089], [77.4956296341734, 13.0359206698506], [77.4956674640502, 13.0358494044471], [77.495879009329, 13.0353728884126], [77.4959484142395, 13.0352604626456], [77.4960218863834, 13.0351741149464], [77.4961565150133, 13.0350760601775], [77.4963139981986, 13.0349917620564], [77.4964710191749, 13.0349462859939], [77.4966236984222, 13.0349264847112], [77.496781659987, 13.0348257842407], [77.496877992924, 13.0347898576087]]}}, {"type": "Feature", "properties": {}, "geometry": {"type": "LineString", "coordinates": [[77.4828014922156, 13.0405762815692], [77.4829028914525, 13.0405634666763], [77.4830335928307, 13.0405321370801], [77.4835492641645, 13.0403836241073], [77.4837128703971, 13.0403275803266], [77.4838381722728, 13.0402652343992], [77.484154410086, 13.0400847727438], [77.4847464559187, 13.0397248374369], [77.4848588067535, 13.0396795325664], [77.4849716070579, 13.0396646586408], [77.4850846894397, 13.0396644665449], [77.4852271044464, 13.0396769805788], [77.4858372198969, 13.0397521043845], [77.4860171247303, 13.0397823821179], [77.4862256001611, 13.0398382759645], [77.4869464498873, 13.0400756217917], [77.4871047107668, 13.040114612201], [77.4872507419337, 13.0401303474215], [77.4876103775947, 13.0401310428261], [77.4877185264437, 13.0401443346861], [77.4877642877966, 13.0401651234504], [77.4877956466734, 13.0401924510187], [77.4879316172032, 13.0403862816143], [77.487971219034, 13.0404159955653], [77.4880018128532, 13.0404267106052], [77.488048415322, 13.0404247998661], [77.4880886920505, 13.0404022056124], [77.4881256075479, 13.0403573597897], [77.4881514046483, 13.0403015240838]]}}, {"type": "Feature", "properties": {}, "geometry": {"type": "LineString", "coordinates": [[77.5057314524338, 13.0403694398362], [77.5056508285457, 13.0401706843164], [77.5056322781402, 13.0400984439794], [77.5056256352873, 13.0400389955859], [77.5056256657733, 13.0398604752584], [77.5056367981304, 13.0397063409972], [77.5056554226655, 13.0396137321592], [77.5056866854059, 13.0395426946095], [77.5057305933977, 13.0394938372263], [77.5058043338336, 13.039446864828], [77.5062243319382, 13.0392638666112], [77.5063208833626, 13.0392097823354], [77.5063824015412, 13.0391584974487], [77.5065497324285, 13.0389918688703], [77.5067690925869, 13.038821998804], [77.5068387271185, 13.0387450060389], [77.5068821168093, 13.0386771188869], [77.5069160257388, 13.0386086504508], [77.5069372034514, 13.0385448733373], [77.5069482710573, 13.0384833525649], [77.5069509942903, 13.0384152286117], [77.5069451477028, 13.0383375140231], [77.5069018883525, 13.038091965092], [77.5068941143244, 13.0379986379424], [77.5068979294468, 13.0379479732271], [77.5069114179591, 13.0378903058735], [77.5069558356449, 13.0377925720422], [77.5070350405985, 13.0376851231294], [77.5072777789564, 13.037396744756], [77.5073510196026, 13.0373181847034], [77.5074413259617, 13.0372493751072], [77.5077760919642, 13.0370465614513], [77.5078364520024, 13.0369953752114], [77.5079010693375, 13.0369203236997], [77.5079351286389, 13.0368688338693], [77.5079692589224, 13.0368011628201], [77.5081453712178, 13.036386491409], [77.5081961225978, 13.0362200917394], [77.508205369789, 13.0360825711242], [77.508217071204, 13.0360311226045], [77.5082679698683, 13.0359168345698], [77.5083415773884, 13.0357812102592], [77.508401531433, 13.0357006600869], [77.5085803476442, 13.0355192794362], [77.5086395577512, 13.035448953054], [77.5087118495961, 13.0353423622982], [77.5088308921818, 13.0351271641038], [77.5089221509831, 13.0349979153376], [77.5089889034513, 13.0349223063306], [77.5092332691998, 13.0346754416581], [77.5092826259884, 13.0346147623221], [77.5093161229402, 13.0345600117563], [77.5093563038072, 13.0344705658276], [77.5093858165415, 13.0343791009973], [77.5094064254349, 13.0342807367087], [77.5094293483104, 13.0341232467084], [77.5094488207056, 13.0340466999523], [77.509479081441, 13.0339688361673], [77.509578502546, 13.033759201919], [77.5096204524342, 13.0336097907993], [77.5096333768557, 13.0335170800086], [77.5096367152386, 13.0334191722164], [77.5096331080968, 13.0333005741668], [77.5096163973944, 13.0330932074022], [77.5096186969961, 13.0329760735736], [77.5096344210427, 13.0328550421148], [77.5096722628929, 13.0327111152221], [77.5097070191274, 13.0326260071019], [77.5097688711689, 13.0325252464228], [77.5099568319425, 13.0323034749735], [77.5100163127075, 13.0322218016808], [77.5100540838816, 13.0321542452342], [77.5101251163295, 13.0319980968415], [77.5101774284114, 13.0319222319486], [77.5102233148437, 13.0318768749616], [77.5102835708427, 13.0318286040855], [77.5105197907613, 13.0316708670953], [77.5107036733369, 13.0315146727101], [77.5108938643633, 13.031368649033], [77.5110068265516, 13.0312990055922], [77.5111044033986, 13.03125874442], [77.5111949796653, 13.0312360127328], [77.5112757071428, 13.0312225920517], [77.511583671675, 13.0312077421086], [77.5116866760989, 13.0311898878107], [77.5118474907729, 13.0311389618494], [77.5120682579763, 13.0310390700509], [77.5121833838363, 13.0309933240151], [77.5123022433663, 13.0309570680484], [77.5124221166329, 13.0309319692546], [77.5125718152711, 13.030920860627], [77.5128694527927, 13.0309425938678], [77.5130194355812, 13.0309351765684], [77.5130893828151, 13.030921240163], [77.5131636761981, 13.0308979511756], [77.5133830172226, 13.0308070311539], [77.5134351839765, 13.0307929374368], [77.5134935959689, 13.0307851869889], [77.5136296277028, 13.0307881908934], [77.5138122029484, 13.0308195026457], [77.5138854637161, 13.030821633936]]}}, {"type": "Feature", "properties": {}, "geometry": {"type": "LineString", "coordinates": [[77.5057314524338, 13.0403694398362], [77.5060980731428, 13.0402552781717], [77.5067522976085, 13.040130845389], [77.5068211909247, 13.0401257709449], [77.5068947724107, 13.0401333640326], [77.5071268776517, 13.0402163597993]]}}, {"type": "Feature", "properties": {}, "geometry": {"type": "LineString", "coordinates": [[77.5057314524338, 13.0403694398362], [77.5056237575634, 13.0405187799036], [77.5055612322172, 13.0406384693232], [77.5054684085861, 13.040888383441], [77.5053047157871, 13.0413752021437], [77.505258075972, 13.0414849033103], [77.5051938853495, 13.0415772557459], [77.505046348039, 13.041711679012], [77.5050095941186, 13.0417726976256], [77.5049866921896, 13.0418457756267], [77.5049796402526, 13.0419261684385], [77.5049818301762, 13.0420416093262], [77.5050192720578, 13.0427550986451], [77.505010761215, 13.0430378885622], [77.5050456759437, 13.0433429844188], [77.505047629716, 13.0435275606189], [77.5050573509489, 13.0435966546669], [77.5050688738771, 13.0437138889525], [77.5050387002533, 13.0437440620954], [77.5049657420934, 13.0437626971828], [77.5049289917395, 13.0437451241395], [77.5048433023461, 13.043710096925], [77.5047880263956, 13.0436687978105], [77.5047083721393, 13.0436277355542], [77.504585580195, 13.0435015260039], [77.5045145968781, 13.0435144878174], [77.5044449684366, 13.0435347963106], [77.5044003815913, 13.0435477998666], [77.5042266809879, 13.043647737029], [77.5038935584389, 13.0438095408644], [77.50358422843, 13.0439189964241], [77.5034819103273, 13.0440070356526], [77.5033819726316, 13.0440593848133], [77.5032273075399, 13.0440760398217], [77.503067883756, 13.0440784195769], [77.502898941808, 13.0440355885732], [77.5027799685745, 13.0440046555538], [77.5026538577677, 13.044026071887], [77.5025130742208, 13.0440871287938], [77.5022724936175, 13.0441789261151], [77.5020036377478, 13.0443241444012], [77.5018428999116, 13.0443589903737], [77.5017020444332, 13.0443603513449], [77.5015760169915, 13.0442797768874], [77.5015019520342, 13.0441782504334], [77.5013023748883, 13.044047265585], [77.5009519204051, 13.0439586371119], [77.5003829220694, 13.0439283495931], [77.5001282636712, 13.0439970875558], [77.499597231397, 13.0441404257129], [77.4993431984108, 13.0443013545603], [77.4988491593178, 13.0440635522633], [77.4986365180977, 13.0440268901632], [77.4984351325831, 13.0439921683171], [77.4981859699455, 13.0439654643736], [77.4975529760927, 13.0437414201583], [77.4971426761445, 13.0436736652858], [77.4961842640501, 13.0436542255861], [77.495628405329, 13.0436595879761], [77.4951532867743, 13.0436928556627], [77.4946783846031, 13.0437476344039], [77.4937666301842, 13.0440635521185], [77.4936425783657, 13.0440635550147], [77.4936032551562, 13.0440811464392], [77.4935642203998, 13.0441274192209], [77.4935225610735, 13.0442038388931], [77.4933525253481, 13.0444622171256], [77.493240675649, 13.0446514458441], [77.4928243643676, 13.0448202210298], [77.4921606435653, 13.0447931302155], [77.4921248024276, 13.0447916684334], [77.4920552325737, 13.0447873918531], [77.4920375640795, 13.0447760876317], [77.4920155184504, 13.0447525660368], [77.4919545213259, 13.044663824004], [77.4918690577292, 13.0445133829571], [77.491820753201, 13.0443691027406], [77.4917232197981, 13.0441308342928], [77.4915393782991, 13.0438243498696]]}}, {"type": "Feature", "properties": {}, "geometry": {"type": "LineString", "coordinates": [[77.5458644723536, 13.0411610874049], [77.5459702524441, 13.0410905733285], [77.5460550063958, 13.04100226911], [77.546290765202, 13.0406091266843], [77.5463483590869, 13.040529556861], [77.5464151880434, 13.0404568293344], [77.5469503059114, 13.0399645884488], [77.5479140174466, 13.039132401337], [77.5480190176482, 13.0390286171778], [77.5480606171958, 13.0389635063494], [77.5480849057249, 13.038883444709], [77.5480957875605, 13.0385188391465], [77.5481240935474, 13.0383415789139], [77.5481543730591, 13.0382662475488], [77.5481969127562, 13.0381968541011], [77.5482585454346, 13.0381197288025], [77.5483407519894, 13.0380365022663], [77.5484765135871, 13.0379412203241], [77.5488306083602, 13.0377397444092], [77.5491347842727, 13.0376085835678], [77.5493899912693, 13.0375109965999], [77.5495283645577, 13.0374791312484], [77.5497769236475, 13.0374548330078], [77.5498941747532, 13.0374545201386], [77.5500132731537, 13.0374713592651], [77.5500931593906, 13.0374739973523], [77.5506093783884, 13.035086525351], [77.5508804513125, 13.0348926223992], [77.5511719082718, 13.0347845728425], [77.5515822414431, 13.0348570226131], [77.5519749328042, 13.0351113156722], [77.5521139978196, 13.0353585477373], [77.5523635616064, 13.035920222176], [77.5525745136288, 13.0365205247447], [77.5527153454477, 13.0369398465907], [77.5530740401478, 13.0376821153567], [77.5533823129628, 13.0382623332808], [77.553492127824, 13.0385098516266], [77.5535076082761, 13.0385928847301], [77.5535665082864, 13.0386305506409], [77.5536254083038, 13.0386682156316], [77.5536987389956, 13.0386866156689], [77.5538747509507, 13.038719627008], [77.5541089351203, 13.0386698343096], [77.5542990638215, 13.0386520194341], [77.5549424842145, 13.0386739322774], [77.5552135694422, 13.0386925418514], [77.555376755651, 13.0387235980793], [77.5559555745443, 13.0388725612026], [77.5561798494456, 13.0389100380274], [77.556753054859, 13.0389880195813], [77.5569454911566, 13.0390266594359], [77.557209709016, 13.0390932566057], [77.5574083159198, 13.0391409844106], [77.5574889994269, 13.0391499869982], [77.558397524232, 13.0393021857753], [77.5593085082676, 13.0394353219818], [77.5602941066678, 13.0396596755874], [77.5604038805475, 13.039668262072], [77.5605050916709, 13.039692654195], [77.5606345617163, 13.0398560185515], [77.56067910655, 13.0399201195969], [77.5607380947037, 13.0399661487195], [77.5607821967574, 13.0399872253922], [77.560851821839, 13.0400008788271], [77.5608920455435, 13.0400004808445], [77.56094674944, 13.0399855972765], [77.5610562613812, 13.0399315750002], [77.5611831702821, 13.0397828984153], [77.5614174268327, 13.0395803509175], [77.5614853342887, 13.0395031655462], [77.5615105253826, 13.039457332579], [77.5615342966537, 13.0393929883799], [77.5615997885505, 13.0391387322538], [77.5616247715366, 13.0390606959941], [77.5616562521462, 13.0390042656274], [77.5616971805645, 13.0389680640038], [77.561739254955, 13.0389519690998], [77.5617778190493, 13.0389473791554], [77.5618859682465, 13.0389550948494], [77.5622149665557, 13.039006390618], [77.5623173273685, 13.0390328341499], [77.5624025498859, 13.0390637585683], [77.5625343957571, 13.0391266074064], [77.5627139509491, 13.039238239066], [77.5628051590445, 13.0392858558588], [77.563134483006, 13.0394393879504], [77.5635298617221, 13.039602649598], [77.5637994064416, 13.0397252757583], [77.5638953261054, 13.0397776978586], [77.5639991457228, 13.0398515058309], [77.5640733426005, 13.0399167009985], [77.5641449352921, 13.0399908227288], [77.5642895174022, 13.0401532472769], [77.5643714525387, 13.0402539832769], [77.5644631775793, 13.0404028267162], [77.5644925586532, 13.0404786295746], [77.5645223321753, 13.0405870494057], [77.5645460339452, 13.0406341264166], [77.5646422488354, 13.0407467827431], [77.5647448251079, 13.0408941551815], [77.564900757897, 13.0410426285927], [77.564964482214, 13.0411551324291], [77.5650054697742, 13.0412044150294], [77.5650432595641, 13.0412340097197], [77.5650781187007, 13.0412532013173], [77.5651827328192, 13.0412875236321], [77.5652201220462, 13.0413048100511], [77.5653489756593, 13.0413884661038], [77.565474448189, 13.0414328690999], [77.5655273690853, 13.0414685791275], [77.5656100810026, 13.0415392870503], [77.5657119641873, 13.0415812188382], [77.5657477208273, 13.0416020086654], [77.5658244670581, 13.0416645714243], [77.5659214308431, 13.041771657134], [77.5660441869589, 13.0418773261157], [77.5661561773471, 13.0420028041865], [77.5662664863857, 13.0420979348512], [77.5664483419117, 13.0426346500354], [77.5665159371928, 13.0426719136383], [77.5666550674235, 13.0427486124429], [77.566814429732, 13.0428404925836], [77.5667794060721, 13.0431363308564], [77.5667953109329, 13.0431500934234], [77.5668339444359, 13.0431648700638], [77.5668753885705, 13.0431851045552], [77.5669964984137, 13.04325668404], [77.5670231190078, 13.0432767683207], [77.5671103777459, 13.0433551657909], [77.5672735951117, 13.0434611471668], [77.567423153576, 13.0435840987887], [77.5674733330647, 13.0436148285748], [77.5675902484544, 13.0436778168866], [77.5676439742985, 13.0437131434194], [77.5676858228539, 13.0437484387308], [77.5677277237803, 13.0437938936869], [77.5677568265553, 13.0438365213631], [77.5677850508092, 13.0438904499453], [77.5678138175647, 13.0439597940868], [77.5678294312319, 13.0440180840714], [77.5678380915638, 13.0440791570157], [77.5678418540043, 13.044130391235], [77.567840736121, 13.0442237384095], [77.5678392991959, 13.0444132788205], [77.5678499613405, 13.0444483207327], [77.5679307246595, 13.044526752451], [77.5679508048409, 13.0445538941932], [77.56801298178, 13.0446379391569], [77.5680106935704, 13.0446700514201], [77.5680122844381, 13.0446822258478], [77.5680160358369, 13.044691510386], [77.5680219764351, 13.0447000567619], [77.5680441590784, 13.0447002982551], [77.5680675152568, 13.0447025500141], [77.5681291646047, 13.0447172885882], [77.5682191762209, 13.0447259463951], [77.56827128145, 13.044735390604], [77.5683976752554, 13.0447728802983], [77.5685048436847, 13.0447972096353], [77.5685952305879, 13.044821860013], [77.5686390708706, 13.0448380689901], [77.5687750463312, 13.0449022315877], [77.5688884416244, 13.0449290005712], [77.5689395491706, 13.0449464970231], [77.5689858170906, 13.044969168578], [77.5690394258454, 13.0450041769791], [77.5691194203004, 13.0450683413999], [77.569227292172, 13.0451473689219], [77.5693015467185, 13.0452090298997], [77.5695176209391, 13.0454305250365], [77.5696713640077, 13.0455639729819], [77.5697178221532, 13.045618236003], [77.5697790298722, 13.0457076555779], [77.5698137926173, 13.0457496195806], [77.5699532043205, 13.0458796970467], [77.5700092966931, 13.045936450857], [77.5701014291728, 13.0460385628038], [77.5702119471507, 13.0461523416479], [77.5703214395996, 13.0462975009687], [77.5704840806089, 13.0464452996228], [77.5706367797482, 13.0466225047077], [77.5706615826639, 13.046658612903], [77.5706892964508, 13.0467096839471], [77.5707080445329, 13.0467521466076], [77.5707233409738, 13.0467995366267], [77.5707323339491, 13.0468448309511], [77.5707377818053, 13.0469101664037], [77.5707373248275, 13.0469662396852], [77.5707330701492, 13.0470076724241], [77.5707157961296, 13.0471110049269], [77.5707022889638, 13.0472234094403], [77.5706816032843, 13.0473069271462], [77.5706041687473, 13.04751598694], [77.5705241701105, 13.0477020108544], [77.5704798760923, 13.0478288024089], [77.5704782531646, 13.0478765629341], [77.570486661353, 13.0479099448196], [77.5704984817494, 13.0479213011208], [77.5705293328507, 13.0479339029816], [77.5705644382274, 13.0479335541298], [77.5705922443439, 13.0479347115777], [77.5706186030279, 13.0479373180782], [77.5706508431822, 13.0479427345677], [77.570671365802, 13.0479468337311], [77.570713279327, 13.047957817781], [77.5707314394075, 13.0480290465497], [77.5707483729136, 13.0480786102317], [77.570787294202, 13.0481700577595], [77.5708186322106, 13.0482317967543], [77.5708468232359, 13.048281139223], [77.5708710789984, 13.0483166212895], [77.5709462937832, 13.0484052398457], [77.5709691840054, 13.0484374333775], [77.5710447032528, 13.0485765180338], [77.571076469947, 13.0486239159404], [77.5710964912792, 13.0486477034047], [77.571133259882, 13.048683160435], [77.5712537089338, 13.0487855458387], [77.5712904015451, 13.0488254124067], [77.5713577553676, 13.0489077965601], [77.5713975941856, 13.0489475017334], [77.5714756577613, 13.0490073468329], [77.5715902276046, 13.0490790525655], [77.5716281039189, 13.0491125434328], [77.5717253345682, 13.0492228784189], [77.5717547164511, 13.0492604586894], [77.5718238989906, 13.0493771562945], [77.571869392455, 13.0494391473313], [77.5719148507625, 13.0494894535509], [77.5720116596481, 13.0495856256559], [77.5720667937688, 13.0496288059178], [77.5721270891661, 13.0496602225817], [77.572169964641, 13.0496751737282], [77.5722604957193, 13.0496961087502], [77.5723064491418, 13.0497098249692], [77.5724374532781, 13.0497638688658], [77.5724754874277, 13.049773764549], [77.5725579798452, 13.0497887787312], [77.5726285419247, 13.0497940296791], [77.5726950710391, 13.0497946932813], [77.5727028437472, 13.0498163166971], [77.5727125978185, 13.0498335007547], [77.572721666719, 13.049849479205], [77.5732392409367, 13.0498848416772], [77.5735426090723, 13.0499055693793], [77.5740771554404, 13.0499420902148], [77.5742540391606, 13.0499541750104], [77.5751189225964, 13.0502513029758], [77.5751914409742, 13.05021295435], [77.5756641801372, 13.0497358640279], [77.5763176468952, 13.0495396754015], [77.5765434536805, 13.0494582493625], [77.5766936144208, 13.0494355759054], [77.5768496712974, 13.0494410391328], [77.5769513559382, 13.0494727965893], [77.5769981975746, 13.0495043650263], [77.5770312437547, 13.0495391597706], [77.5770678726323, 13.0496013256117], [77.5770969477315, 13.0496956443001], [77.5771524991295, 13.0499975042353], [77.5771899325765, 13.0502777121061], [77.5772540293831, 13.0505144155507], [77.5772965577357, 13.0505972700596], [77.577359673707, 13.0506762450935], [77.5774307747049, 13.050739950067], [77.5775157380815, 13.0507911424255], [77.5775999951096, 13.0508215789078], [77.5776956890514, 13.0508369214124], [77.5777745114348, 13.0508349558831], [77.5778822273257, 13.050814668746], [77.5780956183244, 13.0507491670776], [77.5787335782007, 13.0504979654301], [77.5808855704435, 13.0498401323769], [77.5827301604411, 13.0490329033289], [77.5839933784416, 13.0485900239423], [77.584892156177, 13.0482702986667], [77.5857682919475, 13.0481181205594], [77.5869869677338, 13.0480820332191], [77.5881322580283, 13.0480227695707], [77.5893755587217, 13.0480103268447], [77.591473346956, 13.0481088358829], [77.5921920735621, 13.0478518833752], [77.5927626724311, 13.0476505248827], [77.5928458444419, 13.0475975189701], [77.5929112202706, 13.047528644671], [77.5929511277552, 13.0474629066914], [77.5929836086414, 13.0473800779565], [77.5930492374275, 13.0471509676256], [77.5930637466042, 13.0470725498044], [77.5930658420516, 13.0469856891775], [77.5930553912519, 13.0468911080092], [77.5929909504487, 13.0466743350483], [77.5929687945772, 13.0465637946278], [77.5929767233896, 13.046475554709], [77.5930117647898, 13.0463865217588], [77.593090714892, 13.0462500784004], [77.5932250516389, 13.0460508659662], [77.5934010265987, 13.0458350240371], [77.5935172167163, 13.0457239379307], [77.5936404270163, 13.0456231500899], [77.5941110814033, 13.0452903604178]]}}, {"type": "Feature", "properties": {}, "geometry": {"type": "LineString", "coordinates": [[77.5111343769503, 13.0418469259128], [77.5109786137377, 13.0419954512186], [77.5108879873336, 13.0420752163924], [77.5108155008186, 13.0421404618412], [77.5107175971724, 13.042223884408], [77.5106193272401, 13.0422869080279], [77.5103901795646, 13.0422243096106], [77.5102578099376, 13.0421703609266], [77.510193754459, 13.0421272382568], [77.5101258197332, 13.0420682545809], [77.5100703342691, 13.0420047555877], [77.5100315136439, 13.0419479415518], [77.509950776169, 13.0417899245755], [77.5099316401283, 13.0417154931961], [77.5099366257082, 13.0416278303485], [77.5099786195897, 13.0414564540171], [77.5100040703046, 13.0412827761336], [77.5099925277106, 13.0412195032268], [77.5099767977407, 13.0411944051974], [77.5099543076321, 13.0411757974044], [77.5099166148681, 13.0411587826181], [77.509877654715, 13.0411504138138], [77.5096111152545, 13.041142723177], [77.5094920162521, 13.0411240546598], [77.5094336704508, 13.0410950529461], [77.5093197355716, 13.0410086804254], [77.5092536150727, 13.0409845244419], [77.5089136652244, 13.0409497598929], [77.5084991862452, 13.0408623302967], [77.5081057482319, 13.0408102726368], [77.5079860023475, 13.0407808952094], [77.5079398098357, 13.0407599600227], [77.507900280556, 13.0407326963945], [77.5078613240283, 13.0406923167273], [77.5078279498062, 13.0406435970944], [77.5077808904407, 13.0405397664145], [77.5076908154579, 13.0402662803111], [77.5076575569832, 13.0402067258185], [77.5076174894448, 13.0401670055591], [77.5075692235369, 13.0401466957035], [77.5075227900002, 13.0401447133687], [77.5073167952026, 13.040205785198], [77.507248660005, 13.0402143968088], [77.5071268776517, 13.0402163597993]]}}, {"type": "Feature", "properties": {}, "geometry": {"type": "LineString", "coordinates": [[77.6354439432272, 13.0410115060572], [77.635638373037, 13.0408599557473], [77.6357292347612, 13.0408114155795], [77.6358203914492, 13.0407983716344], [77.6359640300833, 13.0408321423132], [77.6362847408538, 13.0409434578353], [77.6364169003967, 13.0410013061375], [77.6365011862911, 13.0410528882401], [77.6365698974561, 13.0411081323811], [77.6366257615963, 13.0411701952804], [77.6366727309527, 13.0412477933677], [77.6366936519903, 13.0413027393043], [77.6367103415698, 13.0413863472598], [77.6367074179632, 13.0415485713456], [77.6366732303511, 13.0416843732389], [77.6365544694256, 13.0420056156496], [77.6365346133253, 13.0420938347266], [77.6365289463352, 13.0421699707641], [77.6365384518714, 13.0423007237476], [77.6365650393849, 13.0424060489488], [77.6366109610363, 13.0425058696521], [77.6366708851239, 13.042584335758], [77.6369856775462, 13.0428665446339], [77.6371511825567, 13.0429760505777], [77.6373244042196, 13.0430490986149], [77.6380939017514, 13.0433219343945], [77.6382736713343, 13.043376285886], [77.6384276240825, 13.0434061273997], [77.6388786687184, 13.0434275837167], [77.6392301614271, 13.0433892792434], [77.6397592344371, 13.0432905590891], [77.6399076459234, 13.0432519296495], [77.640053167777, 13.0431922957324], [77.6401435857508, 13.043138880181], [77.640289036235, 13.0430250545801], [77.640381484425, 13.0429787966712], [77.6405298105614, 13.0429438771577], [77.6407769894011, 13.042916060376], [77.6408835545942, 13.0428838551762], [77.6410635141793, 13.0427860213466], [77.6412461334021, 13.0426614259487], [77.6414136127006, 13.0424027081329], [77.6414580869429, 13.0423088787279], [77.6414788014477, 13.0422343328166], [77.6414825450718, 13.0421445996291], [77.6414696380832, 13.0420727873115], [77.6413615029539, 13.0417850243862], [77.6413634759373, 13.0416626883896], [77.64139905085, 13.0415691052294], [77.6414866167339, 13.0415502843645], [77.6415600505489, 13.0415782186489], [77.6416778982266, 13.0416558933371], [77.6418327665853, 13.0417762153451], [77.6419691619134, 13.0418787987672], [77.6421051765656, 13.041945531859], [77.6422372299075, 13.041983623281], [77.6427005438432, 13.042064958147], [77.642831021777, 13.0421061838592], [77.6431586048474, 13.0421883466019], [77.6435429393653, 13.0422542714313], [77.6436817012855, 13.0422897938063], [77.6439142258913, 13.0423696301264], [77.6440949488931, 13.0424691394369], [77.6441517255401, 13.0424917802337], [77.6442286800656, 13.04249669613], [77.6443987744492, 13.0424718174119], [77.6444655585554, 13.0424758082009], [77.6445320385493, 13.0424896753167], [77.6446553499599, 13.0425399972912], [77.644847583399, 13.0426373060246], [77.6451067355625, 13.0428032355931], [77.6451877684483, 13.0428346702835], [77.6452792955654, 13.0428532895711], [77.6453338544042, 13.0428518365495], [77.6453907842721, 13.0428377532693], [77.6455405925498, 13.0427641061926], [77.6457395479417, 13.0426886565535], [77.6458206039113, 13.0426388419739], [77.6460633300505, 13.0424539533365], [77.6461253885469, 13.0424222997042], [77.6462279817781, 13.0423860018415], [77.6463757241886, 13.042344018777], [77.6464624313844, 13.0423339932673], [77.6465228174036, 13.0423435632914]]}}, {"type": "Feature", "properties": {}, "geometry": {"type": "LineString", "coordinates": [[77.50641520829, 13.0425444955917], [77.5065723356931, 13.0420446503388], [77.5066619473482, 13.041881390637], [77.5067235732785, 13.0417514027362], [77.5068187994147, 13.0415897772472], [77.5069216719409, 13.0413805777877], [77.5070778024379, 13.0410223518677], [77.5070978371524, 13.0409002874433], [77.5071268776517, 13.0402163597993]]}}, {"type": "Feature", "properties": {}, "geometry": {"type": "LineString", "coordinates": [[77.4915393782991, 13.0438243498696], [77.4913635214177, 13.0436822779091], [77.4907330776893, 13.0432155446631], [77.4906638715553, 13.0431574509835], [77.4906079633018, 13.0430959703829], [77.4905289808919, 13.0429650884034], [77.4899980216997, 13.0419358856308], [77.4896266417764, 13.0412745633327], [77.4893678903923, 13.0408817035542], [77.4891583424391, 13.0406554494303], [77.4890288098998, 13.0405364513768], [77.4889721002389, 13.0405020711286], [77.4889035256541, 13.0404729973606], [77.4886551711632, 13.040406836177], [77.4884348526668, 13.040316123684], [77.4883374911937, 13.0403035813378], [77.4881514046483, 13.0403015240838]]}}, {"type": "Feature", "properties": {}, "geometry": {"type": "LineString", "coordinates": [[77.6465228174036, 13.0423435632914], [77.6464174265719, 13.0421462588221], [77.6462610082318, 13.0418344303048], [77.64621009354, 13.0416317796926], [77.6462060947513, 13.0416054648805], [77.6461640008738, 13.0413284855899], [77.6461668356899, 13.0412464173171], [77.6461660706819, 13.041178830267], [77.6461616039914, 13.0411177078327], [77.6461532548101, 13.0410614709175], [77.6461367805603, 13.0409855706271], [77.6461173689678, 13.0409152264466], [77.6461104832932, 13.0408883810393], [77.6460961446844, 13.0408179154231], [77.6460858126905, 13.0407840325556], [77.646077961585, 13.0407672554399], [77.6460688378405, 13.0407535818572], [77.6460582748201, 13.0407427650768], [77.6460461682597, 13.0407347049842], [77.6460321237809, 13.0407297470956], [77.6459973119102, 13.0407228406094], [77.6459845885929, 13.0407177815806], [77.6459745940805, 13.0407104289318], [77.6459658595021, 13.0407006838529], [77.645958322409, 13.0406884792276], [77.6459518815503, 13.0406736516731], [77.6459426464887, 13.0406395479918], [77.6459311333299, 13.0405716236323], [77.6459255269521, 13.0405337202011], [77.6459219102599, 13.0404855392559], [77.6459227827914, 13.0404290481367], [77.6459215143069, 13.0404080245983], [77.6459148737345, 13.0403782297912], [77.6459022573582, 13.0403460569046], [77.6458880491803, 13.0403183404877], [77.645841573295, 13.0402361583906], [77.6458097191026, 13.0401775138789], [77.645797212058, 13.0401502471188], [77.645789146473, 13.0401248212467], [77.6457703302992, 13.0400470233122], [77.6457436251267, 13.0399782505568], [77.6457377737987, 13.0399541318463], [77.6457338665122, 13.0399267067029], [77.6457288806303, 13.0398326869058], [77.6457251328141, 13.0397974692326], [77.6457158339473, 13.0397452268666], [77.6456980755404, 13.0396597952358], [77.6456773017245, 13.0395537752826], [77.6456621020687, 13.0394963264213], [77.6456514920469, 13.039467131374], [77.645617608206, 13.0393845756548], [77.6455818987048, 13.0392727829639], [77.6455598632731, 13.0392211531813], [77.6454994502719, 13.0391035963407], [77.6454753426511, 13.0390493696782], [77.6454419676515, 13.0389540825504], [77.6454128401365, 13.0388515781214], [77.6454001809474, 13.0387950825416], [77.6453901603796, 13.0387354378502], [77.6453826686667, 13.0386720263422], [77.6453775600298, 13.0386036163701], [77.6453739504472, 13.0384787784103], [77.6453751446149, 13.0382461657005], [77.6453741420746, 13.0381541197239], [77.6453736051686, 13.0380649634742], [77.6453772693347, 13.0378253820018], [77.6453757226034, 13.0377534747051], [77.6453717692788, 13.0376890323855], [77.6453571046196, 13.0375681685134], [77.6453533650236, 13.0375254760175], [77.6453501837935, 13.0374384056292], [77.6453525738541, 13.037370446599], [77.6453597025858, 13.0373199840308], [77.6453800091522, 13.0372267798495], [77.6453867886823, 13.0371894065664], [77.6453956610726, 13.0371232034464], [77.6454027755703, 13.0370551943308], [77.6454081328872, 13.0369853593376], [77.645411736422, 13.0369136713299], [77.6454169867677, 13.0368164382808], [77.6454179702002, 13.0367723478429], [77.6454160361138, 13.0367284841596], [77.645410593379, 13.0366897397497], [77.6454043234875, 13.0366635881223], [77.6453952514451, 13.0366347341578], [77.64535709613, 13.0365349688633], [77.645304590631, 13.0363799601621], [77.6452814584723, 13.0363174302573], [77.645253519321, 13.0362540289034], [77.6452236165611, 13.0361997186257], [77.6452020716507, 13.0361675808613], [77.6451439860982, 13.0360881414305], [77.645055439719, 13.0359507684215], [77.6450108050355, 13.0358922361721], [77.6449935095605, 13.0358649414445], [77.6449823273502, 13.0358412656051], [77.6449726769317, 13.0358152017918], [77.6450669776927, 13.0355513847557], [77.6451921674382, 13.0350537680203], [77.6452441962089, 13.0349592884796], [77.6452697329374, 13.0349075501494], [77.6452925620002, 13.0348507280577], [77.6453390407903, 13.0347177256091], [77.6454168516362, 13.0345276813897], [77.6454431342239, 13.0344588268868], [77.6454718099729, 13.0343686756233], [77.6454971534207, 13.0342678124908], [77.6455200564507, 13.0341538939972], [77.6455608021965, 13.0339157422271], [77.6455801525879, 13.0338138137949], [77.6456046942179, 13.0337075619608], [77.6456320833382, 13.0336138310349], [77.6456661651937, 13.0335121017004], [77.6456926948219, 13.0334412752687], [77.6457182361572, 13.0333861744413], [77.6457868921238, 13.0332579068528], [77.6458025609115, 13.0332231086778], [77.6458144002952, 13.0331909017295], [77.64582578389, 13.0331514415417], [77.645836000011, 13.0331072070824], [77.645857267073, 13.0329839813475], [77.6458686374046, 13.0328892685932], [77.6458741761274, 13.0328547040163], [77.6458903436372, 13.0327835236339], [77.645908654229, 13.0327253402171], [77.6459192296885, 13.032699918053], [77.6459329419515, 13.0326722794215], [77.6459956612362, 13.0325612686609], [77.6460262991232, 13.0325050858781], [77.6460391433371, 13.0324749256982], [77.6460483644137, 13.032436161543], [77.6460561850636, 13.0323714868987], [77.6460546468133, 13.0320700406622], [77.6460362432804, 13.0319064851893], [77.6460296425038, 13.0318134719683], [77.6460256944237, 13.0317134384406], [77.6460242766705, 13.0316040605116], [77.6460252612015, 13.0314758917578], [77.6460272799595, 13.0314411291694], [77.6460364768478, 13.0313622056288], [77.6460390264199, 13.0313275387975], [77.6460382291453, 13.0312916224343], [77.6460329471698, 13.0312605299628], [77.6460200643437, 13.0312237686388], [77.6459997197687, 13.031184369745], [77.6459724443965, 13.0311424416822], [77.6459266137228, 13.0310801798031], [77.645847072317, 13.0309858276286], [77.6457873527776, 13.0309139409734], [77.6457621222203, 13.0308812220012], [77.6457395791708, 13.0308467527902], [77.6457232147506, 13.0308141754092], [77.6457158204203, 13.0307938639692], [77.6457095134749, 13.0307704454757], [77.6456943615865, 13.0306893974426], [77.64568728731, 13.0306593188067], [77.6456687031947, 13.0305981173468], [77.6456426640715, 13.0305217300347], [77.6456243293101, 13.03047306699], [77.6456020302398, 13.0304201045146], [77.6455039881827, 13.0302101887659], [77.6454649156933, 13.0301177926301], [77.6454369842313, 13.0300344711485], [77.6454203790038, 13.0299974297893], [77.6454019960837, 13.0299699807984], [77.6453579418936, 13.0299177472945], [77.6453407964391, 13.0298944647775], [77.645315865015, 13.0298501647241], [77.6453053517325, 13.0298343479024], [77.6452940916592, 13.0298213482756], [77.6452811545814, 13.0298094670184], [77.6452665060854, 13.0297986737665], [77.6452500913839, 13.0297889284262], [77.645211761892, 13.0297724371863], [77.645164822957, 13.0297594071564], [77.6451248124503, 13.0297518089579], [77.6449885948146, 13.0297325456814], [77.6449288654827, 13.0297249094221], [77.6448612870697, 13.0297215369393], [77.6448013540533, 13.0297216150423], [77.64461961627, 13.0297257401271], [77.6444514199558, 13.0297205817198], [77.644405457441, 13.0297222751039], [77.6443648755955, 13.0297269878107], [77.6443322470602, 13.0297352545877], [77.644295383441, 13.0297503355735], [77.6439051624566, 13.0297685351451], [77.6438467416651, 13.0297553646012], [77.6437324156693, 13.0297300845822], [77.6436112899916, 13.029699084929], [77.6435724384953, 13.0296856630819], [77.6435388570389, 13.0296707420002], [77.643497410025, 13.0296495963683], [77.6434713368627, 13.0296343249135], [77.6434497856245, 13.0296185998709], [77.6434330974522, 13.0296023563288], [77.643416974325, 13.0295797127572], [77.6434030538405, 13.0295514790532], [77.6433911054131, 13.0295173720962], [77.6433797343256, 13.0294734230325], [77.6433739496222, 13.029432690874], [77.6433702929401, 13.0293442754476], [77.6433609692813, 13.0292302947355], [77.6433518037198, 13.0291634924459], [77.6433346698604, 13.0290868602782], [77.6433070053063, 13.0289914527179], [77.6432909772394, 13.0289441679356], [77.6432446390856, 13.0288194991955], [77.6432120210442, 13.0287305779797], [77.643204674024, 13.0287050614487], [77.6432000176477, 13.0286819096627], [77.6431958808398, 13.0286467707853], [77.6431943847312, 13.0286132843805], [77.643195548414, 13.0285818603973], [77.6431993604076, 13.0285527193824], [77.6432094334277, 13.0285164002053], [77.6432285245333, 13.0284717165732], [77.6432514067729, 13.0284232704409], [77.6432968725012, 13.0283290498655], [77.6433495855376, 13.0282350715207], [77.6434094509323, 13.0281415053079], [77.6434763318366, 13.028048566726], [77.6435501257779, 13.0279564112978], [77.6436305328127, 13.0278654269281], [77.6437172552542, 13.0277759536177], [77.6438098620041, 13.0276884357167], [77.6438825240454, 13.0276275882451], [77.6439807746799, 13.0275546197603], [77.6446451266592, 13.0268492397965], [77.6446836190048, 13.0267711834502], [77.6447616404909, 13.0266278550038], [77.6449666088033, 13.026266768956], [77.6450222506004, 13.0261626208047], [77.6450695461678, 13.0260679721793], [77.6451201165273, 13.0259565203291], [77.6451620086543, 13.0258507202097], [77.64519602999, 13.0257485191881], [77.6452225231248, 13.0256488604048], [77.6452472627857, 13.0255191742999], [77.6452567816851, 13.0254764321871], [77.6452770890673, 13.0254117646568], [77.6453329404013, 13.0252675974165], [77.6453439980339, 13.0252325835244], [77.6453519995707, 13.0252003516841], [77.6453609885842, 13.0251509217037], [77.6453680119464, 13.0250971176636], [77.6453732506906, 13.025037766911], [77.6453771665611, 13.0249676774178], [77.6453798615158, 13.0248644366355], [77.645376245397, 13.0247868111065], [77.6453669464234, 13.0247307092485], [77.6453332039981, 13.0246034857677], [77.6453223120536, 13.024545912271], [77.6453187994044, 13.0245017981483], [77.6453161182137, 13.0244045367356], [77.6453126072035, 13.0243650877448], [77.6453049180876, 13.0243209774143], [77.6452841524239, 13.0242314304566], [77.6452765927904, 13.0241930047914], [77.6452671727708, 13.0241306165018], [77.6452596173664, 13.0240679471891], [77.6452539256452, 13.0240049959598], [77.6452500985461, 13.0239417646115], [77.6457002449349, 13.0234694830171], [77.6456495707423, 13.0233562978029], [77.645632451222, 13.0232545475834], [77.6456365005352, 13.0231654438136], [77.6456767572034, 13.0228413993857], [77.645672871135, 13.0227495399649], [77.645640263454, 13.0225832094364], [77.6456342746572, 13.022510588568], [77.6456402262599, 13.0224301289655], [77.6456680023698, 13.02227527122], [77.6456682592865, 13.0221788642491], [77.645641486555, 13.0220743000052], [77.6455579573501, 13.0218842258188], [77.6455220163838, 13.0217794886388], [77.6454958733078, 13.0216628855661], [77.6454593276661, 13.0214142431528], [77.6454392275399, 13.0213342346732], [77.6454009010606, 13.0212507281783], [77.6453091475458, 13.0211126344066], [77.645262158037, 13.0210245565698], [77.6452243669346, 13.0209252504435], [77.6451595149782, 13.0207105095733], [77.6451072922717, 13.0205923043467], [77.6448515233413, 13.0201846016215], [77.6447424881127, 13.0200321030046], [77.6447046227845, 13.0199664771109], [77.6446689698186, 13.0198717879646], [77.6446255657521, 13.0196627759427], [77.6445976521775, 13.0195754689773], [77.6444166033234, 13.0191955550114], [77.6443159337604, 13.0189498925847], [77.6441885227044, 13.0187210865776], [77.644138739664, 13.0186769393747], [77.6440739340201, 13.0186590852659], [77.6439830252371, 13.0186615718427], [77.643884056735, 13.0186823106745], [77.6438416691504, 13.0187015445753], [77.6438001085559, 13.0187367240753], [77.6437720826119, 13.0187827779673], [77.6437043651785, 13.0189371152734], [77.6436693587243, 13.0189787884037], [77.6436324888048, 13.0190045201717], [77.6435892902945, 13.0190220973489], [77.6435181160701, 13.0190301073587], [77.6434001569823, 13.0190223838693], [77.6433092780559, 13.0190071163114], [77.6432056237729, 13.0189802899018], [77.6431191794238, 13.0189506166008], [77.6430063400306, 13.0188986554084], [77.6429219668457, 13.0188493435745], [77.642840500349, 13.0187741259728], [77.6426735764009, 13.0185484609251], [77.6426310494205, 13.0185073796202], [77.6425866547836, 13.0184780172869], [77.6425116972181, 13.0184505384342], [77.6422098002402, 13.018395866025], [77.6420419784244, 13.0183466762948], [77.641820200566, 13.0182645689525], [77.6417807681836, 13.0182371876309], [77.6417595186417, 13.0182013964308], [77.6417606648255, 13.0181482060414], [77.6417957689855, 13.0180809568493], [77.6424522215462, 13.0172425246931], [77.6425682883112, 13.0170804468072], [77.6428325672606, 13.0165415447541], [77.6431675355649, 13.0158163978396], [77.6431919560763, 13.0157747586809], [77.6432541481372, 13.0156973979288], [77.6433612822451, 13.0154799566465], [77.6433871905768, 13.0154397884047], [77.6434172890979, 13.0154073530053], [77.6441262586813, 13.0136390297277], [77.6448024802911, 13.0125786548586], [77.6466725696861, 13.010048610278], [77.646739021381, 13.0099840971439], [77.6467821475627, 13.0099327008755], [77.6470276524114, 13.0095944764464], [77.6470987313881, 13.0094826375975], [77.647204413036, 13.0092713744436], [77.6472485820164, 13.0091950761669], [77.6473371369782, 13.0090716959902], [77.6474447970206, 13.008943471013], [77.6475142665404, 13.0088739356906], [77.6475834500951, 13.0088233764361], [77.6479732498922, 13.008611202263], [77.6480337701465, 13.0085621903419], [77.6480723691196, 13.0085143164368], [77.6481293857426, 13.0084168955783], [77.6482270980785, 13.0082230064232], [77.6482555846551, 13.0081471771233], [77.648267873579, 13.0080795597474], [77.6482673085424, 13.0080191408768], [77.6482512009639, 13.0079508856121], [77.6481430457745, 13.0077421332093], [77.6481206278875, 13.0076871147827], [77.6481151126641, 13.007626857554], [77.6481318924018, 13.0075778467861], [77.6482400524417, 13.0074435267517], [77.6482969390906, 13.0073878595521], [77.6486905549664, 13.0071190425879], [77.648768655594, 13.0070462426087], [77.6488928942517, 13.0068991585565], [77.6489364299856, 13.0068663751215], [77.6490729675617, 13.006785210979], [77.6491211540829, 13.0067427263308], [77.6491586397524, 13.0066799377924], [77.6491793569741, 13.0065766341985], [77.6491966208189, 13.0065321986881], [77.6492314592749, 13.0064824804235], [77.6493102745453, 13.0063949404502], [77.6493429206084, 13.0063414349418], [77.6493878767918, 13.0061842563821], [77.6494233714081, 13.006102902582], [77.6494852105735, 13.0060093503904], [77.6495528560013, 13.0059481861941], [77.649642293146, 13.0059088450201], [77.6498025418521, 13.0058739796497], [77.64996335458, 13.0058570914361], [77.6500888501616, 13.0058645255597], [77.6502230292173, 13.0058978354304], [77.6509735442906, 13.0061535049439], [77.6510475489037, 13.0061725258827], [77.6511065604379, 13.0061774109991], [77.6511547166894, 13.0061713964448], [77.6512170356112, 13.006147412255], [77.6514810155598, 13.0059734415655], [77.6516361233993, 13.0058840038405], [77.6517337707121, 13.0058361837466], [77.6519093468957, 13.0057768519164], [77.6521591375917, 13.0057287475874], [77.652320445904, 13.005706876989], [77.6523785803214, 13.0057071779383], [77.6524306630249, 13.0057146902103], [77.6525712412896, 13.0057617734049], [77.6527822775433, 13.0058507826462], [77.6528332018349, 13.0058797442258]]}}, {"type": "Feature", "properties": {}, "geometry": {"type": "LineString", "coordinates": [[77.6465228174036, 13.0423435632914], [77.6465601805856, 13.0423494841615], [77.6466989451885, 13.0423973650695], [77.6469070443008, 13.0425146935501], [77.6470192067206, 13.0426200810436], [77.647077473878, 13.0427004220773], [77.647322096843, 13.0430824889409], [77.6473888034345, 13.0432023791195], [77.6474202580005, 13.0432901411208], [77.6474397127354, 13.0433965915835], [77.6474878708052, 13.0440481158525], [77.6475094884522, 13.04420720943], [77.6475469672244, 13.0443878140675], [77.647588767421, 13.0445420901636], [77.6476233374433, 13.0446216074369], [77.6476721225585, 13.0446847786347], [77.6477517752618, 13.0447473900095], [77.6484551084528, 13.0451621960932], [77.6485476385725, 13.0452106230193], [77.6486335800865, 13.045245430921], [77.648777407972, 13.0452817122083], [77.648934120806, 13.0453010863408], [77.6490537913629, 13.0452990344215], [77.6492416368568, 13.0452786374314], [77.6492715562012, 13.0452753877958], [77.6494005667655, 13.0452799468772], [77.6497974112021, 13.0453566208047], [77.6500327350917, 13.04541437471], [77.6502718162132, 13.0454960361568], [77.650520368885, 13.0456276673073], [77.6506888891192, 13.0456947576519], [77.6508407517518, 13.045739374991], [77.6511606749986, 13.0458067402533], [77.6514991651174, 13.0459371776121], [77.6518025123086, 13.0460219350779], [77.651878094639, 13.0460590711992], [77.6520705073449, 13.046189410565], [77.652165366558, 13.0462399730309], [77.6522949615382, 13.0462832286237], [77.6525450962424, 13.0463420594424], [77.6526824907573, 13.0463644513995], [77.6528995155389, 13.0463239500866], [77.6537922041736, 13.0467318891254], [77.6548575801222, 13.0471870522058], [77.6564540701295, 13.0474365742017], [77.6584072993911, 13.0477033349289], [77.6606271434309, 13.0478239242174], [77.6619178435435, 13.0476911341769], [77.6634772018037, 13.0476033761873], [77.6653562729856, 13.0477752384102], [77.6683024082764, 13.0485575320154], [77.6691612458998, 13.0490745153964], [77.6700449758358, 13.0496390415614], [77.6717563866316, 13.0512228004169], [77.6719528155663, 13.0513522306977], [77.6721722111219, 13.0513499637273], [77.6724515198059, 13.0512514701045], [77.6729299004514, 13.0508515073565], [77.6730933900117, 13.0503815755838], [77.6731128021819, 13.050268407438], [77.6731310440248, 13.0500646578694], [77.673157328242, 13.0499454058086], [77.6732056420139, 13.0498148352709], [77.6733272335629, 13.0495770613126], [77.6733545658666, 13.0494838202401], [77.6733705581366, 13.0493800446474], [77.6733666003221, 13.0491819999397], [77.6733527895478, 13.0490773426489], [77.6733332091379, 13.049001766026], [77.6732900839885, 13.0489144169144], [77.6731705366436, 13.0487485988095], [77.6731233409535, 13.0486370179332], [77.6731174494259, 13.0485570701806], [77.6731424956088, 13.0484374244128], [77.673172602803, 13.0483647056479], [77.6732161723412, 13.0482979265843], [77.673292059781, 13.0482123565763], [77.6733562203743, 13.0481555141442], [77.6734275907587, 13.0481156059947], [77.6736350800744, 13.0480476068832], [77.6737969195837, 13.047950445994], [77.6738488122945, 13.0479275500573], [77.6739122984077, 13.0479154515922], [77.6739830893164, 13.0479188355772], [77.6740424540045, 13.0479346787152], [77.6741005636894, 13.047963969852], [77.6741688605797, 13.0480313739655], [77.6742631644163, 13.0481904043946], [77.6743087681366, 13.0482506651875], [77.6743691941802, 13.0482995527595], [77.6744387848838, 13.0483321759918], [77.674562621247, 13.0483543734067], [77.6748365522549, 13.0483537485945], [77.6750004157278, 13.0483713474086], [77.6751789557488, 13.0484095024392], [77.675534050067, 13.0485120847791], [77.6756286811573, 13.0485305348138], [77.6756876979027, 13.0485312396234], [77.6757521786631, 13.048520895603], [77.6760685822642, 13.0484216890196], [77.6762786661691, 13.0483788390335], [77.676408482992, 13.0483729111583], [77.6767357609952, 13.0483908134298], [77.6771436540317, 13.0483714432257], [77.6774219167655, 13.0483859339932], [77.677823511438, 13.0483837450821], [77.6780963523054, 13.0484013049044], [77.6782809447445, 13.048396986978], [77.6786561250977, 13.0484328945924], [77.6788749841866, 13.0484433547007], [77.6789608084348, 13.0484566027145], [77.6790945439392, 13.0485177256435], [77.6791662553051, 13.0485335913954], [77.6792398167071, 13.0485308853565], [77.679397994374, 13.0484916664409], [77.6794890152255, 13.0484824919825], [77.6796118671836, 13.0484927698205], [77.6798003947679, 13.0485287917646], [77.6799769813826, 13.0485382064444], [77.6843743948512, 13.0482293923598]]}}, {"type": "Feature", "properties": {}, "geometry": {"type": "LineString", "coordinates": [[77.4915810815427, 13.0446212254335], [77.4915240757257, 13.0445278803725], [77.4914897414071, 13.0444515430409], [77.4914607886093, 13.0443600004531], [77.4914491569024, 13.0442805948861], [77.4914518805741, 13.0442123863537], [77.4914629843133, 13.0441439588985], [77.4915393782991, 13.0438243498696]]}}, {"type": "Feature", "properties": {}, "geometry": {"type": "LineString", "coordinates": [[77.4795805376326, 13.0453328165682], [77.4795639752609, 13.0449915116688], [77.4795878541058, 13.044827144337], [77.4796288583984, 13.0447273416575], [77.47979529738, 13.0444243786658], [77.4800075246159, 13.0438467338578], [77.4801179914577, 13.0436404634302], [77.4802412214206, 13.0434858558171], [77.4803779170188, 13.043376284295], [77.4805405486178, 13.0432919826335], [77.4808291135818, 13.0431956803855], [77.4809461984363, 13.0431459792856], [77.4810686935501, 13.04306809663], [77.4811699110211, 13.0429744828703], [77.4812555452369, 13.0428624804419], [77.4813230882899, 13.0427315848577], [77.4815438800944, 13.0419944634386], [77.4816145556298, 13.0418289770428], [77.4816990902058, 13.0416832835788], [77.4817965906462, 13.0415653071791], [77.4823405085894, 13.0410504517374], [77.482548602661, 13.0408243287058], [77.4828014922156, 13.0405762815692]]}}, {"type": "Feature", "properties": {}, "geometry": {"type": "LineString", "coordinates": [[77.5941110814033, 13.0452903604178], [77.5942567842652, 13.0450174023063], [77.5943424077251, 13.0448817735872], [77.5944498432995, 13.0447588768108], [77.5945299662751, 13.0446946118885], [77.5945890387317, 13.0446648378081], [77.5946728614166, 13.0446346745796], [77.5949081932274, 13.0445753333393], [77.595000271602, 13.0445406116256], [77.5951852633948, 13.0444459395837], [77.5953814400663, 13.0443142076656], [77.5955013959188, 13.0442588780908], [77.5955636374424, 13.0442420335437], [77.5957636210743, 13.0442134999278], [77.595886051662, 13.0442101558142]]}}, {"type": "Feature", "properties": {}, "geometry": {"type": "LineString", "coordinates": [[77.5941110814033, 13.0452903604178], [77.5942608481427, 13.0453868375787], [77.5944145520926, 13.0455121650501], [77.5944787193577, 13.0455419915758], [77.5945475044522, 13.0455575409369], [77.5946456647024, 13.0455531776897], [77.5949864455541, 13.0454790618947], [77.5952894461893, 13.045438354973], [77.5955123388333, 13.0453734706399], [77.5956273949853, 13.0453582472493], [77.5956945466113, 13.0453588202731], [77.5957631919172, 13.0453696322196], [77.5961270693409, 13.0454701908378], [77.5961849720712, 13.0454809921106], [77.5964639470762, 13.0454918559725], [77.5968881619777, 13.0455020802289], [77.5989294227466, 13.0453458764373], [77.6000449295705, 13.0455328188564], [77.6006446711687, 13.0455934520377], [77.6014333170099, 13.0456731808916], [77.6015691865417, 13.0456535537103]]}}, {"type": "Feature", "properties": {}, "geometry": {"type": "LineString", "coordinates": [[77.6015691865417, 13.0456535537103], [77.6014991545559, 13.0455905239359], [77.601441573787, 13.045521887852], [77.601373525567, 13.0454097703069], [77.6013244177168, 13.0452940003676], [77.60124519844, 13.0450067195787], [77.6010824333898, 13.0446682801385], [77.6009924145645, 13.0444250838252], [77.6008001448544, 13.0441023874414], [77.6006570009667, 13.0437792856026], [77.6005353224566, 13.0435527330079], [77.6004876114221, 13.0434403031463], [77.60029375541, 13.0429184679321], [77.600223229937, 13.0426312056839], [77.600153708739, 13.0424012105612], [77.6001244761658, 13.0422700954104], [77.6000615680761, 13.0418497250629], [77.6000496456312, 13.0414593710203], [77.6000561552669, 13.0410969789569], [77.6001755032961, 13.0393797535917], [77.6002152977981, 13.0392409804079], [77.6004135646716, 13.0388727817245], [77.6006011791247, 13.0384020435487], [77.6007800308055, 13.0379914071297], [77.6008980587483, 13.0377717121394], [77.6010811319971, 13.0374899883676], [77.6011944207853, 13.0373403077175], [77.6012837648171, 13.0372486092549], [77.6015579034533, 13.0370509573281], [77.6021301911647, 13.0365554754065], [77.6023326005391, 13.0363240899099], [77.6024022765549, 13.036219066417], [77.6024444848851, 13.0361238447517], [77.6024721984005, 13.0359721628404], [77.6024624040593, 13.0357868078482], [77.6024101579219, 13.0355337097643], [77.6023318415632, 13.0352971389674], [77.6022596491501, 13.0351486050564], [77.6021574259302, 13.0349931310678], [77.6020345342868, 13.0348372115514], [77.6018182752126, 13.0345908106831]]}}, {"type": "Feature", "properties": {}, "geometry": {"type": "LineString", "coordinates": [[77.6492416368568, 13.0452786374314], [77.6492400923616, 13.0452876167296], [77.6491361312647, 13.0458918490589], [77.6491303733668, 13.046041239175], [77.6491089241336, 13.0465977295623], [77.6490968730685, 13.0471636698739], [77.6491044322912, 13.0475819762319], [77.6490907425987, 13.0477108546917], [77.6490769094467, 13.0477525841345], [77.6490620434309, 13.0477782346951], [77.6490342618437, 13.0478090160076], [77.6489968519182, 13.0478362353659], [77.6489592771809, 13.0478536943241], [77.6489199080489, 13.0478643754143], [77.6488483240202, 13.0478713951951], [77.6486120315574, 13.047876303661], [77.6484283455688, 13.0477971643509], [77.6483076207032, 13.0478111698776], [77.6480013850141, 13.0478879696749], [77.6477123299514, 13.0479240660517], [77.647584553635, 13.0479487646599], [77.6474522285758, 13.047989602858], [77.6473878055983, 13.0480198764398], [77.647337780541, 13.0480536451432], [77.6472731578328, 13.0481277327358], [77.6472325687261, 13.04822566521], [77.6472141154494, 13.0483425457159], [77.6472081446361, 13.0485403936114], [77.6471979006919, 13.0486311542313], [77.6471479274259, 13.0487745151598], [77.6471079399742, 13.0488422499886], [77.6470572850412, 13.0489016905988], [77.6470037994508, 13.0489468567032], [77.6468845440122, 13.0490277214386], [77.6468317766614, 13.0490757032802], [77.6467957502026, 13.0491265428873], [77.6467777724455, 13.049179832098], [77.6467787182609, 13.049229290585], [77.6467960990781, 13.0492883574386], [77.6469243587434, 13.0495487063017], [77.6469591425965, 13.049727846971], [77.6469946287925, 13.0498099024095], [77.6470408090778, 13.0498706402635], [77.6471130041973, 13.0499440466629], [77.6474469376293, 13.0502313928014], [77.6477201035493, 13.0504777988916], [77.6478037889932, 13.0505642128205], [77.647866187848, 13.0506585732038], [77.647912608655, 13.0507702273419], [77.6479390718187, 13.0508870815871], [77.6479407933, 13.0509896905679], [77.6479209558131, 13.0510995965889], [77.647884225384, 13.0512140127802], [77.6476871938819, 13.0516533656534], [77.6475112455408, 13.0520857795673], [77.6472918190636, 13.0527890294056], [77.6471832391827, 13.0530817670746], [77.647085476777, 13.0533951504146], [77.6470541430505, 13.0535454032653], [77.6470199847517, 13.0538242761897], [77.6469605995591, 13.0540829192704], [77.6468588733787, 13.0549986751219], [77.6468370919551, 13.0550422195574], [77.6467610322745, 13.0551202936808], [77.6467351209262, 13.0551603905747], [77.6466305544059, 13.0554386509213], [77.6465011107262, 13.0556520292755], [77.6464905452358, 13.0556965980666], [77.6464882365416, 13.0557976123364], [77.6464731377904, 13.0558560612376], [77.6463851449933, 13.056080555231], [77.646058830858, 13.0569856854149], [77.6458249149307, 13.0575898076209], [77.6457678527921, 13.0578040223375], [77.6456381556386, 13.058413852365], [77.6455866817098, 13.0588447816682], [77.645525326146, 13.059250140313], [77.6454394956334, 13.0594582941267], [77.6453886265408, 13.0596043411314], [77.6452660983626, 13.0598665720529], [77.6451919268951, 13.06011208483], [77.6450539784174, 13.0603810096315], [77.645027008004, 13.0605119204396], [77.6450233483892, 13.0607154127627], [77.6450110331625, 13.0608034673091], [77.6449901842292, 13.0608632497692], [77.6449211231226, 13.0610059732673], [77.6448636084216, 13.0612380997843], [77.6447660913009, 13.0614754020325], [77.6447382132267, 13.0615754359068], [77.6447327904391, 13.0616660605494], [77.6447500028569, 13.0619321325864], [77.6448360407387, 13.0627561724328], [77.6448309502587, 13.0629100910591], [77.6447945042058, 13.0632906531844], [77.6447969415423, 13.0637597711561], [77.6448051279025, 13.0638666820428], [77.6448419107159, 13.06398521058], [77.6449856864149, 13.0642684080404], [77.6450737458869, 13.0643916187458], [77.6451896940478, 13.0645834332644], [77.6452552345473, 13.0646655286871], [77.6454088626928, 13.0648258695845], [77.6454546493186, 13.0648881072871], [77.6454841756707, 13.0649466874034], [77.645495453272, 13.0650020567061], [77.6454938104448, 13.0650900372085], [77.6455084750597, 13.0652896234047], [77.6454770726628, 13.065438288029], [77.6454567017192, 13.0654832599066], [77.6454264675486, 13.0655235348462], [77.6453583108338, 13.065777047276], [77.6453427931363, 13.0658673091028], [77.6453387030847, 13.0659592110176], [77.6453435770989, 13.0660438084252], [77.6453618675438, 13.0661465775754], [77.6453849884366, 13.0662764885753], [77.6453889641533, 13.0663607527883], [77.6453764100452, 13.0664582773868], [77.6453253672906, 13.0666372976106], [77.6453024457842, 13.0667657531576], [77.6452761394372, 13.0669743700903], [77.6452756135702, 13.067039868083], [77.6452842523751, 13.0670833296353], [77.645314218378, 13.0671373900473], [77.645384728172, 13.0672238574326], [77.6454300584343, 13.0672932004181], [77.6456303380008, 13.0676557272844], [77.6457459112608, 13.0678793210446], [77.6458783086208, 13.0681034876749], [77.6461031273767, 13.0684089913596], [77.6462046782242, 13.0685282037592], [77.6462711615525, 13.0685881178647], [77.6465170476887, 13.0687585652914], [77.6465912089371, 13.0688267443739], [77.64666020698, 13.0689067683528], [77.646737652245, 13.0690284940876], [77.6468399455742, 13.069251502222], [77.6469979095623, 13.069553507128], [77.647061150232, 13.0697376483802], [77.6470766233177, 13.0698577289301], [77.6470712883232, 13.0699239762527], [77.6470299872517, 13.0701403299034], [77.6470222583235, 13.0702181742517], [77.6470269129934, 13.0702938680687], [77.6470578174277, 13.070474629567], [77.6470597406768, 13.0705772770579], [77.6470459137332, 13.0706765229988], [77.6469991447137, 13.070886350574], [77.6469979984173, 13.0710669373938], [77.6469898447812, 13.0711345958038], [77.6469518073492, 13.0712411002517], [77.6468263105534, 13.0714717296246], [77.6467070932838, 13.0717396373476], [77.6466657053332, 13.0718592220561], [77.6465966223067, 13.0721047736422], [77.646567504442, 13.0721704327082], [77.6465291191719, 13.0722280155483], [77.6464525286461, 13.0723060588712], [77.6461962037863, 13.0725326004322], [77.6458110326415, 13.0728065018488], [77.6455717100877, 13.0730176691269], [77.645319153789, 13.07320791639], [77.6452420319915, 13.0732743111082], [77.6452014311078, 13.0733206782873], [77.6451655911314, 13.0733754533774], [77.6450165666262, 13.0736768776912], [77.6449864267441, 13.0737189856804], [77.6449584261935, 13.0737444501693], [77.6448856042116, 13.0737839726258], [77.6446510736721, 13.0738822994377], [77.6445870700383, 13.0739017817995], [77.6445386789721, 13.0739044709017], [77.6444946244355, 13.0738949450236], [77.6444536801197, 13.0738765141228], [77.6441285030099, 13.0736802606888], [77.6440347833365, 13.0736373948669], [77.6439544898961, 13.0736240437075], [77.6437766993359, 13.07361400265], [77.6436918063871, 13.0736140488995], [77.6435799910268, 13.0736252106324], [77.6434125832838, 13.0736673136906], [77.6431736419658, 13.0740353285779], [77.6426337968098, 13.0756352861178], [77.6424145913645, 13.0761155789958], [77.6421855316349, 13.0765864111286], [77.6416484756675, 13.0774428353125], [77.6412876958491, 13.0780831122305]]}}, {"type": "Feature", "properties": {}, "geometry": {"type": "LineString", "coordinates": [[77.6182726382942, 13.0485218821837], [77.6188764105415, 13.0483948577309], [77.6197109211387, 13.0482426361123], [77.6199265391928, 13.0481868464161], [77.6201617913978, 13.0481129312364], [77.6204488609254, 13.0480094588396], [77.620867925197, 13.0478182337339], [77.6213165856623, 13.0476703240188], [77.6214358325809, 13.0476013379421], [77.6217845356002, 13.047367761656], [77.6223790873433, 13.0470554322318], [77.622500363207, 13.0470115725797], [77.6228129930551, 13.0469349095639], [77.6230375187887, 13.0468615101208], [77.6234776673782, 13.0469968786154], [77.6237089569721, 13.0470496400782], [77.6240075618967, 13.0470860777444], [77.6243719659657, 13.047088264122], [77.6245221986702, 13.0470668080083], [77.6246512207854, 13.047020952687], [77.6247827576556, 13.046949448356], [77.6249914225548, 13.046803615592], [77.6251365907596, 13.046742979951], [77.6252281511404, 13.0467226428373], [77.6253305239374, 13.0467117395914], [77.6256697367251, 13.046712910592], [77.6258516539667, 13.0466748635638], [77.6259408424551, 13.0466391751536], [77.6260136596344, 13.0465902426868], [77.6262320779181, 13.0463442538468], [77.6264847938418, 13.0461231949962], [77.6265999608795, 13.04604366128], [77.6268058660604, 13.045933175082], [77.6268999263285, 13.0458725877667], [77.6274834770096, 13.0454159221075], [77.627628376918, 13.045266820816], [77.6276870698386, 13.0451770320484], [77.6277221734522, 13.0450983852001], [77.6277469037007, 13.0449599431842], [77.6277514927477, 13.0446397384079], [77.6277649919554, 13.0445741601727], [77.627790306936, 13.0445262934166], [77.6279031914407, 13.0444015126864], [77.6279652995672, 13.0443464867168], [77.628097461306, 13.0442735780927], [77.6283860567438, 13.0441506504099], [77.6284504904288, 13.0440956260245], [77.6284892321608, 13.0440273250526], [77.6284952897886, 13.0439886193155], [77.6284891385484, 13.0439496753383], [77.6284374658932, 13.0438638795806], [77.6283539389891, 13.0437840094213], [77.6281649287915, 13.0436429757493], [77.6280914811414, 13.043558518577], [77.6280365374143, 13.0434441883295], [77.6280111340554, 13.0433077795625], [77.6280176292021, 13.0432428876911], [77.628044301746, 13.043170467859], [77.6281935162097, 13.0429256128794], [77.6282396437538, 13.0428260548907], [77.6282654037818, 13.042717862112], [77.6282946821111, 13.0425012119141], [77.628320951864, 13.042415013768], [77.6283762012532, 13.0423376673834], [77.6284203273923, 13.0423066595843], [77.6284671872372, 13.0422885400441], [77.6285627877504, 13.0422848442923], [77.628691118928, 13.0423178015601], [77.6287762155677, 13.0423517327841], [77.6289493881327, 13.0424510025701], [77.6290079001519, 13.0424713906749], [77.6290557612951, 13.0424768714292], [77.6290982452004, 13.0424681672883], [77.6291442811264, 13.0424421042017], [77.6292659580405, 13.0423243617097], [77.6293190504446, 13.0422875052561], [77.6293828626676, 13.0422665871065], [77.6294713779569, 13.0422640037402], [77.6295542503726, 13.0422813815658], [77.6296433140101, 13.0423121906497], [77.6299116968358, 13.0424679272239], [77.6300368452867, 13.0425141953059], [77.6301648076565, 13.0425353489004], [77.6303239238656, 13.0425491897707], [77.6304552443229, 13.0425522535822], [77.6306413863205, 13.0425417934128], [77.6307249625532, 13.0425509562225], [77.6308033892046, 13.0425817555581], [77.6308861433939, 13.0426420441445], [77.6310777554298, 13.042856716639], [77.6312171620508, 13.0429801156022], [77.6313145291544, 13.043029828295], [77.631399247852, 13.0430330429495], [77.6314593364261, 13.0430102930028], [77.6315108392463, 13.0429704051069], [77.6317284606644, 13.0427113308548], [77.632089112787, 13.042349987888], [77.6323346173258, 13.0421206760933], [77.6324302655979, 13.0420481298759], [77.6325357935645, 13.04198360836], [77.6326459525693, 13.0419328410284], [77.6327593304249, 13.0418943814327], [77.6328721284375, 13.0418705267285], [77.6329721037429, 13.0418622515837], [77.6336495075398, 13.0418979783704], [77.6337318464238, 13.0418900369045], [77.6338819773866, 13.04185490856], [77.6339540165485, 13.0418548926348], [77.634019705217, 13.0418828980976], [77.6340616211611, 13.0419206674073], [77.6340943960769, 13.0419706642884], [77.6341601715912, 13.0421099773316], [77.6342197379045, 13.0421780523289], [77.6342603538782, 13.0421989501896], [77.6343097878405, 13.0422087864255], [77.6343492630802, 13.0422060176454], [77.6344021727786, 13.0421867162015], [77.6344527435596, 13.0421505936769], [77.634515382873, 13.0420780702609], [77.6347506412737, 13.041710899321], [77.6348542840672, 13.041565566785], [77.6351291388278, 13.041268054228], [77.6352250284419, 13.0411821406613], [77.6354439432272, 13.0410115060572]]}}, {"type": "Feature", "properties": {}, "geometry": {"type": "LineString", "coordinates": [[77.5229999548375, 13.0491142329561], [77.522837221644, 13.048996527061], [77.5227461037721, 13.0489197213326], [77.5227040455643, 13.0488681762294], [77.5226329591268, 13.0487473248747], [77.522561851429, 13.0486711478772], [77.5224684343172, 13.0486024035668], [77.5222937595445, 13.04849668264], [77.5222000872502, 13.04841739532], [77.5221572455584, 13.0483711719791], [77.5220855667375, 13.04825919741], [77.5220306525541, 13.0481967505657], [77.5219862838752, 13.0481550612607], [77.5219293611209, 13.0481189025483], [77.521690309886, 13.0480095452117], [77.5216305377104, 13.0479734647913], [77.5215622905489, 13.0479148764324], [77.5214728888593, 13.047796584701], [77.5214081220402, 13.0477266020442], [77.5213539171258, 13.0476813638433], [77.5212891196982, 13.0476363481254], [77.5212096917602, 13.047597929417], [77.5210119701978, 13.0475296887002], [77.5209289672131, 13.0474839477167], [77.5208696593514, 13.0474322884127], [77.5207957028651, 13.0473414425626], [77.5207117032709, 13.047250559019], [77.5206272967245, 13.0471828870257], [77.5205746470699, 13.0471498701591], [77.5204634504185, 13.0470970566066], [77.5204076862157, 13.0470761486343], [77.520287208018, 13.047042155414], [77.520154851325, 13.0470127021773], [77.5200773070811, 13.0469884456906], [77.5199216299156, 13.0468879305745], [77.5198382808972, 13.046841379407], [77.5196898835332, 13.0467868425813], [77.5195246285639, 13.0467407429835], [77.5194414321005, 13.0467051457564], [77.5193954910929, 13.0466772862781], [77.5192649136989, 13.0465762064201], [77.5191911759123, 13.0465352497104], [77.5191144900463, 13.0465051037924], [77.5189770751563, 13.0464830823555], [77.5189100436358, 13.0464606213183], [77.5188490319098, 13.0464300110018], [77.5187001669003, 13.0463382719244], [77.5186407712237, 13.0463098105508], [77.5185701902605, 13.0462907358723], [77.5184086310135, 13.0462718429886], [77.5182697261382, 13.0462314381041], [77.5180988378537, 13.0461977537151], [77.5179061616016, 13.0461280761322], [77.5176924731241, 13.0460332096762], [77.5175054370193, 13.0459802138216], [77.5174398466045, 13.0459569884446], [77.5172757218163, 13.0458667909541], [77.5171209553776, 13.0457983719199], [77.5170589298498, 13.0457658050041], [77.5169880514314, 13.0457179569083], [77.5168479339027, 13.0456089508943], [77.5167472845704, 13.0455461370615], [77.5163761454125, 13.0453534189578], [77.5162726806383, 13.0453056851668], [77.5160923274261, 13.0452433317534], [77.5158063677743, 13.0451656502765], [77.515598785824, 13.045075800888], [77.5153179233842, 13.0449889187971], [77.51515826444, 13.0449144700472], [77.5151010503084, 13.0448924464101], [77.5149974424378, 13.0448668866538], [77.5148230988689, 13.0448431663112], [77.5147527907611, 13.0448283296565], [77.5146399752399, 13.0447862866789], [77.5145379492666, 13.044735347013], [77.5145032097207, 13.0447093607853], [77.5144779202529, 13.044681904907], [77.5144584622771, 13.0446493554467], [77.5144420845377, 13.0446030015733], [77.5144251243758, 13.0444942959729], [77.514401017088, 13.0441842421821], [77.5143760888897, 13.0440765635541], [77.5143308130531, 13.0439722927063], [77.5141091989697, 13.0435256270448], [77.5140213627224, 13.0433742627256], [77.5138171405866, 13.0431183469214], [77.5134647560801, 13.0425862742064], [77.5133915417809, 13.0424931424108], [77.5133352790935, 13.042443823852], [77.5132841167432, 13.0424159143507], [77.5131237202557, 13.0423901986172], [77.5130337241629, 13.0423552323239], [77.5128949340561, 13.0423266539968], [77.5127667329678, 13.0422926837862], [77.5126867949836, 13.0422859736914], [77.5124762427847, 13.042281360176], [77.5122250980988, 13.0422594241496], [77.5111343769503, 13.0418469259128]]}}, {"type": "Feature", "properties": {}, "geometry": {"type": "LineString", "coordinates": [[77.6182726382942, 13.0485218821837], [77.6181922575457, 13.0484907013829], [77.6180531043745, 13.048461145322], [77.6179832250656, 13.0484346381255], [77.6178898879693, 13.0483768852089], [77.6175278478056, 13.048115988447], [77.6174511968718, 13.0480790735969], [77.6173764555761, 13.0480643372184], [77.6172443940173, 13.0480717859802], [77.6161958524203, 13.0482353505625], [77.6159542519064, 13.0482644936163], [77.6156298364314, 13.0482751705947], [77.6152387643454, 13.0482356208009], [77.6150573957278, 13.0482395747855], [77.6149649754036, 13.0482582459072], [77.6148800202343, 13.0482867646651], [77.6145686927879, 13.0484363114086], [77.6144826786327, 13.0484570225851], [77.6144020505337, 13.0484631957088], [77.6141837612766, 13.0484357888373], [77.6130072069468, 13.0481954246296], [77.6128338154268, 13.0481532790436], [77.6123128034536, 13.047988161974], [77.6117493203136, 13.0473359631789], [77.6113189422301, 13.0469817625675], [77.6108777558669, 13.0467591366418], [77.6102664265651, 13.0465860329067], [77.6099482598058, 13.0464697277466], [77.6095324559672, 13.0463424556777], [77.6091167787407, 13.04622713294], [77.6087137910737, 13.0461594878449], [77.6083718735602, 13.0461031777172], [77.6080176429502, 13.0460350398714], [77.6063472659481, 13.0462189985791], [77.606230009565, 13.0461743474216], [77.6060829345856, 13.0461423572163], [77.6055041519244, 13.0460846781194], [77.6051911944476, 13.0460223144427], [77.6050935624028, 13.0460228440623], [77.6048129503453, 13.0460612978957], [77.6046730114466, 13.046067414586], [77.6044990816915, 13.0460548120609], [77.6041825871608, 13.0460077081242], [77.6036380282549, 13.0460254151828], [77.6031150254318, 13.0459651762451], [77.6027340612838, 13.0459790688427], [77.6026305482999, 13.0459729975459], [77.6024466562912, 13.0459322888894], [77.6021599766107, 13.0458038822297], [77.6020290995631, 13.0457584237165], [77.6019352982399, 13.0457397835576], [77.6017523108269, 13.0457255392447], [77.6016376405612, 13.0456922303191], [77.6015691865417, 13.0456535537103]]}}, {"type": "Feature", "properties": {}, "geometry": {"type": "LineString", "coordinates": [[77.6184492816942, 13.0543122282523], [77.6183717982705, 13.0541945843359], [77.6182346080534, 13.0539217728363], [77.6181488019439, 13.0536974963273], [77.6180955150273, 13.0533836276999], [77.6180517941944, 13.0529073077033], [77.6180270662453, 13.0524790051935], [77.6180303433164, 13.0521109018506], [77.6180226475405, 13.0519811138819], [77.6179858305535, 13.0518478516812], [77.6178528039163, 13.0515423164445], [77.6178302830429, 13.0514378512738], [77.6178396594006, 13.051329387214], [77.6178897829547, 13.0511706530122], [77.6179766533971, 13.0509621652579], [77.6182016240554, 13.0504812215738], [77.6182311683174, 13.0504013415734], [77.6182479156381, 13.0503255327235], [77.6183258882023, 13.0493342999389], [77.6183031347059, 13.0489186432717], [77.6183025863941, 13.0487197584353], [77.6182726382942, 13.0485218821837]]}}, {"type": "Feature", "properties": {}, "geometry": {"type": "LineString", "coordinates": [[77.6185288634247, 13.0593264924279], [77.6185085295966, 13.0592195011223], [77.6184204363684, 13.0589904448658], [77.6183881345578, 13.058884280343], [77.618323201734, 13.0584125075751], [77.6182270509578, 13.0580943892707], [77.6180221406445, 13.0573143047371], [77.617816439559, 13.0564071335912], [77.6177923659299, 13.0562528012996], [77.6178031503427, 13.0561489069057], [77.6178703119838, 13.0559832804488], [77.6179062350921, 13.0558372627421], [77.6179855853954, 13.0556733160699], [77.6180281457615, 13.0555152121238], [77.6181065818656, 13.0553290570266], [77.6181441486198, 13.0551801407857], [77.6182188694116, 13.0550250610184], [77.6182693330528, 13.0549605222752], [77.6183250682961, 13.0549254356564], [77.618380669835, 13.0549136051734], [77.6185527499735, 13.0549106481885], [77.6186269740885, 13.0548868575541], [77.6186663566223, 13.0548564174342], [77.6186957948374, 13.0548180584244], [77.6187171656851, 13.0547700197341], [77.6187269084363, 13.0547159646384], [77.6187185820406, 13.0546505731241], [77.6186882214382, 13.0545870580296], [77.6184933051272, 13.0543790696168], [77.6184492816942, 13.0543122282523]]}}, {"type": "Feature", "properties": {}, "geometry": {"type": "LineString", "coordinates": [[77.5010838174247, 13.0644831047831], [77.5009228395523, 13.064537021943], [77.5007226819297, 13.0645470535873], [77.5003990262846, 13.0646204673726], [77.5001670496245, 13.0646432611171], [77.4998783687346, 13.0646833828977], [77.4997762770843, 13.0647134006588], [77.4996031010274, 13.06478075794], [77.4993791253744, 13.0648367879835], [77.4992311688342, 13.0648814403303], [77.4990670128856, 13.0649473087319], [77.4988743214463, 13.0650132045689], [77.4987028601914, 13.0650886454282], [77.4986365525657, 13.0651122814061], [77.4985672753615, 13.0651266518829], [77.4985031391459, 13.0651313414225], [77.4983855771618, 13.0651270283938], [77.4983010110697, 13.0651167250523], [77.4982657520523, 13.0651050703433], [77.4982398271459, 13.0650872864463], [77.4982207310102, 13.0650599426413], [77.4982113464508, 13.0650328428381], [77.4982099351501, 13.0649705192611], [77.4982413725481, 13.0648439723885], [77.4982458902623, 13.0647817730861], [77.4982312179818, 13.0647121194158], [77.4981877856944, 13.0646376589714], [77.4981220312045, 13.0645646584414], [77.4980633543741, 13.0645232351189], [77.4980003810487, 13.0644935390642], [77.4977404142524, 13.0643921264254], [77.4976736739174, 13.0643561521961], [77.4976297002574, 13.064319748268], [77.4975965225937, 13.0642757708163], [77.4975743563136, 13.0642252929176], [77.4975605550592, 13.0641684548985], [77.4975387722824, 13.0640287327842], [77.4975114071987, 13.0639535955515], [77.4974892993914, 13.0639192814271], [77.4974556107821, 13.0638839634208], [77.4974159880801, 13.0638555277328], [77.4973762706282, 13.0638350816202], [77.4973286002736, 13.0638198188945], [77.4972770464086, 13.0638135490945], [77.4970726698735, 13.0638283718698], [77.4968618044267, 13.0638281761128], [77.4967930459136, 13.0638381139504], [77.4966341258416, 13.0638763511297], [77.496567427595, 13.0638825818556], [77.4964862302665, 13.0638795111625], [77.4963041953408, 13.0638540259517], [77.4961401819655, 13.0638661848723], [77.4960574189613, 13.0638590020165], [77.4960047184126, 13.0638425353841], [77.4958611161686, 13.0637846787215], [77.4956522526878, 13.0637461870937], [77.4955953547514, 13.0637302262064], [77.4954462925696, 13.06365856335], [77.4953041410141, 13.0636007880962], [77.4951300607205, 13.0634956003997], [77.4950738443992, 13.0634672115859], [77.4950092533733, 13.0634449570195], [77.4948621824393, 13.0634198351248], [77.4948149784121, 13.0634037307571], [77.4947665504466, 13.0633763364071], [77.4946642019279, 13.0633001834061], [77.4946093673864, 13.0632670450253], [77.4945218114264, 13.0632300555998], [77.4943731828103, 13.0631915062656], [77.4943169797009, 13.0631700171074], [77.494261901866, 13.063137148422], [77.4941153927064, 13.0630233183977], [77.4940322410581, 13.0629692436783], [77.4939240639084, 13.0629202694335], [77.4937645130792, 13.0628769841923], [77.4937155075587, 13.0628584105643], [77.4936512300943, 13.0628199999288], [77.4935531262551, 13.0627441406221], [77.4934868730782, 13.0627124456939], [77.493438259257, 13.0626999279551], [77.4933904768977, 13.0626955977734], [77.4933224767953, 13.0626981846458], [77.4932434648517, 13.0627094374433], [77.4931403305843, 13.0627343353096], [77.4930262961185, 13.0627905928553], [77.4929660610861, 13.0628042601634]]}}, {"type": "Feature", "properties": {}, "geometry": {"type": "LineString", "coordinates": [[77.5344020746545, 13.0534268035686], [77.5343047901866, 13.0535421822343], [77.5342775882807, 13.0535938878117], [77.534155702418, 13.054041692145], [77.5340278583012, 13.0543192058823], [77.5339929804495, 13.0544259238929], [77.5339506826624, 13.0547836611521], [77.5338899265435, 13.0550535760546], [77.5338954102789, 13.0553163575884], [77.5338898087066, 13.0553984700214], [77.5338616184303, 13.055494616968], [77.5337570319904, 13.0556869451147], [77.5337267409715, 13.0557794310127], [77.5337197268293, 13.0558549655872], [77.533724080092, 13.0561126219996], [77.5337081717384, 13.0561890270489], [77.5336502438238, 13.0563522335802], [77.533636576936, 13.0564170974375], [77.5336363655747, 13.0565168433552], [77.5336556483192, 13.0566795416455], [77.5336508747157, 13.0567652218997], [77.5336277052675, 13.0568457691453], [77.5335478496221, 13.0570104961009], [77.533517477954, 13.0571055712365], [77.5334899360524, 13.0573432329858], [77.5334254897127, 13.0576047728035], [77.5334280865943, 13.0577707001068], [77.5328356082232, 13.0584145412809], [77.5328212962991, 13.0585260765454], [77.5328107193692, 13.0585861696286], [77.5327967873077, 13.0586515320945], [77.5327534638816, 13.0588220193025], [77.5327295879962, 13.0589076139171], [77.5326999433546, 13.0590064286022], [77.5326707115413, 13.0590986430142], [77.5326267621911, 13.0592151567855], [77.5326072433319, 13.0592768806128], [77.5325955397286, 13.0593196616203], [77.5325874557901, 13.0593588041262], [77.5325831058431, 13.0593946747224], [77.5325819005565, 13.0594332854461], [77.5325835113693, 13.0594819106366], [77.5325874081959, 13.0595309498032], [77.5325938501915, 13.0595787949414], [77.5326010913497, 13.0596140008459], [77.532624098244, 13.0597046707314], [77.5326494704153, 13.0598451067141], [77.5326645774543, 13.059900499445], [77.5326858217004, 13.0599606412005], [77.5327104901644, 13.0600202985666], [77.5327806266704, 13.0601788205837], [77.5327995804839, 13.0602269921178], [77.5328145931612, 13.0602708638135], [77.5328335089777, 13.060341336943], [77.532844728922, 13.060372505987], [77.5328545784079, 13.0603910127912], [77.5328803267701, 13.0604311211226], [77.5328895813477, 13.0604498496837], [77.5329038479108, 13.0604950179307], [77.5329078693463, 13.0605165000525], [77.5329097620504, 13.060536996572], [77.5329050885671, 13.0605951778882], [77.5329061966741, 13.0606293777822], [77.5329103711063, 13.0606678517505], [77.5329163709239, 13.0607019639503], [77.5329255407072, 13.0607404820179], [77.5329357529352, 13.060775038095], [77.5329506200689, 13.0608179146716], [77.5329906194302, 13.0609146663265], [77.5330429675272, 13.0610480762485], [77.5330566236961, 13.0610921211212], [77.5330657886843, 13.0611324235744], [77.5330742660775, 13.0611820231356], [77.5330760597988, 13.0612147698496], [77.5330743190527, 13.0612324912855], [77.5330664668982, 13.0612778175784], [77.5330630517545, 13.0613163324975], [77.5330618615557, 13.0613505368425], [77.533063039987, 13.0613854832093], [77.533067189598, 13.0614329035579], [77.5330774371179, 13.0615104029506], [77.5330892642183, 13.0615687450664], [77.5330926522662, 13.0615927260566], [77.5330929909353, 13.061665422156], [77.5330915435253, 13.0617108211919], [77.5330863975253, 13.0617799535623], [77.5330505085563, 13.0621596339216], [77.5330460306455, 13.0622325561199], [77.5330457643387, 13.0622805401477], [77.53297119194, 13.0626395850108], [77.532983451912, 13.0631484176878], [77.5328219616353, 13.0635029389274], [77.5327732713297, 13.0636630925606], [77.5328087785749, 13.0638567960613], [77.5329596165537, 13.0643989327587], [77.5331596879755, 13.0648972317918], [77.5332450996339, 13.0651912060633], [77.5329205045726, 13.0654748621942], [77.5324416436955, 13.0659745860265], [77.5317920923561, 13.0666236993679], [77.5312921575445, 13.0668456470161], [77.5311868133372, 13.0668719664216], [77.5307979727722, 13.0668866294147], [77.5306397758193, 13.0668873362227], [77.5286504186994, 13.0671740929105], [77.5273918107715, 13.0672615614186], [77.525731532617, 13.068073127009], [77.5244505283173, 13.0688751091528], [77.5235850834489, 13.0686540835557], [77.5231291046499, 13.0684147118954], [77.5226868821208, 13.068089148942], [77.522211764376, 13.0674777701799], [77.5215124177549, 13.0668610194401], [77.5213835077732, 13.0670374670264], [77.5212720265407, 13.067159519661], [77.5210703581491, 13.06732275198], [77.5208142759163, 13.0674974689236], [77.5207328481168, 13.0675783639019], [77.5207024965678, 13.0676385876489], [77.5206905000386, 13.0677051156322], [77.5207038167762, 13.0679709293219], [77.5206856388283, 13.0680662978601], [77.5206601727829, 13.0681097433663], [77.5206225712083, 13.0681447622127], [77.5204314268225, 13.0682412339578], [77.5203736137236, 13.0682910709455], [77.5203554197505, 13.0683247809924], [77.5203431480375, 13.068377103594], [77.5203455233654, 13.0685709420528], [77.5201249241271, 13.06840542633], [77.5198483123009, 13.0684274357992], [77.5194961521843, 13.068284669428], [77.5191249564574, 13.0681990081088], [77.5188584570805, 13.0683322578977], [77.5184682251329, 13.068560686377], [77.5181823247982, 13.0687873004072], [77.5180548337017, 13.0691098660659], [77.5172858228788, 13.0696013054233], [77.5172505757372, 13.0696238293347], [77.5167842014322, 13.0697903922911], [77.5163273442154, 13.0700854448903], [77.5160608448334, 13.0703043557324], [77.5156872695562, 13.07071600236], [77.5156230246824, 13.0708159385753], [77.5154481339401, 13.0709694148191], [77.5152333873481, 13.0711258649058], [77.5150892320664, 13.0712111279864], [77.515170133714, 13.071372932065], [77.5153700079046, 13.0715870831819], [77.5158934898039, 13.0720058682301], [77.5160314994264, 13.0721105649656], [77.5161790248673, 13.0724436875787], [77.5164169706058, 13.0728862689398], [77.5164645601618, 13.0732098747968], [77.5164312474451, 13.073319330616], [77.5160600505816, 13.0732336714509], [77.5157031320286, 13.0732765009079], [77.515146338334, 13.0736143836016], [77.5149809075619, 13.073791465106], [77.5148084552575, 13.0739760614077], [77.5145703579237, 13.0743552893871], [77.5144739723135, 13.0743868786064], [77.5142102797355, 13.0745060911224], [77.5140039942465, 13.0745643468141], [77.5139011238138, 13.074608667584], [77.5137265630099, 13.0747048142356], [77.5131366813405, 13.0750577469605], [77.5129957360837, 13.0751291051736], [77.5128917296054, 13.0751537579549], [77.5124389355362, 13.0752067528693], [77.5122729844329, 13.0752392749029], [77.5117747837658, 13.0753928758919], [77.5114201441429, 13.075517828762], [77.5112858705652, 13.0755728811849], [77.5111725440956, 13.0756380620217], [77.5109305251739, 13.07580254936], [77.5104340049829, 13.0760017756594]]}}, {"type": "Feature", "properties": {}, "geometry": {"type": "LineString", "coordinates": [[77.5086522522784, 13.0779122946069], [77.5088340307241, 13.0778020449339], [77.5088987474324, 13.0777445055484], [77.5090646970531, 13.0774702142218], [77.5092497928519, 13.0772369527251], [77.5094018545695, 13.0770228950561], [77.5094670081214, 13.0769478020881], [77.5095461303588, 13.0768824881375], [77.5097519595877, 13.0767490855647], [77.5098801928761, 13.076652947913], [77.5101127266404, 13.0764451619887], [77.5102052906066, 13.076346504284], [77.5103757889517, 13.0761027177112], [77.5104340049829, 13.0760017756594], [77.5105222218971, 13.0757632776383], [77.5105737998845, 13.0755153945551], [77.5107187921777, 13.0751684298186], [77.5107693692871, 13.0750999003616], [77.5108494557846, 13.0750179418761], [77.5109032365689, 13.0749813012643], [77.5110705650351, 13.0748916160706], [77.5111165658668, 13.0748520244253], [77.511157302138, 13.0747963884495], [77.5111833523198, 13.074734393853], [77.5111969262511, 13.0746658339319], [77.5111954911171, 13.0745947890503], [77.5111804547457, 13.0745322345619], [77.5110449594597, 13.074260611368], [77.5109123993214, 13.0740770029182], [77.5108559979968, 13.0739768809053], [77.5108042743857, 13.0738016530013], [77.5107540251077, 13.0736820426459], [77.5107210858192, 13.0735637872308], [77.5106827171763, 13.0734721225768], [77.5106759186627, 13.0734309835699], [77.5106796749084, 13.0733894148767], [77.5107405051339, 13.0732080501915], [77.5107693716354, 13.0729920026284], [77.5108049311412, 13.0729343779163], [77.5110212144576, 13.0727895120406], [77.5112992444358, 13.0725494582288], [77.5113730657813, 13.0724950951766], [77.5114690333842, 13.0724530823491], [77.5116517890707, 13.0724080290223], [77.5117107500442, 13.0723737936326], [77.5117210538743, 13.0723192550355], [77.5117276601526, 13.0722720019386], [77.5117324779413, 13.0722103990737], [77.5117338551431, 13.0721434982286], [77.5117318737272, 13.0720697455209], [77.5117263290429, 13.0719812130824], [77.5117206771471, 13.0718994794808], [77.5117125548521, 13.0718520317339], [77.5117040412557, 13.0718252025315], [77.5116791821339, 13.0717617100073], [77.5116457201458, 13.0716520004239], [77.5115924544034, 13.0715359169255], [77.5115657023769, 13.071452027716], [77.5115287250046, 13.0713261546667], [77.5114920697677, 13.071206791672], [77.5114647491061, 13.0711331859769], [77.5113900002934, 13.0709542211745], [77.5113586985531, 13.0708713492099], [77.5113095321092, 13.070726804904], [77.5112954727062, 13.070677515732], [77.5112850949385, 13.0706325753573], [77.5112798563422, 13.0705991342202], [77.511271453839, 13.0705208777139], [77.5112646408277, 13.0704840367224], [77.5112531057834, 13.0704439493559], [77.5112312096526, 13.0703807893223], [77.511211788609, 13.0703253336042], [77.5111978373881, 13.0702904665531], [77.5111619372784, 13.070223840485], [77.5111512810966, 13.0702002023921], [77.5111421253008, 13.0701719175581], [77.5111347171795, 13.070140563769], [77.5111289074452, 13.0701055958699], [77.511124293058, 13.0700646163241], [77.5111212847467, 13.0700042938746], [77.5111237605379, 13.0699483008972], [77.5111280864808, 13.069915037803], [77.5111346003551, 13.0698814119206], [77.5111432452494, 13.0698477192419], [77.5111539386779, 13.0698142785944], [77.5111665824435, 13.0697814044412], [77.5111810481123, 13.069749428705], [77.5111971923511, 13.0697186680946], [77.5112148623829, 13.0696894168233], [77.5112512414058, 13.069640054643], [77.5113000802981, 13.0695856482409], [77.5113217689607, 13.0695650006013], [77.5113474786228, 13.0695439886107], [77.5114584499688, 13.0694664497419], [77.5115037123949, 13.0694296625569], [77.5115502356429, 13.0693854129951], [77.5115880258109, 13.0693465517852], [77.5116204065832, 13.0693096513259], [77.5116480189454, 13.0692739374263], [77.5116824883009, 13.0692210286397], [77.5117145146475, 13.0691615816194], [77.5117442591735, 13.069095313816], [77.5117721067582, 13.069021370408], [77.511794630362, 13.0689497221169], [77.5118119197564, 13.0688801322617], [77.5118237969601, 13.0688133181309], [77.5118301897967, 13.0687497059661], [77.5118349527479, 13.0686445133541], [77.511834354804, 13.0685636503294], [77.5118313103493, 13.0685193469911], [77.5118261642627, 13.0684791975179], [77.5118188766214, 13.0684428996313], [77.5118094212652, 13.0684103270982], [77.5117977498346, 13.0683813457696], [77.5117838569102, 13.0683559665398], [77.511767726506, 13.0683341579419], [77.511749345556, 13.0683159038399], [77.5117220555929, 13.0682976676998], [77.5116861826457, 13.0682820691559], [77.5116486507461, 13.068270381647], [77.5115552797238, 13.0682458754667], [77.5115116538435, 13.0682307868515], [77.5114147796157, 13.0681881330049], [77.5113443400713, 13.0681577922627], [77.5113178167019, 13.0681448177258], [77.5112925756175, 13.068128686602], [77.5112738044226, 13.0681112078249], [77.5112587970381, 13.0680890783723], [77.5112465449391, 13.0680605390314], [77.5112377654369, 13.0680304480804], [77.5112203624497, 13.0679563519385], [77.5112073620265, 13.0679022115712], [77.511196452157, 13.0678414536526], [77.5111875364537, 13.0677756647313], [77.5111750772947, 13.0676636022771], [77.5111564356303, 13.0674310482923], [77.5111190403674, 13.0670230080267], [77.5117861504029, 13.0656486790569], [77.5117913559738, 13.0654962074393], [77.5118224952196, 13.0651712619779], [77.5118437493766, 13.0650977667035], [77.5118626334291, 13.0650699401824], [77.5118924729708, 13.0650472618015], [77.5119338572395, 13.0650316782526], [77.5120118009693, 13.0650211682731], [77.5123002173726, 13.0650185166705], [77.5125133093104, 13.0650387713914], [77.5127952110157, 13.0650960599029], [77.5128802470144, 13.0651059219499], [77.512955578888, 13.065096324309], [77.5129852955541, 13.0650831895813], [77.513014424787, 13.0650603653081], [77.5130549072412, 13.0649923821323], [77.5131003601849, 13.0648573204404], [77.5131240536546, 13.0647489740129], [77.5131245135878, 13.0646757658863], [77.5131076216913, 13.0646121146043], [77.5130776298119, 13.0645610768435], [77.5129256023042, 13.0644088642727], [77.5131079686586, 13.0640574813262], [77.5131777747416, 13.0637269179303], [77.5132178877148, 13.0633536150507], [77.5132429374284, 13.0629374303919], [77.5132552432443, 13.0627078274039], [77.5134134029762, 13.0624337748607], [77.5135149333576, 13.0623467307769], [77.513659769284, 13.0622018943985], [77.5137447838384, 13.0619285541333], [77.5137568008487, 13.0616702666797], [77.5138128481574, 13.0614258946093], [77.5139275551999, 13.0611952938037], [77.5140720999873, 13.0610217746591], [77.5141868066603, 13.0607911747128], [77.5142582088294, 13.0606183661403], [77.5143733506922, 13.0604307901954], [77.5146052308611, 13.0602133920698], [77.5148808521166, 13.0599812263533], [77.5150844906636, 13.0598645019601], [77.5153604005615, 13.0596610194538], [77.5155342024331, 13.0594872141734], [77.5156496333026, 13.0593283196694], [77.5157497093695, 13.0590978617816], [77.5157911260148, 13.0588536311713], [77.51580110726, 13.0583945653972], [77.5160040179157, 13.0582061348534], [77.516120320367, 13.0581332891324], [77.5163406188168, 13.0581122023784], [77.5169238693848, 13.0580250663942], [77.5172749529531, 13.0580216477621], [77.517582296431, 13.0580329973765], [77.5180644543366, 13.0579709301922], [77.5183119747098, 13.0578537772225], [77.5187056344374, 13.0577208565854], [77.518865674566, 13.0576332418361], [77.5189222989561, 13.0574462339345], [77.5189062166632, 13.0573029644278], [77.5188461038823, 13.0571457794129], [77.5189157564378, 13.0568008747532], [77.5190744873931, 13.0565841874413], [77.5192779763755, 13.0564531192775], [77.5196129736454, 13.0563064284534], [77.5197721408592, 13.0561327629182], [77.519959254617, 13.0558297424122], [77.5202879381623, 13.0555647732168], [77.5208149053409, 13.0550899218114], [77.5210273455423, 13.0543994003297], [77.5213016446301, 13.0540381575798], [77.5218388128552, 13.0536313230565], [77.5232346710465, 13.0527858291314], [77.5237706681123, 13.0522642616511], [77.5242464033421, 13.0515711687674], [77.5246968128738, 13.0512655762754]]}}, {"type": "Feature", "properties": {}, "geometry": {"type": "LineString", "coordinates": [[77.5296142145337, 13.0794380477273], [77.5298177606745, 13.0793117497505], [77.5301756617769, 13.0786689374233], [77.5302007065672, 13.078609149662], [77.5302235257354, 13.0784492666367], [77.5302174880025, 13.0782771362583], [77.530180448598, 13.0781466814397], [77.5300678758442, 13.0779687894383], [77.5300592585586, 13.0779307465742], [77.5300647133212, 13.0778989018167], [77.5301028273765, 13.0778565141895], [77.530168562331, 13.0778367642033], [77.5302595546441, 13.0778361713477], [77.5304690880485, 13.0778548881486], [77.5306120519896, 13.0778376569501], [77.530689739118, 13.0777996181862], [77.5307541223068, 13.0777246169994], [77.5307924650656, 13.0776267016368], [77.5308343828316, 13.0774494736015], [77.5310139768292, 13.0764620766824], [77.5310677035694, 13.076232129292], [77.5311506890626, 13.0759942291077], [77.5313455394163, 13.0756144237579], [77.5314021148057, 13.075445475063], [77.5314128412938, 13.0752772532774], [77.5313768331565, 13.0749815621038], [77.5313166975657, 13.0746403819768], [77.5311705858555, 13.0740359877003], [77.5311368012392, 13.073779944122], [77.5311406044185, 13.07360896774], [77.5311693628456, 13.0734122128825], [77.5312147595601, 13.0732287774007], [77.5312824236454, 13.0730304621405], [77.5313464757762, 13.072899721127], [77.5314622696206, 13.0727329864138], [77.5318843973789, 13.0722314096146], [77.5320845756248, 13.0720440433405], [77.532563891862, 13.071643210117], [77.5329711876551, 13.0712815776271], [77.5332595876403, 13.0710018268034], [77.5333945416731, 13.0709054536475], [77.5336238061872, 13.0707653859753], [77.5337221848265, 13.070718814683], [77.5338194665581, 13.0706906442077], [77.5339611399917, 13.0706769986752], [77.5343894575501, 13.0706854254471], [77.5346355474015, 13.0706720260506], [77.535444437105, 13.0705257293403], [77.5357089523266, 13.0704998979663], [77.5358274250339, 13.0704694823153], [77.5359193877189, 13.0704290436612], [77.5359913722657, 13.0703761941787], [77.5361790472922, 13.0701257354375], [77.5363321815481, 13.0699754090851], [77.5365129927286, 13.0698433554094], [77.5367199338491, 13.0697298840772], [77.5368979441407, 13.0696571892133], [77.537219872691, 13.069567886937], [77.5374820084524, 13.0694786567536], [77.5378543123766, 13.0693902185692], [77.5379923349743, 13.0693487250166], [77.5385606532123, 13.0691446369984], [77.538878491586, 13.0690024056405], [77.5390991660106, 13.068929381337], [77.5393300141222, 13.0688836011022], [77.539868732125, 13.0688544601388], [77.5402606631216, 13.0687930823861], [77.5405772430213, 13.0687867668735], [77.5408503513317, 13.0687602841546], [77.541279701545, 13.0687441445533], [77.5419201871668, 13.0686622920501], [77.5424494706068, 13.0685470067921]]}}, {"type": "Feature", "properties": {}, "geometry": {"type": "LineString", "coordinates": [[77.5296142145337, 13.0794380477273], [77.5317034124252, 13.0801991415818], [77.5321019708998, 13.0800563748995], [77.532565964538, 13.0798957617623], [77.5329576858533, 13.0798628052451], [77.5342342271094, 13.0799937871011], [77.5342731260104, 13.0799977779272], [77.5346135131471, 13.0813109056234], [77.5347134875849, 13.081548967421], [77.5350087678392, 13.0818090127714], [77.5354488798472, 13.0819242103653], [77.5357902393745, 13.081920856238], [77.5364265559546, 13.081589023565], [77.5367081792157, 13.0814331126273], [77.5368142095627, 13.0813471626946], [77.5368604048184, 13.0812915547463], [77.5368963849351, 13.0812289541053], [77.5369774001114, 13.080997250961], [77.5370154073171, 13.080943704792], [77.5370479031599, 13.0809167412477], [77.5371136037131, 13.0808845400351], [77.5371990691027, 13.0808628171308], [77.5374743218261, 13.0808445713288], [77.5375658053541, 13.0808295940358], [77.5377103004222, 13.0807896467888], [77.537833601739, 13.0807413547794], [77.537944229288, 13.0806715132367], [77.5382195612262, 13.0804486158493], [77.5383871148943, 13.0802996743303], [77.5385626654347, 13.0801740574166], [77.538661123092, 13.0800754814089], [77.5387351191712, 13.0799622831057], [77.5387909219049, 13.0798436622767], [77.5388755763936, 13.0796069197179], [77.538932881679, 13.0795040947218], [77.5389753850988, 13.0794525495847], [77.5390426154238, 13.0793913227102], [77.5391710233522, 13.0793117860876], [77.5392737658258, 13.0792865579642], [77.5393311915368, 13.0792891397607], [77.5393928192075, 13.0793032671258], [77.5399483623488, 13.0795600012018], [77.5400395100577, 13.0795890720861], [77.5401453519286, 13.0796086574118], [77.5402485843808, 13.0796135473438], [77.5404226552776, 13.0796031291881], [77.5409933196231, 13.0795334425579], [77.5411051431624, 13.0795339859361], [77.5411853744237, 13.0795469783366]]}}, {"type": "Feature", "properties": {}, "geometry": {"type": "LineString", "coordinates": [[77.5411853744237, 13.0795469783366], [77.5414862663125, 13.0794956361519], [77.5418786463747, 13.0794145116701], [77.5419992088417, 13.0794007706976], [77.5421367326862, 13.079400668417]]}}, {"type": "Feature", "properties": {}, "geometry": {"type": "LineString", "coordinates": [[77.5214027535369, 13.0799687635848], [77.5213229187569, 13.0798464712165], [77.521252011102, 13.0797135688291], [77.5212316334437, 13.079667503634], [77.5212162908952, 13.0796037732919], [77.5212069086431, 13.079470773104], [77.5211939759708, 13.0794127300836], [77.5211735120302, 13.0793622522431], [77.5211258371392, 13.0792694883119], [77.521083638794, 13.0791172511093], [77.5210160394271, 13.0789717552617], [77.5213515423734, 13.0783814108391], [77.521468086606, 13.0781571908541], [77.5215364831603, 13.0780031316331], [77.5216382637968, 13.0777413276254], [77.5216857684183, 13.0776001355872], [77.5217328110923, 13.0774223898487], [77.521847064595, 13.0769221245817], [77.5220257912068, 13.0763613525897], [77.5220497212515, 13.0763026811542], [77.5221151534481, 13.0761823757795], [77.5221630952865, 13.0760354586639], [77.522246823806, 13.0758803624124], [77.522258208692, 13.0757327733865], [77.5222750379314, 13.075661454009], [77.5222984583514, 13.0756112269061], [77.5223281806977, 13.075569051437], [77.5224563414203, 13.0754377730348]]}}, {"type": "Feature", "properties": {}, "geometry": {"type": "LineString", "coordinates": [[77.5214027535369, 13.0799687635848], [77.521515910622, 13.0799486462735], [77.5216939414383, 13.0799020593155], [77.5219799810406, 13.0798431722218], [77.5220284772415, 13.079825691333], [77.5221454956161, 13.0797654000779], [77.5221919202754, 13.0797475003173], [77.5222442281186, 13.0797349801667], [77.5223851244326, 13.0797169269053], [77.5224526818823, 13.0796981628434], [77.5225061176172, 13.0796718518293], [77.5226166318814, 13.0796034204116], [77.5226770846214, 13.0795775277586], [77.522739369568, 13.0795630515554], [77.522887825624, 13.0795431542455], [77.5229593508867, 13.0795245952187], [77.5230263358374, 13.0794936866994], [77.5231858569798, 13.0793984957677], [77.5234623786695, 13.0793013080139], [77.5237787797696, 13.0791586711242], [77.5238446622892, 13.0791236949255], [77.5239060376414, 13.079076912827], [77.5239892122921, 13.0789901629102], [77.5240823260515, 13.0789170169572], [77.524121615089, 13.078877931562], [77.5241561511771, 13.078822178385], [77.5242029664578, 13.078698248282], [77.5242301966802, 13.0786491980419], [77.5243095822751, 13.0785564761167], [77.5243623090543, 13.0784829191685], [77.5244456548034, 13.0783899226825], [77.5244761380115, 13.0783245401516], [77.5244968076897, 13.0782020239896], [77.5245172390728, 13.0781330689544], [77.5245985713337, 13.0780561450502], [77.5246540941817, 13.077970362936], [77.5249983651239, 13.0780977443584], [77.5264437008899, 13.0784364305528], [77.5274227075521, 13.0787901936799], [77.5279042119846, 13.0791392632336], [77.5284044444029, 13.0794116540311], [77.5288739563862, 13.0795409187404], [77.5293615126073, 13.0795265798002], [77.5296142145337, 13.0794380477273]]}}, {"type": "Feature", "properties": {}, "geometry": {"type": "LineString", "coordinates": [[77.5212705108932, 13.0802739140294], [77.5213256575865, 13.080208447963], [77.5213489644303, 13.080166585432], [77.521369614444, 13.0801011799011], [77.5214027535369, 13.0799687635848]]}}, {"type": "Feature", "properties": {}, "geometry": {"type": "LineString", "coordinates": [[77.541869667552, 13.0803203118916], [77.5417425075593, 13.080153116426], [77.5416530653841, 13.0800205233588], [77.5415964935439, 13.0799501830646], [77.5414239181949, 13.0797761987652], [77.5411853744237, 13.0795469783366]]}}, {"type": "Feature", "properties": {}, "geometry": {"type": "LineString", "coordinates": [[77.6107060775612, 13.0866583197004], [77.6112332238936, 13.0848292374003], [77.6114698021028, 13.084139633148], [77.6118889257042, 13.0834183014518], [77.6121562928726, 13.0827582632213], [77.613727771446, 13.0815950096671], [77.6138818961293, 13.0814117860631], [77.6141978354162, 13.0810837959918], [77.6143303883457, 13.0807418690999], [77.6144563740838, 13.0805493704255], [77.6145280675529, 13.0804112011793], [77.614602542137, 13.0801858639052], [77.614608662722, 13.0801264529194], [77.6145889727056, 13.0799753673394], [77.6145761528597, 13.0799250468778], [77.6145608087706, 13.0798913332757], [77.6145556858859, 13.079880076218], [77.6145240808068, 13.0798353837147], [77.6144914372118, 13.0798048627654], [77.6144593545678, 13.0797858528701], [77.614384887243, 13.0797606304136], [77.6143010927524, 13.0797459169894], [77.613649235887, 13.0796868787723], [77.6134589935512, 13.0796607831161], [77.6134042041115, 13.0796455407827], [77.6133582776843, 13.0796220011538], [77.613319105648, 13.0795889361603], [77.6132847470656, 13.0795433643083], [77.6132604560258, 13.0794935194388], [77.6132353813718, 13.0794226563853], [77.6131144602133, 13.0790219497914], [77.61291837424, 13.0784221167275], [77.6127508573109, 13.077878435111], [77.6126956494058, 13.0776560450999], [77.6126747615682, 13.077591448104], [77.6126563581643, 13.0775549231273], [77.6126326873163, 13.0775246380617], [77.6125375687104, 13.0774534340289], [77.6125021370017, 13.07741748882], [77.6124653293227, 13.0773600986649], [77.6124380612969, 13.0772923319721], [77.6124170162591, 13.0772094721441], [77.6123296413386, 13.0767805565914], [77.6122754160302, 13.0764778561814], [77.6122452756858, 13.0762653359523], [77.6122328016738, 13.076042459046], [77.6122385894349, 13.0757603138567], [77.6123003519795, 13.0752231593219], [77.6123231781216, 13.0748455546993], [77.6123286611745, 13.0744281963204], [77.6123345887546, 13.0743152895866], [77.6123748014505, 13.0740051876526], [77.6123869258208, 13.0737818341799], [77.6124200283104, 13.0734902582989], [77.6124272572071, 13.0733652768774], [77.6124217904408, 13.0732232924033], [77.6123723475768, 13.0728710325588], [77.612369740727, 13.0727630337051], [77.6123785237506, 13.0726885032564], [77.6123956836359, 13.0726066959535], [77.6124019205899, 13.0725859337557], [77.6124862070885, 13.0723053513953], [77.6125045219106, 13.0721547642843], [77.6125038170594, 13.0719533509112], [77.6124906427077, 13.071858041768], [77.6124590565674, 13.0717106426425], [77.6124410012139, 13.0715972530889], [77.6124293008881, 13.0714712525798], [77.6124259759039, 13.0713093793632], [77.6124263935714, 13.0712787574186], [77.6124589508641, 13.0702642995514], [77.6124937210064, 13.0697981719989], [77.6125080579905, 13.0697135493131], [77.6125340028605, 13.069632522255], [77.6125930923446, 13.0694912796097], [77.6126352463993, 13.0694260230607], [77.6127009096062, 13.0693608132704], [77.6128428515978, 13.0692469759971], [77.6129718322465, 13.0691563701722], [77.6131047009196, 13.0690736542549], [77.6131705781688, 13.0690229321227], [77.6132011590571, 13.0689920610254], [77.6132275674097, 13.0689559598004], [77.6132666264014, 13.0688709831007], [77.613281025964, 13.0688150884508], [77.6132918971895, 13.0687300699097], [77.6133010157536, 13.0684239487591], [77.6132914316811, 13.0678545117618], [77.6132803840278, 13.0677183656556], [77.6132641304304, 13.0676106530602], [77.6132496709269, 13.0675383796238], [77.613229922587, 13.0674671444144], [77.6132178666922, 13.0671849548547], [77.6131755376204, 13.0668698637201], [77.6131731225654, 13.0666404201887], [77.6131702044229, 13.0663631747111], [77.6131764351157, 13.0660284705947], [77.6132126248781, 13.0657603912901], [77.6132490167831, 13.065511432577], [77.6132668093145, 13.0653487115877], [77.613293348119, 13.0650902916825], [77.6133191825934, 13.0647649501458], [77.6133928708827, 13.0643530740899], [77.6134769142392, 13.0639984602929], [77.6135316024193, 13.0636345816657], [77.6136355509115, 13.0633180118025], [77.6136809896223, 13.0630020328741], [77.6137750866728, 13.0626760009041], [77.6138502844317, 13.0624075270876], [77.6139919307457, 13.0619662801904], [77.6141056537412, 13.0615567230454], [77.6141516725699, 13.0613909927778], [77.6142167140893, 13.0610843773679], [77.6142914071625, 13.0607681025679], [77.6143649932798, 13.0603466668078], [77.6144306391502, 13.0600974113656], [77.6145532843704, 13.059704162824], [77.6146173200181, 13.0593019454275], [77.6146535086295, 13.0590338662754], [77.6146692890938, 13.0586799431398], [77.6146857730168, 13.0583929407035], [77.6146723174053, 13.0582118938935], [77.6146282958533, 13.058046374314], [77.6145138494323, 13.0577455711996], [77.6144825581768, 13.0576913890749], [77.6144593646617, 13.0576374276859], [77.6144700899301, 13.057572967923], [77.6144763829392, 13.0575537970079], [77.6144869302518, 13.0575308347871], [77.6145059850945, 13.0574975607433], [77.614530734727, 13.0574623517995], [77.6145613577102, 13.0574290411527], [77.6146085729362, 13.057387469872], [77.6146432522253, 13.0573615027192], [77.6148592463052, 13.0572203263516], [77.6149443452002, 13.0571614137788], [77.6149878223823, 13.0571276921043], [77.6150767020564, 13.0570440834035], [77.6150858334157, 13.057034998421], [77.6152066365659, 13.0569147972829], [77.6152628061166, 13.0568478685816], [77.6152996798909, 13.0567934134188], [77.6153301288209, 13.0567384197714], [77.6153538668849, 13.0566889813674], [77.6154336218969, 13.0564908945579], [77.6155565947374, 13.0562173209955], [77.6156544678421, 13.0559905110407], [77.6156808648006, 13.0559126694259], [77.6157209733434, 13.0557544440464], [77.6157439124143, 13.055650740092], [77.615767993914, 13.0555744152522], [77.6158323627137, 13.055402812356], [77.6159695078967, 13.0550711701337], [77.6160620405693, 13.0548387831999], [77.6160933798452, 13.0547737733817], [77.6161560718094, 13.0546699779629], [77.6162107247025, 13.0546002368373], [77.616256937771, 13.054552215207], [77.6162829930867, 13.0545286876912], [77.616322328932, 13.0545059499797], [77.6163706304429, 13.0544906117567], [77.6164479456345, 13.0544806678235], [77.6166076781134, 13.0544658406851], [77.6166768844196, 13.0544564458162], [77.6169719435406, 13.0543986104278], [77.6172185344311, 13.0543587527621], [77.6172826799857, 13.0543533966423], [77.6173327173802, 13.0543524871944], [77.6175064848712, 13.0543556878327], [77.6175884737066, 13.05436201645], [77.6177074037686, 13.0543629778581], [77.6178655468011, 13.0543688343831], [77.6180062842326, 13.0543665068535], [77.6180633348282, 13.0543600660122], [77.6181631863046, 13.0543555993504], [77.6182296622769, 13.0543471857343], [77.6182370105614, 13.0543462557883], [77.6184492816942, 13.0543122282523]]}}, {"type": "Feature", "properties": {}, "geometry": {"type": "LineString", "coordinates": [[77.6107060775612, 13.0866583197004], [77.6113266814577, 13.0865444754241], [77.6120319851669, 13.0865125738983], [77.6132423238211, 13.0867309405934], [77.6135783437805, 13.08669635223], [77.6138813406402, 13.0866747223955], [77.6140276526171, 13.0866669185905], [77.6140912039015, 13.0866761570498], [77.6141455878249, 13.0867045242609], [77.6142047288101, 13.0867527861441], [77.6143038292746, 13.0868574299186], [77.6144205878814, 13.0869936135802], [77.614445877121, 13.087029631195], [77.6144678622052, 13.0870726214272], [77.6145092391223, 13.0872038739083], [77.6145263991708, 13.087245164024], [77.6145460234042, 13.0872791819643], [77.6145778377041, 13.0873186928748], [77.6146560432775, 13.0873951602226], [77.6147440267269, 13.0874712311976], [77.6148068188597, 13.0875127977072], [77.614877883121, 13.0875498807091], [77.6149615196377, 13.0875800226785], [77.6154526471246, 13.0877335094213], [77.6155301212199, 13.0877551221957], [77.6155900094255, 13.0877667245636], [77.6157973108988, 13.0877884698039], [77.6160519264431, 13.0878087529975], [77.6164553678796, 13.0878006606035], [77.6165591702522, 13.0878024145485], [77.616657373086, 13.0878096863919], [77.616691294234, 13.087807176794], [77.6180320335448, 13.0883539842867], [77.6182256976551, 13.088413362008], [77.6182710244867, 13.0884226930768], [77.6183211548668, 13.0884308985064], [77.6184543894426, 13.0884467243434], [77.6185902000853, 13.0884607324879], [77.6186789936042, 13.0884667140981], [77.6187597630988, 13.0884673331832], [77.618832413427, 13.0884621335912], [77.6188834257132, 13.0884535852058], [77.6189940909208, 13.0884272924679], [77.6190431373023, 13.088418038575], [77.6191214260138, 13.0884101337507], [77.6192719169136, 13.0884038147536], [77.6193330941164, 13.0883994099979], [77.619439632193, 13.088386978485], [77.6196053865564, 13.0883636330697], [77.6198062162635, 13.0883301455363], [77.6198952145982, 13.088319155869], [77.6200092519132, 13.0883107512533], [77.6201000609812, 13.0883078494359], [77.6201815655469, 13.0883100144836], [77.6202555719473, 13.0883174177704], [77.6203022341885, 13.0883259642945], [77.6203536674938, 13.0883391185212], [77.6205202836903, 13.088393120172], [77.6205812472822, 13.088410619594], [77.6206648944933, 13.0884301181426], [77.6208493160106, 13.0884686610615], [77.6209244162125, 13.0884865045903], [77.6211356595918, 13.0885457962006], [77.6212682390397, 13.088575928185], [77.621395601076, 13.0885998570037], [77.6215184207131, 13.0886177077037], [77.6216370772862, 13.0886295333525], [77.6217548746114, 13.0886352317152], [77.6219183751633, 13.0886367885502], [77.6220158866336, 13.0886353238901], [77.6222786891802, 13.088626433058], [77.6223246097605, 13.088627331236], [77.6224338119624, 13.0886348476057], [77.6224826469162, 13.0886362906918], [77.6225334025646, 13.0886333841956], [77.6225775216484, 13.0886249882968], [77.6226261954643, 13.0886093757137], [77.6226742601163, 13.0885891501825], [77.6227199310495, 13.0885650661293], [77.6227616612181, 13.0885379397082], [77.6227897972294, 13.0885152201295], [77.6228188581897, 13.0884868945199], [77.6228469374172, 13.0884556753327], [77.6229015511768, 13.0883907935799], [77.6229358610193, 13.0883479564175], [77.6230081150828, 13.0882496154594], [77.6230412679528, 13.0882091868007], [77.623079836783, 13.088166984776], [77.6231189890957, 13.0881268835648], [77.6231586337345, 13.0880889780485], [77.6231986922149, 13.0880533412975], [77.6232648740764, 13.0879907449193], [77.6232915768211, 13.087968194364], [77.6233206297729, 13.0879498334055], [77.6233342745472, 13.0879441187887], [77.6233475445954, 13.087940615915], [77.6233637095214, 13.0879391253031], [77.6233811787976, 13.0879403596578], [77.6234000999621, 13.0879443265123], [77.6234207750282, 13.0879510869365], [77.6234615237407, 13.0879695203121], [77.6235500861867, 13.0880171777724], [77.6236151418882, 13.0880521934921], [77.6236809626133, 13.0880938324333], [77.6237474908424, 13.0881420581398], [77.6238146727136, 13.0881968314077], [77.6238663712808, 13.0882450498327], [77.6239200774306, 13.0883026974783], [77.6239731583487, 13.0883657908939], [77.6240710325465, 13.0884885269548], [77.6241014951221, 13.0885279227562], [77.6241338115392, 13.0885731077064], [77.6242377351754, 13.0887295958115], [77.6242782377207, 13.0887878655284], [77.6243212791109, 13.0888441128695], [77.6243631174303, 13.088892055661], [77.6244127447588, 13.088942651094], [77.6244657383493, 13.0889924244874], [77.6245220162966, 13.0890412998826], [77.6245814762781, 13.0890891879776], [77.6246440327501, 13.0891360173679], [77.6247095026724, 13.0891816480786], [77.6247777124112, 13.0892259581076], [77.6248484346168, 13.0892688007041], [77.6249691855659, 13.0893394703993], [77.6250453871307, 13.0893796445046], [77.6250821406811, 13.0893964839563], [77.6251170729376, 13.0894105214996], [77.6251506864439, 13.0894219561906], [77.6251832503546, 13.0894308792449], [77.6252418979248, 13.089441293919], [77.6253067570331, 13.0894458662489], [77.625379310606, 13.0894447753679], [77.6254665471741, 13.0894379284464], [77.625829924082, 13.089391676751], [77.6259137030117, 13.0893747702096], [77.6260069365054, 13.0893535782767], [77.626377757605, 13.0892613885781], [77.6265437936198, 13.0892240953577], [77.6266323385525, 13.089199844148], [77.6267184731141, 13.0891685184864], [77.626913028561, 13.0890864770285], [77.6272464085675, 13.0889642380982], [77.6273426173247, 13.0889249391562], [77.6275604783956, 13.0888305930676], [77.6276586309046, 13.0887899218236], [77.6277272763712, 13.0887646525144], [77.6278728190036, 13.0887168628568], [77.6279347742281, 13.0886949618076], [77.6279984717926, 13.0886688502838], [77.6280534040751, 13.0886415370917], [77.6281110554112, 13.0886068668493], [77.6281728080685, 13.0885639572976], [77.6282330271614, 13.0885178336847], [77.6283598936076, 13.0884160378685], [77.6284017099941, 13.0883846908618], [77.6285053873098, 13.0883109236857], [77.6285549673878, 13.0882722874588], [77.6285812194804, 13.088249182723], [77.6286038857196, 13.0882266981298], [77.6286234038511, 13.0882043973905], [77.6286399714286, 13.0881820508343], [77.628653733107, 13.0881598286344], [77.6286660455138, 13.0881360818005], [77.6286769249299, 13.088110781258], [77.6286863893259, 13.0880838834604], [77.6287011385281, 13.0880251255924], [77.628710472746, 13.08795910442], [77.6287144395253, 13.0878902154316], [77.6287140002932, 13.0878116985795], [77.6287099440683, 13.0877299952365], [77.628698403073, 13.0875700455897], [77.6286874382524, 13.0874488651517], [77.6286799270853, 13.0873956750776], [77.6286709030051, 13.0873461682483], [77.6286621357256, 13.0873097518633], [77.6286505893166, 13.0872725064663], [77.6286361606456, 13.0872340925238], [77.6286186201289, 13.0871938917347], [77.6285776470214, 13.0871135501913], [77.6284877778044, 13.0869564232066], [77.6284520236357, 13.0868897954532], [77.6284191135389, 13.0868186469764], [77.6283954346898, 13.0867530172942], [77.6283645233408, 13.0866490791858], [77.6283450856709, 13.0865739692981], [77.6283314204897, 13.0865056845466], [77.6283235546722, 13.0864431965834], [77.628319332839, 13.0863617577788], [77.6283206194519, 13.0862837987815], [77.6283273955549, 13.0862102268053], [77.6283396095648, 13.0861415663519], [77.6283535759629, 13.0860911991848], [77.6283739260211, 13.0860361144347], [77.6283976770984, 13.0859817557003], [77.6284524747111, 13.0858653129508], [77.6284924900483, 13.0857808740113], [77.6285386053093, 13.0856904276018], [77.6285919430183, 13.0855916296885], [77.6286614086059, 13.0854679719304], [77.6287343600424, 13.0853450501543], [77.628905499893, 13.0850704596019], [77.628968760852, 13.0849720736734], [77.6291167097996, 13.0847566277632], [77.6291758156063, 13.0846630649779], [77.6292092147804, 13.0846039454203], [77.6292374279461, 13.0845476756557], [77.629261023626, 13.084493116117], [77.6292802481718, 13.0844396852112], [77.6292906446714, 13.0844039715244], [77.6293001528251, 13.0843639197027], [77.6293313995687, 13.084194224444], [77.6293489488623, 13.0841205680008], [77.6293667890318, 13.0840673002661], [77.6294051626144, 13.0839704453461], [77.6294695829406, 13.0838117072915], [77.6294837646459, 13.08375029831], [77.6294987122493, 13.0835966121928], [77.6294836800789, 13.0834009088601], [77.6295286797286, 13.0832466102252], [77.6295572164343, 13.0831781972002], [77.6295819028685, 13.0830918962336], [77.6296140570667, 13.0830198607242], [77.6296279252537, 13.0829480115733], [77.6296235074363, 13.0828763478776], [77.6296048032191, 13.0828370994232], [77.6296343020567, 13.0826701493782]]}}, {"type": "Feature", "properties": {}, "geometry": {"type": "LineString", "coordinates": [[77.5940309523776, 13.0900218089351], [77.5938581585382, 13.0900117905643], [77.5937709665661, 13.0900024975935], [77.593397661737, 13.0899370364424], [77.5931434176097, 13.0898836264086], [77.5930958090889, 13.0898646479449], [77.5930663310362, 13.0898433812886], [77.5930432348704, 13.0898137036831], [77.5930244452351, 13.0897689370703], [77.5928825816981, 13.0893036013072], [77.5928454626441, 13.0891270478216], [77.5928113621883, 13.088820923981], [77.5927830727455, 13.0881692730917], [77.5927652428136, 13.0880300676468], [77.5926334809448, 13.087528289452], [77.5926012263009, 13.087453973213], [77.5924948829033, 13.0872521525629], [77.5924763060344, 13.0872027554437], [77.5924679313045, 13.087157208293], [77.5924694856485, 13.0870543327112], [77.5925224502062, 13.086437816921], [77.5925260453905, 13.0861823469508], [77.592542409254, 13.0860998186421], [77.5925908751655, 13.0859581689156], [77.5926062121653, 13.0858933382693], [77.5926134702566, 13.0858175841403], [77.5926170390193, 13.0856123713194], [77.592626148781, 13.0854908055508], [77.5926469034466, 13.0853745487541], [77.5926917635391, 13.08524044729], [77.592695279553, 13.0852066995834], [77.5926900897009, 13.0851664072918], [77.5926734592773, 13.0851175182016], [77.5926442031678, 13.0850635648832], [77.5924833228584, 13.0848558722978], [77.5924291879754, 13.0847777049641], [77.5921269224383, 13.0842569804034], [77.5920152165522, 13.0840864545889], [77.5919449226398, 13.0839925300893], [77.5918656841329, 13.0838983936677], [77.5915754843829, 13.0835907202269], [77.5914806832285, 13.0834835697414], [77.591197556217, 13.0831036911567], [77.591149969565, 13.0830265173709], [77.5911398466774, 13.0829859601339], [77.5911410018671, 13.0829344078211], [77.5911883052623, 13.0827105623128], [77.5912022106723, 13.0824254535846], [77.5912362836024, 13.0822192683986], [77.5912417756357, 13.0820911402276], [77.5912567830208, 13.0819361758662], [77.5912497548789, 13.0817989502959], [77.5912160028202, 13.0816012138735], [77.5911754687126, 13.0814748280148], [77.5911227694283, 13.0813859256635], [77.5909949854361, 13.081217848849], [77.5909552338429, 13.0811465806034], [77.5909338210865, 13.0810959324331], [77.5909144046121, 13.0809999508389], [77.5909107371334, 13.0809126701689], [77.5909144378579, 13.0808399411658]]}}, {"type": "Feature", "properties": {}, "geometry": {"type": "LineString", "coordinates": [[77.5940309523776, 13.0900218089351], [77.5939821915572, 13.0910610955535], [77.5940588705532, 13.091863474613], [77.5940802786866, 13.0920449241989], [77.5941537556752, 13.0925413722083], [77.5941446044369, 13.0925988319567], [77.5940964375477, 13.0926566842201], [77.5940185137192, 13.0926670300342], [77.5938915230208, 13.0926491846733], [77.5935530209495, 13.0925580124212], [77.5933397642871, 13.0924491331618], [77.593285170838, 13.0924280270334], [77.5932155501706, 13.0924095835491], [77.5929096558935, 13.0923446974322], [77.5927131035456, 13.0923259202254], [77.5924291769129, 13.0922918707042], [77.5923643229891, 13.0922875141019], [77.5923070199887, 13.0922886069458], [77.5921472604037, 13.0923111174366], [77.5920849831935, 13.0923311446206], [77.5920001301556, 13.0923827043625], [77.5919706720511, 13.0923932363306]]}}, {"type": "Feature", "properties": {}, "geometry": {"type": "LineString", "coordinates": [[77.6062108902413, 13.0954975840316], [77.6094753882811, 13.0890431442626], [77.6102378058935, 13.0873442934111], [77.6103437481203, 13.0869846755551], [77.6107060775612, 13.0866583197004]]}}, {"type": "Feature", "properties": {}, "geometry": {"type": "LineString", "coordinates": [[77.6062108902413, 13.0954975840316], [77.6054550179628, 13.0956128289985], [77.6051622733116, 13.0956014456803], [77.6048832534283, 13.0955038715942], [77.6046629039996, 13.0954200471161], [77.603636867312, 13.0952439678479], [77.6027884509738, 13.0952429784386], [77.6026136427445, 13.095246432639], [77.6024752319528, 13.0952659046749], [77.6023267335849, 13.0952395755625], [77.601432360247, 13.095195855613], [77.6011231375846, 13.0951490470944], [77.6010413921193, 13.095140923438], [77.6008469631079, 13.0951462619791], [77.6007256514609, 13.0951334294178], [77.6006956005454, 13.0951403203318], [77.6006585711364, 13.0951605791329], [77.6004954034182, 13.0949815402934], [77.6003274577829, 13.0947666483327], [77.6002849511942, 13.094727043627], [77.6002275841686, 13.0946886909663], [77.6001770695498, 13.0946635016325], [77.6001355948362, 13.0946492338571], [77.6000004777712, 13.0946254894495], [77.5999262196796, 13.0946040809273], [77.5998685468411, 13.0945775932157], [77.5997110743374, 13.0944906229719], [77.5996646640524, 13.0944722102786], [77.5996126620925, 13.0944577468129], [77.5994984543465, 13.0944406527919], [77.5993246526312, 13.0944351442868], [77.5990581072979, 13.0944093627221], [77.5989459814493, 13.0944053462146], [77.5988440377527, 13.0944160666791], [77.5986627584367, 13.0944481423998], [77.5985730413086, 13.0944696700658], [77.5984673789375, 13.0945051049276], [77.5981744948906, 13.0944964069712], [77.5979441432111, 13.0943887741298], [77.5977892603859, 13.0940365677474], [77.5977164165993, 13.0926321928236], [77.5977503587738, 13.092380866554], [77.5977599196203, 13.0921297868156], [77.5977689784052, 13.0918309055529], [77.5977182084494, 13.0916401915758], [77.5976186733278, 13.0914499687977], [77.5975069482225, 13.0912598687371], [77.5972739361304, 13.0911307481996], [77.5971153241262, 13.0911203942047], [77.5967987272129, 13.0911594376445], [77.5964764558542, 13.0911211060515], [77.5959681170471, 13.0908352660735], [77.5958977290747, 13.09066427198], [77.5958491671987, 13.0905598557475], [77.5957840249951, 13.0903928724052], [77.595764617162, 13.0903636621001], [77.5957406885431, 13.0903381317823], [77.5957116731484, 13.0903163594213], [77.5956795303739, 13.0902991365722], [77.5955845299422, 13.0902688738855], [77.5952180411827, 13.0901903935914], [77.595170932347, 13.0901733808981], [77.5950379969553, 13.0901108615868], [77.594922741452, 13.0900782746473], [77.5948559962749, 13.090070593118], [77.5947663863763, 13.0900733133101], [77.594647680242, 13.0900913348479], [77.5944853945985, 13.0901264458313], [77.5944158710956, 13.0901304255805], [77.594349445177, 13.0901211091167], [77.5942985077162, 13.0901041663847], [77.5942598221865, 13.0900827034127], [77.5941901502531, 13.0900310379337], [77.5940309523776, 13.0900218089351]]}}, {"type": "Feature", "properties": {}, "geometry": {"type": "LineString", "coordinates": [[77.6062108902413, 13.0954975840316], [77.6058932525749, 13.0961255878051], [77.6058022011259, 13.0962779711333], [77.6057263315846, 13.0963966768629], [77.6054653334061, 13.0967209543465], [77.6053910633224, 13.0968564574202], [77.6053670887527, 13.0968925971524], [77.6053427220182, 13.0969222976515], [77.6053050038951, 13.0969567902251], [77.6052635650609, 13.0969841878936], [77.6051904126064, 13.0970217154168], [77.6050819703471, 13.0970710251331], [77.6050540130115, 13.0970940874284], [77.6050376471557, 13.0971194980131], [77.6050249870453, 13.0971583809012], [77.6049984902238, 13.0972765767111], [77.6049756002162, 13.0973389913942], [77.604662477703, 13.0980298477973], [77.6046110249032, 13.0981469054306], [77.6045976931279, 13.0981897620254], [77.6045950278411, 13.0982186080883], [77.6045965682058, 13.0982477278499], [77.6046171290143, 13.0983588829765], [77.6046295949606, 13.0984745132358], [77.604630741678, 13.0986402369328], [77.6046267523371, 13.0988241324451], [77.6046232298295, 13.0989865145928], [77.6046119921118, 13.0990925551676], [77.6045946372548, 13.0991682719016], [77.6045774887572, 13.0992140995784], [77.6045185063802, 13.0993408538583], [77.6044884724436, 13.0994364032381], [77.6044793734489, 13.0994874607813], [77.6044715646284, 13.0995621631725], [77.6044704574148, 13.0996985719611], [77.6044661212916, 13.0997488125617], [77.6044527666184, 13.099810703573], [77.6044172653082, 13.0999304385839], [77.6044107658494, 13.099965853323], [77.6044077340156, 13.1000151429929], [77.6044141006413, 13.1000748806079], [77.6044495461555, 13.1001908983833], [77.6044575291314, 13.1002374658497], [77.6044554451195, 13.1003003686244], [77.6044434131838, 13.1003564905762], [77.6044199511203, 13.1004084458259], [77.6043569644455, 13.1005129134448], [77.6043289091758, 13.1005670119502], [77.6042649254323, 13.1007297756533], [77.604204925428, 13.1008626907167], [77.6041510018003, 13.1010061948041], [77.6041289250254, 13.1010546560698], [77.6041110081673, 13.1010852806113], [77.6040794737228, 13.1011294115876], [77.6040344230722, 13.1011838073994], [77.6039658090431, 13.1012545140793], [77.603793106899, 13.1014058594027], [77.6037078188208, 13.1014737685832], [77.6036724582816, 13.1015057943983], [77.6036434938255, 13.1015408570312], [77.6035858774329, 13.1016258910085], [77.6035495220657, 13.1016647242077], [77.6035178563424, 13.1016874471879], [77.6034833505824, 13.1017040013873], [77.603420126402, 13.1017251171058], [77.6033601414262, 13.1017383872954], [77.6032651141232, 13.1017511080675], [77.603113595198, 13.1017656398836], [77.6028761611911, 13.1017810304217], [77.602688819319, 13.1018015133121], [77.602564265622, 13.1018245401691], [77.6024324509533, 13.1018597569992], [77.6023905374151, 13.1018737542134], [77.6023301181687, 13.1019040327781], [77.6022699347649, 13.1019426330825], [77.602220802406, 13.1019782678651], [77.6021649788842, 13.1020266389027], [77.6020338706317, 13.102153729196], [77.6019719279152, 13.1022235758193], [77.6018678639478, 13.1023504616308], [77.6018313758258, 13.1023842431499], [77.6017998344399, 13.1024077732693], [77.6017366705415, 13.1024467649479], [77.6016848204368, 13.1024715688627], [77.6016116940963, 13.1024957401767], [77.6015165322229, 13.1025162257427], [77.6014619958837, 13.102530990803], [77.6014137467948, 13.1025511526654], [77.6013817254478, 13.1025713783517], [77.6013561213387, 13.1025937580553], [77.6013367791324, 13.1026161395859], [77.6013180255576, 13.1026451571381], [77.601301811267, 13.1026800574399], [77.6012751570155, 13.1027618767054], [77.6012388912771, 13.1029069205824], [77.6012174800318, 13.1029781755923], [77.601137878707, 13.10318699594], [77.6011019959603, 13.1032556063687], [77.601056637461, 13.1033185224157], [77.601017772641, 13.1033581477061], [77.6009621877329, 13.103400946563], [77.6008407112267, 13.1034826488355], [77.6008128683434, 13.1035068832501], [77.6007868114519, 13.103535833572], [77.6007350310899, 13.1036073120064], [77.6006301374348, 13.1037620159742], [77.6005095453358, 13.1039695172346], [77.6004914769426, 13.1039934108538], [77.600465650559, 13.1040172888195], [77.6004306157986, 13.104039254125], [77.6003935355741, 13.104055055235], [77.6003446146804, 13.1040681580685], [77.6003000766138, 13.1040745259053], [77.6002425860733, 13.1040746616451], [77.5998130099274, 13.1040346702557], [77.599700437358, 13.1040329396039], [77.599590064439, 13.104039069082], [77.5995183144519, 13.104049119967], [77.5994679132002, 13.1040652017119], [77.59944923805, 13.1040765284466], [77.5994321451639, 13.1040916914163], [77.599415024632, 13.1041222146795], [77.5994026327476, 13.1041671703144], [77.5993811258543, 13.1042980974014], [77.5993278608925, 13.1045666969789], [77.5993076571727, 13.1047321994153], [77.5992992584117, 13.1047687671263], [77.5992830607469, 13.1048042345537], [77.5992586262913, 13.1048348198642], [77.5992124310493, 13.1048715773797], [77.5991610503869, 13.1048982426541], [77.5991035088005, 13.1049135526005], [77.5990626951698, 13.1049197552979], [77.5990115020853, 13.1049195210047], [77.5989467552585, 13.1049110947629], [77.5987334229576, 13.1048615031295], [77.5986698475591, 13.1048406058704], [77.598571123551, 13.1048006575614], [77.5984951592238, 13.1047733886871], [77.5984087825775, 13.1047486649537], [77.5982053581027, 13.1046967423537], [77.5981367428402, 13.1046822423329], [77.59748967675, 13.1045610641861], [77.5970186877961, 13.1044173189427], [77.5969090374296, 13.1044255946972], [77.5968143154458, 13.1044624046074], [77.5967636355923, 13.1045131115624], [77.5966987015568, 13.1045998182437], [77.596434658675, 13.1052798961475], [77.5958783247275, 13.1080391509208], [77.5941485383084, 13.1134320542882], [77.5933457209771, 13.1136194160682], [77.5923245642918, 13.1139165379584], [77.5912675788329, 13.1142857273809], [77.5903580263, 13.1147609946413], [77.5898138690745, 13.1151967284156], [77.5890898252483, 13.1159211096332], [77.588512462389, 13.1166798699204], [77.5871215223059, 13.1200560300392], [77.5868357844243, 13.1229323076361], [77.5866814921483, 13.1241648280158], [77.5866405959537, 13.1242465534058], [77.5866035257106, 13.1242810441811], [77.5865538646718, 13.1243385788748], [77.5864355909879, 13.1244887970434], [77.586395091915, 13.1245504369535], [77.5863725040899, 13.1246008342814], [77.5863392001047, 13.1247315938521], [77.5863185860799, 13.1247763836141], [77.5862870751698, 13.1248071984267], [77.5862112205393, 13.1248460270565], [77.5861820696882, 13.1248657763966], [77.5861568164429, 13.1248934873423], [77.5861416150336, 13.1249221587732], [77.5861335976771, 13.1249494859554], [77.5861305820796, 13.1249803576116], [77.586133762768, 13.1250129151198], [77.5861454273466, 13.1250545345864], [77.5861768901702, 13.1251100205504], [77.5862378747295, 13.1251817208396], [77.586262944213, 13.1252174813951], [77.5862771627494, 13.1252558119805], [77.5862770922704, 13.1252953179337], [77.586255405544, 13.1253716663054], [77.5861017912901, 13.1257617213143], [77.5860534789558, 13.1259495759554], [77.5859804763406, 13.1261887407484], [77.5859560387534, 13.1262421732285], [77.5859256303993, 13.1262941579024], [77.5858163304508, 13.1264567504339], [77.5857622151124, 13.1265736825961], [77.5857223145563, 13.1267180156902], [77.5857140212056, 13.126877441803], [77.5857001707113, 13.1269176256355], [77.5854633094388, 13.1292668247722], [77.5853349086887, 13.1295787117386], [77.5853390248756, 13.1301365511585], [77.5853418212155, 13.1305155035847], [77.5853186353146, 13.1310105624429], [77.5853171208474, 13.1310428889003], [77.5853090503071, 13.13121522373], [77.5851836268562, 13.1314204271389], [77.5850589571686, 13.1316247420968], [77.5845222408334, 13.1325043359441], [77.5841754886664, 13.1330726035701], [77.5833469890274, 13.1344303676155], [77.5823663054383, 13.1360375125627], [77.5822850924327, 13.1361706036649], [77.58178360212, 13.1369924378497], [77.5815775065633, 13.1372807670804], [77.5815766050716, 13.1373357825967], [77.5815530903118, 13.1374972003672], [77.5815584872917, 13.1379761241002], [77.5815507576732, 13.13813470194], [77.5815174750564, 13.1382484975555], [77.5813608192195, 13.1385974394074], [77.5809022696251, 13.1386544345891], [77.5802928947162, 13.1386904332609], [77.5797444872916, 13.1387258176685], [77.5794091575399, 13.1387291832592], [77.5788626231088, 13.138943822917], [77.578529167103, 13.1391264445471], [77.5780765796868, 13.1395791748767], [77.5776252385789, 13.1401514104488], [77.5775079796261, 13.1406007748639], [77.5772695107551, 13.1421022509159]]}}, {"type": "Feature", "properties": {}, "geometry": {"type": "LineString", "coordinates": [[77.5894617779083, 12.8446155026426], [77.589326835306, 12.8468996364237], [77.5892532141756, 12.8480357877288], [77.5892576233908, 12.8484660106557], [77.5894692071716, 12.8489061408384], [77.5896910119624, 12.8491549395704], [77.5898275597093, 12.8494045813498], [77.5899319795903, 12.850084805411], [77.5899828556082, 12.8514826683997], [77.5913465278874, 12.853799807319], [77.5919171004093, 12.8547981233074], [77.5925127401484, 12.8563976641264], [77.5928605329347, 12.8574951917207], [77.5933751407349, 12.8594245509819], [77.5936029857106, 12.8597856315612], [77.59414157191, 12.8606172753423], [77.5942179730593, 12.8608360861992], [77.5942625495523, 12.8613806466369], [77.5944848109937, 12.8620784400996], [77.5945446220335, 12.8621199900298], [77.5948005023168, 12.8624317941], [77.5949425181354, 12.8630515883937], [77.5950544063015, 12.8633077750646], [77.5952468135544, 12.8636798536483], [77.5955571433538, 12.8640725651832], [77.5960342376983, 12.864277590044], [77.5960426882988, 12.8648577240353], [77.5962039056984, 12.8658457346172], [77.5963860949977, 12.8660416175748], [77.5964977564139, 12.8664643145511], [77.5965375202643, 12.8665404120425], [77.5972849370252, 12.8670267401011], [77.5975494080463, 12.8670885763471], [77.5978476698603, 12.8671603105631], [77.5979777439738, 12.8672544078355], [77.5988968873247, 12.8673602634402], [77.6000082881921, 12.8673790565556], [77.6011017683362, 12.8678182506053], [77.6061343510248, 12.8722166639099], [77.6070822684379, 12.8734119605591], [77.6080843112633, 12.8741860141512], [77.6082423979927, 12.8743947893705], [77.608362496624, 12.8746995555669], [77.6084287431114, 12.875018524196], [77.6083141194018, 12.8756752927575], [77.6083377644166, 12.8760766331514], [77.6084594463696, 12.8765343648661], [77.6086604717556, 12.8771251646233], [77.6092893796923, 12.8795092291346], [77.6093712968313, 12.8798908653251], [77.6095237612963, 12.8814382787448], [77.6096235854457, 12.8816667556738], [77.6098395543013, 12.8818175830337], [77.6102496249816, 12.8818899850072], [77.6106201237604, 12.8819054132048], [77.6110693722203, 12.8819965459763], [77.6113629037856, 12.8821083533417], [77.6116192398311, 12.8823926354245], [77.6118572769282, 12.8827918342049], [77.6120569299582, 12.8832487842508], [77.6121386542857, 12.8836112975694], [77.6123373182557, 12.8839726445703], [77.6124202331729, 12.8844498820023], [77.6122670239707, 12.8856026898473], [77.612293756071, 12.8856359175907], [77.6123146854434, 12.885681543172], [77.6123253722758, 12.8857444207605], [77.6123267171102, 12.8858705366771], [77.6123177058367, 12.8859439994102], [77.6123045489148, 12.8859870182641], [77.6122516512836, 12.8861231245948], [77.6122210856556, 12.8862184766229], [77.6121719116413, 12.8864751298936], [77.6121546065394, 12.8865203168248], [77.6121033283206, 12.8866262090148], [77.6120813501413, 12.8866899890601], [77.6120676371874, 12.8867576255475], [77.6120479543551, 12.886936176731], [77.6119923665522, 12.8871849547145], [77.6119847817355, 12.8872594918481], [77.6119874749197, 12.8873379466402], [77.6120017699681, 12.8874324479431], [77.6120333480514, 12.8875882143214], [77.612039239451, 12.8876409184012], [77.612038914454, 12.8877007674089], [77.612029306078, 12.8877641656028], [77.6119841550535, 12.8879502210365], [77.6119782630504, 12.8880115503239], [77.611973278561, 12.8881606430756], [77.6119661562424, 12.8882149559772], [77.611947499919, 12.8882848064336], [77.6118837237141, 12.8884709204181], [77.6118651954385, 12.8885928955741], [77.6118626626758, 12.8886604285962], [77.6118671967773, 12.8887544220366], [77.6118751466992, 12.8888123056985], [77.6118929957437, 12.8888666927467], [77.6119129776776, 12.8889004937737], [77.6119413351292, 12.8889362574491], [77.612115070986, 12.8891108458511], [77.6121530771595, 12.8891725878887], [77.6121620910273, 12.8891973819031], [77.6121666222993, 12.8892284145709], [77.6121655470615, 12.8892598736198], [77.6121562735823, 12.8892981152433], [77.6120707736182, 12.8894814594436], [77.612039044801, 12.8895763786445], [77.6120264502929, 12.889633411293], [77.6119918504466, 12.8902287704384], [77.6119746589766, 12.8904299773142], [77.6119486209365, 12.8906144443717], [77.6119535499192, 12.890685142577], [77.6119643980775, 12.8907224352651], [77.6119849799849, 12.8907644288694], [77.612067345651, 12.890872240927], [77.612095077791, 12.8909219976457], [77.6121106318762, 12.8909713763638], [77.6121537574186, 12.8911584250151], [77.6121911104355, 12.8912491265465], [77.612284414952, 12.8914060425575], [77.612410778964, 12.8915870398672], [77.6124441406512, 12.8916407876529], [77.6124727294351, 12.891700131949], [77.6125239640847, 12.8918324430303], [77.6125526093428, 12.8918908354367], [77.6125906211769, 12.8919536812359], [77.6126702174274, 12.8920661877421], [77.6127030176334, 12.8921261593682], [77.6127303195757, 12.8921941523256], [77.6127858517714, 12.8923591524459], [77.6128109599176, 12.8924174464244], [77.6129562780317, 12.8926315560855], [77.6129873497253, 12.8926939968156], [77.6130391736708, 12.8928355619395], [77.6130745434039, 12.8929124795875], [77.6131065835437, 12.892965033451], [77.613188208942, 12.8930758354326], [77.6132182979172, 12.8931237922572], [77.6133139748522, 12.8933157088823], [77.6133957058898, 12.8934578640252], [77.6134416689809, 12.8935485352026], [77.6134881000308, 12.8936131396426], [77.6134928428033, 12.8936173229973], [77.6135271459909, 12.8937373934184], [77.6135910996757, 12.894092257148], [77.6136571006915, 12.8945247986377], [77.613703778569, 12.8947244419745], [77.6136272427149, 12.8949326064371], [77.6134216813989, 12.8951895082596], [77.6132079695404, 12.8951628389874], [77.6129109870312, 12.8951508221426], [77.612549369909, 12.8966534912366], [77.6124660415713, 12.8970509218606], [77.612301160399, 12.8979151928668], [77.6132815701008, 12.9035376150727]]}}, {"type": "Feature", "properties": {}, "geometry": {"type": "LineString", "coordinates": [[77.7482042865426, 12.9523678944093], [77.7490096688595, 12.9524852988763], [77.7498071352609, 12.9528785860246], [77.750346071568, 12.9531358021504], [77.750787020554, 12.9533462495545], [77.7511551348654, 12.953581368618], [77.7514996707535, 12.9538884371519], [77.7518690991764, 12.9542430444419], [77.752091018739, 12.9544797049225], [77.7523645607188, 12.954978727398], [77.7525133832781, 12.9552161608877], [77.7527591457747, 12.9554047678369], [77.7531995749419, 12.9555674157764], [77.7537393079293, 12.9558963163822], [77.7538404518307, 12.9562298550661], [77.7540613238566, 12.9563709231121], [77.7545504878429, 12.956533051819], [77.7551858492331, 12.9566936332371], [77.7556490696346, 12.9567126317746], [77.7564775207388, 12.956703861576], [77.7573059703127, 12.9566950887586], [77.7581839413798, 12.9567574901719], [77.7585751157118, 12.9568728483829], [77.7589183476087, 12.9570604145734], [77.759091280705, 12.9572736871386], [77.7592888432722, 12.9575105986582], [77.7596095541839, 12.9578657072067], [77.7600600805467, 12.9586518188075]]}}], "_meta": {"source": "Karnataka State Remote Sensing Applications Centre (KSRSAC), via OpenCity", "source_url": "https://data.opencity.in/dataset/bengaluru-stormwater-drains-maps", "source_dataset_updated": "2025-11-27", "licence": "Public Domain per OpenCity CKAN metadata (no upstream dedication)", "compiled_at": "2026-05-28", "layer_label": "Primary stormwater drains (rajakaluves)"}}