{
  "nvdm": "1.0",
  "dataset": "data-root/flood-hotspots",
  "scope": {
    "kind": "city",
    "id": "bangalore"
  },
  "provenance": {
    "sources": [
      {
        "id": "opencity-bengaluru-flood",
        "title": "KSRSAC Bengaluru Urban flooding locations - 3 KSRSAC datasets (via OpenCity)",
        "publisher": "KSRSAC / BBMP (via OpenCity)",
        "license": "Public Domain per OpenCity CKAN metadata (no upstream dedication)",
        "as_of": "2025-11-27"
      }
    ],
    "method": "manual",
    "produced_at": "2026-05-27",
    "produced_by": "manual",
    "note": "KSRSAC KML download + conversion; the conversion run itself is unrecorded (the _meta block, not a committed script, is the production record). Three KSRSAC categories - 70 named flood-prone, 194 unnamed vulnerability points, 128 named low-lying areas; see _meta.categories for the distinctions and the named-locality RTI follow-up."
  },
  "type": "FeatureCollection",
  "_meta": {
    "source": "Karnataka State Remote Sensing Applications Centre (KSRSAC), via OpenCity",
    "source_url": "https://data.opencity.in/dataset/flooding-locations-in-bengaluru-urban",
    "source_dataset_updated": "2025-11-27",
    "licence": "Public Domain per OpenCity CKAN metadata (no upstream dedication)",
    "compiled_at": "2026-05-27",
    "categories": {
      "named_flood_prone": "70 named localities BBMP classifies as flood-prone (e.g. Bhadrappa Layout, Sampangirama Nagar). Curated list, generally hotspots with documented flooding history.",
      "vulnerable_unnamed": "194 unnamed points from KSRSAC's broader vulnerability assessment - typically low-elevation pixels in valleys. Unnamed in the upstream KML; named-locality cross-reference is a follow-up RTI to BBMP.",
      "named_low_lying": "128 named low-lying areas (e.g. JRD Tata Nagar, Devi Nagara). Overlaps geographically with flood-prone in many cases but is a distinct KSRSAC dataset."
    }
  },
  "features": [
    {
      "type": "Feature",
      "properties": {
        "name": "Bhadrappa layout",
        "category": "named_flood_prone",
        "category_label": "Named flood-prone locality"
      },
      "geometry": {
        "type": "Point",
        "coordinates": [
          77.5760195323719,
          13.0484082909097
        ]
      }
    },
    {
      "type": "Feature",
      "properties": {
        "name": "Sampangiram Nagar",
        "category": "named_flood_prone",
        "category_label": "Named flood-prone locality"
      },
      "geometry": {
        "type": "Point",
        "coordinates": [
          77.5746801037001,
          12.9936285184412
        ]
      }
    },
    {
      "type": "Feature",
      "properties": {
        "name": "KEB Compound Maththikere",
        "category": "named_flood_prone",
        "category_label": "Named flood-prone locality"
      },
      "geometry": {
        "type": "Point",
        "coordinates": [
          77.5586167901292,
          13.0362993665224
        ]
      }
    },
    {
      "type": "Feature",
      "properties": {
        "name": "Gubbanna Layout",
        "category": "named_flood_prone",
        "category_label": "Named flood-prone locality"
      },
      "geometry": {
        "type": "Point",
        "coordinates": [
          77.5556456666107,
          12.979208530649
        ]
      }
    },
    {
      "type": "Feature",
      "properties": {
        "name": "Minerva Mill",
        "category": "named_flood_prone",
        "category_label": "Named flood-prone locality"
      },
      "geometry": {
        "type": "Point",
        "coordinates": [
          77.5644641478985,
          12.9794524061035
        ]
      }
    },
    {
      "type": "Feature",
      "properties": {
        "name": "Binny Mill Tank Area",
        "category": "named_flood_prone",
        "category_label": "Named flood-prone locality"
      },
      "geometry": {
        "type": "Point",
        "coordinates": [
          77.5680827922834,
          12.9687461731971
        ]
      }
    },
    {
      "type": "Feature",
      "properties": {
        "name": "Binny Mill Tank Area",
        "category": "named_flood_prone",
        "category_label": "Named flood-prone locality"
      },
      "geometry": {
        "type": "Point",
        "coordinates": [
          77.5717029034626,
          12.9742403689976
        ]
      }
    },
    {
      "type": "Feature",
      "properties": {
        "name": "Kamakshipalya Tank Slum Area",
        "category": "named_flood_prone",
        "category_label": "Named flood-prone locality"
      },
      "geometry": {
        "type": "Point",
        "coordinates": [
          77.5270908138867,
          12.9886834477827
        ]
      }
    },
    {
      "type": "Feature",
      "properties": {
        "name": "Shivananda circle_Railway under pass",
        "category": "named_flood_prone",
        "category_label": "Named flood-prone locality"
      },
      "geometry": {
        "type": "Point",
        "coordinates": [
          77.5778290177912,
          12.9877884559723
        ]
      }
    },
    {
      "type": "Feature",
      "properties": {
        "name": "Okalipuram Junction",
        "category": "named_flood_prone",
        "category_label": "Named flood-prone locality"
      },
      "geometry": {
        "type": "Point",
        "coordinates": [
          77.5689299545501,
          12.9826870750483
        ]
      }
    },
    {
      "type": "Feature",
      "properties": {
        "name": "Mekhri circle",
        "category": "named_flood_prone",
        "category_label": "Named flood-prone locality"
      },
      "geometry": {
        "type": "Point",
        "coordinates": [
          77.5837934475058,
          13.0169907396307
        ]
      }
    },
    {
      "type": "Feature",
      "properties": {
        "name": "Railway underbridge near Kino theatre",
        "category": "named_flood_prone",
        "category_label": "Named flood-prone locality"
      },
      "geometry": {
        "type": "Point",
        "coordinates": [
          77.5748676833932,
          12.9845070969248
        ]
      }
    },
    {
      "type": "Feature",
      "properties": {
        "name": "Jagajeevan ram nagar",
        "category": "named_flood_prone",
        "category_label": "Named flood-prone locality"
      },
      "geometry": {
        "type": "Point",
        "coordinates": [
          77.5506791839937,
          12.9655880581422
        ]
      }
    },
    {
      "type": "Feature",
      "properties": {
        "name": "Padarayan pura",
        "category": "named_flood_prone",
        "category_label": "Named flood-prone locality"
      },
      "geometry": {
        "type": "Point",
        "coordinates": [
          77.5496064708584,
          12.9645626214676
        ]
      }
    },
    {
      "type": "Feature",
      "properties": {
        "name": "Cotton pete",
        "category": "named_flood_prone",
        "category_label": "Named flood-prone locality"
      },
      "geometry": {
        "type": "Point",
        "coordinates": [
          77.5654467948301,
          12.9666850889455
        ]
      }
    },
    {
      "type": "Feature",
      "properties": {
        "name": "City Market Area",
        "category": "named_flood_prone",
        "category_label": "Named flood-prone locality"
      },
      "geometry": {
        "type": "Point",
        "coordinates": [
          77.5841381432569,
          12.9652646790215
        ]
      }
    },
    {
      "type": "Feature",
      "properties": {
        "name": "Jayanagar 3rd Block LIC Colony",
        "category": "named_flood_prone",
        "category_label": "Named flood-prone locality"
      },
      "geometry": {
        "type": "Point",
        "coordinates": [
          77.5895308406719,
          12.9297680655436
        ]
      }
    },
    {
      "type": "Feature",
      "properties": {
        "name": "Krishnappa Garden behind Byrasandra Tank D/s",
        "category": "named_flood_prone",
        "category_label": "Named flood-prone locality"
      },
      "geometry": {
        "type": "Point",
        "coordinates": [
          77.5984756164525,
          12.9299432220019
        ]
      }
    },
    {
      "type": "Feature",
      "properties": {
        "name": "Wilson Garden Area up to Bannerghatta Road",
        "category": "named_flood_prone",
        "category_label": "Named flood-prone locality"
      },
      "geometry": {
        "type": "Point",
        "coordinates": [
          77.5971767211248,
          12.94803361376
        ]
      }
    },
    {
      "type": "Feature",
      "properties": {
        "name": "Arekempannahalli Area",
        "category": "named_flood_prone",
        "category_label": "Named flood-prone locality"
      },
      "geometry": {
        "type": "Point",
        "coordinates": [
          77.5931066062809,
          12.9462654306049
        ]
      }
    },
    {
      "type": "Feature",
      "properties": {
        "name": "Marehahalli Tank",
        "category": "named_flood_prone",
        "category_label": "Named flood-prone locality"
      },
      "geometry": {
        "type": "Point",
        "coordinates": [
          77.5884362542258,
          12.9153014272189
        ]
      }
    },
    {
      "type": "Feature",
      "properties": {
        "name": "Bismillanagar – Agencies",
        "category": "named_flood_prone",
        "category_label": "Named flood-prone locality"
      },
      "geometry": {
        "type": "Point",
        "coordinates": [
          77.6021990381511,
          12.9258533949181
        ]
      }
    },
    {
      "type": "Feature",
      "properties": {
        "name": "Ejipura",
        "category": "named_flood_prone",
        "category_label": "Named flood-prone locality"
      },
      "geometry": {
        "type": "Point",
        "coordinates": [
          77.6308201304403,
          12.938392303162
        ]
      }
    },
    {
      "type": "Feature",
      "properties": {
        "name": "Koramangala Slum",
        "category": "named_flood_prone",
        "category_label": "Named flood-prone locality"
      },
      "geometry": {
        "type": "Point",
        "coordinates": [
          77.6279742060404,
          12.9248172689016
        ]
      }
    },
    {
      "type": "Feature",
      "properties": {
        "name": "Cholurpalya",
        "category": "named_flood_prone",
        "category_label": "Named flood-prone locality"
      },
      "geometry": {
        "type": "Point",
        "coordinates": [
          77.549050659257,
          12.9720098012112
        ]
      }
    },
    {
      "type": "Feature",
      "properties": {
        "name": "Bapujinagar",
        "category": "named_flood_prone",
        "category_label": "Named flood-prone locality"
      },
      "geometry": {
        "type": "Point",
        "coordinates": [
          77.5397292977655,
          12.9567706596381
        ]
      }
    },
    {
      "type": "Feature",
      "properties": {
        "name": "Sanjaya Gandhi Slum Area",
        "category": "named_flood_prone",
        "category_label": "Named flood-prone locality"
      },
      "geometry": {
        "type": "Point",
        "coordinates": [
          77.5924590296566,
          12.9272333443431
        ]
      }
    },
    {
      "type": "Feature",
      "properties": {
        "name": "NGV to HSR Layout",
        "category": "named_flood_prone",
        "category_label": "Named flood-prone locality"
      },
      "geometry": {
        "type": "Point",
        "coordinates": [
          77.6201472893617,
          12.9485540001667
        ]
      }
    },
    {
      "type": "Feature",
      "properties": {
        "name": "Shanthi Nagar",
        "category": "named_flood_prone",
        "category_label": "Named flood-prone locality"
      },
      "geometry": {
        "type": "Point",
        "coordinates": [
          77.5932394856098,
          12.9542588171904
        ]
      }
    },
    {
      "type": "Feature",
      "properties": {
        "name": "Vidyapeeta circle",
        "category": "named_flood_prone",
        "category_label": "Named flood-prone locality"
      },
      "geometry": {
        "type": "Point",
        "coordinates": [
          77.560866420845,
          12.9333959675497
        ]
      }
    },
    {
      "type": "Feature",
      "properties": {
        "name": "Srinvas nagar",
        "category": "named_flood_prone",
        "category_label": "Named flood-prone locality"
      },
      "geometry": {
        "type": "Point",
        "coordinates": [
          77.5547781949542,
          12.9355822257389
        ]
      }
    },
    {
      "type": "Feature",
      "properties": {
        "name": "KH Road",
        "category": "named_flood_prone",
        "category_label": "Named flood-prone locality"
      },
      "geometry": {
        "type": "Point",
        "coordinates": [
          77.5920319676972,
          12.9554637045861
        ]
      }
    },
    {
      "type": "Feature",
      "properties": {
        "name": "Magadi Police station",
        "category": "named_flood_prone",
        "category_label": "Named flood-prone locality"
      },
      "geometry": {
        "type": "Point",
        "coordinates": [
          77.5515100928131,
          12.9744908364828
        ]
      }
    },
    {
      "type": "Feature",
      "properties": {
        "name": "RPC layout",
        "category": "named_flood_prone",
        "category_label": "Named flood-prone locality"
      },
      "geometry": {
        "type": "Point",
        "coordinates": [
          77.5378980802288,
          12.9627817776568
        ]
      }
    },
    {
      "type": "Feature",
      "properties": {
        "name": "Ghali Anjaneya temple road",
        "category": "named_flood_prone",
        "category_label": "Named flood-prone locality"
      },
      "geometry": {
        "type": "Point",
        "coordinates": [
          77.5412892455988,
          12.9527270765932
        ]
      }
    },
    {
      "type": "Feature",
      "properties": {
        "name": "Brindavananagar below Matthikere Tank Market",
        "category": "named_flood_prone",
        "category_label": "Named flood-prone locality"
      },
      "geometry": {
        "type": "Point",
        "coordinates": [
          77.5551490591783,
          13.0348090486984
        ]
      }
    },
    {
      "type": "Feature",
      "properties": {
        "name": "Shankarappa Garden Gopalapura",
        "category": "named_flood_prone",
        "category_label": "Named flood-prone locality"
      },
      "geometry": {
        "type": "Point",
        "coordinates": [
          77.5230110502165,
          12.9216713081842
        ]
      }
    },
    {
      "type": "Feature",
      "properties": {
        "name": "Kamakshipalya Tank Slum Area",
        "category": "named_flood_prone",
        "category_label": "Named flood-prone locality"
      },
      "geometry": {
        "type": "Point",
        "coordinates": [
          77.5220423616625,
          12.9928063456362
        ]
      }
    },
    {
      "type": "Feature",
      "properties": {
        "name": "Yeshwanthpur Railway station",
        "category": "named_flood_prone",
        "category_label": "Named flood-prone locality"
      },
      "geometry": {
        "type": "Point",
        "coordinates": [
          77.5503772276235,
          13.0237767512959
        ]
      }
    },
    {
      "type": "Feature",
      "properties": {
        "name": "BEML Layout in RR Nagar",
        "category": "named_flood_prone",
        "category_label": "Named flood-prone locality"
      },
      "geometry": {
        "type": "Point",
        "coordinates": [
          77.5196606016522,
          12.9077359056874
        ]
      }
    },
    {
      "type": "Feature",
      "properties": {
        "name": "Nayandahalli",
        "category": "named_flood_prone",
        "category_label": "Named flood-prone locality"
      },
      "geometry": {
        "type": "Point",
        "coordinates": [
          77.5247623890697,
          12.9410926623963
        ]
      }
    },
    {
      "type": "Feature",
      "properties": {
        "name": "Kengeri Yellamma temple",
        "category": "named_flood_prone",
        "category_label": "Named flood-prone locality"
      },
      "geometry": {
        "type": "Point",
        "coordinates": [
          77.4827357145787,
          12.8989117811536
        ]
      }
    },
    {
      "type": "Feature",
      "properties": {
        "name": "Bhovi Colony, near Sane Guruvanahalli Tank",
        "category": "named_flood_prone",
        "category_label": "Named flood-prone locality"
      },
      "geometry": {
        "type": "Point",
        "coordinates": [
          77.6762073762645,
          13.0120970535359
        ]
      }
    },
    {
      "type": "Feature",
      "properties": {
        "name": "HAL Airport Road",
        "category": "named_flood_prone",
        "category_label": "Named flood-prone locality"
      },
      "geometry": {
        "type": "Point",
        "coordinates": [
          77.6822640125691,
          12.9545043770751
        ]
      }
    },
    {
      "type": "Feature",
      "properties": {
        "name": "Sulthan Palya Main Road",
        "category": "named_flood_prone",
        "category_label": "Named flood-prone locality"
      },
      "geometry": {
        "type": "Point",
        "coordinates": [
          77.6047832157688,
          13.029909094329
        ]
      }
    },
    {
      "type": "Feature",
      "properties": {
        "name": "Pillappa Garden – Agencies",
        "category": "named_flood_prone",
        "category_label": "Named flood-prone locality"
      },
      "geometry": {
        "type": "Point",
        "coordinates": [
          77.5911778338861,
          13.0259073108735
        ]
      }
    },
    {
      "type": "Feature",
      "properties": {
        "name": "Anandanagara",
        "category": "named_flood_prone",
        "category_label": "Named flood-prone locality"
      },
      "geometry": {
        "type": "Point",
        "coordinates": [
          77.5913121170567,
          13.0313282901683
        ]
      }
    },
    {
      "type": "Feature",
      "properties": {
        "name": "Miller Tank,",
        "category": "named_flood_prone",
        "category_label": "Named flood-prone locality"
      },
      "geometry": {
        "type": "Point",
        "coordinates": [
          77.5980641442409,
          12.9919937964763
        ]
      }
    },
    {
      "type": "Feature",
      "properties": {
        "name": "Miller Tank,  Chinnappa Garden",
        "category": "named_flood_prone",
        "category_label": "Named flood-prone locality"
      },
      "geometry": {
        "type": "Point",
        "coordinates": [
          77.6029722401728,
          13.0022055362563
        ]
      }
    },
    {
      "type": "Feature",
      "properties": {
        "name": "Saraswathipuram – Jogu Palya",
        "category": "named_flood_prone",
        "category_label": "Named flood-prone locality"
      },
      "geometry": {
        "type": "Point",
        "coordinates": [
          77.6328895046426,
          12.9723832240064
        ]
      }
    },
    {
      "type": "Feature",
      "properties": {
        "name": "K R Garden",
        "category": "named_flood_prone",
        "category_label": "Named flood-prone locality"
      },
      "geometry": {
        "type": "Point",
        "coordinates": [
          77.6561560190804,
          12.9540152394115
        ]
      }
    },
    {
      "type": "Feature",
      "properties": {
        "name": "Rudrappa Garden",
        "category": "named_flood_prone",
        "category_label": "Named flood-prone locality"
      },
      "geometry": {
        "type": "Point",
        "coordinates": [
          77.6179956694604,
          12.9599637430321
        ]
      }
    },
    {
      "type": "Feature",
      "properties": {
        "name": "TV tower-Jaymahal extension",
        "category": "named_flood_prone",
        "category_label": "Named flood-prone locality"
      },
      "geometry": {
        "type": "Point",
        "coordinates": [
          77.5919039680898,
          13.0080769194141
        ]
      }
    },
    {
      "type": "Feature",
      "properties": {
        "name": "hotel Chalukya Junction",
        "category": "named_flood_prone",
        "category_label": "Named flood-prone locality"
      },
      "geometry": {
        "type": "Point",
        "coordinates": [
          77.5881613485635,
          12.9844988501416
        ]
      }
    },
    {
      "type": "Feature",
      "properties": {
        "name": "Dommlur",
        "category": "named_flood_prone",
        "category_label": "Named flood-prone locality"
      },
      "geometry": {
        "type": "Point",
        "coordinates": [
          77.638739052261,
          12.9609332364794
        ]
      }
    },
    {
      "type": "Feature",
      "properties": {
        "name": "Ulsoor",
        "category": "named_flood_prone",
        "category_label": "Named flood-prone locality"
      },
      "geometry": {
        "type": "Point",
        "coordinates": [
          77.6239676660707,
          12.9819583642869
        ]
      }
    },
    {
      "type": "Feature",
      "properties": {
        "name": "DJ Halli",
        "category": "named_flood_prone",
        "category_label": "Named flood-prone locality"
      },
      "geometry": {
        "type": "Point",
        "coordinates": [
          77.6102881503737,
          13.0092675390655
        ]
      }
    },
    {
      "type": "Feature",
      "properties": {
        "name": "KR circle Underpass",
        "category": "named_flood_prone",
        "category_label": "Named flood-prone locality"
      },
      "geometry": {
        "type": "Point",
        "coordinates": [
          77.5873230437196,
          12.9754291432402
        ]
      }
    },
    {
      "type": "Feature",
      "properties": {
        "name": "Ashok Nagar\n,museum road",
        "category": "named_flood_prone",
        "category_label": "Named flood-prone locality"
      },
      "geometry": {
        "type": "Point",
        "coordinates": [
          77.6047966021774,
          12.9707756363863
        ]
      }
    },
    {
      "type": "Feature",
      "properties": {
        "name": "UB city  road",
        "category": "named_flood_prone",
        "category_label": "Named flood-prone locality"
      },
      "geometry": {
        "type": "Point",
        "coordinates": [
          77.596618073961,
          12.9713287895918
        ]
      }
    },
    {
      "type": "Feature",
      "properties": {
        "name": "New Thippasandra",
        "category": "named_flood_prone",
        "category_label": "Named flood-prone locality"
      },
      "geometry": {
        "type": "Point",
        "coordinates": [
          77.6541428920762,
          12.9720323148392
        ]
      }
    },
    {
      "type": "Feature",
      "properties": {
        "name": "Cox town",
        "category": "named_flood_prone",
        "category_label": "Named flood-prone locality"
      },
      "geometry": {
        "type": "Point",
        "coordinates": [
          77.6234084406428,
          12.9954416110413
        ]
      }
    },
    {
      "type": "Feature",
      "properties": {
        "name": "Thippasandra",
        "category": "named_flood_prone",
        "category_label": "Named flood-prone locality"
      },
      "geometry": {
        "type": "Point",
        "coordinates": [
          77.6468109190841,
          12.9737073498141
        ]
      }
    },
    {
      "type": "Feature",
      "properties": {
        "name": "Indiranagar 80ft road",
        "category": "named_flood_prone",
        "category_label": "Named flood-prone locality"
      },
      "geometry": {
        "type": "Point",
        "coordinates": [
          77.6477438290099,
          12.9688733328378
        ]
      }
    },
    {
      "type": "Feature",
      "properties": {
        "name": "Pulakeshinagara",
        "category": "named_flood_prone",
        "category_label": "Named flood-prone locality"
      },
      "geometry": {
        "type": "Point",
        "coordinates": [
          77.6099036344411,
          12.9968405532487
        ]
      }
    },
    {
      "type": "Feature",
      "properties": {
        "name": "Banaswadi",
        "category": "named_flood_prone",
        "category_label": "Named flood-prone locality"
      },
      "geometry": {
        "type": "Point",
        "coordinates": [
          77.6471286288786,
          13.0119037874296
        ]
      }
    },
    {
      "type": "Feature",
      "properties": {
        "name": "Sarjapur road",
        "category": "named_flood_prone",
        "category_label": "Named flood-prone locality"
      },
      "geometry": {
        "type": "Point",
        "coordinates": [
          77.4993792626398,
          13.0065860880774
        ]
      }
    },
    {
      "type": "Feature",
      "properties": {
        "name": "NGV to HSR Layout",
        "category": "named_flood_prone",
        "category_label": "Named flood-prone locality"
      },
      "geometry": {
        "type": "Point",
        "coordinates": [
          77.647667755358,
          12.9067696947654
        ]
      }
    },
    {
      "type": "Feature",
      "properties": {
        "name": "Kallena Agrahara in Arekere",
        "category": "named_flood_prone",
        "category_label": "Named flood-prone locality"
      },
      "geometry": {
        "type": "Point",
        "coordinates": [
          77.5935020858486,
          12.8709701779312
        ]
      }
    },
    {
      "type": "Feature",
      "properties": {
        "name": "RR Layout in Arekere & Hulimavu junction",
        "category": "named_flood_prone",
        "category_label": "Named flood-prone locality"
      },
      "geometry": {
        "type": "Point",
        "coordinates": [
          77.5965807107272,
          12.8842403779908
        ]
      }
    },
    {
      "type": "Feature",
      "properties": {
        "category": "vulnerable_unnamed",
        "category_label": "Vulnerable point (unnamed in source)"
      },
      "geometry": {
        "type": "Point",
        "coordinates": [
          77.5324350003062,
          12.867499000001
        ]
      }
    },
    {
      "type": "Feature",
      "properties": {
        "category": "vulnerable_unnamed",
        "category_label": "Vulnerable point (unnamed in source)"
      },
      "geometry": {
        "type": "Point",
        "coordinates": [
          77.5280829995545,
          12.8717750001904
        ]
      }
    },
    {
      "type": "Feature",
      "properties": {
        "category": "vulnerable_unnamed",
        "category_label": "Vulnerable point (unnamed in source)"
      },
      "geometry": {
        "type": "Point",
        "coordinates": [
          77.5426940003978,
          12.8777110000686
        ]
      }
    },
    {
      "type": "Feature",
      "properties": {
        "category": "vulnerable_unnamed",
        "category_label": "Vulnerable point (unnamed in source)"
      },
      "geometry": {
        "type": "Point",
        "coordinates": [
          77.5412729999903,
          12.877864999889
        ]
      }
    },
    {
      "type": "Feature",
      "properties": {
        "category": "vulnerable_unnamed",
        "category_label": "Vulnerable point (unnamed in source)"
      },
      "geometry": {
        "type": "Point",
        "coordinates": [
          77.6374179998471,
          12.8789069996308
        ]
      }
    },
    {
      "type": "Feature",
      "properties": {
        "category": "vulnerable_unnamed",
        "category_label": "Vulnerable point (unnamed in source)"
      },
      "geometry": {
        "type": "Point",
        "coordinates": [
          77.6040510003254,
          12.8799690003176
        ]
      }
    },
    {
      "type": "Feature",
      "properties": {
        "category": "vulnerable_unnamed",
        "category_label": "Vulnerable point (unnamed in source)"
      },
      "geometry": {
        "type": "Point",
        "coordinates": [
          77.6039869998664,
          12.8805180001676
        ]
      }
    },
    {
      "type": "Feature",
      "properties": {
        "category": "vulnerable_unnamed",
        "category_label": "Vulnerable point (unnamed in source)"
      },
      "geometry": {
        "type": "Point",
        "coordinates": [
          77.6044149998363,
          12.8805860001823
        ]
      }
    },
    {
      "type": "Feature",
      "properties": {
        "category": "vulnerable_unnamed",
        "category_label": "Vulnerable point (unnamed in source)"
      },
      "geometry": {
        "type": "Point",
        "coordinates": [
          77.608253000444,
          12.8817559999585
        ]
      }
    },
    {
      "type": "Feature",
      "properties": {
        "category": "vulnerable_unnamed",
        "category_label": "Vulnerable point (unnamed in source)"
      },
      "geometry": {
        "type": "Point",
        "coordinates": [
          77.6420749998582,
          12.8859370001465
        ]
      }
    },
    {
      "type": "Feature",
      "properties": {
        "category": "vulnerable_unnamed",
        "category_label": "Vulnerable point (unnamed in source)"
      },
      "geometry": {
        "type": "Point",
        "coordinates": [
          77.611508000245,
          12.8965700001818
        ]
      }
    },
    {
      "type": "Feature",
      "properties": {
        "category": "vulnerable_unnamed",
        "category_label": "Vulnerable point (unnamed in source)"
      },
      "geometry": {
        "type": "Point",
        "coordinates": [
          77.6929070003515,
          12.8978170003302
        ]
      }
    },
    {
      "type": "Feature",
      "properties": {
        "category": "vulnerable_unnamed",
        "category_label": "Vulnerable point (unnamed in source)"
      },
      "geometry": {
        "type": "Point",
        "coordinates": [
          77.6331209998401,
          12.9009220002675
        ]
      }
    },
    {
      "type": "Feature",
      "properties": {
        "category": "vulnerable_unnamed",
        "category_label": "Vulnerable point (unnamed in source)"
      },
      "geometry": {
        "type": "Point",
        "coordinates": [
          77.6314429996222,
          12.9013600001532
        ]
      }
    },
    {
      "type": "Feature",
      "properties": {
        "category": "vulnerable_unnamed",
        "category_label": "Vulnerable point (unnamed in source)"
      },
      "geometry": {
        "type": "Point",
        "coordinates": [
          77.6112620004318,
          12.9018859997625
        ]
      }
    },
    {
      "type": "Feature",
      "properties": {
        "category": "vulnerable_unnamed",
        "category_label": "Vulnerable point (unnamed in source)"
      },
      "geometry": {
        "type": "Point",
        "coordinates": [
          77.5988530001048,
          12.9033309997057
        ]
      }
    },
    {
      "type": "Feature",
      "properties": {
        "category": "vulnerable_unnamed",
        "category_label": "Vulnerable point (unnamed in source)"
      },
      "geometry": {
        "type": "Point",
        "coordinates": [
          77.6028070002702,
          12.9044550001162
        ]
      }
    },
    {
      "type": "Feature",
      "properties": {
        "category": "vulnerable_unnamed",
        "category_label": "Vulnerable point (unnamed in source)"
      },
      "geometry": {
        "type": "Point",
        "coordinates": [
          77.6267580001024,
          12.9047820003245
        ]
      }
    },
    {
      "type": "Feature",
      "properties": {
        "category": "vulnerable_unnamed",
        "category_label": "Vulnerable point (unnamed in source)"
      },
      "geometry": {
        "type": "Point",
        "coordinates": [
          77.6030360002863,
          12.9049030001327
        ]
      }
    },
    {
      "type": "Feature",
      "properties": {
        "category": "vulnerable_unnamed",
        "category_label": "Vulnerable point (unnamed in source)"
      },
      "geometry": {
        "type": "Point",
        "coordinates": [
          77.6449330003609,
          12.909073000038
        ]
      }
    },
    {
      "type": "Feature",
      "properties": {
        "category": "vulnerable_unnamed",
        "category_label": "Vulnerable point (unnamed in source)"
      },
      "geometry": {
        "type": "Point",
        "coordinates": [
          77.6415849997452,
          12.9093590002885
        ]
      }
    },
    {
      "type": "Feature",
      "properties": {
        "category": "vulnerable_unnamed",
        "category_label": "Vulnerable point (unnamed in source)"
      },
      "geometry": {
        "type": "Point",
        "coordinates": [
          77.5127089997889,
          12.9110659996409
        ]
      }
    },
    {
      "type": "Feature",
      "properties": {
        "category": "vulnerable_unnamed",
        "category_label": "Vulnerable point (unnamed in source)"
      },
      "geometry": {
        "type": "Point",
        "coordinates": [
          77.6324019996395,
          12.911655000009
        ]
      }
    },
    {
      "type": "Feature",
      "properties": {
        "category": "vulnerable_unnamed",
        "category_label": "Vulnerable point (unnamed in source)"
      },
      "geometry": {
        "type": "Point",
        "coordinates": [
          77.6324019996395,
          12.911655000009
        ]
      }
    },
    {
      "type": "Feature",
      "properties": {
        "category": "vulnerable_unnamed",
        "category_label": "Vulnerable point (unnamed in source)"
      },
      "geometry": {
        "type": "Point",
        "coordinates": [
          77.574917000122,
          12.9140560001083
        ]
      }
    },
    {
      "type": "Feature",
      "properties": {
        "category": "vulnerable_unnamed",
        "category_label": "Vulnerable point (unnamed in source)"
      },
      "geometry": {
        "type": "Point",
        "coordinates": [
          77.6167499995868,
          12.9157499999453
        ]
      }
    },
    {
      "type": "Feature",
      "properties": {
        "category": "vulnerable_unnamed",
        "category_label": "Vulnerable point (unnamed in source)"
      },
      "geometry": {
        "type": "Point",
        "coordinates": [
          77.5205070003507,
          12.9157930001939
        ]
      }
    },
    {
      "type": "Feature",
      "properties": {
        "category": "vulnerable_unnamed",
        "category_label": "Vulnerable point (unnamed in source)"
      },
      "geometry": {
        "type": "Point",
        "coordinates": [
          77.5225559997874,
          12.9164060001552
        ]
      }
    },
    {
      "type": "Feature",
      "properties": {
        "category": "vulnerable_unnamed",
        "category_label": "Vulnerable point (unnamed in source)"
      },
      "geometry": {
        "type": "Point",
        "coordinates": [
          77.5208829999744,
          12.9164329997018
        ]
      }
    },
    {
      "type": "Feature",
      "properties": {
        "category": "vulnerable_unnamed",
        "category_label": "Vulnerable point (unnamed in source)"
      },
      "geometry": {
        "type": "Point",
        "coordinates": [
          77.599888999588,
          12.9164720003761
        ]
      }
    },
    {
      "type": "Feature",
      "properties": {
        "category": "vulnerable_unnamed",
        "category_label": "Vulnerable point (unnamed in source)"
      },
      "geometry": {
        "type": "Point",
        "coordinates": [
          77.6227219995918,
          12.9171940003384
        ]
      }
    },
    {
      "type": "Feature",
      "properties": {
        "category": "vulnerable_unnamed",
        "category_label": "Vulnerable point (unnamed in source)"
      },
      "geometry": {
        "type": "Point",
        "coordinates": [
          77.5019910002475,
          12.918066999854
        ]
      }
    },
    {
      "type": "Feature",
      "properties": {
        "category": "vulnerable_unnamed",
        "category_label": "Vulnerable point (unnamed in source)"
      },
      "geometry": {
        "type": "Point",
        "coordinates": [
          77.6218890001268,
          12.9186389995745
        ]
      }
    },
    {
      "type": "Feature",
      "properties": {
        "category": "vulnerable_unnamed",
        "category_label": "Vulnerable point (unnamed in source)"
      },
      "geometry": {
        "type": "Point",
        "coordinates": [
          77.7324980001139,
          12.9210900003641
        ]
      }
    },
    {
      "type": "Feature",
      "properties": {
        "category": "vulnerable_unnamed",
        "category_label": "Vulnerable point (unnamed in source)"
      },
      "geometry": {
        "type": "Point",
        "coordinates": [
          77.5999439997024,
          12.9216939998662
        ]
      }
    },
    {
      "type": "Feature",
      "properties": {
        "category": "vulnerable_unnamed",
        "category_label": "Vulnerable point (unnamed in source)"
      },
      "geometry": {
        "type": "Point",
        "coordinates": [
          77.5114800003827,
          12.9222039999469
        ]
      }
    },
    {
      "type": "Feature",
      "properties": {
        "category": "vulnerable_unnamed",
        "category_label": "Vulnerable point (unnamed in source)"
      },
      "geometry": {
        "type": "Point",
        "coordinates": [
          77.5185219998343,
          12.9228170001818
        ]
      }
    },
    {
      "type": "Feature",
      "properties": {
        "category": "vulnerable_unnamed",
        "category_label": "Vulnerable point (unnamed in source)"
      },
      "geometry": {
        "type": "Point",
        "coordinates": [
          77.6004439997076,
          12.9230000002928
        ]
      }
    },
    {
      "type": "Feature",
      "properties": {
        "category": "vulnerable_unnamed",
        "category_label": "Vulnerable point (unnamed in source)"
      },
      "geometry": {
        "type": "Point",
        "coordinates": [
          77.5389369996774,
          12.9232390000653
        ]
      }
    },
    {
      "type": "Feature",
      "properties": {
        "category": "vulnerable_unnamed",
        "category_label": "Vulnerable point (unnamed in source)"
      },
      "geometry": {
        "type": "Point",
        "coordinates": [
          77.5050029996364,
          12.9234149999601
        ]
      }
    },
    {
      "type": "Feature",
      "properties": {
        "category": "vulnerable_unnamed",
        "category_label": "Vulnerable point (unnamed in source)"
      },
      "geometry": {
        "type": "Point",
        "coordinates": [
          77.5391330000573,
          12.9246960001373
        ]
      }
    },
    {
      "type": "Feature",
      "properties": {
        "category": "vulnerable_unnamed",
        "category_label": "Vulnerable point (unnamed in source)"
      },
      "geometry": {
        "type": "Point",
        "coordinates": [
          77.5215560001489,
          12.9248170004001
        ]
      }
    },
    {
      "type": "Feature",
      "properties": {
        "category": "vulnerable_unnamed",
        "category_label": "Vulnerable point (unnamed in source)"
      },
      "geometry": {
        "type": "Point",
        "coordinates": [
          77.6090279999762,
          12.9249439996397
        ]
      }
    },
    {
      "type": "Feature",
      "properties": {
        "category": "vulnerable_unnamed",
        "category_label": "Vulnerable point (unnamed in source)"
      },
      "geometry": {
        "type": "Point",
        "coordinates": [
          77.6781159995721,
          12.926463999968
        ]
      }
    },
    {
      "type": "Feature",
      "properties": {
        "category": "vulnerable_unnamed",
        "category_label": "Vulnerable point (unnamed in source)"
      },
      "geometry": {
        "type": "Point",
        "coordinates": [
          77.5203309995722,
          12.9285690002317
        ]
      }
    },
    {
      "type": "Feature",
      "properties": {
        "category": "vulnerable_unnamed",
        "category_label": "Vulnerable point (unnamed in source)"
      },
      "geometry": {
        "type": "Point",
        "coordinates": [
          77.7179079998361,
          12.9287960003197
        ]
      }
    },
    {
      "type": "Feature",
      "properties": {
        "category": "vulnerable_unnamed",
        "category_label": "Vulnerable point (unnamed in source)"
      },
      "geometry": {
        "type": "Point",
        "coordinates": [
          77.6010279998388,
          12.9302500000676
        ]
      }
    },
    {
      "type": "Feature",
      "properties": {
        "category": "vulnerable_unnamed",
        "category_label": "Vulnerable point (unnamed in source)"
      },
      "geometry": {
        "type": "Point",
        "coordinates": [
          77.5129919999065,
          12.9315919998495
        ]
      }
    },
    {
      "type": "Feature",
      "properties": {
        "category": "vulnerable_unnamed",
        "category_label": "Vulnerable point (unnamed in source)"
      },
      "geometry": {
        "type": "Point",
        "coordinates": [
          77.5939170002161,
          12.9319170000067
        ]
      }
    },
    {
      "type": "Feature",
      "properties": {
        "category": "vulnerable_unnamed",
        "category_label": "Vulnerable point (unnamed in source)"
      },
      "geometry": {
        "type": "Point",
        "coordinates": [
          77.5353230002493,
          12.9320229995686
        ]
      }
    },
    {
      "type": "Feature",
      "properties": {
        "category": "vulnerable_unnamed",
        "category_label": "Vulnerable point (unnamed in source)"
      },
      "geometry": {
        "type": "Point",
        "coordinates": [
          77.5168580003841,
          12.9327910000653
        ]
      }
    },
    {
      "type": "Feature",
      "properties": {
        "category": "vulnerable_unnamed",
        "category_label": "Vulnerable point (unnamed in source)"
      },
      "geometry": {
        "type": "Point",
        "coordinates": [
          77.5889720000425,
          12.9329440004321
        ]
      }
    },
    {
      "type": "Feature",
      "properties": {
        "category": "vulnerable_unnamed",
        "category_label": "Vulnerable point (unnamed in source)"
      },
      "geometry": {
        "type": "Point",
        "coordinates": [
          77.6303889996797,
          12.9338059995997
        ]
      }
    },
    {
      "type": "Feature",
      "properties": {
        "category": "vulnerable_unnamed",
        "category_label": "Vulnerable point (unnamed in source)"
      },
      "geometry": {
        "type": "Point",
        "coordinates": [
          77.6301390003163,
          12.9347220002171
        ]
      }
    },
    {
      "type": "Feature",
      "properties": {
        "category": "vulnerable_unnamed",
        "category_label": "Vulnerable point (unnamed in source)"
      },
      "geometry": {
        "type": "Point",
        "coordinates": [
          77.7050130001721,
          12.9363549996158
        ]
      }
    },
    {
      "type": "Feature",
      "properties": {
        "category": "vulnerable_unnamed",
        "category_label": "Vulnerable point (unnamed in source)"
      },
      "geometry": {
        "type": "Point",
        "coordinates": [
          77.6264169996428,
          12.9368889998067
        ]
      }
    },
    {
      "type": "Feature",
      "properties": {
        "category": "vulnerable_unnamed",
        "category_label": "Vulnerable point (unnamed in source)"
      },
      "geometry": {
        "type": "Point",
        "coordinates": [
          77.7468440000649,
          12.9380780003797
        ]
      }
    },
    {
      "type": "Feature",
      "properties": {
        "category": "vulnerable_unnamed",
        "category_label": "Vulnerable point (unnamed in source)"
      },
      "geometry": {
        "type": "Point",
        "coordinates": [
          77.6287500002291,
          12.9386389997591
        ]
      }
    },
    {
      "type": "Feature",
      "properties": {
        "category": "vulnerable_unnamed",
        "category_label": "Vulnerable point (unnamed in source)"
      },
      "geometry": {
        "type": "Point",
        "coordinates": [
          77.7231780003678,
          12.9389319999565
        ]
      }
    },
    {
      "type": "Feature",
      "properties": {
        "category": "vulnerable_unnamed",
        "category_label": "Vulnerable point (unnamed in source)"
      },
      "geometry": {
        "type": "Point",
        "coordinates": [
          77.4829419999122,
          12.9420450004498
        ]
      }
    },
    {
      "type": "Feature",
      "properties": {
        "category": "vulnerable_unnamed",
        "category_label": "Vulnerable point (unnamed in source)"
      },
      "geometry": {
        "type": "Point",
        "coordinates": [
          77.5814719998392,
          12.943583000005
        ]
      }
    },
    {
      "type": "Feature",
      "properties": {
        "category": "vulnerable_unnamed",
        "category_label": "Vulnerable point (unnamed in source)"
      },
      "geometry": {
        "type": "Point",
        "coordinates": [
          77.525586000155,
          12.944652999721
        ]
      }
    },
    {
      "type": "Feature",
      "properties": {
        "category": "vulnerable_unnamed",
        "category_label": "Vulnerable point (unnamed in source)"
      },
      "geometry": {
        "type": "Point",
        "coordinates": [
          77.5350700000603,
          12.9453019997598
        ]
      }
    },
    {
      "type": "Feature",
      "properties": {
        "category": "vulnerable_unnamed",
        "category_label": "Vulnerable point (unnamed in source)"
      },
      "geometry": {
        "type": "Point",
        "coordinates": [
          77.5289369997109,
          12.9454799999144
        ]
      }
    },
    {
      "type": "Feature",
      "properties": {
        "category": "vulnerable_unnamed",
        "category_label": "Vulnerable point (unnamed in source)"
      },
      "geometry": {
        "type": "Point",
        "coordinates": [
          77.5896389996749,
          12.9463060000123
        ]
      }
    },
    {
      "type": "Feature",
      "properties": {
        "category": "vulnerable_unnamed",
        "category_label": "Vulnerable point (unnamed in source)"
      },
      "geometry": {
        "type": "Point",
        "coordinates": [
          77.5633780004369,
          12.9472350000525
        ]
      }
    },
    {
      "type": "Feature",
      "properties": {
        "category": "vulnerable_unnamed",
        "category_label": "Vulnerable point (unnamed in source)"
      },
      "geometry": {
        "type": "Point",
        "coordinates": [
          77.5633749999135,
          12.9473279997002
        ]
      }
    },
    {
      "type": "Feature",
      "properties": {
        "category": "vulnerable_unnamed",
        "category_label": "Vulnerable point (unnamed in source)"
      },
      "geometry": {
        "type": "Point",
        "coordinates": [
          77.6191940003729,
          12.9478609998277
        ]
      }
    },
    {
      "type": "Feature",
      "properties": {
        "category": "vulnerable_unnamed",
        "category_label": "Vulnerable point (unnamed in source)"
      },
      "geometry": {
        "type": "Point",
        "coordinates": [
          77.4876939998255,
          12.9495949995645
        ]
      }
    },
    {
      "type": "Feature",
      "properties": {
        "category": "vulnerable_unnamed",
        "category_label": "Vulnerable point (unnamed in source)"
      },
      "geometry": {
        "type": "Point",
        "coordinates": [
          77.7006789995642,
          12.9499429997715
        ]
      }
    },
    {
      "type": "Feature",
      "properties": {
        "category": "vulnerable_unnamed",
        "category_label": "Vulnerable point (unnamed in source)"
      },
      "geometry": {
        "type": "Point",
        "coordinates": [
          77.6258889999632,
          12.9503890003974
        ]
      }
    },
    {
      "type": "Feature",
      "properties": {
        "category": "vulnerable_unnamed",
        "category_label": "Vulnerable point (unnamed in source)"
      },
      "geometry": {
        "type": "Point",
        "coordinates": [
          77.538597000007,
          12.9505679997939
        ]
      }
    },
    {
      "type": "Feature",
      "properties": {
        "category": "vulnerable_unnamed",
        "category_label": "Vulnerable point (unnamed in source)"
      },
      "geometry": {
        "type": "Point",
        "coordinates": [
          77.6056110001208,
          12.9509999995556
        ]
      }
    },
    {
      "type": "Feature",
      "properties": {
        "category": "vulnerable_unnamed",
        "category_label": "Vulnerable point (unnamed in source)"
      },
      "geometry": {
        "type": "Point",
        "coordinates": [
          77.5989999996095,
          12.9511669997171
        ]
      }
    },
    {
      "type": "Feature",
      "properties": {
        "category": "vulnerable_unnamed",
        "category_label": "Vulnerable point (unnamed in source)"
      },
      "geometry": {
        "type": "Point",
        "coordinates": [
          77.6059440001871,
          12.951944000318
        ]
      }
    },
    {
      "type": "Feature",
      "properties": {
        "category": "vulnerable_unnamed",
        "category_label": "Vulnerable point (unnamed in source)"
      },
      "geometry": {
        "type": "Point",
        "coordinates": [
          77.5968330003742,
          12.9529720003271
        ]
      }
    },
    {
      "type": "Feature",
      "properties": {
        "category": "vulnerable_unnamed",
        "category_label": "Vulnerable point (unnamed in source)"
      },
      "geometry": {
        "type": "Point",
        "coordinates": [
          77.5412530000206,
          12.9530350001226
        ]
      }
    },
    {
      "type": "Feature",
      "properties": {
        "category": "vulnerable_unnamed",
        "category_label": "Vulnerable point (unnamed in source)"
      },
      "geometry": {
        "type": "Point",
        "coordinates": [
          77.5742830002665,
          12.9537479997871
        ]
      }
    },
    {
      "type": "Feature",
      "properties": {
        "category": "vulnerable_unnamed",
        "category_label": "Vulnerable point (unnamed in source)"
      },
      "geometry": {
        "type": "Point",
        "coordinates": [
          77.6905489997383,
          12.9550209998133
        ]
      }
    },
    {
      "type": "Feature",
      "properties": {
        "category": "vulnerable_unnamed",
        "category_label": "Vulnerable point (unnamed in source)"
      },
      "geometry": {
        "type": "Point",
        "coordinates": [
          77.6490480004463,
          12.9556239996646
        ]
      }
    },
    {
      "type": "Feature",
      "properties": {
        "category": "vulnerable_unnamed",
        "category_label": "Vulnerable point (unnamed in source)"
      },
      "geometry": {
        "type": "Point",
        "coordinates": [
          77.7205450004042,
          12.9556519996609
        ]
      }
    },
    {
      "type": "Feature",
      "properties": {
        "category": "vulnerable_unnamed",
        "category_label": "Vulnerable point (unnamed in source)"
      },
      "geometry": {
        "type": "Point",
        "coordinates": [
          77.5970280003726,
          12.9561390000171
        ]
      }
    },
    {
      "type": "Feature",
      "properties": {
        "category": "vulnerable_unnamed",
        "category_label": "Vulnerable point (unnamed in source)"
      },
      "geometry": {
        "type": "Point",
        "coordinates": [
          77.7410439996623,
          12.9561819998388
        ]
      }
    },
    {
      "type": "Feature",
      "properties": {
        "category": "vulnerable_unnamed",
        "category_label": "Vulnerable point (unnamed in source)"
      },
      "geometry": {
        "type": "Point",
        "coordinates": [
          77.5425799995643,
          12.9563169999223
        ]
      }
    },
    {
      "type": "Feature",
      "properties": {
        "category": "vulnerable_unnamed",
        "category_label": "Vulnerable point (unnamed in source)"
      },
      "geometry": {
        "type": "Point",
        "coordinates": [
          77.7359389999681,
          12.9569400002218
        ]
      }
    },
    {
      "type": "Feature",
      "properties": {
        "category": "vulnerable_unnamed",
        "category_label": "Vulnerable point (unnamed in source)"
      },
      "geometry": {
        "type": "Point",
        "coordinates": [
          77.5620830002074,
          12.9570390000152
        ]
      }
    },
    {
      "type": "Feature",
      "properties": {
        "category": "vulnerable_unnamed",
        "category_label": "Vulnerable point (unnamed in source)"
      },
      "geometry": {
        "type": "Point",
        "coordinates": [
          77.5686809997419,
          12.957241999757
        ]
      }
    },
    {
      "type": "Feature",
      "properties": {
        "category": "vulnerable_unnamed",
        "category_label": "Vulnerable point (unnamed in source)"
      },
      "geometry": {
        "type": "Point",
        "coordinates": [
          77.5144290004146,
          12.9576869996214
        ]
      }
    },
    {
      "type": "Feature",
      "properties": {
        "category": "vulnerable_unnamed",
        "category_label": "Vulnerable point (unnamed in source)"
      },
      "geometry": {
        "type": "Point",
        "coordinates": [
          77.7449189996862,
          12.9584879997902
        ]
      }
    },
    {
      "type": "Feature",
      "properties": {
        "category": "vulnerable_unnamed",
        "category_label": "Vulnerable point (unnamed in source)"
      },
      "geometry": {
        "type": "Point",
        "coordinates": [
          77.5113029995796,
          12.9592619996094
        ]
      }
    },
    {
      "type": "Feature",
      "properties": {
        "category": "vulnerable_unnamed",
        "category_label": "Vulnerable point (unnamed in source)"
      },
      "geometry": {
        "type": "Point",
        "coordinates": [
          77.7080749997724,
          12.9598240002569
        ]
      }
    },
    {
      "type": "Feature",
      "properties": {
        "category": "vulnerable_unnamed",
        "category_label": "Vulnerable point (unnamed in source)"
      },
      "geometry": {
        "type": "Point",
        "coordinates": [
          77.6430559997718,
          12.96111100043
        ]
      }
    },
    {
      "type": "Feature",
      "properties": {
        "category": "vulnerable_unnamed",
        "category_label": "Vulnerable point (unnamed in source)"
      },
      "geometry": {
        "type": "Point",
        "coordinates": [
          77.582806000285,
          12.9621110002995
        ]
      }
    },
    {
      "type": "Feature",
      "properties": {
        "category": "vulnerable_unnamed",
        "category_label": "Vulnerable point (unnamed in source)"
      },
      "geometry": {
        "type": "Point",
        "coordinates": [
          77.4919100002234,
          12.9624099995629
        ]
      }
    },
    {
      "type": "Feature",
      "properties": {
        "category": "vulnerable_unnamed",
        "category_label": "Vulnerable point (unnamed in source)"
      },
      "geometry": {
        "type": "Point",
        "coordinates": [
          77.5839720004376,
          12.9624170000544
        ]
      }
    },
    {
      "type": "Feature",
      "properties": {
        "category": "vulnerable_unnamed",
        "category_label": "Vulnerable point (unnamed in source)"
      },
      "geometry": {
        "type": "Point",
        "coordinates": [
          77.5798060002524,
          12.9630000001948
        ]
      }
    },
    {
      "type": "Feature",
      "properties": {
        "category": "vulnerable_unnamed",
        "category_label": "Vulnerable point (unnamed in source)"
      },
      "geometry": {
        "type": "Point",
        "coordinates": [
          77.6146390004251,
          12.9637220001151
        ]
      }
    },
    {
      "type": "Feature",
      "properties": {
        "category": "vulnerable_unnamed",
        "category_label": "Vulnerable point (unnamed in source)"
      },
      "geometry": {
        "type": "Point",
        "coordinates": [
          77.5665249996156,
          12.9653170002783
        ]
      }
    },
    {
      "type": "Feature",
      "properties": {
        "category": "vulnerable_unnamed",
        "category_label": "Vulnerable point (unnamed in source)"
      },
      "geometry": {
        "type": "Point",
        "coordinates": [
          77.5665249996156,
          12.9653170002783
        ]
      }
    },
    {
      "type": "Feature",
      "properties": {
        "category": "vulnerable_unnamed",
        "category_label": "Vulnerable point (unnamed in source)"
      },
      "geometry": {
        "type": "Point",
        "coordinates": [
          77.517394000081,
          12.9657029995558
        ]
      }
    },
    {
      "type": "Feature",
      "properties": {
        "category": "vulnerable_unnamed",
        "category_label": "Vulnerable point (unnamed in source)"
      },
      "geometry": {
        "type": "Point",
        "coordinates": [
          77.5526190001116,
          12.9658829998577
        ]
      }
    },
    {
      "type": "Feature",
      "properties": {
        "category": "vulnerable_unnamed",
        "category_label": "Vulnerable point (unnamed in source)"
      },
      "geometry": {
        "type": "Point",
        "coordinates": [
          77.5174889995426,
          12.9659500000668
        ]
      }
    },
    {
      "type": "Feature",
      "properties": {
        "category": "vulnerable_unnamed",
        "category_label": "Vulnerable point (unnamed in source)"
      },
      "geometry": {
        "type": "Point",
        "coordinates": [
          77.6827779996137,
          12.9663889997484
        ]
      }
    },
    {
      "type": "Feature",
      "properties": {
        "category": "vulnerable_unnamed",
        "category_label": "Vulnerable point (unnamed in source)"
      },
      "geometry": {
        "type": "Point",
        "coordinates": [
          77.5496969995646,
          12.9684050002546
        ]
      }
    },
    {
      "type": "Feature",
      "properties": {
        "category": "vulnerable_unnamed",
        "category_label": "Vulnerable point (unnamed in source)"
      },
      "geometry": {
        "type": "Point",
        "coordinates": [
          77.6921780002252,
          12.969065999681
        ]
      }
    },
    {
      "type": "Feature",
      "properties": {
        "category": "vulnerable_unnamed",
        "category_label": "Vulnerable point (unnamed in source)"
      },
      "geometry": {
        "type": "Point",
        "coordinates": [
          77.7366859995484,
          12.9692999997563
        ]
      }
    },
    {
      "type": "Feature",
      "properties": {
        "category": "vulnerable_unnamed",
        "category_label": "Vulnerable point (unnamed in source)"
      },
      "geometry": {
        "type": "Point",
        "coordinates": [
          77.609667000206,
          12.9706109999042
        ]
      }
    },
    {
      "type": "Feature",
      "properties": {
        "category": "vulnerable_unnamed",
        "category_label": "Vulnerable point (unnamed in source)"
      },
      "geometry": {
        "type": "Point",
        "coordinates": [
          77.6336109997223,
          12.9708330001648
        ]
      }
    },
    {
      "type": "Feature",
      "properties": {
        "category": "vulnerable_unnamed",
        "category_label": "Vulnerable point (unnamed in source)"
      },
      "geometry": {
        "type": "Point",
        "coordinates": [
          77.5186560004364,
          12.9711689997559
        ]
      }
    },
    {
      "type": "Feature",
      "properties": {
        "category": "vulnerable_unnamed",
        "category_label": "Vulnerable point (unnamed in source)"
      },
      "geometry": {
        "type": "Point",
        "coordinates": [
          77.6333329999603,
          12.9716670001861
        ]
      }
    },
    {
      "type": "Feature",
      "properties": {
        "category": "vulnerable_unnamed",
        "category_label": "Vulnerable point (unnamed in source)"
      },
      "geometry": {
        "type": "Point",
        "coordinates": [
          77.5541089999492,
          12.9722480000324
        ]
      }
    },
    {
      "type": "Feature",
      "properties": {
        "category": "vulnerable_unnamed",
        "category_label": "Vulnerable point (unnamed in source)"
      },
      "geometry": {
        "type": "Point",
        "coordinates": [
          77.5628830003884,
          12.972618999646
        ]
      }
    },
    {
      "type": "Feature",
      "properties": {
        "category": "vulnerable_unnamed",
        "category_label": "Vulnerable point (unnamed in source)"
      },
      "geometry": {
        "type": "Point",
        "coordinates": [
          77.5466510000851,
          12.9737299998207
        ]
      }
    },
    {
      "type": "Feature",
      "properties": {
        "category": "vulnerable_unnamed",
        "category_label": "Vulnerable point (unnamed in source)"
      },
      "geometry": {
        "type": "Point",
        "coordinates": [
          77.5604169997079,
          12.9752170001849
        ]
      }
    },
    {
      "type": "Feature",
      "properties": {
        "category": "vulnerable_unnamed",
        "category_label": "Vulnerable point (unnamed in source)"
      },
      "geometry": {
        "type": "Point",
        "coordinates": [
          77.5604169997079,
          12.9752170001849
        ]
      }
    },
    {
      "type": "Feature",
      "properties": {
        "category": "vulnerable_unnamed",
        "category_label": "Vulnerable point (unnamed in source)"
      },
      "geometry": {
        "type": "Point",
        "coordinates": [
          77.5627040001008,
          12.9756190003332
        ]
      }
    },
    {
      "type": "Feature",
      "properties": {
        "category": "vulnerable_unnamed",
        "category_label": "Vulnerable point (unnamed in source)"
      },
      "geometry": {
        "type": "Point",
        "coordinates": [
          77.5673469998796,
          12.9765969995814
        ]
      }
    },
    {
      "type": "Feature",
      "properties": {
        "category": "vulnerable_unnamed",
        "category_label": "Vulnerable point (unnamed in source)"
      },
      "geometry": {
        "type": "Point",
        "coordinates": [
          77.6272219997728,
          12.9783330001697
        ]
      }
    },
    {
      "type": "Feature",
      "properties": {
        "category": "vulnerable_unnamed",
        "category_label": "Vulnerable point (unnamed in source)"
      },
      "geometry": {
        "type": "Point",
        "coordinates": [
          77.7337530001081,
          12.9788889998589
        ]
      }
    },
    {
      "type": "Feature",
      "properties": {
        "category": "vulnerable_unnamed",
        "category_label": "Vulnerable point (unnamed in source)"
      },
      "geometry": {
        "type": "Point",
        "coordinates": [
          77.5697720002867,
          12.9799999996435
        ]
      }
    },
    {
      "type": "Feature",
      "properties": {
        "category": "vulnerable_unnamed",
        "category_label": "Vulnerable point (unnamed in source)"
      },
      "geometry": {
        "type": "Point",
        "coordinates": [
          77.5655249998615,
          12.9834499997698
        ]
      }
    },
    {
      "type": "Feature",
      "properties": {
        "category": "vulnerable_unnamed",
        "category_label": "Vulnerable point (unnamed in source)"
      },
      "geometry": {
        "type": "Point",
        "coordinates": [
          77.5460639998798,
          12.9841170002625
        ]
      }
    },
    {
      "type": "Feature",
      "properties": {
        "category": "vulnerable_unnamed",
        "category_label": "Vulnerable point (unnamed in source)"
      },
      "geometry": {
        "type": "Point",
        "coordinates": [
          77.6041670001918,
          12.9863889998184
        ]
      }
    },
    {
      "type": "Feature",
      "properties": {
        "category": "vulnerable_unnamed",
        "category_label": "Vulnerable point (unnamed in source)"
      },
      "geometry": {
        "type": "Point",
        "coordinates": [
          77.6102780001299,
          12.9863890001152
        ]
      }
    },
    {
      "type": "Feature",
      "properties": {
        "category": "vulnerable_unnamed",
        "category_label": "Vulnerable point (unnamed in source)"
      },
      "geometry": {
        "type": "Point",
        "coordinates": [
          77.4895020004309,
          12.9870139997285
        ]
      }
    },
    {
      "type": "Feature",
      "properties": {
        "category": "vulnerable_unnamed",
        "category_label": "Vulnerable point (unnamed in source)"
      },
      "geometry": {
        "type": "Point",
        "coordinates": [
          77.5592970002844,
          12.987563999594
        ]
      }
    },
    {
      "type": "Feature",
      "properties": {
        "category": "vulnerable_unnamed",
        "category_label": "Vulnerable point (unnamed in source)"
      },
      "geometry": {
        "type": "Point",
        "coordinates": [
          77.6902780000745,
          12.9888890003729
        ]
      }
    },
    {
      "type": "Feature",
      "properties": {
        "category": "vulnerable_unnamed",
        "category_label": "Vulnerable point (unnamed in source)"
      },
      "geometry": {
        "type": "Point",
        "coordinates": [
          77.6683329996398,
          12.990277999831
        ]
      }
    },
    {
      "type": "Feature",
      "properties": {
        "category": "vulnerable_unnamed",
        "category_label": "Vulnerable point (unnamed in source)"
      },
      "geometry": {
        "type": "Point",
        "coordinates": [
          77.5440499997635,
          12.990871999651
        ]
      }
    },
    {
      "type": "Feature",
      "properties": {
        "category": "vulnerable_unnamed",
        "category_label": "Vulnerable point (unnamed in source)"
      },
      "geometry": {
        "type": "Point",
        "coordinates": [
          77.5214369999444,
          12.9912430000379
        ]
      }
    },
    {
      "type": "Feature",
      "properties": {
        "category": "vulnerable_unnamed",
        "category_label": "Vulnerable point (unnamed in source)"
      },
      "geometry": {
        "type": "Point",
        "coordinates": [
          77.5705640000386,
          12.9913279999354
        ]
      }
    },
    {
      "type": "Feature",
      "properties": {
        "category": "vulnerable_unnamed",
        "category_label": "Vulnerable point (unnamed in source)"
      },
      "geometry": {
        "type": "Point",
        "coordinates": [
          77.7181370002738,
          12.9920149996462
        ]
      }
    },
    {
      "type": "Feature",
      "properties": {
        "category": "vulnerable_unnamed",
        "category_label": "Vulnerable point (unnamed in source)"
      },
      "geometry": {
        "type": "Point",
        "coordinates": [
          77.557166999634,
          12.9934829997549
        ]
      }
    },
    {
      "type": "Feature",
      "properties": {
        "category": "vulnerable_unnamed",
        "category_label": "Vulnerable point (unnamed in source)"
      },
      "geometry": {
        "type": "Point",
        "coordinates": [
          77.6588889998819,
          12.9947220001824
        ]
      }
    },
    {
      "type": "Feature",
      "properties": {
        "category": "vulnerable_unnamed",
        "category_label": "Vulnerable point (unnamed in source)"
      },
      "geometry": {
        "type": "Point",
        "coordinates": [
          77.6928709998418,
          12.9949200004422
        ]
      }
    },
    {
      "type": "Feature",
      "properties": {
        "category": "vulnerable_unnamed",
        "category_label": "Vulnerable point (unnamed in source)"
      },
      "geometry": {
        "type": "Point",
        "coordinates": [
          77.5733829999703,
          12.9960140000966
        ]
      }
    },
    {
      "type": "Feature",
      "properties": {
        "category": "vulnerable_unnamed",
        "category_label": "Vulnerable point (unnamed in source)"
      },
      "geometry": {
        "type": "Point",
        "coordinates": [
          77.4881040000855,
          12.9964130000207
        ]
      }
    },
    {
      "type": "Feature",
      "properties": {
        "category": "vulnerable_unnamed",
        "category_label": "Vulnerable point (unnamed in source)"
      },
      "geometry": {
        "type": "Point",
        "coordinates": [
          77.5780420000429,
          12.9974140000488
        ]
      }
    },
    {
      "type": "Feature",
      "properties": {
        "category": "vulnerable_unnamed",
        "category_label": "Vulnerable point (unnamed in source)"
      },
      "geometry": {
        "type": "Point",
        "coordinates": [
          77.5731080003203,
          12.9976689998968
        ]
      }
    },
    {
      "type": "Feature",
      "properties": {
        "category": "vulnerable_unnamed",
        "category_label": "Vulnerable point (unnamed in source)"
      },
      "geometry": {
        "type": "Point",
        "coordinates": [
          77.5167400001607,
          12.998219999936
        ]
      }
    },
    {
      "type": "Feature",
      "properties": {
        "category": "vulnerable_unnamed",
        "category_label": "Vulnerable point (unnamed in source)"
      },
      "geometry": {
        "type": "Point",
        "coordinates": [
          77.5278780003759,
          13.0010000003161
        ]
      }
    },
    {
      "type": "Feature",
      "properties": {
        "category": "vulnerable_unnamed",
        "category_label": "Vulnerable point (unnamed in source)"
      },
      "geometry": {
        "type": "Point",
        "coordinates": [
          77.5164540000044,
          13.0015319999151
        ]
      }
    },
    {
      "type": "Feature",
      "properties": {
        "category": "vulnerable_unnamed",
        "category_label": "Vulnerable point (unnamed in source)"
      },
      "geometry": {
        "type": "Point",
        "coordinates": [
          77.5325529996695,
          13.0017559998102
        ]
      }
    },
    {
      "type": "Feature",
      "properties": {
        "category": "vulnerable_unnamed",
        "category_label": "Vulnerable point (unnamed in source)"
      },
      "geometry": {
        "type": "Point",
        "coordinates": [
          77.5636110003156,
          13.0033059997124
        ]
      }
    },
    {
      "type": "Feature",
      "properties": {
        "category": "vulnerable_unnamed",
        "category_label": "Vulnerable point (unnamed in source)"
      },
      "geometry": {
        "type": "Point",
        "coordinates": [
          77.5290469997468,
          13.0035669996389
        ]
      }
    },
    {
      "type": "Feature",
      "properties": {
        "category": "vulnerable_unnamed",
        "category_label": "Vulnerable point (unnamed in source)"
      },
      "geometry": {
        "type": "Point",
        "coordinates": [
          77.5294920002743,
          13.0041169998666
        ]
      }
    },
    {
      "type": "Feature",
      "properties": {
        "category": "vulnerable_unnamed",
        "category_label": "Vulnerable point (unnamed in source)"
      },
      "geometry": {
        "type": "Point",
        "coordinates": [
          77.5293170001005,
          13.0041750002618
        ]
      }
    },
    {
      "type": "Feature",
      "properties": {
        "category": "vulnerable_unnamed",
        "category_label": "Vulnerable point (unnamed in source)"
      },
      "geometry": {
        "type": "Point",
        "coordinates": [
          77.5290939999229,
          13.0044060003846
        ]
      }
    },
    {
      "type": "Feature",
      "properties": {
        "category": "vulnerable_unnamed",
        "category_label": "Vulnerable point (unnamed in source)"
      },
      "geometry": {
        "type": "Point",
        "coordinates": [
          77.5300419997567,
          13.0058639995654
        ]
      }
    },
    {
      "type": "Feature",
      "properties": {
        "category": "vulnerable_unnamed",
        "category_label": "Vulnerable point (unnamed in source)"
      },
      "geometry": {
        "type": "Point",
        "coordinates": [
          77.6722220004205,
          13.0066670000632
        ]
      }
    },
    {
      "type": "Feature",
      "properties": {
        "category": "vulnerable_unnamed",
        "category_label": "Vulnerable point (unnamed in source)"
      },
      "geometry": {
        "type": "Point",
        "coordinates": [
          77.6963890001064,
          13.0066669998917
        ]
      }
    },
    {
      "type": "Feature",
      "properties": {
        "category": "vulnerable_unnamed",
        "category_label": "Vulnerable point (unnamed in source)"
      },
      "geometry": {
        "type": "Point",
        "coordinates": [
          77.6369440003274,
          13.0088889996928
        ]
      }
    },
    {
      "type": "Feature",
      "properties": {
        "category": "vulnerable_unnamed",
        "category_label": "Vulnerable point (unnamed in source)"
      },
      "geometry": {
        "type": "Point",
        "coordinates": [
          77.5355280001312,
          13.0095110001703
        ]
      }
    },
    {
      "type": "Feature",
      "properties": {
        "category": "vulnerable_unnamed",
        "category_label": "Vulnerable point (unnamed in source)"
      },
      "geometry": {
        "type": "Point",
        "coordinates": [
          77.5355280001312,
          13.0095110001703
        ]
      }
    },
    {
      "type": "Feature",
      "properties": {
        "category": "vulnerable_unnamed",
        "category_label": "Vulnerable point (unnamed in source)"
      },
      "geometry": {
        "type": "Point",
        "coordinates": [
          77.5355280001312,
          13.0095110001703
        ]
      }
    },
    {
      "type": "Feature",
      "properties": {
        "category": "vulnerable_unnamed",
        "category_label": "Vulnerable point (unnamed in source)"
      },
      "geometry": {
        "type": "Point",
        "coordinates": [
          77.6802779998802,
          13.0105559999868
        ]
      }
    },
    {
      "type": "Feature",
      "properties": {
        "category": "vulnerable_unnamed",
        "category_label": "Vulnerable point (unnamed in source)"
      },
      "geometry": {
        "type": "Point",
        "coordinates": [
          77.6813890003321,
          13.0108329998322
        ]
      }
    },
    {
      "type": "Feature",
      "properties": {
        "category": "vulnerable_unnamed",
        "category_label": "Vulnerable point (unnamed in source)"
      },
      "geometry": {
        "type": "Point",
        "coordinates": [
          77.5280640003205,
          13.0109529999659
        ]
      }
    },
    {
      "type": "Feature",
      "properties": {
        "category": "vulnerable_unnamed",
        "category_label": "Vulnerable point (unnamed in source)"
      },
      "geometry": {
        "type": "Point",
        "coordinates": [
          77.6791670000031,
          13.0113890001174
        ]
      }
    },
    {
      "type": "Feature",
      "properties": {
        "category": "vulnerable_unnamed",
        "category_label": "Vulnerable point (unnamed in source)"
      },
      "geometry": {
        "type": "Point",
        "coordinates": [
          77.5117799998828,
          13.0126399999882
        ]
      }
    },
    {
      "type": "Feature",
      "properties": {
        "category": "vulnerable_unnamed",
        "category_label": "Vulnerable point (unnamed in source)"
      },
      "geometry": {
        "type": "Point",
        "coordinates": [
          77.6788889999928,
          13.0127779998621
        ]
      }
    },
    {
      "type": "Feature",
      "properties": {
        "category": "vulnerable_unnamed",
        "category_label": "Vulnerable point (unnamed in source)"
      },
      "geometry": {
        "type": "Point",
        "coordinates": [
          77.5613889997101,
          13.0128949999045
        ]
      }
    },
    {
      "type": "Feature",
      "properties": {
        "category": "vulnerable_unnamed",
        "category_label": "Vulnerable point (unnamed in source)"
      },
      "geometry": {
        "type": "Point",
        "coordinates": [
          77.6655560003485,
          13.0186110004055
        ]
      }
    },
    {
      "type": "Feature",
      "properties": {
        "category": "vulnerable_unnamed",
        "category_label": "Vulnerable point (unnamed in source)"
      },
      "geometry": {
        "type": "Point",
        "coordinates": [
          77.6347219997556,
          13.0188889999146
        ]
      }
    },
    {
      "type": "Feature",
      "properties": {
        "category": "vulnerable_unnamed",
        "category_label": "Vulnerable point (unnamed in source)"
      },
      "geometry": {
        "type": "Point",
        "coordinates": [
          77.5824999999099,
          13.0247220002418
        ]
      }
    },
    {
      "type": "Feature",
      "properties": {
        "category": "vulnerable_unnamed",
        "category_label": "Vulnerable point (unnamed in source)"
      },
      "geometry": {
        "type": "Point",
        "coordinates": [
          77.5846359999877,
          13.0297769996971
        ]
      }
    },
    {
      "type": "Feature",
      "properties": {
        "category": "vulnerable_unnamed",
        "category_label": "Vulnerable point (unnamed in source)"
      },
      "geometry": {
        "type": "Point",
        "coordinates": [
          77.5201420002763,
          13.0330969996944
        ]
      }
    },
    {
      "type": "Feature",
      "properties": {
        "category": "vulnerable_unnamed",
        "category_label": "Vulnerable point (unnamed in source)"
      },
      "geometry": {
        "type": "Point",
        "coordinates": [
          77.4905820000948,
          13.033173000101
        ]
      }
    },
    {
      "type": "Feature",
      "properties": {
        "category": "vulnerable_unnamed",
        "category_label": "Vulnerable point (unnamed in source)"
      },
      "geometry": {
        "type": "Point",
        "coordinates": [
          77.5902780004546,
          13.0333329999155
        ]
      }
    },
    {
      "type": "Feature",
      "properties": {
        "category": "vulnerable_unnamed",
        "category_label": "Vulnerable point (unnamed in source)"
      },
      "geometry": {
        "type": "Point",
        "coordinates": [
          77.6002779999901,
          13.0333329997996
        ]
      }
    },
    {
      "type": "Feature",
      "properties": {
        "category": "vulnerable_unnamed",
        "category_label": "Vulnerable point (unnamed in source)"
      },
      "geometry": {
        "type": "Point",
        "coordinates": [
          77.5972219997212,
          13.0355560000782
        ]
      }
    },
    {
      "type": "Feature",
      "properties": {
        "category": "vulnerable_unnamed",
        "category_label": "Vulnerable point (unnamed in source)"
      },
      "geometry": {
        "type": "Point",
        "coordinates": [
          77.6811109998455,
          13.0366669997307
        ]
      }
    },
    {
      "type": "Feature",
      "properties": {
        "category": "vulnerable_unnamed",
        "category_label": "Vulnerable point (unnamed in source)"
      },
      "geometry": {
        "type": "Point",
        "coordinates": [
          77.4871170004473,
          13.0366980002346
        ]
      }
    },
    {
      "type": "Feature",
      "properties": {
        "category": "vulnerable_unnamed",
        "category_label": "Vulnerable point (unnamed in source)"
      },
      "geometry": {
        "type": "Point",
        "coordinates": [
          77.55670599993,
          13.0367360000285
        ]
      }
    },
    {
      "type": "Feature",
      "properties": {
        "category": "vulnerable_unnamed",
        "category_label": "Vulnerable point (unnamed in source)"
      },
      "geometry": {
        "type": "Point",
        "coordinates": [
          77.6380559998534,
          13.0391669999123
        ]
      }
    },
    {
      "type": "Feature",
      "properties": {
        "category": "vulnerable_unnamed",
        "category_label": "Vulnerable point (unnamed in source)"
      },
      "geometry": {
        "type": "Point",
        "coordinates": [
          77.5199260002574,
          13.0397289999055
        ]
      }
    },
    {
      "type": "Feature",
      "properties": {
        "category": "vulnerable_unnamed",
        "category_label": "Vulnerable point (unnamed in source)"
      },
      "geometry": {
        "type": "Point",
        "coordinates": [
          77.61222199988,
          13.0411110003888
        ]
      }
    },
    {
      "type": "Feature",
      "properties": {
        "category": "vulnerable_unnamed",
        "category_label": "Vulnerable point (unnamed in source)"
      },
      "geometry": {
        "type": "Point",
        "coordinates": [
          77.4780799999728,
          13.0413700000185
        ]
      }
    },
    {
      "type": "Feature",
      "properties": {
        "category": "vulnerable_unnamed",
        "category_label": "Vulnerable point (unnamed in source)"
      },
      "geometry": {
        "type": "Point",
        "coordinates": [
          77.6155559996975,
          13.0424999996035
        ]
      }
    },
    {
      "type": "Feature",
      "properties": {
        "category": "vulnerable_unnamed",
        "category_label": "Vulnerable point (unnamed in source)"
      },
      "geometry": {
        "type": "Point",
        "coordinates": [
          77.5913889998385,
          13.0425000003776
        ]
      }
    },
    {
      "type": "Feature",
      "properties": {
        "category": "vulnerable_unnamed",
        "category_label": "Vulnerable point (unnamed in source)"
      },
      "geometry": {
        "type": "Point",
        "coordinates": [
          77.6447219998583,
          13.0427780001412
        ]
      }
    },
    {
      "type": "Feature",
      "properties": {
        "category": "vulnerable_unnamed",
        "category_label": "Vulnerable point (unnamed in source)"
      },
      "geometry": {
        "type": "Point",
        "coordinates": [
          77.5988889997057,
          13.0430560002637
        ]
      }
    },
    {
      "type": "Feature",
      "properties": {
        "category": "vulnerable_unnamed",
        "category_label": "Vulnerable point (unnamed in source)"
      },
      "geometry": {
        "type": "Point",
        "coordinates": [
          77.6280559999516,
          13.0436110002171
        ]
      }
    },
    {
      "type": "Feature",
      "properties": {
        "category": "vulnerable_unnamed",
        "category_label": "Vulnerable point (unnamed in source)"
      },
      "geometry": {
        "type": "Point",
        "coordinates": [
          77.6002780002857,
          13.0436109999325
        ]
      }
    },
    {
      "type": "Feature",
      "properties": {
        "category": "vulnerable_unnamed",
        "category_label": "Vulnerable point (unnamed in source)"
      },
      "geometry": {
        "type": "Point",
        "coordinates": [
          77.5708330003102,
          13.0466670000846
        ]
      }
    },
    {
      "type": "Feature",
      "properties": {
        "category": "vulnerable_unnamed",
        "category_label": "Vulnerable point (unnamed in source)"
      },
      "geometry": {
        "type": "Point",
        "coordinates": [
          77.500740000131,
          13.0468099997455
        ]
      }
    },
    {
      "type": "Feature",
      "properties": {
        "category": "vulnerable_unnamed",
        "category_label": "Vulnerable point (unnamed in source)"
      },
      "geometry": {
        "type": "Point",
        "coordinates": [
          77.6236110002089,
          13.0472219998923
        ]
      }
    },
    {
      "type": "Feature",
      "properties": {
        "category": "vulnerable_unnamed",
        "category_label": "Vulnerable point (unnamed in source)"
      },
      "geometry": {
        "type": "Point",
        "coordinates": [
          77.5933330000545,
          13.0472220002583
        ]
      }
    },
    {
      "type": "Feature",
      "properties": {
        "category": "vulnerable_unnamed",
        "category_label": "Vulnerable point (unnamed in source)"
      },
      "geometry": {
        "type": "Point",
        "coordinates": [
          77.5716669996158,
          13.0550000002269
        ]
      }
    },
    {
      "type": "Feature",
      "properties": {
        "category": "vulnerable_unnamed",
        "category_label": "Vulnerable point (unnamed in source)"
      },
      "geometry": {
        "type": "Point",
        "coordinates": [
          77.6147219998168,
          13.0577779997751
        ]
      }
    },
    {
      "type": "Feature",
      "properties": {
        "category": "vulnerable_unnamed",
        "category_label": "Vulnerable point (unnamed in source)"
      },
      "geometry": {
        "type": "Point",
        "coordinates": [
          77.5117799995436,
          13.0606799996662
        ]
      }
    },
    {
      "type": "Feature",
      "properties": {
        "category": "vulnerable_unnamed",
        "category_label": "Vulnerable point (unnamed in source)"
      },
      "geometry": {
        "type": "Point",
        "coordinates": [
          77.5011599998644,
          13.0608700000336
        ]
      }
    },
    {
      "type": "Feature",
      "properties": {
        "category": "vulnerable_unnamed",
        "category_label": "Vulnerable point (unnamed in source)"
      },
      "geometry": {
        "type": "Point",
        "coordinates": [
          77.5347100003529,
          13.0640699996863
        ]
      }
    },
    {
      "type": "Feature",
      "properties": {
        "category": "vulnerable_unnamed",
        "category_label": "Vulnerable point (unnamed in source)"
      },
      "geometry": {
        "type": "Point",
        "coordinates": [
          77.5117800000453,
          13.0663400000601
        ]
      }
    },
    {
      "type": "Feature",
      "properties": {
        "category": "vulnerable_unnamed",
        "category_label": "Vulnerable point (unnamed in source)"
      },
      "geometry": {
        "type": "Point",
        "coordinates": [
          77.5006499998342,
          13.0672400001178
        ]
      }
    },
    {
      "type": "Feature",
      "properties": {
        "category": "vulnerable_unnamed",
        "category_label": "Vulnerable point (unnamed in source)"
      },
      "geometry": {
        "type": "Point",
        "coordinates": [
          77.5006499998342,
          13.0672400001178
        ]
      }
    },
    {
      "type": "Feature",
      "properties": {
        "category": "vulnerable_unnamed",
        "category_label": "Vulnerable point (unnamed in source)"
      },
      "geometry": {
        "type": "Point",
        "coordinates": [
          77.5627780001287,
          13.0691669998851
        ]
      }
    },
    {
      "type": "Feature",
      "properties": {
        "category": "vulnerable_unnamed",
        "category_label": "Vulnerable point (unnamed in source)"
      },
      "geometry": {
        "type": "Point",
        "coordinates": [
          77.5936109999906,
          13.0925000001134
        ]
      }
    },
    {
      "type": "Feature",
      "properties": {
        "category": "vulnerable_unnamed",
        "category_label": "Vulnerable point (unnamed in source)"
      },
      "geometry": {
        "type": "Point",
        "coordinates": [
          77.6011110002963,
          13.1030559999236
        ]
      }
    },
    {
      "type": "Feature",
      "properties": {
        "category": "vulnerable_unnamed",
        "category_label": "Vulnerable point (unnamed in source)"
      },
      "geometry": {
        "type": "Point",
        "coordinates": [
          77.5933329998893,
          13.1102779998028
        ]
      }
    },
    {
      "type": "Feature",
      "properties": {
        "name": "Gurudarshan Layout,Near Doddabommasandra",
        "category": "named_low_lying",
        "category_label": "Named low-lying area"
      },
      "geometry": {
        "type": "Point",
        "coordinates": [
          77.5593241390377,
          13.0715371271425
        ]
      }
    },
    {
      "type": "Feature",
      "properties": {
        "name": "Devi Nagara",
        "category": "named_low_lying",
        "category_label": "Named low-lying area"
      },
      "geometry": {
        "type": "Point",
        "coordinates": [
          77.5730246337936,
          13.0520729036575
        ]
      }
    },
    {
      "type": "Feature",
      "properties": {
        "name": "JRD Tata Nagar",
        "category": "named_low_lying",
        "category_label": "Named low-lying area"
      },
      "geometry": {
        "type": "Point",
        "coordinates": [
          77.573363637155,
          13.0552790788261
        ]
      }
    },
    {
      "type": "Feature",
      "properties": {
        "name": "Bhadrappa Layout, Nagashettihalli",
        "category": "named_low_lying",
        "category_label": "Named low-lying area"
      },
      "geometry": {
        "type": "Point",
        "coordinates": [
          77.5739608091609,
          13.0486685553505
        ]
      }
    },
    {
      "type": "Feature",
      "properties": {
        "name": "Someshwara Nagar",
        "category": "named_low_lying",
        "category_label": "Named low-lying area"
      },
      "geometry": {
        "type": "Point",
        "coordinates": [
          77.5792967997007,
          13.0923268027641
        ]
      }
    },
    {
      "type": "Feature",
      "properties": {
        "name": "EWS working colony 3rd stage",
        "category": "named_low_lying",
        "category_label": "Named low-lying area"
      },
      "geometry": {
        "type": "Point",
        "coordinates": [
          77.5824405738244,
          13.0935430976927
        ]
      }
    },
    {
      "type": "Feature",
      "properties": {
        "name": "Attur, Near Dairy Circle",
        "category": "named_low_lying",
        "category_label": "Named low-lying area"
      },
      "geometry": {
        "type": "Point",
        "coordinates": [
          77.5689946485051,
          13.107284706071
        ]
      }
    },
    {
      "type": "Feature",
      "properties": {
        "name": "Balaji Layout, Near Tata Nagar",
        "category": "named_low_lying",
        "category_label": "Named low-lying area"
      },
      "geometry": {
        "type": "Point",
        "coordinates": [
          77.576471832231,
          13.05400991038
        ]
      }
    },
    {
      "type": "Feature",
      "properties": {
        "name": "Shankrappa Layout,MAruthi nagar",
        "category": "named_low_lying",
        "category_label": "Named low-lying area"
      },
      "geometry": {
        "type": "Point",
        "coordinates": [
          77.6051141303453,
          13.1036621250704
        ]
      }
    },
    {
      "type": "Feature",
      "properties": {
        "name": "Kempapura",
        "category": "named_low_lying",
        "category_label": "Named low-lying area"
      },
      "geometry": {
        "type": "Point",
        "coordinates": [
          77.6048096524019,
          13.0484853586708
        ]
      }
    },
    {
      "type": "Feature",
      "properties": {
        "name": "Mariyanna Palya",
        "category": "named_low_lying",
        "category_label": "Named low-lying area"
      },
      "geometry": {
        "type": "Point",
        "coordinates": [
          77.6153719042868,
          13.0513188409369
        ]
      }
    },
    {
      "type": "Feature",
      "properties": {
        "name": "Telecom layout,Ashwathnagar",
        "category": "named_low_lying",
        "category_label": "Named low-lying area"
      },
      "geometry": {
        "type": "Point",
        "coordinates": [
          77.6346562236285,
          13.0558438602303
        ]
      }
    },
    {
      "type": "Feature",
      "properties": {
        "name": "Sanguruvanahalli",
        "category": "named_low_lying",
        "category_label": "Named low-lying area"
      },
      "geometry": {
        "type": "Point",
        "coordinates": [
          77.5408666666729,
          12.9908666662383
        ]
      }
    },
    {
      "type": "Feature",
      "properties": {
        "name": "8TH CROSS 6TH BLOCK SANKARAPPA GARDEN ,RAJAJINAGAR",
        "category": "named_low_lying",
        "category_label": "Named low-lying area"
      },
      "geometry": {
        "type": "Point",
        "coordinates": [
          77.5525326297742,
          12.9813991521908
        ]
      }
    },
    {
      "type": "Feature",
      "properties": {
        "name": "BHAKSHI GARDEN",
        "category": "named_low_lying",
        "category_label": "Named low-lying area"
      },
      "geometry": {
        "type": "Point",
        "coordinates": [
          77.566054909962,
          12.9684298800879
        ]
      }
    },
    {
      "type": "Feature",
      "properties": {
        "name": "SANJEEVAPPA GARDEN",
        "category": "named_low_lying",
        "category_label": "Named low-lying area"
      },
      "geometry": {
        "type": "Point",
        "coordinates": [
          77.5588053181909,
          13.0282233491054
        ]
      }
    },
    {
      "type": "Feature",
      "properties": {
        "name": "NAGANNA NAGAR,NEAR BINNIY MILL ROAD",
        "category": "named_low_lying",
        "category_label": "Named low-lying area"
      },
      "geometry": {
        "type": "Point",
        "coordinates": [
          77.5687506218599,
          12.9670968958218
        ]
      }
    },
    {
      "type": "Feature",
      "properties": {
        "name": "KANTEERAVA NAGARA",
        "category": "named_low_lying",
        "category_label": "Named low-lying area"
      },
      "geometry": {
        "type": "Point",
        "coordinates": [
          77.5415463996097,
          13.0196048115791
        ]
      }
    },
    {
      "type": "Feature",
      "properties": {
        "name": "KAMALANAGAR",
        "category": "named_low_lying",
        "category_label": "Named low-lying area"
      },
      "geometry": {
        "type": "Point",
        "coordinates": [
          77.5578611429665,
          13.0226867408992
        ]
      }
    },
    {
      "type": "Feature",
      "properties": {
        "name": "12th  cross gubbanalayout industrial area",
        "category": "named_low_lying",
        "category_label": "Named low-lying area"
      },
      "geometry": {
        "type": "Point",
        "coordinates": [
          77.5555462012644,
          12.9787048562282
        ]
      }
    },
    {
      "type": "Feature",
      "properties": {
        "name": "SARVABHOUMA NAGAR-WARD NO 131 NAYANDHALLI",
        "category": "named_low_lying",
        "category_label": "Named low-lying area"
      },
      "geometry": {
        "type": "Point",
        "coordinates": [
          77.5263786003369,
          12.9507786914149
        ]
      }
    },
    {
      "type": "Feature",
      "properties": {
        "name": "14TH CROSS P&T COLONY,CHOLARPALYA",
        "category": "named_low_lying",
        "category_label": "Named low-lying area"
      },
      "geometry": {
        "type": "Point",
        "coordinates": [
          77.5477410304143,
          12.9913230396652
        ]
      }
    },
    {
      "type": "Feature",
      "properties": {
        "name": "1ST MAIN 8TH CROSS N.R.GARDEN,CHOLARPALYA",
        "category": "named_low_lying",
        "category_label": "Named low-lying area"
      },
      "geometry": {
        "type": "Point",
        "coordinates": [
          77.5435531792751,
          12.9929410729399
        ]
      }
    },
    {
      "type": "Feature",
      "properties": {
        "name": "MUDALPALYA",
        "category": "named_low_lying",
        "category_label": "Named low-lying area"
      },
      "geometry": {
        "type": "Point",
        "coordinates": [
          77.5313868890026,
          13.014326605879
        ]
      }
    },
    {
      "type": "Feature",
      "properties": {
        "name": "METRO LAYOUT-WARD NO 131,NEAR NAYANDHALLI",
        "category": "named_low_lying",
        "category_label": "Named low-lying area"
      },
      "geometry": {
        "type": "Point",
        "coordinates": [
          77.530223812323,
          12.9654374195325
        ]
      }
    },
    {
      "type": "Feature",
      "properties": {
        "name": "bismillanagar",
        "category": "named_low_lying",
        "category_label": "Named low-lying area"
      },
      "geometry": {
        "type": "Point",
        "coordinates": [
          77.6031109926665,
          12.9269520831511
        ]
      }
    },
    {
      "type": "Feature",
      "properties": {
        "name": "rudrappa garden",
        "category": "named_low_lying",
        "category_label": "Named low-lying area"
      },
      "geometry": {
        "type": "Point",
        "coordinates": [
          77.5475717608872,
          12.9563239937434
        ]
      }
    },
    {
      "type": "Feature",
      "properties": {
        "name": "samrudhinagar",
        "category": "named_low_lying",
        "category_label": "Named low-lying area"
      },
      "geometry": {
        "type": "Point",
        "coordinates": [
          77.5468931526243,
          12.9526248968046
        ]
      }
    },
    {
      "type": "Feature",
      "properties": {
        "name": "silkboardjunction",
        "category": "named_low_lying",
        "category_label": "Named low-lying area"
      },
      "geometry": {
        "type": "Point",
        "coordinates": [
          77.5598718344172,
          12.8966741990632
        ]
      }
    },
    {
      "type": "Feature",
      "properties": {
        "name": "SARVABHOUMA NAGAR-WARD NO 131 NAYANDHALLI",
        "category": "named_low_lying",
        "category_label": "Named low-lying area"
      },
      "geometry": {
        "type": "Point",
        "coordinates": [
          77.5263786003369,
          12.9507786914149
        ]
      }
    },
    {
      "type": "Feature",
      "properties": {
        "name": "SOMESHWARA COLONY NEAR SILK BOARD JUNCTION",
        "category": "named_low_lying",
        "category_label": "Named low-lying area"
      },
      "geometry": {
        "type": "Point",
        "coordinates": [
          77.6159962568356,
          12.9155182467913
        ]
      }
    },
    {
      "type": "Feature",
      "properties": {
        "name": "MARUTHI NAGAR, SANKRAPPA LAYOUT",
        "category": "named_low_lying",
        "category_label": "Named low-lying area"
      },
      "geometry": {
        "type": "Point",
        "coordinates": [
          77.628961332382,
          12.9178430901315
        ]
      }
    },
    {
      "type": "Feature",
      "properties": {
        "name": "VENKATAREDDY NAGAR,SIDDAPURA",
        "category": "named_low_lying",
        "category_label": "Named low-lying area"
      },
      "geometry": {
        "type": "Point",
        "coordinates": [
          77.5965047621556,
          12.9487522566802
        ]
      }
    },
    {
      "type": "Feature",
      "properties": {
        "name": "VITTALA NAGAR , NEAR KEMPEGOWDANAGAR",
        "category": "named_low_lying",
        "category_label": "Named low-lying area"
      },
      "geometry": {
        "type": "Point",
        "coordinates": [
          77.5422852024616,
          12.9531080573237
        ]
      }
    },
    {
      "type": "Feature",
      "properties": {
        "name": "MARUTHI NAGARA ,NEAR BAPUJI NAGARA",
        "category": "named_low_lying",
        "category_label": "Named low-lying area"
      },
      "geometry": {
        "type": "Point",
        "coordinates": [
          77.538395591297,
          12.9554968119099
        ]
      }
    },
    {
      "type": "Feature",
      "properties": {
        "name": "RANGANATHA LAYOUT,BHEL CIRCLE",
        "category": "named_low_lying",
        "category_label": "Named low-lying area"
      },
      "geometry": {
        "type": "Point",
        "coordinates": [
          77.5353843832805,
          12.9475113405221
        ]
      }
    },
    {
      "type": "Feature",
      "properties": {
        "name": "PWD QUARTERS NEAR WISLSON GARDEN",
        "category": "named_low_lying",
        "category_label": "Named low-lying area"
      },
      "geometry": {
        "type": "Point",
        "coordinates": [
          77.5979684702579,
          12.9485943903588
        ]
      }
    },
    {
      "type": "Feature",
      "properties": {
        "name": "ASHWINI LAYOUT",
        "category": "named_low_lying",
        "category_label": "Named low-lying area"
      },
      "geometry": {
        "type": "Point",
        "coordinates": [
          77.6291898267498,
          12.9405389984356
        ]
      }
    },
    {
      "type": "Feature",
      "properties": {
        "name": "EJIPURA",
        "category": "named_low_lying",
        "category_label": "Named low-lying area"
      },
      "geometry": {
        "type": "Point",
        "coordinates": [
          77.6272964099633,
          12.9431092534146
        ]
      }
    },
    {
      "type": "Feature",
      "properties": {
        "name": "LAKSHMAN RAO NAGARA",
        "category": "named_low_lying",
        "category_label": "Named low-lying area"
      },
      "geometry": {
        "type": "Point",
        "coordinates": [
          77.6146833451546,
          12.9490792579336
        ]
      }
    },
    {
      "type": "Feature",
      "properties": {
        "name": "Kengunta,Near Mallathalli",
        "category": "named_low_lying",
        "category_label": "Named low-lying area"
      },
      "geometry": {
        "type": "Point",
        "coordinates": [
          77.499259070136,
          12.9592538035114
        ]
      }
    },
    {
      "type": "Feature",
      "properties": {
        "name": "Sri Hari layout",
        "category": "named_low_lying",
        "category_label": "Named low-lying area"
      },
      "geometry": {
        "type": "Point",
        "coordinates": [
          77.4941712244285,
          12.9574379990271
        ]
      }
    },
    {
      "type": "Feature",
      "properties": {
        "name": "Near Vidyanikethan School",
        "category": "named_low_lying",
        "category_label": "Named low-lying area"
      },
      "geometry": {
        "type": "Point",
        "coordinates": [
          77.4886975317529,
          12.9560321588592
        ]
      }
    },
    {
      "type": "Feature",
      "properties": {
        "name": "Vinayaka Layout,Near Nagarabhavi",
        "category": "named_low_lying",
        "category_label": "Named low-lying area"
      },
      "geometry": {
        "type": "Point",
        "coordinates": [
          77.5148894417433,
          12.9647878349789
        ]
      }
    },
    {
      "type": "Feature",
      "properties": {
        "name": "Bandemata-Near Kengeri",
        "category": "named_low_lying",
        "category_label": "Named low-lying area"
      },
      "geometry": {
        "type": "Point",
        "coordinates": [
          77.4885216619697,
          12.9131382566425
        ]
      }
    },
    {
      "type": "Feature",
      "properties": {
        "name": "Janapriya Apartments,Near Rajarajeshwari Temple",
        "category": "named_low_lying",
        "category_label": "Named low-lying area"
      },
      "geometry": {
        "type": "Point",
        "coordinates": [
          77.5089051560258,
          12.9276328453853
        ]
      }
    },
    {
      "type": "Feature",
      "properties": {
        "name": "Kenchenahalli",
        "category": "named_low_lying",
        "category_label": "Named low-lying area"
      },
      "geometry": {
        "type": "Point",
        "coordinates": [
          77.5094453240125,
          12.9304723356581
        ]
      }
    },
    {
      "type": "Feature",
      "properties": {
        "name": "Shivanna Layout,Near Halagevaddarahalli",
        "category": "named_low_lying",
        "category_label": "Named low-lying area"
      },
      "geometry": {
        "type": "Point",
        "coordinates": [
          77.5190201065997,
          12.9204643601057
        ]
      }
    },
    {
      "type": "Feature",
      "properties": {
        "name": "BRINDAVAN NAGAR",
        "category": "named_low_lying",
        "category_label": "Named low-lying area"
      },
      "geometry": {
        "type": "Point",
        "coordinates": [
          77.5545798971634,
          13.0346251587191
        ]
      }
    },
    {
      "type": "Feature",
      "properties": {
        "name": "CHICKKABIDRIKAL",
        "category": "named_low_lying",
        "category_label": "Named low-lying area"
      },
      "geometry": {
        "type": "Point",
        "coordinates": [
          77.4905174317657,
          13.0445656358456
        ]
      }
    },
    {
      "type": "Feature",
      "properties": {
        "name": "ANJANA NAGARA ,NEAR ANJANEYA TEMPLE (WARD NO 72)",
        "category": "named_low_lying",
        "category_label": "Named low-lying area"
      },
      "geometry": {
        "type": "Point",
        "coordinates": [
          77.4819589559286,
          12.9886740252605
        ]
      }
    },
    {
      "type": "Feature",
      "properties": {
        "name": "BYRAVESHWARA NAGARA , HAGGANAHALLI",
        "category": "named_low_lying",
        "category_label": "Named low-lying area"
      },
      "geometry": {
        "type": "Point",
        "coordinates": [
          77.5042014204633,
          12.9893216008603
        ]
      }
    },
    {
      "type": "Feature",
      "properties": {
        "name": "CHOWDESHWARINAGAR,RAJIV GANDHI CIRCLE ,LAGGERE",
        "category": "named_low_lying",
        "category_label": "Named low-lying area"
      },
      "geometry": {
        "type": "Point",
        "coordinates": [
          77.5269523740393,
          13.0097106932318
        ]
      }
    },
    {
      "type": "Feature",
      "properties": {
        "name": "KALIKA NAGARA MAIN ROAD (WARD NO 41)",
        "category": "named_low_lying",
        "category_label": "Named low-lying area"
      },
      "geometry": {
        "type": "Point",
        "coordinates": [
          77.4919584197319,
          13.0099364369115
        ]
      }
    },
    {
      "type": "Feature",
      "properties": {
        "name": "KOTTIGEPALYA",
        "category": "named_low_lying",
        "category_label": "Named low-lying area"
      },
      "geometry": {
        "type": "Point",
        "coordinates": [
          77.5120418872617,
          12.9859703230919
        ]
      }
    },
    {
      "type": "Feature",
      "properties": {
        "name": "RUKMINI NAGARA NEAR MAGADI ROAD (WARD NO 73)",
        "category": "named_low_lying",
        "category_label": "Named low-lying area"
      },
      "geometry": {
        "type": "Point",
        "coordinates": [
          77.4938813384294,
          13.0415863390777
        ]
      }
    },
    {
      "type": "Feature",
      "properties": {
        "name": "SHIVANANDANAGARA",
        "category": "named_low_lying",
        "category_label": "Named low-lying area"
      },
      "geometry": {
        "type": "Point",
        "coordinates": [
          77.4951423539782,
          13.0067812943811
        ]
      }
    },
    {
      "type": "Feature",
      "properties": {
        "name": "KALLAPA LAYOUT NEAR BASAVANAGARA",
        "category": "named_low_lying",
        "category_label": "Named low-lying area"
      },
      "geometry": {
        "type": "Point",
        "coordinates": [
          77.68690014911,
          12.9678401398011
        ]
      }
    },
    {
      "type": "Feature",
      "properties": {
        "name": "TALA KAVERI LAYOUT NEAR HAL AIRPORT",
        "category": "named_low_lying",
        "category_label": "Named low-lying area"
      },
      "geometry": {
        "type": "Point",
        "coordinates": [
          77.6862077155083,
          12.9604936418399
        ]
      }
    },
    {
      "type": "Feature",
      "properties": {
        "name": "SJR DENTAL COLLEGE MAIN ROAD",
        "category": "named_low_lying",
        "category_label": "Named low-lying area"
      },
      "geometry": {
        "type": "Point",
        "coordinates": [
          77.7030290587202,
          12.948995700582
        ]
      }
    },
    {
      "type": "Feature",
      "properties": {
        "name": "GANDHIPURAM NEAR WHITE FIELD",
        "category": "named_low_lying",
        "category_label": "Named low-lying area"
      },
      "geometry": {
        "type": "Point",
        "coordinates": [
          77.7559353478791,
          12.9713155689837
        ]
      }
    },
    {
      "type": "Feature",
      "properties": {
        "name": "UDAYANAGARA NEAR A NARAYANPURA",
        "category": "named_low_lying",
        "category_label": "Named low-lying area"
      },
      "geometry": {
        "type": "Point",
        "coordinates": [
          77.6755986418536,
          12.9900814783436
        ]
      }
    },
    {
      "type": "Feature",
      "properties": {
        "name": "PAI LAYOUT",
        "category": "named_low_lying",
        "category_label": "Named low-lying area"
      },
      "geometry": {
        "type": "Point",
        "coordinates": [
          77.6688288350888,
          12.9914150366501
        ]
      }
    },
    {
      "type": "Feature",
      "properties": {
        "name": "CHINAPPA LAYOUT",
        "category": "named_low_lying",
        "category_label": "Named low-lying area"
      },
      "geometry": {
        "type": "Point",
        "coordinates": [
          77.6855870790913,
          12.9853658544149
        ]
      }
    },
    {
      "type": "Feature",
      "properties": {
        "name": "GARUDACHARPLAYA BASAVANAGARA",
        "category": "named_low_lying",
        "category_label": "Named low-lying area"
      },
      "geometry": {
        "type": "Point",
        "coordinates": [
          77.7194865485595,
          12.9866177680058
        ]
      }
    },
    {
      "type": "Feature",
      "properties": {
        "name": "PASTTANDUR AGRAHARA NEAR ITPL",
        "category": "named_low_lying",
        "category_label": "Named low-lying area"
      },
      "geometry": {
        "type": "Point",
        "coordinates": [
          77.7350766808123,
          12.9749466444273
        ]
      }
    },
    {
      "type": "Feature",
      "properties": {
        "name": "SAI BABA ASHRAM KADUGODI",
        "category": "named_low_lying",
        "category_label": "Named low-lying area"
      },
      "geometry": {
        "type": "Point",
        "coordinates": [
          77.7541586165213,
          13.0015538942678
        ]
      }
    },
    {
      "type": "Feature",
      "properties": {
        "name": "PATTALAMMA LAYOUT NEAR KADUGODI",
        "category": "named_low_lying",
        "category_label": "Named low-lying area"
      },
      "geometry": {
        "type": "Point",
        "coordinates": [
          77.7590733023577,
          12.9988285462643
        ]
      }
    },
    {
      "type": "Feature",
      "properties": {
        "name": "SIDDHARTHA LAYOUT KADUGODI",
        "category": "named_low_lying",
        "category_label": "Named low-lying area"
      },
      "geometry": {
        "type": "Point",
        "coordinates": [
          77.7631919179187,
          12.9970066317567
        ]
      }
    },
    {
      "type": "Feature",
      "properties": {
        "name": "TRIVENI NAGAR NEAR KR PURAM",
        "category": "named_low_lying",
        "category_label": "Named low-lying area"
      },
      "geometry": {
        "type": "Point",
        "coordinates": [
          77.7199022142409,
          13.023151384561
        ]
      }
    },
    {
      "type": "Feature",
      "properties": {
        "name": "KRISHNANAGARA , NEAR CHIKKADEVSANDRA",
        "category": "named_low_lying",
        "category_label": "Named low-lying area"
      },
      "geometry": {
        "type": "Point",
        "coordinates": [
          77.7065480462501,
          13.0053442229902
        ]
      }
    },
    {
      "type": "Feature",
      "properties": {
        "name": "VINAYAKA LAYOUT NEAR BASAVANAPURA MAIN ROAD",
        "category": "named_low_lying",
        "category_label": "Named low-lying area"
      },
      "geometry": {
        "type": "Point",
        "coordinates": [
          77.7066730094247,
          13.0142993398719
        ]
      }
    },
    {
      "type": "Feature",
      "properties": {
        "name": "HOYSALANAGARA KR PURA",
        "category": "named_low_lying",
        "category_label": "Named low-lying area"
      },
      "geometry": {
        "type": "Point",
        "coordinates": [
          77.6659831346454,
          13.0172434237938
        ]
      }
    },
    {
      "type": "Feature",
      "properties": {
        "name": "RR LAYOUT  NEAR VIJNANAPURA",
        "category": "named_low_lying",
        "category_label": "Named low-lying area"
      },
      "geometry": {
        "type": "Point",
        "coordinates": [
          77.6758085923833,
          13.0115014743169
        ]
      }
    },
    {
      "type": "Feature",
      "properties": {
        "name": "DR AMBEDKAR NAGAR NEAR VIJNANAPURA",
        "category": "named_low_lying",
        "category_label": "Named low-lying area"
      },
      "geometry": {
        "type": "Point",
        "coordinates": [
          77.6866487764669,
          13.0151964152723
        ]
      }
    },
    {
      "type": "Feature",
      "properties": {
        "name": "ABBAREDDY LAYOUT ,VIJNANA NAGARA",
        "category": "named_low_lying",
        "category_label": "Named low-lying area"
      },
      "geometry": {
        "type": "Point",
        "coordinates": [
          77.6808290469289,
          12.9803526268145
        ]
      }
    },
    {
      "type": "Feature",
      "properties": {
        "name": "Vaddara palya, Near Hennur Bande",
        "category": "named_low_lying",
        "category_label": "Named low-lying area"
      },
      "geometry": {
        "type": "Point",
        "coordinates": [
          77.6443741089786,
          13.040109608308
        ]
      }
    },
    {
      "type": "Feature",
      "properties": {
        "name": "BHUVANESHWARI NAGARA WARD NO 15",
        "category": "named_low_lying",
        "category_label": "Named low-lying area"
      },
      "geometry": {
        "type": "Point",
        "coordinates": [
          77.5079819461216,
          13.0429792423788
        ]
      }
    },
    {
      "type": "Feature",
      "properties": {
        "name": "BAGALKUNTE( L NARSIMHAYA LAYOUT)",
        "category": "named_low_lying",
        "category_label": "Named low-lying area"
      },
      "geometry": {
        "type": "Point",
        "coordinates": [
          77.5030166638335,
          13.0642508306955
        ]
      }
    },
    {
      "type": "Feature",
      "properties": {
        "name": "KEMPEGOWDANAGAR",
        "category": "named_low_lying",
        "category_label": "Named low-lying area"
      },
      "geometry": {
        "type": "Point",
        "coordinates": [
          77.5106455509689,
          13.0451117355453
        ]
      }
    },
    {
      "type": "Feature",
      "properties": {
        "name": "NELEGADARANAHALLI",
        "category": "named_low_lying",
        "category_label": "Named low-lying area"
      },
      "geometry": {
        "type": "Point",
        "coordinates": [
          77.5021422802449,
          13.0336315289934
        ]
      }
    },
    {
      "type": "Feature",
      "properties": {
        "name": "SHIVAPURA KERE NEAR NTTF",
        "category": "named_low_lying",
        "category_label": "Named low-lying area"
      },
      "geometry": {
        "type": "Point",
        "coordinates": [
          77.5058579547525,
          13.0260111585721
        ]
      }
    },
    {
      "type": "Feature",
      "properties": {
        "name": "SHAMPURA SLUM",
        "category": "named_low_lying",
        "category_label": "Named low-lying area"
      },
      "geometry": {
        "type": "Point",
        "coordinates": [
          77.6134973249953,
          13.0228208475321
        ]
      }
    },
    {
      "type": "Feature",
      "properties": {
        "name": "BASAVANNA NAGARA NEAR KADUGODANAHALLI",
        "category": "named_low_lying",
        "category_label": "Named low-lying area"
      },
      "geometry": {
        "type": "Point",
        "coordinates": [
          77.619731194629,
          13.0197394058802
        ]
      }
    },
    {
      "type": "Feature",
      "properties": {
        "name": "THAMMANA LAYOUT NEAR LINGARAJAPURA,",
        "category": "named_low_lying",
        "category_label": "Named low-lying area"
      },
      "geometry": {
        "type": "Point",
        "coordinates": [
          77.6287575718124,
          13.0099472299161
        ]
      }
    },
    {
      "type": "Feature",
      "properties": {
        "name": "MUNIREDDY PALYA",
        "category": "named_low_lying",
        "category_label": "Named low-lying area"
      },
      "geometry": {
        "type": "Point",
        "coordinates": [
          77.6010257257137,
          13.0070649025176
        ]
      }
    },
    {
      "type": "Feature",
      "properties": {
        "name": "CHINAPPA GARDEN",
        "category": "named_low_lying",
        "category_label": "Named low-lying area"
      },
      "geometry": {
        "type": "Point",
        "coordinates": [
          77.6025996341993,
          13.0029676087343
        ]
      }
    },
    {
      "type": "Feature",
      "properties": {
        "name": "AMBEDKAR NAGAR NEAR BYAPPANAHALLI",
        "category": "named_low_lying",
        "category_label": "Named low-lying area"
      },
      "geometry": {
        "type": "Point",
        "coordinates": [
          77.6405022618689,
          12.9880986194854
        ]
      }
    },
    {
      "type": "Feature",
      "properties": {
        "name": "BANDAPPA COLONY , NEAR NEW BYAPPANAHALLI",
        "category": "named_low_lying",
        "category_label": "Named low-lying area"
      },
      "geometry": {
        "type": "Point",
        "coordinates": [
          77.6406788155904,
          12.9843178984092
        ]
      }
    },
    {
      "type": "Feature",
      "properties": {
        "name": "CAMBRIDGE LAYOUT",
        "category": "named_low_lying",
        "category_label": "Named low-lying area"
      },
      "geometry": {
        "type": "Point",
        "coordinates": [
          77.6266700833542,
          12.9732903758183
        ]
      }
    },
    {
      "type": "Feature",
      "properties": {
        "name": "BHARATHI NAGARA",
        "category": "named_low_lying",
        "category_label": "Named low-lying area"
      },
      "geometry": {
        "type": "Point",
        "coordinates": [
          77.6114142619749,
          12.9879213450881
        ]
      }
    },
    {
      "type": "Feature",
      "properties": {
        "name": "RAJIV GANDHI COLONY ,NEAR QUEENS ROAD",
        "category": "named_low_lying",
        "category_label": "Named low-lying area"
      },
      "geometry": {
        "type": "Point",
        "coordinates": [
          77.6012056646917,
          12.9892315908177
        ]
      }
    },
    {
      "type": "Feature",
      "properties": {
        "name": "MURUGESHPALYA",
        "category": "named_low_lying",
        "category_label": "Named low-lying area"
      },
      "geometry": {
        "type": "Point",
        "coordinates": [
          77.6559917414575,
          12.9561352291091
        ]
      }
    },
    {
      "type": "Feature",
      "properties": {
        "name": "SRINIVAGILU TANK BED LAYOUT",
        "category": "named_low_lying",
        "category_label": "Named low-lying area"
      },
      "geometry": {
        "type": "Point",
        "coordinates": [
          77.63672590623,
          12.9362383124114
        ]
      }
    },
    {
      "type": "Feature",
      "properties": {
        "name": "SHANTHI NAGARA",
        "category": "named_low_lying",
        "category_label": "Named low-lying area"
      },
      "geometry": {
        "type": "Point",
        "coordinates": [
          77.5995507450686,
          12.9564860857783
        ]
      }
    },
    {
      "type": "Feature",
      "properties": {
        "name": "SAMPANGI RAMA NAGARA",
        "category": "named_low_lying",
        "category_label": "Named low-lying area"
      },
      "geometry": {
        "type": "Point",
        "coordinates": [
          77.5922263953977,
          12.9729386784169
        ]
      }
    },
    {
      "type": "Feature",
      "properties": {
        "name": "SEETHAPPA LAYOUT NEAR RABINDRANATH TAGORE LAYOUT",
        "category": "named_low_lying",
        "category_label": "Named low-lying area"
      },
      "geometry": {
        "type": "Point",
        "coordinates": [
          77.6037671559015,
          13.0338719413767
        ]
      }
    },
    {
      "type": "Feature",
      "properties": {
        "name": "BAMBOO BAZAR",
        "category": "named_low_lying",
        "category_label": "Named low-lying area"
      },
      "geometry": {
        "type": "Point",
        "coordinates": [
          77.6038238812386,
          12.9926509102014
        ]
      }
    },
    {
      "type": "Feature",
      "properties": {
        "name": "munireddypalya anekappa block",
        "category": "named_low_lying",
        "category_label": "Named low-lying area"
      },
      "geometry": {
        "type": "Point",
        "coordinates": [
          77.5944385482952,
          13.0131255526489
        ]
      }
    },
    {
      "type": "Feature",
      "properties": {
        "name": "SHANKAR NAGAR",
        "category": "named_low_lying",
        "category_label": "Named low-lying area"
      },
      "geometry": {
        "type": "Point",
        "coordinates": [
          77.5711870842795,
          13.0311184601201
        ]
      }
    },
    {
      "type": "Feature",
      "properties": {
        "name": "Govindapura,Nesar Nagavara",
        "category": "named_low_lying",
        "category_label": "Named low-lying area"
      },
      "geometry": {
        "type": "Point",
        "coordinates": [
          77.6150247006031,
          13.0336836305647
        ]
      }
    },
    {
      "type": "Feature",
      "properties": {
        "name": "ILLIYAS NAGAR KUMARSWAMY LAYOUT",
        "category": "named_low_lying",
        "category_label": "Named low-lying area"
      },
      "geometry": {
        "type": "Point",
        "coordinates": [
          77.5697855769244,
          12.9058296131737
        ]
      }
    },
    {
      "type": "Feature",
      "properties": {
        "name": "MUNISUBBAREDDY LAYOUT HONGASANDRA",
        "category": "named_low_lying",
        "category_label": "Named low-lying area"
      },
      "geometry": {
        "type": "Point",
        "coordinates": [
          77.6284697894838,
          12.8989336873366
        ]
      }
    },
    {
      "type": "Feature",
      "properties": {
        "name": "AMBEDKAR COLONY NEAR HONGASANDRA",
        "category": "named_low_lying",
        "category_label": "Named low-lying area"
      },
      "geometry": {
        "type": "Point",
        "coordinates": [
          77.6281468991609,
          12.892686607447
        ]
      }
    },
    {
      "type": "Feature",
      "properties": {
        "name": "MICO LAYOUT",
        "category": "named_low_lying",
        "category_label": "Named low-lying area"
      },
      "geometry": {
        "type": "Point",
        "coordinates": [
          77.6269561383418,
          12.887502662661
        ]
      }
    },
    {
      "type": "Feature",
      "properties": {
        "name": "ROYQAL MERIDIAN LAYOUT",
        "category": "named_low_lying",
        "category_label": "Named low-lying area"
      },
      "geometry": {
        "type": "Point",
        "coordinates": [
          77.6243630245224,
          12.8875862464811
        ]
      }
    },
    {
      "type": "Feature",
      "properties": {
        "name": "VISHWA PRIYA NAGARA NEAR BEGUR MAIN RAOD",
        "category": "named_low_lying",
        "category_label": "Named low-lying area"
      },
      "geometry": {
        "type": "Point",
        "coordinates": [
          77.6290511776546,
          12.8820505434111
        ]
      }
    },
    {
      "type": "Feature",
      "properties": {
        "name": "BEGUR KERE AREA",
        "category": "named_low_lying",
        "category_label": "Named low-lying area"
      },
      "geometry": {
        "type": "Point",
        "coordinates": [
          77.624941297316,
          12.8764046160013
        ]
      }
    },
    {
      "type": "Feature",
      "properties": {
        "name": "SUBASH NAGARA",
        "category": "named_low_lying",
        "category_label": "Named low-lying area"
      },
      "geometry": {
        "type": "Point",
        "coordinates": [
          77.6395408230583,
          12.8698824764384
        ]
      }
    },
    {
      "type": "Feature",
      "properties": {
        "name": "GARVE BHAVI PALYA",
        "category": "named_low_lying",
        "category_label": "Named low-lying area"
      },
      "geometry": {
        "type": "Point",
        "coordinates": [
          77.637980096622,
          12.8944407153102
        ]
      }
    },
    {
      "type": "Feature",
      "properties": {
        "name": "PARAPPAN AGRAHARA",
        "category": "named_low_lying",
        "category_label": "Named low-lying area"
      },
      "geometry": {
        "type": "Point",
        "coordinates": [
          77.6611585673198,
          12.880294295714
        ]
      }
    },
    {
      "type": "Feature",
      "properties": {
        "name": "G K LAYOUT",
        "category": "named_low_lying",
        "category_label": "Named low-lying area"
      },
      "geometry": {
        "type": "Point",
        "coordinates": [
          77.6603268039859,
          12.8736972746511
        ]
      }
    },
    {
      "type": "Feature",
      "properties": {
        "name": "KUDLU VILLAGE",
        "category": "named_low_lying",
        "category_label": "Named low-lying area"
      },
      "geometry": {
        "type": "Point",
        "coordinates": [
          77.6575038153887,
          12.8894267732205
        ]
      }
    },
    {
      "type": "Feature",
      "properties": {
        "name": "B.T.R GARDEN LAYOUT",
        "category": "named_low_lying",
        "category_label": "Named low-lying area"
      },
      "geometry": {
        "type": "Point",
        "coordinates": [
          77.6423639181386,
          12.8885118028988
        ]
      }
    },
    {
      "type": "Feature",
      "properties": {
        "name": "RAGHAVENDRA SLUM NEAR LAKSHMI LAYOUT",
        "category": "named_low_lying",
        "category_label": "Named low-lying area"
      },
      "geometry": {
        "type": "Point",
        "coordinates": [
          77.631708269581,
          12.89072551613
        ]
      }
    },
    {
      "type": "Feature",
      "properties": {
        "name": "MUNIREDDY LAYOUT NEAR MANGAMMNAPALYA",
        "category": "named_low_lying",
        "category_label": "Named low-lying area"
      },
      "geometry": {
        "type": "Point",
        "coordinates": [
          77.6371421706667,
          12.905056828351
        ]
      }
    },
    {
      "type": "Feature",
      "properties": {
        "name": "VYSHYA BANK COLONY NEAR AREKERE",
        "category": "named_low_lying",
        "category_label": "Named low-lying area"
      },
      "geometry": {
        "type": "Point",
        "coordinates": [
          77.6042850230189,
          12.8833498614989
        ]
      }
    },
    {
      "type": "Feature",
      "properties": {
        "name": "KRISHNA LAYOUT NEAR HULIMAVU KERE",
        "category": "named_low_lying",
        "category_label": "Named low-lying area"
      },
      "geometry": {
        "type": "Point",
        "coordinates": [
          77.605805171246,
          12.8778216573113
        ]
      }
    },
    {
      "type": "Feature",
      "properties": {
        "name": "BDA LAYOUT",
        "category": "named_low_lying",
        "category_label": "Named low-lying area"
      },
      "geometry": {
        "type": "Point",
        "coordinates": [
          77.5914921841584,
          12.8578442680614
        ]
      }
    },
    {
      "type": "Feature",
      "properties": {
        "name": "PUTTENHALLI",
        "category": "named_low_lying",
        "category_label": "Named low-lying area"
      },
      "geometry": {
        "type": "Point",
        "coordinates": [
          77.5849201458667,
          12.9011915440869
        ]
      }
    },
    {
      "type": "Feature",
      "properties": {
        "name": "ASHTA LAKSHMI LAYOUT ,PUTTENHALLI",
        "category": "named_low_lying",
        "category_label": "Named low-lying area"
      },
      "geometry": {
        "type": "Point",
        "coordinates": [
          77.5866124577705,
          12.901838949215
        ]
      }
    },
    {
      "type": "Feature",
      "properties": {
        "name": "GANAPATHPURA NEAR CHUNCHANGHATTA MAIN RAOD",
        "category": "named_low_lying",
        "category_label": "Named low-lying area"
      },
      "geometry": {
        "type": "Point",
        "coordinates": [
          77.5703904084562,
          12.8863083535853
        ]
      }
    },
    {
      "type": "Feature",
      "properties": {
        "name": "HARI NAGAR NEAR KONANKUNTTE",
        "category": "named_low_lying",
        "category_label": "Named low-lying area"
      },
      "geometry": {
        "type": "Point",
        "coordinates": [
          77.5752011006453,
          12.8832966341697
        ]
      }
    },
    {
      "type": "Feature",
      "properties": {
        "name": "VITTAL NAGAR NEAR ISRO LAYOUT,UTTARAHALLI",
        "category": "named_low_lying",
        "category_label": "Named low-lying area"
      },
      "geometry": {
        "type": "Point",
        "coordinates": [
          77.5538648525391,
          12.9026252348706
        ]
      }
    },
    {
      "type": "Feature",
      "properties": {
        "name": "sanjaynagar",
        "category": "named_low_lying",
        "category_label": "Named low-lying area"
      },
      "geometry": {
        "type": "Point",
        "coordinates": [
          77.5450093250347,
          12.9178341662909
        ]
      }
    },
    {
      "type": "Feature",
      "properties": {
        "name": "Yelechenahalli",
        "category": "named_low_lying",
        "category_label": "Named low-lying area"
      },
      "geometry": {
        "type": "Point",
        "coordinates": [
          77.5712721864802,
          12.9056508417207
        ]
      }
    },
    {
      "type": "Feature",
      "properties": {
        "name": "Kanakanagar-Near kumaraswamylayout",
        "category": "named_low_lying",
        "category_label": "Named low-lying area"
      },
      "geometry": {
        "type": "Point",
        "coordinates": [
          77.5717608637709,
          12.9024803332078
        ]
      }
    },
    {
      "type": "Feature",
      "properties": {
        "name": "Dorakere",
        "category": "named_low_lying",
        "category_label": "Named low-lying area"
      },
      "geometry": {
        "type": "Point",
        "coordinates": [
          77.5457117499136,
          12.9033576655262
        ]
      }
    }
  ]
}