{"nvdm": "1.0", "dataset": "geojson-layers/drainage", "scope": {"kind": "region", "id": "mumbai"}, "provenance": {"sources": [{"id": "osm-overpass", "title": "OpenStreetMap drain/nalla network (Overpass extract)", "publisher": "OpenStreetMap contributors", "license": "ODbL 1.0"}], "method": "api", "produced_at": "2026-07-05", "produced_by": "scripts/build-mumbai-drainage.py", "note": "waterway=drain/ditch plus named nallas tagged stream/canal; the 11 named rivers are excluded (rivers layer renders them). NOT an official BMC SWD survey - no public one exists.", "conventions": {"coverage": "mapped lengths reflect what OSM mappers have traced - a floor, not the network total"}}, "type": "FeatureCollection", "name": "mumbai-drainage", "_provenance": "OpenStreetMap via Overpass API (ODbL): waterway=drain/ditch plus named nallas tagged as stream/canal. NOT an official BMC SWD survey - no public one exists; coverage reflects what mappers have traced.", "features": [{"type": "Feature", "geometry": {"type": "LineString", "coordinates": [[72.864298, 19.2070204], [72.8641779, 19.2073528], [72.8642723, 19.2076445], [72.8637916, 19.2077013], [72.8631393, 19.207604], [72.8624698, 19.2075068], [72.8621093, 19.207296], [72.8615257, 19.2071015], [72.8612425, 19.2071663], [72.8607876, 19.2074095], [72.8604356, 19.2076202], [72.8599636, 19.2077661], [72.8597404, 19.2077742], [72.85944, 19.2077418], [72.8591568, 19.2078472], [72.8588392, 19.2080903], [72.8587019, 19.2083335], [72.8586418, 19.2085766], [72.8587877, 19.2087306], [72.8589422, 19.2088684], [72.859131, 19.2089576], [72.8591833, 19.2091428]]}, "properties": {"osm_id": 24335649, "name": "Boisar Drain", "waterway": "drain", "covered": "", "length_km": 0.83}}, {"type": "Feature", "geometry": {"type": "LineString", "coordinates": [[72.8481018, 19.2089333], [72.8473901, 19.2088895], [72.8468137, 19.2087573], [72.846509, 19.2087245], [72.846265, 19.2086982], [72.8458702, 19.2087793], [72.8457157, 19.2088684], [72.8457414, 19.2090062], [72.8458616, 19.209217], [72.8460247, 19.209298], [72.8460075, 19.209525], [72.8461534, 19.2098492], [72.8461105, 19.2101328], [72.845817, 19.2103799]]}, "properties": {"osm_id": 24335655, "name": "", "waterway": "drain", "covered": "", "length_km": 0.46}}, {"type": "Feature", "geometry": {"type": "LineString", "coordinates": [[72.8878433, 19.1000977], [72.8877748, 19.1000828], [72.8875495, 19.0999814], [72.8874422, 19.099951], [72.8873563, 19.100022], [72.8872705, 19.1001132], [72.8871954, 19.1002247], [72.8870774, 19.1002349], [72.8869379, 19.1002146], [72.8867984, 19.1001234], [72.8866375, 19.1000727], [72.886498, 19.1000017], [72.8864766, 19.09988], [72.8864444, 19.0997584], [72.8863478, 19.0996671], [72.8862405, 19.0996773], [72.8861011, 19.0997077], [72.886026, 19.0997685], [72.8859187, 19.0997584], [72.8858543, 19.0996165], [72.8858221, 19.0994644], [72.8857518, 19.0992667], [72.885698, 19.0991045], [72.8856342, 19.0988867], [72.8855324, 19.0987958], [72.8854332, 19.0987449], [72.8851999, 19.098633], [72.8850711, 19.0985722], [72.8847669, 19.098407], [72.884744, 19.0982869], [72.8849102, 19.0980957], [72.884974, 19.0979003], [72.8850175, 19.0977814], [72.8850604, 19.0976395], [72.8850604, 19.097528], [72.8849745, 19.097457], [72.8848136, 19.0974266], [72.8846849, 19.0974164], [72.8845132, 19.0974266], [72.8843201, 19.0974671], [72.8842021, 19.097528], [72.884127, 19.0975888], [72.8839875, 19.0975685], [72.8838373, 19.0974874], [72.8837193, 19.0974367], [72.8836549, 19.0973151], [72.8836656, 19.0971224], [72.8836978, 19.0969805], [72.8837193, 19.0968183], [72.8836556, 19.0968124], [72.8833918, 19.0967522], [72.8831828, 19.0966865], [72.8830326, 19.0966865], [72.8828288, 19.0966966], [72.8826571, 19.0966966], [72.8825176, 19.0966155], [72.8823353, 19.0965344], [72.8821636, 19.0964938], [72.8820241, 19.0964938], [72.8818632, 19.0964634], [72.8816808, 19.0964026], [72.8813877, 19.0962951], [72.8812889, 19.0962589], [72.8808538, 19.09605], [72.8806495, 19.0959791]]}, "properties": {"osm_id": 49011971, "name": "", "waterway": "drain", "covered": "", "length_km": 1.13}}, {"type": "Feature", "geometry": {"type": "LineString", "coordinates": [[72.8494795, 19.0799136], [72.8494124, 19.0796753], [72.8492327, 19.0793077], [72.8488304, 19.0783445], [72.8484673, 19.0774558], [72.8479096, 19.0768405], [72.8475663, 19.0766512], [72.8474735, 19.0762456], [72.8478888, 19.0746842], [72.8481608, 19.0740623], [72.848447, 19.0737649], [72.8493316, 19.0731615], [72.8497501, 19.0726481], [72.8516551, 19.0689298], [72.8523309, 19.0676464], [72.852361, 19.0675828], [72.8523668, 19.06757], [72.8530759, 19.0662225], [72.8541352, 19.0653553], [72.857573, 19.0595016], [72.8575945, 19.058883], [72.857219, 19.0582543], [72.857101, 19.0573112]]}, "properties": {"osm_id": 49055889, "name": "", "waterway": "drain", "covered": "", "length_km": 2.9}}, {"type": "Feature", "geometry": {"type": "LineString", "coordinates": [[72.8469112, 19.0911402], [72.8469755, 19.0912035], [72.8470184, 19.0913151], [72.8469754, 19.0914469], [72.8468789, 19.0915787], [72.8466511, 19.0917559]]}, "properties": {"osm_id": 49055891, "name": "", "waterway": "drain", "covered": "", "length_km": 0.09}}, {"type": "Feature", "geometry": {"type": "LineString", "coordinates": [[72.8853974, 19.0706224], [72.8842381, 19.0697424], [72.8840941, 19.0695718], [72.8839442, 19.0695872], [72.8836606, 19.0693839], [72.8831041, 19.0689849], [72.882601, 19.0684774], [72.8824181, 19.0682148]]}, "properties": {"osm_id": 49678380, "name": "", "waterway": "drain", "covered": "", "length_km": 0.42}}, {"type": "Feature", "geometry": {"type": "LineString", "coordinates": [[72.8632762, 19.0689775], [72.8635659, 19.0690806], [72.8636423, 19.0692124], [72.8637639, 19.069629], [72.8641714, 19.0697654], [72.8646817, 19.0701994], [72.8659166, 19.0708071], [72.8677522, 19.0713039], [72.8679533, 19.0712381]]}, "properties": {"osm_id": 49682805, "name": "", "waterway": "drain", "covered": "", "length_km": 0.58}}, {"type": "Feature", "geometry": {"type": "LineString", "coordinates": [[72.8831842, 19.2876245], [72.8832713, 19.2869702], [72.8831881, 19.2870436], [72.8830164, 19.287112], [72.8823539, 19.2879474], [72.8822145, 19.2880208], [72.8819194, 19.2880309], [72.8818095, 19.2880563], [72.8817156, 19.2881297], [72.8816942, 19.2882285], [72.8817451, 19.2884183], [72.8819382, 19.2887195], [72.8821501, 19.2890892], [72.8822654, 19.2897297], [72.882337, 19.2904002], [72.8824271, 19.2905356], [72.8825462, 19.290747], [72.8826589, 19.2909597], [72.8827715, 19.2911192], [72.8830102, 19.2912104], [72.8832811, 19.2912382], [72.8836432, 19.2912078], [72.8838175, 19.2912078], [72.8839892, 19.2912787], [72.8843486, 19.2916636], [72.8847197, 19.2919702], [72.884869, 19.2921749], [72.8849092, 19.2924052], [72.8847188, 19.2927825], [72.8846973, 19.2930458], [72.8848261, 19.2932685], [72.885105, 19.2934711], [72.8855127, 19.2936533], [72.8860492, 19.2938964], [72.8864783, 19.2941596], [72.8868216, 19.2944432], [72.8870791, 19.2950103], [72.887122, 19.2956988], [72.8869331, 19.2963639], [72.8868618, 19.2965899], [72.8867798, 19.2968125], [72.8867603, 19.2970522], [72.8867832, 19.2972718], [72.8868158, 19.2973687]]}, "properties": {"osm_id": 50883867, "name": "", "waterway": "drain", "covered": "", "length_km": 1.63}}, {"type": "Feature", "geometry": {"type": "LineString", "coordinates": [[72.843749, 19.0192458], [72.8440816, 19.0199026], [72.844677, 19.0210361], [72.8451116, 19.021812], [72.845758, 19.0230824], [72.8460893, 19.0236846], [72.8468832, 19.0259363], [72.8482297, 19.0300314], [72.8482121, 19.0301443]]}, "properties": {"osm_id": 53344769, "name": "", "waterway": "drain", "covered": "", "length_km": 1.31}}, {"type": "Feature", "geometry": {"type": "LineString", "coordinates": [[73.1091833, 19.0023936], [73.1083567, 19.002542], [73.1078126, 19.002819], [73.1075092, 19.0029377], [73.107279, 19.0029278], [73.1070383, 19.00272], [73.1067872, 19.0024529], [73.1064357, 19.0022765], [73.1042272, 19.0019528], [73.1033903, 19.0015471], [73.1024676, 19.0003906], [73.1024247, 19.0001269]]}, "properties": {"osm_id": 54228488, "name": "", "waterway": "drain", "covered": "", "length_km": 0.85}}, {"type": "Feature", "geometry": {"type": "LineString", "coordinates": [[73.1134842, 19.0341776], [73.108381, 19.0341505], [73.1066135, 19.0340998], [73.1054199, 19.0340415], [73.1042558, 19.0340085], [73.1026411, 19.0340034], [73.1005892, 19.0339882], [73.0989772, 19.0339502], [73.0969763, 19.0339248], [73.0960563, 19.033897], [73.0952919, 19.0338691], [73.0943263, 19.0337702], [73.0926311, 19.0336104], [73.0905363, 19.0334659], [73.0886587, 19.0333721], [73.0877683, 19.0333391], [73.0873981, 19.0333543], [73.0870709, 19.0334405], [73.0865318, 19.0337575], [73.0859873, 19.0340592], [73.0849332, 19.034754], [73.0845416, 19.0349441], [73.0844289, 19.0349771], [73.0843136, 19.0349619], [73.0841768, 19.0348934], [73.0839998, 19.0347185], [73.0837047, 19.0343077], [73.0833989, 19.0339781], [73.0826582, 19.0336582]]}, "properties": {"osm_id": 55450402, "name": "", "waterway": "drain", "covered": "", "length_km": 3.35}}, {"type": "Feature", "geometry": {"type": "LineString", "coordinates": [[72.8683513, 19.1146296], [72.8690525, 19.1144816], [72.869321, 19.1141962], [72.8695709, 19.1141398], [72.8696007, 19.1138085], [72.8699327, 19.1136217], [72.869705, 19.1123522], [72.8695995, 19.1120009], [72.8695946, 19.1118381], [72.869572, 19.1116326]]}, "properties": {"osm_id": 67070171, "name": "", "waterway": "drain", "covered": "", "length_km": 0.45}}, {"type": "Feature", "geometry": {"type": "LineString", "coordinates": [[72.844337, 19.1104898], [72.8442913, 19.1105115], [72.8442332, 19.1105601], [72.8442546, 19.1106716], [72.8442653, 19.1107831], [72.8442761, 19.1108947], [72.8442653, 19.1110163], [72.844201, 19.1111177], [72.8440293, 19.1111886], [72.8439542, 19.1112089], [72.8438255, 19.1111684], [72.8436967, 19.1111278], [72.8436109, 19.1111481], [72.843525, 19.1112697], [72.8434607, 19.1113407], [72.8432725, 19.1113916], [72.8431549, 19.1114142], [72.8429661, 19.1114844], [72.8427608, 19.1114833], [72.8425412, 19.1114976], [72.8423771, 19.1115232], [72.8422161, 19.1114928], [72.8420874, 19.1114218], [72.8420552, 19.1112697], [72.8420981, 19.1111278], [72.8420337, 19.1108744], [72.8419479, 19.1107223], [72.8418285, 19.1106332], [72.8416273, 19.1106737], [72.8413832, 19.1107675], [72.8412491, 19.1107371], [72.8411284, 19.1106104], [72.8409567, 19.110547], [72.8408253, 19.1104836], [72.8406, 19.1104228], [72.8403801, 19.1103569], [72.8400689, 19.1102885], [72.8396478, 19.1102378], [72.8392857, 19.1102885], [72.8390926, 19.1102505], [72.8387332, 19.1103316], [72.8383542, 19.1103819], [72.8374952, 19.1102775], [72.8361827, 19.1101151], [72.8351117, 19.1098893], [72.8346056, 19.1099121], [72.8340941, 19.110033], [72.8324319, 19.1109806], [72.8302044, 19.1121212], [72.8298844, 19.1122939], [72.8286722, 19.1129235], [72.8285081, 19.1130717], [72.8283759, 19.1133396], [72.8282525, 19.1137831], [72.8281881, 19.1142773], [72.8281962, 19.1152733], [72.8281935, 19.115917], [72.8281881, 19.1163631], [72.828113, 19.1166545], [72.8278689, 19.1169611], [72.8276731, 19.1171816], [72.827244, 19.117577], [72.8269865, 19.1178355], [72.8267236, 19.1180179], [72.8265573, 19.1181244], [72.8260048, 19.1184944], [72.8255139, 19.1189632], [72.8253643, 19.1190328], [72.8251049, 19.1191536], [72.8246123, 19.1193078]]}, "properties": {"osm_id": 73043478, "name": "Irla Nala", "waterway": "drain", "covered": "", "length_km": 2.82}}, {"type": "Feature", "geometry": {"type": "LineString", "coordinates": [[72.8271938, 19.1254172], [72.8272582, 19.1252854], [72.8273977, 19.1251435], [72.8275049, 19.1250523], [72.8276337, 19.1248698], [72.8276766, 19.124738], [72.8276873, 19.1245049], [72.8277517, 19.1243427], [72.8278054, 19.1242109], [72.8278375, 19.1239575], [72.8274743, 19.1236116], [72.8274139, 19.1233118], [72.8273795, 19.1229983], [72.8273655, 19.1228627], [72.8273333, 19.1227817], [72.8273655, 19.1225586], [72.8274942, 19.1222343], [72.8275297, 19.1221264]]}, "properties": {"osm_id": 73045106, "name": "", "waterway": "drain", "covered": "", "length_km": 0.41}}, {"type": "Feature", "geometry": {"type": "LineString", "coordinates": [[72.8342865, 19.0822945], [72.8339897, 19.0821718], [72.833395, 19.0821487], [72.8330401, 19.0821895], [72.8323474, 19.0823823], [72.8316656, 19.0828614], [72.8314798, 19.0829694], [72.8313188, 19.0826551], [72.8311901, 19.082432], [72.8310238, 19.0821482], [72.8309272, 19.0820315], [72.8307877, 19.0817578], [72.8307127, 19.0816057]]}, "properties": {"osm_id": 73064007, "name": "", "waterway": "drain", "covered": "", "length_km": 0.49}}, {"type": "Feature", "geometry": {"type": "LineString", "coordinates": [[73.0306573, 19.0977398], [73.0303733, 19.0964225], [73.0301539, 19.0951784], [73.0300765, 19.0946417], [73.0299732, 19.093544], [73.0297022, 19.0929951], [73.0293666, 19.0925804], [73.0290955, 19.0920437], [73.0289793, 19.0914582], [73.0286437, 19.0909947], [73.0278048, 19.0907019], [73.0274398, 19.090669], [73.0270949, 19.0906532], [73.0269141, 19.0908239], [73.0267593, 19.0913362], [73.0265269, 19.0914948], [73.0262301, 19.0912508], [73.0258945, 19.0908483], [73.024423, 19.0905556], [73.0239454, 19.090519], [73.0237131, 19.0907629], [73.0234291, 19.0911533], [73.0230806, 19.0911533], [73.0224482, 19.0907629], [73.0220093, 19.0908117], [73.0216819, 19.0909939], [73.0208476, 19.0914582], [73.0203443, 19.0920681], [73.0183787, 19.092121], [73.017219, 19.0920258], [73.0161602, 19.0920019], [73.0114434, 19.0922653], [73.0046393, 19.0926452], [73.0024353, 19.0925978]]}, "properties": {"osm_id": 93059030, "name": "", "waterway": "drain", "covered": "", "length_km": 3.75}}, {"type": "Feature", "geometry": {"type": "LineString", "coordinates": [[72.9729753, 19.2001497], [72.9733869, 19.1998679], [72.9737969, 19.1996743], [72.9742612, 19.199494], [72.9748486, 19.1994484], [72.9750585, 19.1994658], [72.9754854, 19.1997586], [72.9762437, 19.2000289], [72.9765545, 19.2000779], [72.976951, 19.1999275], [72.9772726, 19.1997541], [72.9773558, 19.1997436]]}, "properties": {"osm_id": 93059061, "name": "", "waterway": "drain", "covered": "", "length_km": 0.5}}, {"type": "Feature", "geometry": {"type": "LineString", "coordinates": [[72.9751564, 19.179382], [72.9753114, 19.1797079], [72.9755016, 19.1800206], [72.9757317, 19.1803444], [72.9759101, 19.1805041], [72.9761816, 19.1806953], [72.9763898, 19.1808557], [72.9764125, 19.1809252], [72.9766524, 19.1810564], [72.9767489, 19.1810615], [72.9770252, 19.1810032], [72.9774856, 19.1810083], [72.9778905, 19.1810595], [72.9782376, 19.1811299], [72.9785894, 19.1812266], [72.9799771, 19.1810695], [72.9803217, 19.1810464], [72.9810673, 19.1809373], [72.9812014, 19.1809956], [72.9812846, 19.1810944], [72.9814041, 19.1811406], [72.9818289, 19.1812026], [72.9823672, 19.180945], [72.9831913, 19.1810109], [72.9835216, 19.1810868], [72.9843235, 19.1811552]]}, "properties": {"osm_id": 93059075, "name": "", "waterway": "drain", "covered": "", "length_km": 1.08}}, {"type": "Feature", "geometry": {"type": "LineString", "coordinates": [[72.9980023, 19.1098399], [73.006737, 19.1122233]]}, "properties": {"osm_id": 93059079, "name": "", "waterway": "drain", "covered": "", "length_km": 0.96}}, {"type": "Feature", "geometry": {"type": "LineString", "coordinates": [[73.227101, 19.1760834], [73.2274229, 19.1759365], [73.2276053, 19.1757794], [73.2277716, 19.175673], [73.2279432, 19.1755412], [73.2281363, 19.1753639], [73.2282866, 19.1751815], [73.2284368, 19.1750802], [73.2285119, 19.1749636], [73.2286567, 19.1748218], [73.2287211, 19.1747812], [73.2288659, 19.1746951], [73.2290698, 19.1745482], [73.2291931, 19.1743809], [73.2293487, 19.1742087], [73.2295579, 19.1740415], [73.2297779, 19.1738489], [73.2298851, 19.1736817], [73.2300032, 19.1735551], [73.2300783, 19.1734638], [73.2302499, 19.173251], [73.2304162, 19.1730534], [73.2305289, 19.1728609], [73.2307113, 19.1726785], [73.2308078, 19.1725417], [73.2309258, 19.1724049], [73.2310439, 19.1722427], [73.231119, 19.1721262], [73.2312584, 19.1719641], [73.2313228, 19.1718475], [73.2314623, 19.171579], [73.2315803, 19.1714118], [73.2317144, 19.1712395], [73.231811, 19.1710419], [73.2318968, 19.1709355], [73.2319451, 19.1707987], [73.2319183, 19.1707125], [73.2321648, 19.1706568], [73.2321969, 19.1705555], [73.2321916, 19.1704744], [73.2322506, 19.1704541], [73.2323418, 19.1703781], [73.2324491, 19.1703173], [73.232551, 19.1702565], [73.2327495, 19.1700336], [73.2328407, 19.1699272], [73.2329801, 19.1697447], [73.2330713, 19.1696282], [73.2331625, 19.1694559], [73.2332108, 19.1693647], [73.2333235, 19.169309], [73.2334522, 19.169309], [73.2335434, 19.1693445]]}, "properties": {"osm_id": 94356754, "name": "", "waterway": "drain", "covered": "", "length_km": 1.05}}, {"type": "Feature", "geometry": {"type": "LineString", "coordinates": [[72.8798151, 19.0497534], [72.8789461, 19.0483843], [72.8789032, 19.0482931], [72.8789032, 19.0482119], [72.8789032, 19.0481409], [72.8788925, 19.0480395]]}, "properties": {"osm_id": 102239955, "name": "", "waterway": "drain", "covered": "", "length_km": 0.22}}, {"type": "Feature", "geometry": {"type": "LineString", "coordinates": [[72.8857097, 19.0737974], [72.8860121, 19.0712919], [72.8860677, 19.0710923], [72.8872994, 19.0695861], [72.8877367, 19.0693715], [72.8881071, 19.0690638], [72.88749, 19.0685017], [72.8878604, 19.067866], [72.8886865, 19.067075], [72.888494, 19.0660235]]}, "properties": {"osm_id": 102240258, "name": "", "waterway": "drain", "covered": "", "length_km": 1.03}}, {"type": "Feature", "geometry": {"type": "LineString", "coordinates": [[72.8854713, 19.0617398], [72.8853133, 19.0616212], [72.8845674, 19.0610485], [72.8832578, 19.0601094], [72.8811765, 19.0587708], [72.8809002, 19.0586441], [72.8806078, 19.0585604], [72.8804415, 19.0585047], [72.8801572, 19.0583652], [72.879901, 19.0580589], [72.8796649, 19.0578257], [72.8794396, 19.0577243], [72.8791714, 19.0575012], [72.8790212, 19.0573491], [72.8788066, 19.0571767], [72.8784955, 19.0570245], [72.8783453, 19.0568116], [72.8781951, 19.0565581], [72.8780127, 19.0563755], [72.8777552, 19.0561626], [72.877605, 19.0559293], [72.8775299, 19.0557265], [72.8775299, 19.0553209], [72.8775299, 19.0550775], [72.8775835, 19.0546921], [72.8776694, 19.0541952], [72.8778196, 19.0537186], [72.8778628, 19.053171], [72.8778625, 19.0526944], [72.877994, 19.0520491], [72.8782753, 19.0513121], [72.8780345, 19.050986], [72.8776785, 19.05063], [72.877562, 19.050092], [72.8775406, 19.0498548], [72.8776479, 19.0495303], [72.8779376, 19.0486987], [72.8780624, 19.0483053], [72.8781243, 19.0479587]]}, "properties": {"osm_id": 107213229, "name": "", "waterway": "drain", "covered": "", "length_km": 1.99}}, {"type": "Feature", "geometry": {"type": "LineString", "coordinates": [[72.8911034, 19.0653509], [72.890479, 19.0655409], [72.888494, 19.0660235]]}, "properties": {"osm_id": 107213240, "name": "", "waterway": "drain", "covered": "", "length_km": 0.28}}, {"type": "Feature", "geometry": {"type": "LineString", "coordinates": [[72.8824181, 19.0682148], [72.8825671, 19.0680044], [72.8827574, 19.0676964], [72.8829972, 19.0670879], [72.8830948, 19.0668502], [72.8832577, 19.0667396], [72.8838063, 19.0655426], [72.8847836, 19.0632936], [72.8850723, 19.0627642], [72.8854713, 19.0617398]]}, "properties": {"osm_id": 107213252, "name": "", "waterway": "drain", "covered": "", "length_km": 0.79}}, {"type": "Feature", "geometry": {"type": "LineString", "coordinates": [[72.902607, 19.0871233], [72.9025195, 19.0860176], [72.9024411, 19.08452], [72.9021463, 19.0845331], [72.9020726, 19.0844547], [72.9018932, 19.0840345], [72.9016995, 19.083571], [72.9015582, 19.0832411], [72.9015031, 19.0829992], [72.9013232, 19.0822857], [72.9014316, 19.0819094], [72.9001611, 19.0811319], [72.8998568, 19.0808892], [72.8983104, 19.0796568], [72.8981111, 19.0794321], [72.897991, 19.0791929], [72.8979359, 19.0783729], [72.898263, 19.078029], [72.8980649, 19.0778374], [72.8979175, 19.0777068], [72.8977977, 19.0774978], [72.8976917, 19.0773933], [72.8963789, 19.0764486], [72.8962268, 19.0762658], [72.8962038, 19.0760873], [72.896881, 19.0741455], [72.8968764, 19.0739017], [72.8957155, 19.0723126], [72.8956694, 19.0720645], [72.894785, 19.0708802], [72.8927396, 19.0679344], [72.8912045, 19.06571]]}, "properties": {"osm_id": 122187977, "name": "", "waterway": "drain", "covered": "", "length_km": 2.91}}, {"type": "Feature", "geometry": {"type": "LineString", "coordinates": [[72.9250655, 19.0674466], [72.9249777, 19.0674114], [72.9245157, 19.0674885], [72.9237346, 19.0676746], [72.9227772, 19.0680533], [72.9221596, 19.068084], [72.9216016, 19.0681818], [72.9214029, 19.0682191]]}, "properties": {"osm_id": 122284111, "name": "", "waterway": "drain", "covered": "", "length_km": 0.4}}, {"type": "Feature", "geometry": {"type": "LineString", "coordinates": [[72.9187254, 19.0446801], [72.9224424, 19.0436785], [72.9226761, 19.0436682], [72.9228663, 19.0437144], [72.9233011, 19.0441305], [72.9233663, 19.0443052], [72.9233699, 19.0443263], [72.9234423, 19.0447469], [72.9234471, 19.0448433], [72.9234967, 19.0458359], [72.9235782, 19.0460722], [72.9239761, 19.0469732], [72.9241765, 19.0472752], [72.9244015, 19.0474288], [72.9248179, 19.0483996], [72.9252357, 19.0490104], [72.9247629, 19.0492313], [72.925002, 19.0496166], [72.9251215, 19.0499761], [72.9251417, 19.0504191]]}, "properties": {"osm_id": 122284112, "name": "", "waterway": "drain", "covered": "", "length_km": 1.31}}, {"type": "Feature", "geometry": {"type": "LineString", "coordinates": [[72.9251417, 19.0504191], [72.9253389, 19.0509059], [72.9255657, 19.051442], [72.9258443, 19.0525609], [72.9259719, 19.053647], [72.9259835, 19.0538378], [72.9260164, 19.053991], [72.9261653, 19.0550761], [72.9262117, 19.0554271], [72.9263753, 19.0556185], [72.9266051, 19.0556922], [72.9269374, 19.0556845], [72.9272985, 19.0555836], [72.9277376, 19.0555061], [72.9281028, 19.0554867], [72.9284023, 19.0555526], [72.9287388, 19.0557582], [72.9293461, 19.0560917], [72.9294323, 19.0561887]]}, "properties": {"osm_id": 122284114, "name": "", "waterway": "drain", "covered": "", "length_km": 0.95}}, {"type": "Feature", "geometry": {"type": "LineString", "coordinates": [[73.1934651, 19.1897742], [73.1932444, 19.1900253], [73.1930743, 19.1903751], [73.1928741, 19.1906587], [73.1925337, 19.190999], [73.1921934, 19.1914055], [73.1919531, 19.1918404], [73.1917029, 19.1922091], [73.1914927, 19.192644], [73.1913425, 19.1928614], [73.1910823, 19.1930883], [73.1909822, 19.1932774], [73.1906919, 19.1933246], [73.1903215, 19.1932963], [73.1901914, 19.193457], [73.1901013, 19.1937784], [73.1899411, 19.1939675], [73.1896509, 19.1942133], [73.18876, 19.1950735], [73.186748, 19.1968508], [73.1856168, 19.1981081], [73.1850763, 19.1986847], [73.1846158, 19.1991385], [73.1843656, 19.199545], [73.183815, 19.1999514], [73.1823035, 19.2015112], [73.1819832, 19.201757], [73.181753, 19.2020973], [73.1815828, 19.2023525], [73.1813826, 19.2025889], [73.1811123, 19.2028157], [73.180722, 19.20326], [73.1803616, 19.203468], [73.1798511, 19.2039312], [73.1794607, 19.2043944], [73.1786799, 19.2051033], [73.1782495, 19.2056043], [73.177749, 19.2060675], [73.1764108, 19.2073541], [73.1763595, 19.2075525], [73.1762929, 19.2077122], [73.1760725, 19.2078042], [73.1757804, 19.2078284], [73.1755088, 19.2080123], [73.1753191, 19.2082543], [73.1750731, 19.2084431], [73.1748784, 19.2084576], [73.1746231, 19.208435]]}, "properties": {"osm_id": 122595296, "name": "", "waterway": "drain", "covered": "", "length_km": 2.94}}, {"type": "Feature", "geometry": {"type": "LineString", "coordinates": [[72.9610859, 19.1647286], [72.9612954, 19.1646334], [72.9613383, 19.1645815], [72.9613383, 19.1645435], [72.9613657, 19.1634871], [72.9614162, 19.163333], [72.961553, 19.1631454]]}, "properties": {"osm_id": 124864446, "name": "", "waterway": "drain", "covered": "", "length_km": 0.2}}, {"type": "Feature", "geometry": {"type": "LineString", "coordinates": [[72.9462556, 19.1725219], [72.9465611, 19.1722947], [72.9466331, 19.1716213], [72.9467594, 19.1713253], [72.9468996, 19.1711255], [72.9470108, 19.1709103], [72.9470701, 19.1708269], [72.9476684, 19.1699855], [72.947773, 19.1699677], [72.947942, 19.1700285], [72.9480466, 19.1700184], [72.9484624, 19.1696257], [72.9493904, 19.1693926], [72.9495057, 19.1693318], [72.9495755, 19.1692305], [72.9498893, 19.1685908]]}, "properties": {"osm_id": 124864460, "name": "Nane Pada Nalla", "waterway": "drain", "covered": "", "length_km": 0.64}}, {"type": "Feature", "geometry": {"type": "LineString", "coordinates": [[72.9592236, 19.1573443], [72.9600819, 19.1569132], [72.9603367, 19.1568721], [72.9605107, 19.1568251], [72.960927, 19.1565492], [72.9615671, 19.1564612], [72.9627354, 19.1561383], [72.9638291, 19.1561735], [72.9644381, 19.1562557], [72.9647301, 19.1563203], [72.9652149, 19.1562616], [72.9656001, 19.1559387], [72.9668243, 19.1551169], [72.9687214, 19.1531948], [72.9685801, 19.1524199], [72.968757, 19.1520468]]}, "properties": {"osm_id": 124864462, "name": "Nane pada nalla", "waterway": "drain", "covered": "", "length_km": 1.3}}, {"type": "Feature", "geometry": {"type": "LineString", "coordinates": [[72.8304312, 19.0852132], [72.8303806, 19.0850025], [72.8299202, 19.083495], [72.8296838, 19.083048], [72.8288715, 19.0821824], [72.8281862, 19.0822109], [72.8281291, 19.0821635], [72.8278577, 19.0815969], [72.8277802, 19.0810417], [72.8273991, 19.0800149], [72.8270711, 19.0799067], [72.8266784, 19.0796645], [72.8264503, 19.0792171], [72.826273, 19.0786277], [72.8261166, 19.0782925], [72.8257842, 19.0780235], [72.8254581, 19.077876], [72.8251083, 19.0781146], [72.8247749, 19.0785477], [72.8245872, 19.0788186], [72.8239117, 19.0797639], [72.8230273, 19.0807101]]}, "properties": {"osm_id": 125288007, "name": "", "waterway": "drain", "covered": "", "length_km": 1.46}}, {"type": "Feature", "geometry": {"type": "LineString", "coordinates": [[72.888494, 19.0660235], [72.8880656, 19.0651776], [72.8875399, 19.0642345], [72.8871274, 19.0635241], [72.8865589, 19.0627649], [72.8863174, 19.0625259], [72.886145, 19.0623817], [72.8861136, 19.0622267], [72.8860676, 19.062124], [72.8854713, 19.0617398]]}, "properties": {"osm_id": 125344254, "name": "", "waterway": "drain", "covered": "", "length_km": 0.58}}, {"type": "Feature", "geometry": {"type": "LineString", "coordinates": [[72.8896319, 19.0710555], [72.8884641, 19.0701831], [72.8888055, 19.0697839], [72.8881071, 19.0690638]]}, "properties": {"osm_id": 125344258, "name": "", "waterway": "drain", "covered": "", "length_km": 0.32}}, {"type": "Feature", "geometry": {"type": "LineString", "coordinates": [[72.8854887, 19.0824254], [72.8895787, 19.0804116], [72.889658, 19.0802124], [72.8896224, 19.0794371], [72.8898027, 19.0787149], [72.890493, 19.0774481]]}, "properties": {"osm_id": 125344259, "name": "", "waterway": "drain", "covered": "", "length_km": 0.84}}, {"type": "Feature", "geometry": {"type": "LineString", "coordinates": [[72.8854819, 19.1900437], [72.8854412, 19.1896111], [72.8853393, 19.1895098], [72.8846204, 19.1895402], [72.8842717, 19.1897986], [72.8837031, 19.1898239], [72.8828072, 19.1896871], [72.881434, 19.1897175], [72.8808975, 19.1897074], [72.8806293, 19.189373], [72.8800928, 19.1890387], [72.8797281, 19.1889373], [72.8791165, 19.1889272], [72.8786337, 19.1893325], [72.8782046, 19.1893832], [72.8775502, 19.1895806], [72.8770233, 19.1897024], [72.8763996, 19.1899665], [72.8758674, 19.1901493], [72.8751899, 19.1904387], [72.8747275, 19.1905453], [72.8738404, 19.1906571], [72.8732167, 19.1908195], [72.8730662, 19.1908754], [72.8728833, 19.1911852], [72.8727049, 19.1913052], [72.8724337, 19.1914877], [72.8720003, 19.1917247], [72.8715669, 19.192213], [72.8710346, 19.1925074], [72.8703883, 19.1927659], [72.869666, 19.1930604], [72.8690729, 19.1931681], [72.8681085, 19.1933835], [72.8679201, 19.1935415], [72.8677879, 19.1938], [72.8676516, 19.1940274], [72.867575, 19.1945612], [72.8672488, 19.1946045], [72.8668678, 19.1947048], [72.8667994, 19.194949], [72.8666853, 19.1956814], [72.8662077, 19.1970116], [72.8661809, 19.1970819], [72.8660618, 19.1975628], [72.8658261, 19.1979434], [72.8654687, 19.1981947], [72.8655296, 19.1985609], [72.8657729, 19.1987261], [72.8660314, 19.1991282], [72.8662595, 19.1994154], [72.8664876, 19.1998463], [72.8665109, 19.2004214]]}, "properties": {"osm_id": 150350582, "name": "Boisar Drain", "waterway": "drain", "covered": "", "length_km": 2.98}}, {"type": "Feature", "geometry": {"type": "LineString", "coordinates": [[72.8462316, 19.2072155], [72.8464504, 19.2082784], [72.846509, 19.2087245]]}, "properties": {"osm_id": 150350602, "name": "", "waterway": "drain", "covered": "", "length_km": 0.17}}, {"type": "Feature", "geometry": {"type": "LineString", "coordinates": [[72.86959, 19.1809981], [72.8692215, 19.1810452], [72.8687377, 19.181038], [72.8686763, 19.1809582], [72.8682425, 19.1808494], [72.8676777, 19.1807376], [72.8676014, 19.1807225], [72.8671683, 19.1808365], [72.8668064, 19.1810318], [72.8663692, 19.1812538], [72.8661436, 19.1814092], [72.8660167, 19.1816844], [72.8658945, 19.1822793], [72.8658522, 19.1829407], [72.8658522, 19.1837753], [72.8657911, 19.1839484], [72.8654104, 19.1839795], [72.8653446, 19.1840949], [72.8654339, 19.1844545], [72.8655561, 19.1855732], [72.8655691, 19.1856587], [72.8656924, 19.1864699], [72.8656953, 19.186559]]}, "properties": {"osm_id": 150492454, "name": "", "waterway": "drain", "covered": "", "length_km": 1.01}}, {"type": "Feature", "geometry": {"type": "LineString", "coordinates": [[73.0034891, 19.1298028], [73.0034201, 19.1297717], [73.0031331, 19.1297008], [73.003066, 19.1296526], [73.0028125, 19.129145], [73.0023595, 19.128338], [73.0023292, 19.1274432], [73.0022195, 19.1271527], [73.0019026, 19.1268238], [73.0016702, 19.126447], [73.0014506, 19.1258452], [73.0014911, 19.1244962], [73.0016483, 19.1213416], [73.0017142, 19.1191416], [72.9996645, 19.1132557], [72.9997104, 19.1127851]]}, "properties": {"osm_id": 151777065, "name": "", "waterway": "drain", "covered": "", "length_km": 2.0}}, {"type": "Feature", "geometry": {"type": "LineString", "coordinates": [[72.9608752, 19.1764728], [72.9620468, 19.1776094], [72.962321, 19.1778845], [72.9623423, 19.1778946], [72.9623642, 19.1778934], [72.9623852, 19.1778841]]}, "properties": {"osm_id": 151861335, "name": "", "waterway": "drain", "covered": "", "length_km": 0.23}}, {"type": "Feature", "geometry": {"type": "LineString", "coordinates": [[72.8465724, 19.1902903], [72.8461033, 19.1902035], [72.845934, 19.1900208], [72.8454645, 19.1899999], [72.8449059, 19.1897355], [72.8445031, 19.1895733], [72.8443428, 19.1895503], [72.8439801, 19.1895823], [72.8436657, 19.1894544], [72.8433406, 19.1892904], [72.8432358, 19.1891952], [72.8430988, 19.189112], [72.8426065, 19.1890296], [72.8424449, 19.1890208], [72.8418684, 19.1888837], [72.8412018, 19.1889243], [72.8409329, 19.1893102], [72.8408391, 19.1893376], [72.8404813, 19.1894422], [72.8398323, 19.1895133], [72.8394673, 19.1893123], [72.8393211, 19.1888245]]}, "properties": {"osm_id": 152193376, "name": "", "waterway": "drain", "covered": "", "length_km": 0.87}}, {"type": "Feature", "geometry": {"type": "LineString", "coordinates": [[72.8585503, 19.1893266], [72.8580346, 19.1894273], [72.8577828, 19.1896546], [72.8574628, 19.1898461], [72.8572604, 19.1899717], [72.8572328, 19.1900042], [72.857022, 19.1901945], [72.8569002, 19.1903134], [72.8567832, 19.1904317], [72.856609, 19.1906941], [72.8563979, 19.1907982], [72.8561616, 19.190953], [72.8558592, 19.1908816], [72.8554084, 19.1908368], [72.855297, 19.1909294], [72.8550029, 19.1911693], [72.8546599, 19.1912071], [72.8541118, 19.1912198], [72.8538935, 19.1910683], [72.8535148, 19.1911272], [72.8530648, 19.1911104], [72.8522494, 19.1911019], [72.8518484, 19.1909294], [72.8513761, 19.1906475], [72.8511578, 19.1905381], [72.8505741, 19.1904034], [72.8497645, 19.1903634], [72.8496678, 19.1900756]]}, "properties": {"osm_id": 152193378, "name": "", "waterway": "drain", "covered": "", "length_km": 1.06}}, {"type": "Feature", "geometry": {"type": "LineString", "coordinates": [[72.8286883, 19.0097807], [72.828553, 19.0098471], [72.8278462, 19.0103784], [72.8274312, 19.0105524], [72.8266366, 19.0105265], [72.8263468, 19.0105326], [72.8261536, 19.0105098], [72.8258505, 19.0104997], [72.8255931, 19.0103298], [72.8255823, 19.0101827], [72.825357, 19.0100889]]}, "properties": {"osm_id": 152203352, "name": "", "waterway": "drain", "covered": "yes", "length_km": 0.4}}, {"type": "Feature", "geometry": {"type": "LineString", "coordinates": [[72.9098348, 19.0606754], [72.9098251, 19.0607717], [72.9094873, 19.060884], [72.9095086, 19.0609669], [72.9098743, 19.0612625], [72.9101067, 19.0619741], [72.910297, 19.0621632], [72.9102965, 19.0624551], [72.9102456, 19.0631477], [72.9101758, 19.0633474], [72.910105, 19.0634447], [72.9098573, 19.0636367], [72.9097983, 19.0636911]]}, "properties": {"osm_id": 152633777, "name": "", "waterway": "drain", "covered": "", "length_km": 0.41}}, {"type": "Feature", "geometry": {"type": "LineString", "coordinates": [[72.8998978, 19.0720765], [72.9016265, 19.0728831], [72.9021299, 19.0726637], [72.9026985, 19.0738247], [72.9031513, 19.0735626], [72.9037933, 19.0728444], [72.9044406, 19.0725444], [72.9049178, 19.0720701], [72.9051885, 19.071801], [72.9054451, 19.0716142], [72.905665, 19.0715534], [72.9059708, 19.0715787], [72.9072023, 19.0718762], [72.9073381, 19.0718674], [72.9077269, 19.0715708], [72.9085511, 19.070482], [72.9087388, 19.0703569], [72.9089445, 19.0703271], [72.9097313, 19.0703757], [72.9099995, 19.0703594], [72.9101577, 19.0702808], [72.9103482, 19.0700197], [72.9103911, 19.0696901], [72.9103729, 19.0691054], [72.9104103, 19.0681671], [72.9104525, 19.067512], [72.91108, 19.066401], [72.9115156, 19.0658477], [72.9118762, 19.0655954], [72.9123128, 19.0653956], [72.9127789, 19.0653419]]}, "properties": {"osm_id": 153950472, "name": "Somaiyya Nalla", "waterway": "drain", "covered": "", "length_km": 2.05}}, {"type": "Feature", "geometry": {"type": "LineString", "coordinates": [[72.9751891, 19.2100651], [72.9753301, 19.2099627], [72.9754247, 19.2098257], [72.97544, 19.2097436], [72.9754347, 19.2096613], [72.9753247, 19.2094346], [72.9753019, 19.2092725], [72.9752764, 19.2085655], [72.9753394, 19.2082112], [72.9756302, 19.2077911], [72.9756989, 19.2077489], [72.9757807, 19.2077477], [72.9759778, 19.207849], [72.9761454, 19.2078832], [72.9762536, 19.2078373], [72.9763225, 19.2077793], [72.9763332, 19.2077071], [72.9763064, 19.2074792], [72.9763198, 19.2074032], [72.9763727, 19.2072882], [72.9770869, 19.2060709], [72.9773606, 19.2056553], [72.9773967, 19.2056276], [72.9774463, 19.20562], [72.9777387, 19.20563], [72.9782966, 19.2062051], [72.9785872, 19.2066319], [72.9790423, 19.2070333], [72.9798197, 19.2073977], [72.9802384, 19.2078618], [72.9806013, 19.2081277], [72.98162, 19.2087488], [72.9821124, 19.2096233], [72.9823243, 19.2097869], [72.9823601, 19.2098145], [72.9827034, 19.2100779], [72.9830414, 19.2103008], [72.9835027, 19.2104325], [72.9843122, 19.210433], [72.9859693, 19.2101748], [72.9859543, 19.2095486], [72.9860221, 19.2091466], [72.9861742, 19.2088267], [72.9865995, 19.2084674], [72.9870567, 19.2082011], [72.987171, 19.2080881], [72.9872096, 19.2077173], [72.9871224, 19.2075292], [72.9868479, 19.2072688], [72.9867583, 19.2069385], [72.9868788, 19.2063074], [72.9868715, 19.2060618], [72.9864693, 19.20523], [72.9863366, 19.2047625], [72.9863593, 19.204351], [72.9863398, 19.2039489], [72.9865802, 19.2032749], [72.9868972, 19.202747], [72.9871872, 19.2024455], [72.9876307, 19.2020675], [72.9878505, 19.2018812], [72.988173, 19.2012698], [72.9883908, 19.2010636]]}, "properties": {"osm_id": 204345415, "name": "", "waterway": "drain", "covered": "", "length_km": 2.92}}, {"type": "Feature", "geometry": {"type": "LineString", "coordinates": [[73.0821991, 19.2351845], [73.0819747, 19.235673], [73.0817413, 19.2360731], [73.0813846, 19.2364226], [73.0808213, 19.2369874], [73.080425, 19.237328], [73.07921, 19.2383581], [73.0775704, 19.2390452], [73.0762289, 19.2398943]]}, "properties": {"osm_id": 204348776, "name": "", "waterway": "drain", "covered": "", "length_km": 0.84}}, {"type": "Feature", "geometry": {"type": "LineString", "coordinates": [[72.8206746, 18.9920142], [72.8162456, 18.9906778], [72.8159854, 18.990622], [72.8157601, 18.9906169], [72.815567, 18.9906245], [72.8153002, 18.9907645], [72.814633, 18.992632], [72.814497, 18.9927863], [72.8136577, 18.9929325], [72.8127292, 18.9929591], [72.8118836, 18.992958], [72.8114507, 18.9929721]]}, "properties": {"osm_id": 204352210, "name": "", "waterway": "drain", "covered": "", "length_km": 1.16}}, {"type": "Feature", "geometry": {"type": "LineString", "coordinates": [[72.8172426, 18.985496], [72.8153002, 18.9907645]]}, "properties": {"osm_id": 204352216, "name": "", "waterway": "drain", "covered": "", "length_km": 0.62}}, {"type": "Feature", "geometry": {"type": "LineString", "coordinates": [[72.8789002, 19.099912], [72.876966, 19.1006163], [72.8767648, 19.1006769]]}, "properties": {"osm_id": 204352217, "name": "", "waterway": "drain", "covered": "", "length_km": 0.24}}, {"type": "Feature", "geometry": {"type": "LineString", "coordinates": [[72.8288198, 19.2201926], [72.8290544, 19.2201901], [72.8290893, 19.2201901], [72.8291202, 19.2201761], [72.8291367, 19.2201267], [72.8291287, 19.2197799], [72.8291127, 19.2194742]]}, "properties": {"osm_id": 212374939, "name": "", "waterway": "drain", "covered": "", "length_km": 0.11}}, {"type": "Feature", "geometry": {"type": "LineString", "coordinates": [[72.950219, 19.2053974], [72.9503211, 19.2053338], [72.9503654, 19.2053059], [72.9504324, 19.2052654], [72.950474, 19.2052502], [72.9505236, 19.205254], [72.9505572, 19.2052844], [72.9506041, 19.2053085], [72.9506752, 19.2052958], [72.9507852, 19.2052717], [72.9508992, 19.2052452], [72.9511485, 19.2051793], [72.9511969, 19.205159], [72.9512418, 19.2051331], [72.9513008, 19.205109], [72.9513719, 19.2051027], [72.9514658, 19.2051065], [72.9515482, 19.2051343], [72.9516106, 19.2051603], [72.9517233, 19.2051628], [72.9519171, 19.2051362], [72.9520337, 19.2051261], [72.9521893, 19.2051299], [72.9523652, 19.2050797], [72.9524381, 19.2050305], [72.9525326, 19.2049615], [72.9526104, 19.2048931], [72.9527164, 19.2048364], [72.9528856, 19.204748], [72.9529685, 19.2047031], [72.9530838, 19.2046309], [72.9531991, 19.2045765], [72.9533279, 19.2045448], [72.95347, 19.204541], [72.9536189, 19.204484], [72.9537986, 19.2043839]]}, "properties": {"osm_id": 213074145, "name": "", "waterway": "drain", "covered": "", "length_km": 0.41}}, {"type": "Feature", "geometry": {"type": "LineString", "coordinates": [[72.9778908, 19.1894998], [72.9781152, 19.1894499], [72.9783153, 19.1894741], [72.978477, 19.1894257], [72.978754, 19.1892367], [72.9788849, 19.1892124], [72.9790465, 19.1892197], [72.979321, 19.1891446], [72.9797852, 19.1890006]]}, "properties": {"osm_id": 213377571, "name": "", "waterway": "drain", "covered": "", "length_km": 0.21}}, {"type": "Feature", "geometry": {"type": "LineString", "coordinates": [[72.9371146, 19.1638372], [72.9370596, 19.1633236], [72.9372744, 19.1628206], [72.9373288, 19.1627102], [72.9376236, 19.1626332]]}, "properties": {"osm_id": 214042082, "name": "", "waterway": "drain", "covered": "", "length_km": 0.16}}, {"type": "Feature", "geometry": {"type": "LineString", "coordinates": [[72.9553449, 19.181254], [72.9552993, 19.1807853], [72.9551116, 19.1807119], [72.9550338, 19.1804611], [72.9550043, 19.1801748], [72.9552215, 19.1793819], [72.9551652, 19.1791488], [72.9550902, 19.1789994], [72.9550578, 19.1789348], [72.9549935, 19.1788068], [72.9547548, 19.1784116], [72.9544088, 19.1778466], [72.954194, 19.1772954], [72.9540598, 19.177157], [72.9539445, 19.1770476], [72.9538509, 19.1769448], [72.953749, 19.1769169], [72.9534915, 19.1768941]]}, "properties": {"osm_id": 214670752, "name": "", "waterway": "drain", "covered": "", "length_km": 0.57}}, {"type": "Feature", "geometry": {"type": "LineString", "coordinates": [[72.8912045, 19.06571], [72.8942478, 19.0648548], [72.8969556, 19.0642051], [72.8984332, 19.0638239]]}, "properties": {"osm_id": 219943422, "name": "", "waterway": "drain", "covered": "", "length_km": 0.79}}, {"type": "Feature", "geometry": {"type": "LineString", "coordinates": [[72.8616091, 19.0456586], [72.8619343, 19.046251], [72.8621969, 19.0470128], [72.8644782, 19.0504296], [72.8648852, 19.0510036], [72.8662478, 19.0530365]]}, "properties": {"osm_id": 219943423, "name": "", "waterway": "drain", "covered": "", "length_km": 0.96}}, {"type": "Feature", "geometry": {"type": "LineString", "coordinates": [[72.896268, 19.0206401], [72.8942744, 19.0205483], [72.8923385, 19.0204632], [72.8899869, 19.020378], [72.8899129, 19.0202863], [72.889876, 19.019939], [72.8896354, 19.0194795], [72.8891073, 19.0194975], [72.8878475, 19.0202314], [72.8864604, 19.0202735], [72.8858495, 19.0192569], [72.8857605, 19.0182282], [72.8856777, 19.0161469], [72.8855314, 19.0158461], [72.8848356, 19.0161168]]}, "properties": {"osm_id": 219948753, "name": "", "waterway": "drain", "covered": "", "length_km": 1.72}}, {"type": "Feature", "geometry": {"type": "LineString", "coordinates": [[72.8951534, 19.0309924], [72.8950515, 19.0309265], [72.8950435, 19.0308936], [72.8951012, 19.0305779], [72.8950918, 19.030479], [72.8949644, 19.0302622], [72.8948638, 19.0301861], [72.8931202, 19.0300975], [72.892837, 19.0299231], [72.8925866, 19.0292173], [72.8922026, 19.0289495], [72.8917707, 19.0288559], [72.8910283, 19.029009], [72.8889677, 19.0288516], [72.8883918, 19.0286305], [72.8880363, 19.0281328], [72.8862142, 19.0266527], [72.8842767, 19.0252339], [72.8840591, 19.0250746], [72.8835608, 19.0234033], [72.8834753, 19.0231164], [72.8834112, 19.0229011]]}, "properties": {"osm_id": 219948754, "name": "", "waterway": "drain", "covered": "", "length_km": 1.72}}, {"type": "Feature", "geometry": {"type": "LineString", "coordinates": [[72.9486481, 19.1569113], [72.9486481, 19.1568806], [72.9486598, 19.156861], [72.9489908, 19.1567665], [72.9496288, 19.1566257], [72.9494914, 19.1560719], [72.9495206, 19.1557872], [72.9496773, 19.155483], [72.9497399, 19.1553564], [72.9498069, 19.1552426], [72.9499084, 19.1551158], [72.9500234, 19.1550145], [72.9501974, 19.1549198], [72.9506028, 19.1548118], [72.9509069, 19.154682], [72.9510431, 19.1546064], [72.9511568, 19.1545053], [72.9512358, 19.1543557], [72.9513013, 19.154269], [72.9514097, 19.1541824], [72.9515698, 19.1541554], [72.9518735, 19.1541653], [72.9520051, 19.1541809], [72.9521638, 19.1541581], [72.952538, 19.1540332], [72.9528987, 19.1538743], [72.9530664, 19.1537375], [72.9532161, 19.1535795], [72.9533883, 19.1534598], [72.9535335, 19.1532953], [72.9535814, 19.1531905], [72.9535955, 19.1530622], [72.9535987, 19.1529503], [72.9536176, 19.1528405], [72.9536798, 19.1527478], [72.9537601, 19.1526764], [72.9540716, 19.1524362], [72.9542657, 19.1522906], [72.9543695, 19.1522049], [72.954453, 19.1520682], [72.9545161, 19.1518496], [72.9545566, 19.1517573], [72.9546197, 19.1516736]]}, "properties": {"osm_id": 219949130, "name": "", "waterway": "drain", "covered": "", "length_km": 0.97}}, {"type": "Feature", "geometry": {"type": "LineString", "coordinates": [[72.9188944, 19.0948796], [72.9189856, 19.0942206], [72.9190826, 19.093259], [72.9190848, 19.0932372], [72.9190169, 19.0929573], [72.9189525, 19.0927494], [72.9188131, 19.092719], [72.9185878, 19.0926937], [72.9183035, 19.0926683], [72.9180352, 19.0925974], [72.9178582, 19.0924757], [72.9176275, 19.0923388], [72.9175417, 19.0921614], [72.9174344, 19.0918927], [72.9173486, 19.0916798], [72.9173379, 19.0915784], [72.9173969, 19.091472], [72.9174612, 19.0913807], [72.9176275, 19.0911577], [72.9176704, 19.0910816], [72.9176812, 19.0909752], [72.917708, 19.0906152], [72.917708, 19.090377], [72.9177241, 19.0901995], [72.9178825, 19.089234], [72.9179601, 19.0889372], [72.9179977, 19.0888511], [72.9179977, 19.088775], [72.9178958, 19.0886939], [72.9176865, 19.0884861], [72.917574, 19.0882986], [72.9175419, 19.0881871], [72.9175365, 19.0881288], [72.9175043, 19.0879666], [72.917472, 19.0878625], [72.9175149, 19.0877966], [72.9175685, 19.0876699], [72.9176275, 19.0875432], [72.9176919, 19.0873961], [72.9177563, 19.0873049], [72.9177992, 19.0872136], [72.9178367, 19.0871528], [72.9178475, 19.087021], [72.917767, 19.0868943], [72.9174352, 19.0864842], [72.9173486, 19.0863772], [72.9173432, 19.0862707], [72.9173539, 19.0861845], [72.9173861, 19.0860933], [72.9174183, 19.0859767], [72.9174237, 19.0858195], [72.91737, 19.0857131], [72.9172735, 19.0856066], [72.9167692, 19.0850743], [72.9167531, 19.084978], [72.916737, 19.0848462], [72.9167585, 19.0847194], [72.9171608, 19.0834013], [72.9172574, 19.0828994], [72.9172574, 19.0826764], [72.9171769, 19.0824026], [72.9170804, 19.0821238], [72.916957, 19.0818855], [72.9168604, 19.0816422], [72.9168229, 19.0813988], [72.9168121, 19.0811606], [72.9168872, 19.0809527], [72.916898, 19.0807803], [72.916957, 19.0806333], [72.9170053, 19.0804812], [72.9170911, 19.0802886], [72.917193, 19.0802024], [72.91759, 19.0796346], [72.9176758, 19.0794014], [72.9177938, 19.0791479], [72.9177777, 19.078864], [72.9180191, 19.0778602], [72.9181184, 19.0776244], [72.9182176, 19.0774343], [72.9183383, 19.0771884], [72.9184107, 19.0769958], [72.9190518, 19.0765065], [72.9203661, 19.0757283], [72.9214685, 19.0752492], [72.921685, 19.0752296], [72.9223375, 19.0751706]]}, "properties": {"osm_id": 222971844, "name": "", "waterway": "drain", "covered": "", "length_km": 2.71}}, {"type": "Feature", "geometry": {"type": "LineString", "coordinates": [[72.9626547, 19.1776384], [72.9626678, 19.1776163], [72.962675, 19.177584], [72.9626719, 19.1775211], [72.9626785, 19.1774789], [72.9626967, 19.1774316], [72.9627228, 19.1773903], [72.9629253, 19.1771533], [72.9629955, 19.1770868], [72.9630784, 19.1770251], [72.9632366, 19.1769196], [72.963866, 19.1764762], [72.9640747, 19.1763418], [72.9648412, 19.175916], [72.9661599, 19.1754795], [72.9665206, 19.1752027], [72.9665705, 19.1749275], [72.9668024, 19.1736484], [72.967242, 19.1723602], [72.9673772, 19.1718812], [72.9673998, 19.1711466], [72.967388, 19.1708747], [72.9672164, 19.1705656], [72.967915, 19.1701934], [72.9682624, 19.1698411], [72.9684555, 19.1699323], [72.9686272, 19.1701248], [72.9687077, 19.1706214], [72.9688257, 19.1708494], [72.9690295, 19.1710166], [72.9693031, 19.1709457], [72.969902, 19.1705078], [72.9702687, 19.1703326], [72.970815, 19.1702097], [72.9713845, 19.1701552], [72.9718029, 19.1698512], [72.9721677, 19.169233], [72.972393, 19.1691064], [72.9731601, 19.1688885], [72.9734659, 19.1686605], [72.9736161, 19.1681234], [72.9735732, 19.1676623], [72.9735088, 19.1666032], [72.9734069, 19.1658837], [72.973187, 19.1652655], [72.9729778, 19.1645663], [72.9728222, 19.1640545], [72.9729027, 19.1633046], [72.9730368, 19.1627168]]}, "properties": {"osm_id": 235485185, "name": "", "waterway": "drain", "covered": "", "length_km": 2.57}}, {"type": "Feature", "geometry": {"type": "LineString", "coordinates": [[72.8423246, 19.0542246], [72.8423928, 19.0537252], [72.8427931, 19.0526921], [72.8429338, 19.0524572], [72.8431911, 19.0523574], [72.8442819, 19.0527586], [72.844471, 19.0527981], [72.8445418, 19.0526999]]}, "properties": {"osm_id": 235500048, "name": "", "waterway": "drain", "covered": "", "length_km": 0.39}}, {"type": "Feature", "geometry": {"type": "LineString", "coordinates": [[72.8435897, 19.0552714], [72.843631, 19.0551413]]}, "properties": {"osm_id": 235500049, "name": "", "waterway": "drain", "covered": "", "length_km": 0.02}}, {"type": "Feature", "geometry": {"type": "LineString", "coordinates": [[72.9299037, 19.1247887], [72.9299501, 19.1242489], [72.9301824, 19.1238013], [72.9306608, 19.123652], [72.9311579, 19.1231342], [72.9311718, 19.122906], [72.9317664, 19.1227524], [72.9323191, 19.1221379], [72.9327372, 19.122015], [72.9329588, 19.1220851]]}, "properties": {"osm_id": 235940607, "name": "", "waterway": "drain", "covered": "", "length_km": 0.5}}, {"type": "Feature", "geometry": {"type": "LineString", "coordinates": [[72.9321488, 19.1152349], [72.9321738, 19.1154795], [72.9325706, 19.1188746], [72.9325312, 19.1193835], [72.9327808, 19.1216428], [72.9329588, 19.1220851]]}, "properties": {"osm_id": 235940608, "name": "", "waterway": "drain", "covered": "", "length_km": 0.77}}, {"type": "Feature", "geometry": {"type": "LineString", "coordinates": [[72.9397322, 19.1399645], [72.9403427, 19.1407295], [72.9404424, 19.1435309], [72.9406366, 19.1441071]]}, "properties": {"osm_id": 235940611, "name": "", "waterway": "drain", "covered": "", "length_km": 0.49}}, {"type": "Feature", "geometry": {"type": "LineString", "coordinates": [[72.9653411, 19.180251], [72.9653656, 19.1800887], [72.9652208, 19.1799036], [72.9649343, 19.1796634], [72.9649714, 19.1795934], [72.9650403, 19.1795376], [72.9652745, 19.1795035], [72.9654149, 19.1793461], [72.965547, 19.1791502], [72.9655612, 19.1789338], [72.9654595, 19.1788296], [72.9651581, 19.1787168], [72.9651752, 19.1785991], [72.9652721, 19.178432], [72.9653539, 19.1783109], [72.9653743, 19.1781774], [72.9653528, 19.1778791], [72.9654172, 19.177762], [72.9656419, 19.1777276], [72.9658464, 19.1777911], [72.9660199, 19.1779112], [72.966242, 19.1780216], [72.9665949, 19.1780084], [72.9668629, 19.1777695], [72.9670276, 19.1776039], [72.9673524, 19.1774377], [72.9675134, 19.1772654], [72.9675973, 19.1770913], [72.9676528, 19.1769082], [72.9674877, 19.1765735], [72.9669708, 19.1757747], [72.9665705, 19.1749275]]}, "properties": {"osm_id": 235946196, "name": "", "waterway": "drain", "covered": "", "length_km": 0.91}}, {"type": "Feature", "geometry": {"type": "LineString", "coordinates": [[73.0281106, 19.1100984], [73.0272335, 19.1097918], [73.02674, 19.1096194], [73.0269572, 19.1089706], [73.0268575, 19.1088687], [73.0271861, 19.1080003], [73.0263407, 19.1076913], [73.0264703, 19.1073647], [73.0257237, 19.1070907], [73.0260384, 19.1062219], [73.0250881, 19.1058837], [73.0253411, 19.1052015], [73.0249408, 19.1050672], [73.0253006, 19.1040119], [73.024767, 19.1038068], [73.0257039, 19.1012273], [73.0257039, 19.1010016]]}, "properties": {"osm_id": 235982903, "name": "", "waterway": "drain", "covered": "", "length_km": 1.41}}, {"type": "Feature", "geometry": {"type": "LineString", "coordinates": [[73.2047248, 19.1995317], [73.2041749, 19.199226], [73.2041091, 19.1992091], [73.203747, 19.1990039], [73.2034358, 19.1987303], [73.2033446, 19.1986518], [73.203012, 19.1985707], [73.2021424, 19.198218], [73.2010637, 19.1993547], [73.2004279, 19.1998479], [73.1986112, 19.2004699], [73.1967831, 19.2014242], [73.1968853, 19.2018638], [73.1962721, 19.2023249], [73.1953865, 19.2028075], [73.1933199, 19.2044373]]}, "properties": {"osm_id": 236079159, "name": "", "waterway": "drain", "covered": "", "length_km": 1.51}}, {"type": "Feature", "geometry": {"type": "LineString", "coordinates": [[73.170661, 19.2364061], [73.1702194, 19.238271], [73.1704163, 19.2388585], [73.1707574, 19.2389532], [73.1711814, 19.2396753], [73.1712171, 19.2397148], [73.1712466, 19.239811], [73.1712118, 19.2399478], [73.1714384, 19.240063]]}, "properties": {"osm_id": 236083308, "name": "", "waterway": "drain", "covered": "", "length_km": 0.47}}, {"type": "Feature", "geometry": {"type": "LineString", "coordinates": [[73.1595265, 19.2316581], [73.1594615, 19.232346], [73.1592895, 19.2327245]]}, "properties": {"osm_id": 236084024, "name": "", "waterway": "drain", "covered": "", "length_km": 0.12}}, {"type": "Feature", "geometry": {"type": "LineString", "coordinates": [[73.155071, 19.2437746], [73.1558932, 19.2459979], [73.1556665, 19.2470799]]}, "properties": {"osm_id": 236084027, "name": "", "waterway": "drain", "covered": "", "length_km": 0.38}}, {"type": "Feature", "geometry": {"type": "LineString", "coordinates": [[73.1556665, 19.2470799], [73.1556665, 19.2475625], [73.1559015, 19.24794], [73.1561694, 19.2486912], [73.1564498, 19.2495435], [73.1564869, 19.2503257], [73.156261, 19.2506242]]}, "properties": {"osm_id": 236084029, "name": "", "waterway": "drain", "covered": "", "length_km": 0.42}}, {"type": "Feature", "geometry": {"type": "LineString", "coordinates": [[73.0486358, 19.2858831], [73.0486666, 19.2861221], [73.0485716, 19.2861454], [73.0479008, 19.286775], [73.0478521, 19.2872277], [73.0471251, 19.2880129], [73.0473687, 19.2883136], [73.0475411, 19.2892898], [73.0468441, 19.2894312], [73.0468366, 19.2897708], [73.0463082, 19.2898628], [73.0463532, 19.2900148], [73.0462857, 19.2904428], [73.0460384, 19.2905701], [73.0459822, 19.290655], [73.0458165, 19.2909169]]}, "properties": {"osm_id": 236099601, "name": "", "waterway": "drain", "covered": "", "length_km": 0.76}}, {"type": "Feature", "geometry": {"type": "LineString", "coordinates": [[72.9287228, 19.0380721], [72.9288087, 19.0381532], [72.9289267, 19.0396187], [72.9290876, 19.0424686], [72.9289923, 19.0426274]]}, "properties": {"osm_id": 250359384, "name": "", "waterway": "drain", "covered": "", "length_km": 0.51}}, {"type": "Feature", "geometry": {"type": "LineString", "coordinates": [[72.9288423, 19.0428774], [72.9287796, 19.042982], [72.9285678, 19.043214], [72.9285523, 19.04334], [72.9285033, 19.0434789], [72.9282861, 19.0443435], [72.9279401, 19.0452486], [72.9275055, 19.0463186], [72.9275109, 19.0465391], [72.9279857, 19.0470741]]}, "properties": {"osm_id": 250428565, "name": "", "waterway": "drain", "covered": "", "length_km": 0.51}}, {"type": "Feature", "geometry": {"type": "LineString", "coordinates": [[72.9289923, 19.0426274], [72.9288423, 19.0428774]]}, "properties": {"osm_id": 250428566, "name": "", "waterway": "drain", "covered": "", "length_km": 0.03}}, {"type": "Feature", "geometry": {"type": "LineString", "coordinates": [[72.8662478, 19.0530365], [72.866523, 19.053511], [72.8666394, 19.0538742], [72.8666992, 19.0543946]]}, "properties": {"osm_id": 257412667, "name": "", "waterway": "drain", "covered": "", "length_km": 0.16}}, {"type": "Feature", "geometry": {"type": "LineString", "coordinates": [[72.8417039, 19.2256095], [72.8413457, 19.2255687], [72.8410542, 19.2255723], [72.8410028, 19.2255701], [72.8407435, 19.2258985], [72.8405757, 19.2259587], [72.8402072, 19.226051], [72.839768, 19.2260259], [72.8395639, 19.2258123], [72.8393155, 19.2257494], [72.8377007, 19.2258207], [72.8372482, 19.2259379], [72.8365562, 19.2262186], [72.8363167, 19.2261611], [72.8361659, 19.2258522], [72.8359347, 19.2254936], [72.8357024, 19.2250777], [72.8352969, 19.2243426], [72.835089, 19.2240663], [72.8349257, 19.2237875], [72.8348211, 19.2235587], [72.8346567, 19.2233663], [72.8344437, 19.2233372], [72.8342229, 19.2233526]]}, "properties": {"osm_id": 257439670, "name": "", "waterway": "drain", "covered": "", "length_km": 1.01}}, {"type": "Feature", "geometry": {"type": "LineString", "coordinates": [[72.8410129, 19.215857], [72.8408733, 19.2157724], [72.8406134, 19.2157348], [72.8405063, 19.2158672], [72.8404248, 19.2175585], [72.8403181, 19.2176089], [72.8399232, 19.2176845], [72.8392202, 19.2174934], [72.8389727, 19.2174448], [72.8375859, 19.2174076], [72.837303, 19.217472], [72.8370901, 19.2176255], [72.8367797, 19.2180036], [72.8365848, 19.2183465], [72.8364568, 19.2184866], [72.8358269, 19.2188386], [72.8357834, 19.2188994], [72.8357703, 19.2189602], [72.8357844, 19.2194573], [72.8357137, 19.219529], [72.8356126, 19.2195762], [72.8347957, 19.2195961], [72.8348066, 19.219934], [72.8347338, 19.2205321], [72.8347951, 19.2223813], [72.8344413, 19.2231175], [72.8342229, 19.2233526], [72.8337632, 19.2237081], [72.8334438, 19.2237817], [72.8327631, 19.2237287], [72.8322594, 19.2236351], [72.831443, 19.2236531], [72.8310718, 19.2236536], [72.8307837, 19.223611], [72.8300341, 19.2231808], [72.8297833, 19.2229634], [72.8294976, 19.2228524], [72.8292069, 19.2228319], [72.8281743, 19.2233522], [72.826995, 19.224442], [72.8264378, 19.2248333], [72.8257102, 19.2249998], [72.824339, 19.2254078], [72.8229675, 19.2255202], [72.8220278, 19.2254827], [72.8209079, 19.2247833], [72.8202112, 19.2239798], [72.8198056, 19.2231635], [72.81925, 19.2223855], [72.8183902, 19.2219172], [72.817019, 19.2218714], [72.8163179, 19.2223752], [72.8155772, 19.2234576], [72.8143206, 19.2246057]]}, "properties": {"osm_id": 257439671, "name": "", "waterway": "drain", "covered": "", "length_km": 3.96}}, {"type": "Feature", "geometry": {"type": "LineString", "coordinates": [[72.8608949, 19.2141768], [72.8607032, 19.2141371], [72.8598915, 19.2136482], [72.8592355, 19.2135115], [72.8582658, 19.2132815], [72.85786, 19.2132836], [72.857555, 19.2134079], [72.8573115, 19.2134141], [72.8569846, 19.2132483], [72.8565963, 19.2132193], [72.8563221, 19.2133167], [72.8561378, 19.2133395], [72.8557078, 19.2131261], [72.8556793, 19.2130766]]}, "properties": {"osm_id": 257441955, "name": "", "waterway": "drain", "covered": "", "length_km": 0.59}}, {"type": "Feature", "geometry": {"type": "LineString", "coordinates": [[72.8586013, 19.2098518], [72.8584927, 19.2099723], [72.8579807, 19.2103063], [72.8579342, 19.2105084], [72.8579962, 19.2105934], [72.8583717, 19.2107311], [72.8584213, 19.2108981], [72.858291, 19.2110446], [72.8577698, 19.2111442], [72.8573695, 19.2113581], [72.857022, 19.2112848], [72.8568731, 19.2110329], [72.8567273, 19.2110798], [72.8561254, 19.2112966], [72.856175, 19.211446], [72.856296, 19.2118972], [72.8561905, 19.2124509], [72.8557437, 19.2125652], [72.8554645, 19.2125271], [72.8553838, 19.2127644], [72.8550022, 19.2129109], [72.8539591, 19.2129782]]}, "properties": {"osm_id": 257441956, "name": "", "waterway": "drain", "covered": "", "length_km": 0.85}}, {"type": "Feature", "geometry": {"type": "LineString", "coordinates": [[72.8621278, 19.2154537], [72.8604113, 19.2152617], [72.8576649, 19.214993], [72.8555452, 19.2148006], [72.8554614, 19.214493], [72.8554366, 19.213992], [72.8553001, 19.213658], [72.8551232, 19.213491], [72.855117, 19.213116], [72.8550022, 19.2129109]]}, "properties": {"osm_id": 257441957, "name": "", "waterway": "drain", "covered": "", "length_km": 0.92}}, {"type": "Feature", "geometry": {"type": "LineString", "coordinates": [[72.8349201, 19.1595559], [72.8341114, 19.1594538], [72.8338381, 19.1595379], [72.833262, 19.1597453], [72.8327974, 19.1596641], [72.8322182, 19.1596311], [72.831989, 19.1595108], [72.8318426, 19.1595769], [72.8313048, 19.1596912], [72.8309515, 19.1596431], [72.8306524, 19.1596431], [72.8304717, 19.1598038]]}, "properties": {"osm_id": 257443427, "name": "", "waterway": "drain", "covered": "", "length_km": 0.49}}, {"type": "Feature", "geometry": {"type": "LineString", "coordinates": [[73.0034319, 19.1672677], [73.0033465, 19.1671178], [73.0033535, 19.1670403], [73.003527, 19.1666919], [73.003509, 19.1664368], [73.0035114, 19.1660906], [73.0034632, 19.1654621], [73.0034126, 19.16487], [73.003065, 19.1639576], [73.0029286, 19.1638073], [73.0021799, 19.1637409], [73.0001323, 19.1637255]]}, "properties": {"osm_id": 257468917, "name": "", "waterway": "drain", "covered": "", "length_km": 0.7}}, {"type": "Feature", "geometry": {"type": "LineString", "coordinates": [[73.0033428, 19.179479], [73.0021628, 19.1793257]]}, "properties": {"osm_id": 257468919, "name": "", "waterway": "drain", "covered": "", "length_km": 0.13}}, {"type": "Feature", "geometry": {"type": "LineString", "coordinates": [[72.994253, 19.1883438], [72.9940541, 19.1882946], [72.9937938, 19.1881145], [72.9936551, 19.1880392], [72.9936011, 19.1879613], [72.9935554, 19.1877026], [72.9933808, 19.1866455], [72.9934663, 19.1863661], [72.9934699, 19.1861001], [72.9932916, 19.185851], [72.9926821, 19.185686], [72.9930163, 19.1852756]]}, "properties": {"osm_id": 257468922, "name": "", "waterway": "drain", "covered": "", "length_km": 0.45}}, {"type": "Feature", "geometry": {"type": "LineString", "coordinates": [[73.007501, 19.1684418], [73.0073093, 19.1686789], [73.0072465, 19.1688436], [73.0064552, 19.1686789], [73.0062285, 19.168534], [73.0059915, 19.1684451], [73.005963, 19.1679794], [73.0058787, 19.1679339], [73.0054873, 19.1678759], [73.0053117, 19.1677536], [73.0050163, 19.1677142], [73.0046611, 19.1677854], [73.0042205, 19.1679149], [73.0041357, 19.1679052]]}, "properties": {"osm_id": 257468924, "name": "", "waterway": "drain", "covered": "", "length_km": 0.45}}, {"type": "Feature", "geometry": {"type": "LineString", "coordinates": [[73.009411, 19.1734902], [73.0090935, 19.173368], [73.0089591, 19.1731436], [73.0088113, 19.1730015], [73.0085683, 19.1729682], [73.0084821, 19.172809], [73.008388, 19.1725461], [73.0078134, 19.1719613], [73.0075806, 19.1720834], [73.0073998, 19.1723611], [73.0073028, 19.1723611], [73.0070146, 19.1722617], [73.0066626, 19.1723009], [73.0057203, 19.1725339], [73.0056565, 19.1726177], [73.0056322, 19.1728754], [73.0054292, 19.1731256], [73.0051188, 19.1731386], [73.0048001, 19.1733664], [73.0045922, 19.1738821], [73.0046587, 19.1741151], [73.0044892, 19.1748059], [73.0039522, 19.1747615], [73.003866, 19.1750651], [73.0035054, 19.1752502], [73.0034035, 19.1757722], [73.0026445, 19.1756509]]}, "properties": {"osm_id": 257468927, "name": "", "waterway": "drain", "covered": "", "length_km": 1.09}}, {"type": "Feature", "geometry": {"type": "LineString", "coordinates": [[72.9892728, 19.0764216], [72.9893122, 19.0763491], [72.9889666, 19.0759385], [72.9891619, 19.0757649], [72.9890648, 19.0753631], [72.9903975, 19.0752516], [72.9974599, 19.0747344], [72.9978219, 19.0746446], [72.9982842, 19.07453], [73.0015846, 19.0742703], [73.0023805, 19.0742415]]}, "properties": {"osm_id": 257479185, "name": "", "waterway": "drain", "covered": "", "length_km": 1.55}}, {"type": "Feature", "geometry": {"type": "LineString", "coordinates": [[73.0111628, 19.099016], [73.0056792, 19.0975102]]}, "properties": {"osm_id": 257479186, "name": "", "waterway": "drain", "covered": "", "length_km": 0.6}}, {"type": "Feature", "geometry": {"type": "LineString", "coordinates": [[72.813624, 19.4445297], [72.8120945, 19.4443683], [72.8103655, 19.4443336], [72.8096295, 19.4446307], [72.8089138, 19.4448624], [72.8084199, 19.4450699], [72.8041054, 19.4443384], [72.8034301, 19.4441525], [72.8028353, 19.443812], [72.8024888, 19.4435728], [72.8023237, 19.4435499], [72.80212, 19.4436274], [72.8015225, 19.4443554], [72.7997317, 19.4458628], [72.7995221, 19.446078]]}, "properties": {"osm_id": 257586619, "name": "", "waterway": "drain", "covered": "", "length_km": 1.64}}, {"type": "Feature", "geometry": {"type": "LineString", "coordinates": [[72.8704444, 19.0359372], [72.8705361, 19.0363438], [72.8706381, 19.0364705], [72.8711906, 19.0365821], [72.8713998, 19.0365948], [72.8719255, 19.0365542], [72.8720248, 19.0365669], [72.8724409, 19.0365523], [72.8725988, 19.0365314], [72.8727329, 19.0364426], [72.8729448, 19.0363767], [72.8730521, 19.0365212], [72.8731592, 19.0365072]]}, "properties": {"osm_id": 259332607, "name": "", "waterway": "drain", "covered": "", "length_km": 0.34}}, {"type": "Feature", "geometry": {"type": "LineString", "coordinates": [[72.8734135, 19.024307], [72.8737925, 19.0243006], [72.8746805, 19.0241447], [72.8752388, 19.0239871], [72.8753698, 19.0239702], [72.8759807, 19.0238914], [72.8770497, 19.023727], [72.8773216, 19.023593]]}, "properties": {"osm_id": 259332608, "name": "", "waterway": "drain", "covered": "", "length_km": 0.42}}, {"type": "Feature", "geometry": {"type": "LineString", "coordinates": [[72.8682691, 19.0326474], [72.8686128, 19.0327877], [72.8708313, 19.0323816], [72.8711711, 19.0322265], [72.8717023, 19.0321785], [72.8723975, 19.0319828], [72.8733506, 19.0318794], [72.8735458, 19.031968], [72.8736435, 19.0325256], [72.8738429, 19.0326928]]}, "properties": {"osm_id": 260760426, "name": "", "waterway": "drain", "covered": "", "length_km": 0.66}}, {"type": "Feature", "geometry": {"type": "LineString", "coordinates": [[72.8615521, 19.0437818], [72.8613441, 19.0439229], [72.8608988, 19.044191], [72.86095, 19.0442567], [72.861006, 19.0443466], [72.8611133, 19.044509], [72.8612351, 19.0447175], [72.8612656, 19.0447924], [72.8612827, 19.0448846], [72.8612876, 19.0449906], [72.8612876, 19.0450965], [72.8613034, 19.0451726], [72.8613351, 19.0452555], [72.8613911, 19.0453799], [72.861457, 19.045464], [72.8615411, 19.0455643], [72.8616091, 19.0456586]]}, "properties": {"osm_id": 260766036, "name": "", "waterway": "drain", "covered": "", "length_km": 0.27}}, {"type": "Feature", "geometry": {"type": "LineString", "coordinates": [[72.8665635, 19.0517608], [72.8667357, 19.0516498]]}, "properties": {"osm_id": 260766037, "name": "", "waterway": "drain", "covered": "", "length_km": 0.02}}, {"type": "Feature", "geometry": {"type": "LineString", "coordinates": [[72.8357492, 19.2032592], [72.8358632, 19.2031124], [72.835823, 19.2029662], [72.8357774, 19.202854], [72.8357077, 19.2027122], [72.8355575, 19.202469], [72.8355119, 19.2023533], [72.8354689, 19.2021911], [72.8354958, 19.2020898], [72.835536, 19.2019979], [72.8356379, 19.2017598], [72.8356161, 19.201578]]}, "properties": {"osm_id": 269222692, "name": "", "waterway": "drain", "covered": "", "length_km": 0.2}}, {"type": "Feature", "geometry": {"type": "LineString", "coordinates": [[72.9175634, 19.0517666], [72.9176044, 19.0519243], [72.9178273, 19.0520559], [72.9180547, 19.0521481], [72.9182357, 19.0521481], [72.9183657, 19.0522973], [72.91844, 19.0524552], [72.918375, 19.0526351], [72.9183147, 19.0527558], [72.9183193, 19.0528326], [72.9184586, 19.0531309]]}, "properties": {"osm_id": 276704068, "name": "", "waterway": "drain", "covered": "", "length_km": 0.21}}, {"type": "Feature", "geometry": {"type": "LineString", "coordinates": [[72.8317139, 19.134475], [72.8318275, 19.13484], [72.8318882, 19.1350502], [72.8318185, 19.1359802], [72.8316951, 19.1374043], [72.8316127, 19.1378371], [72.8315912, 19.1378827], [72.8315296, 19.1379486], [72.8314545, 19.1379891], [72.8313847, 19.1380018], [72.8312157, 19.1380246], [72.8310924, 19.1380449], [72.8309287, 19.1381108], [72.8305693, 19.1382501], [72.8300999, 19.1385238], [72.8295581, 19.138909], [72.8292106, 19.1391693], [72.8290727, 19.1393144], [72.8289307, 19.1394274], [72.8286915, 19.1396], [72.828577, 19.1397181], [72.8283715, 19.1398782], [72.8281634, 19.1400619], [72.8280641, 19.1401709], [72.8279719, 19.1403265], [72.8279036, 19.1405257], [72.8279316, 19.1407818], [72.8279629, 19.1408973], [72.8280598, 19.1411464], [72.828176, 19.1418894], [72.8280473, 19.1422948], [72.8281116, 19.1429789], [72.8277469, 19.1438455], [72.8275859, 19.1446665], [72.8275108, 19.1461513], [72.8270817, 19.1472865], [72.8265238, 19.147702], [72.8256225, 19.1482798], [72.823981, 19.1490196], [72.8230584, 19.1493541], [72.8218245, 19.150023]]}, "properties": {"osm_id": 291430561, "name": "Mogara Nallah", "waterway": "stream", "covered": "", "length_km": 2.29}}, {"type": "Feature", "geometry": {"type": "LineString", "coordinates": [[72.8482597, 19.2717499], [72.8482255, 19.2718999], [72.8482255, 19.2720416], [72.8482363, 19.2722037], [72.8482255, 19.2723759], [72.8482363, 19.2725379], [72.848247, 19.2726696], [72.8483006, 19.272862], [72.8483221, 19.2729936], [72.8483757, 19.2731354], [72.8484616, 19.2733278], [72.8485689, 19.2735203], [72.8487512, 19.2737431], [72.8489336, 19.2738747], [72.8491053, 19.2739254], [72.8492877, 19.2740165], [72.8494808, 19.2740773], [72.8496525, 19.2741887], [72.8498134, 19.2742596], [72.8500172, 19.2743203], [72.8502962, 19.2743203], [72.8506181, 19.2743001], [72.8508326, 19.27429], [72.8510579, 19.27429], [72.8512833, 19.2743203], [72.8514442, 19.2744216], [72.8516266, 19.2745837], [72.8517768, 19.274766], [72.8519377, 19.2749888], [72.852045, 19.2751508], [72.852163, 19.2753432], [72.8522703, 19.2755559], [72.8523561, 19.2756875], [72.8524634, 19.2759002], [72.8525922, 19.2760926], [72.8526995, 19.2760926], [72.8529569, 19.2762142], [72.8530964, 19.2763256], [72.8531608, 19.2764572], [72.8532037, 19.2766294], [72.8532359, 19.2768117], [72.8532574, 19.2770244], [72.8532574, 19.2772168], [72.8532681, 19.2773788], [72.8532681, 19.2775105], [72.8532037, 19.2776624], [72.8530535, 19.2778345], [72.8529033, 19.2779358], [72.8527316, 19.2779459], [72.8524527, 19.2778953], [72.8521523, 19.2778548], [72.8519699, 19.2779763], [72.8519163, 19.2780978], [72.8518626, 19.27827], [72.8518519, 19.2784017], [72.8518411, 19.2785333], [72.8518304, 19.278746], [72.8518626, 19.2788473], [72.8519484, 19.2789182], [72.8520879, 19.2790397], [72.852163, 19.2791511], [72.8522381, 19.2792827], [72.8522381, 19.2794245], [72.8521308, 19.2795663], [72.8519699, 19.2796777], [72.8518733, 19.2798701], [72.8518411, 19.2799612], [72.8518411, 19.2800524], [72.8518519, 19.2801537], [72.8519082, 19.2801776], [72.8522006, 19.280175], [72.8523105, 19.2802839], [72.8522515, 19.28037], [72.8520289, 19.2804054], [72.8516883, 19.280451], [72.8513288, 19.2804333], [72.8511304, 19.2804308], [72.8506744, 19.2804384], [72.8499609, 19.2803599], [72.8490785, 19.2805194], [72.8486359, 19.2805827], [72.8482228, 19.2808358], [72.8476649, 19.2811245], [72.8472894, 19.2812055], [72.8468281, 19.28117], [72.8461307, 19.2810283], [72.8461361, 19.2811447], [72.8460342, 19.2814536], [72.8458625, 19.2816207], [72.8458357, 19.2819903], [72.8457713, 19.2830334], [72.8456747, 19.2834689], [72.8454816, 19.2839752], [72.8452778, 19.2844512], [72.8449559, 19.2858183], [72.8450632, 19.2862639], [72.8453207, 19.2866386], [72.8462326, 19.287317], [72.8467476, 19.2876411], [72.8473699, 19.2877525], [72.8487517, 19.2875796], [72.8491884, 19.2875576], [72.8495666, 19.2875803], [72.8498348, 19.287593], [72.849993, 19.2875955], [72.8501352, 19.2876386], [72.8503557, 19.2877543], [72.8505456, 19.287869], [72.8506695, 19.2879188], [72.8508406, 19.2879398], [72.8511013, 19.2879492], [72.8512322, 19.2879424], [72.8513583, 19.2879272], [72.8515037, 19.2878783], [72.8516694, 19.2878031], [72.8519779, 19.2876563], [72.8521281, 19.2876057], [72.8524285, 19.2874943], [72.8526189, 19.2874614], [72.8528684, 19.2874133], [72.8530481, 19.2873601], [72.85326, 19.2872993], [72.8533458, 19.2872892], [72.8534402, 19.2873188], [72.8536006, 19.2873955], [72.8538828, 19.2875264], [72.8542041, 19.2876892], [72.8545957, 19.2878183], [72.8546676, 19.2878455], [72.8547411, 19.2878733], [72.8547947, 19.2879315], [72.8548135, 19.2880125], [72.8548022, 19.2881525], [72.8547572, 19.2884277], [72.854695, 19.2889272], [72.8546633, 19.2893771], [72.8545501, 19.2902917], [72.8544755, 19.2908859], [72.8544621, 19.2910808], [72.8544321, 19.2916664], [72.8543275, 19.2923069], [72.8542525, 19.2931499], [72.8542685, 19.2933929]]}, "properties": {"osm_id": 309802294, "name": "", "waterway": "drain", "covered": "", "length_km": 4.46}}, {"type": "Feature", "geometry": {"type": "LineString", "coordinates": [[72.9038658, 19.0531048], [72.9039298, 19.0534067], [72.9039791, 19.0538917], [72.9043205, 19.0544618], [72.9043856, 19.0546847], [72.904452, 19.0550077], [72.9046803, 19.0555562], [72.9048936, 19.0567081], [72.9049588, 19.0568192], [72.9050676, 19.0568768], [72.9055638, 19.0568315], [72.9056726, 19.0568727], [72.9072019, 19.0591264], [72.9075533, 19.0596009], [72.9076428, 19.0597741], [72.9076686, 19.0599072], [72.9076579, 19.0602039], [72.9076472, 19.0604979], [72.9076783, 19.0606505], [72.90795, 19.0609988], [72.9080329, 19.0611424], [72.9083691, 19.0615864], [72.9085086, 19.0617893], [72.9087191, 19.0620957], [72.9088941, 19.0622524], [72.9096762, 19.0631476], [72.9097983, 19.0636911], [72.909778, 19.0638822], [72.90986, 19.0641916], [72.9101791, 19.0645551], [72.9102896, 19.0646247], [72.9104394, 19.0646276], [72.9105935, 19.0645115], [72.9108846, 19.0643513], [72.9110268, 19.0643732], [72.9115525, 19.0648786], [72.9117121, 19.0649678], [72.9123712, 19.0651819], [72.9127789, 19.0653419]]}, "properties": {"osm_id": 314371729, "name": "", "waterway": "drain", "covered": "", "length_km": 1.83}}, {"type": "Feature", "geometry": {"type": "LineString", "coordinates": [[72.9270355, 19.0356382], [72.9278848, 19.0355957]]}, "properties": {"osm_id": 314375549, "name": "", "waterway": "drain", "covered": "", "length_km": 0.09}}, {"type": "Feature", "geometry": {"type": "LineString", "coordinates": [[72.8767648, 19.1006769], [72.8759382, 19.100938]]}, "properties": {"osm_id": 315613888, "name": "", "waterway": "drain", "covered": "", "length_km": 0.09}}, {"type": "Feature", "geometry": {"type": "LineString", "coordinates": [[72.8759382, 19.100938], [72.873336, 19.1009228], [72.8730524, 19.1009398], [72.8728923, 19.1010267], [72.872773, 19.1012328], [72.8727662, 19.1020926], [72.8728171, 19.1029211]]}, "properties": {"osm_id": 315613889, "name": "", "waterway": "drain", "covered": "", "length_km": 0.54}}, {"type": "Feature", "geometry": {"type": "LineString", "coordinates": [[73.1592895, 19.2327245], [73.159266, 19.2328381]]}, "properties": {"osm_id": 319031759, "name": "", "waterway": "drain", "covered": "", "length_km": 0.01}}, {"type": "Feature", "geometry": {"type": "LineString", "coordinates": [[73.1557341, 19.2382362], [73.1556411, 19.2386124], [73.155894, 19.2393629], [73.1560385, 19.2395031], [73.1560184, 19.2401095], [73.1563075, 19.2405644], [73.1563155, 19.2412201], [73.1564359, 19.2414399]]}, "properties": {"osm_id": 319031760, "name": "", "waterway": "drain", "covered": "", "length_km": 0.38}}, {"type": "Feature", "geometry": {"type": "LineString", "coordinates": [[72.961553, 19.1631454], [72.9616889, 19.163038]]}, "properties": {"osm_id": 320736181, "name": "B Maharaj Singh Marg", "waterway": "drain", "covered": "", "length_km": 0.02}}, {"type": "Feature", "geometry": {"type": "LineString", "coordinates": [[72.9616889, 19.163038], [72.9619217, 19.1629397], [72.9621759, 19.1628974]]}, "properties": {"osm_id": 320736182, "name": "B Maharaj Singh Marg", "waterway": "drain", "covered": "", "length_km": 0.05}}, {"type": "Feature", "geometry": {"type": "LineString", "coordinates": [[72.9337859, 19.0590238], [72.9340177, 19.0588575], [72.9343542, 19.0588304], [72.9346619, 19.0589661], [72.9351502, 19.0589855], [72.9357165, 19.0588536], [72.9363197, 19.0588575], [72.9373168, 19.0588808], [72.9381826, 19.0589855], [72.9390689, 19.0590282], [72.939627, 19.0589312], [72.9400086, 19.0589002], [72.940739, 19.0588924], [72.9418583, 19.0587744]]}, "properties": {"osm_id": 363869159, "name": "", "waterway": "drain", "covered": "", "length_km": 0.86}}, {"type": "Feature", "geometry": {"type": "LineString", "coordinates": [[72.9294323, 19.0561887], [72.9296292, 19.0568092]]}, "properties": {"osm_id": 363869160, "name": "", "waterway": "drain", "covered": "", "length_km": 0.07}}, {"type": "Feature", "geometry": {"type": "LineString", "coordinates": [[72.9278971, 19.0476699], [72.928017, 19.0477502], [72.9283565, 19.0481076], [72.9284427, 19.0484023], [72.9284181, 19.0487281], [72.9282868, 19.0492983], [72.928217, 19.0495543], [72.9281555, 19.0500546], [72.928295, 19.0502951], [72.9284837, 19.0505084], [72.9284755, 19.0506791], [72.9284078, 19.0509622], [72.9283914, 19.0511251], [72.9285207, 19.0512609], [72.9288859, 19.0515498], [72.928972, 19.0516352], [72.9290315, 19.0516565], [72.929169, 19.0517244], [72.929565, 19.0518116], [72.9306884, 19.0521391], [72.9313558, 19.052342], [72.9314776, 19.0526108], [72.9315473, 19.0531319], [72.9316633, 19.0536969], [72.9320231, 19.0544703], [72.9323132, 19.0551778], [72.9324606, 19.0554983], [72.9328299, 19.0560723], [72.932875, 19.056146], [72.9327314, 19.0565183], [72.9326534, 19.0568674], [72.9327396, 19.0570846], [72.9330063, 19.0572591], [72.9331704, 19.0575423], [72.9332812, 19.0575888], [72.9335849, 19.0578642], [72.9337121, 19.058124], [72.9338844, 19.0586515], [72.9337859, 19.0590238]]}, "properties": {"osm_id": 363869161, "name": "", "waterway": "drain", "covered": "", "length_km": 1.6}}, {"type": "Feature", "geometry": {"type": "LineString", "coordinates": [[72.8987437, 19.117903], [72.898208, 19.1166304], [72.8978803, 19.1159981], [72.8977797, 19.1154212], [72.897756, 19.1145412], [72.897627, 19.1142411], [72.8975235, 19.1133254], [72.8972662, 19.1112286], [72.8969215, 19.109466], [72.8964063, 19.1095528], [72.8963317, 19.1093676], [72.8962415, 19.1091382], [72.8961617, 19.1090038], [72.896068, 19.1089677], [72.8957905, 19.1089841], [72.8955164, 19.1088038], [72.8953638, 19.1086563], [72.8952146, 19.1084465], [72.8947046, 19.108358], [72.8944895, 19.1081678], [72.8943924, 19.1080892], [72.894212, 19.1080334], [72.8939483, 19.1080236], [72.8938026, 19.1078663], [72.893303, 19.1076532], [72.8932475, 19.1075647], [72.8931677, 19.1074598], [72.8929908, 19.1074663], [72.8925467, 19.1076466], [72.8924149, 19.1074073], [72.8922978, 19.1070243]]}, "properties": {"osm_id": 366912384, "name": "", "waterway": "drain", "covered": "", "length_km": 1.61}}, {"type": "Feature", "geometry": {"type": "LineString", "coordinates": [[72.8910988, 19.1057273], [72.8907115, 19.1055682], [72.8906088, 19.1054218], [72.8905869, 19.1052579], [72.8905734, 19.105164], [72.8905212, 19.1051401], [72.8903528, 19.1051338], [72.8902703, 19.1050621], [72.890213, 19.1049539], [72.890112, 19.1049476], [72.8900413, 19.1049062], [72.8900379, 19.1047757], [72.8901322, 19.1046166], [72.890144, 19.1045577], [72.8900817, 19.1044988], [72.8898459, 19.1044416], [72.8897572, 19.1044459]]}, "properties": {"osm_id": 366912385, "name": "", "waterway": "drain", "covered": "", "length_km": 0.25}}, {"type": "Feature", "geometry": {"type": "LineString", "coordinates": [[72.8407958, 19.1454857], [72.8408541, 19.1458868], [72.840794, 19.1463412], [72.8406677, 19.1467587], [72.8403971, 19.1471904], [72.8402768, 19.147304], [72.8399822, 19.1474602], [72.839916, 19.1475369], [72.839883, 19.147892], [72.8398198, 19.1480453], [72.8395488, 19.1484979], [72.8393444, 19.1489075], [72.839219, 19.1492176], [72.8390564, 19.1496799], [72.8389556, 19.1509419], [72.8389527, 19.1512837]]}, "properties": {"osm_id": 366914604, "name": "", "waterway": "drain", "covered": "", "length_km": 0.7}}, {"type": "Feature", "geometry": {"type": "LineString", "coordinates": [[72.8468635, 19.139682], [72.8467224, 19.1399551], [72.8463459, 19.1401208], [72.8460144, 19.1405754], [72.845511, 19.1411273], [72.8453316, 19.1411244], [72.8451021, 19.1410265], [72.8446522, 19.1407359]]}, "properties": {"osm_id": 366914605, "name": "", "waterway": "drain", "covered": "", "length_km": 0.32}}, {"type": "Feature", "geometry": {"type": "LineString", "coordinates": [[72.8591833, 19.2091428], [72.8591832, 19.2091438]]}, "properties": {"osm_id": 375938252, "name": "Boisar Drain", "waterway": "drain", "covered": "", "length_km": 0.0}}, {"type": "Feature", "geometry": {"type": "LineString", "coordinates": [[72.8643691, 19.2050931], [72.8646276, 19.205427], [72.864658, 19.2059034], [72.8645559, 19.2062893], [72.8644483, 19.2068224], [72.864298, 19.2070204]]}, "properties": {"osm_id": 375938253, "name": "Boisar Drain", "waterway": "drain", "covered": "", "length_km": 0.23}}, {"type": "Feature", "geometry": {"type": "LineString", "coordinates": [[72.8624417, 19.1895278], [72.8620961, 19.1895811], [72.8618202, 19.1895529], [72.8614081, 19.1895215], [72.8611355, 19.1894242], [72.8610092, 19.1892798], [72.8607699, 19.1892892], [72.8605473, 19.1891825], [72.8602947, 19.1891856], [72.8602282, 19.1890632], [72.8601684, 19.1889345], [72.8599922, 19.1886175], [72.8597795, 19.1885735], [72.8596509, 19.1886271]]}, "properties": {"osm_id": 375938331, "name": "", "waterway": "drain", "covered": "", "length_km": 0.35}}, {"type": "Feature", "geometry": {"type": "LineString", "coordinates": [[72.8645889, 19.1897659], [72.864569, 19.1897859], [72.8644374, 19.1899546], [72.8644374, 19.190221], [72.8645297, 19.1906239], [72.8645031, 19.1906992], [72.8642871, 19.1907369], [72.8641525, 19.1906113], [72.8639207, 19.1906044], [72.8637246, 19.1904129], [72.8633623, 19.1898542], [72.8632061, 19.1897789], [72.8630732, 19.1895591], [72.862784, 19.189534], [72.8626959, 19.1895303]]}, "properties": {"osm_id": 375938332, "name": "", "waterway": "drain", "covered": "", "length_km": 0.37}}, {"type": "Feature", "geometry": {"type": "LineString", "coordinates": [[72.9546197, 19.1516736], [72.9550702, 19.1514026]]}, "properties": {"osm_id": 376048028, "name": "", "waterway": "drain", "covered": "", "length_km": 0.06}}, {"type": "Feature", "geometry": {"type": "LineString", "coordinates": [[72.9937676, 19.1776035], [72.9935175, 19.1774051], [72.9922957, 19.1769454], [72.9917272, 19.175954], [72.9913628, 19.1743207]]}, "properties": {"osm_id": 376622671, "name": "", "waterway": "drain", "covered": "", "length_km": 0.48}}, {"type": "Feature", "geometry": {"type": "LineString", "coordinates": [[72.9981446, 19.1747261], [72.9973986, 19.1747023], [72.9972027, 19.1746023], [72.9969165, 19.1743543], [72.9963678, 19.174221], [72.9960856, 19.1740544], [72.9958347, 19.1741469], [72.9954153, 19.1740433], [72.9952664, 19.1740544], [72.9949528, 19.1743024], [72.9927366, 19.1743137], [72.9924828, 19.174315], [72.9913628, 19.1743207], [72.9912919, 19.1743151]]}, "properties": {"osm_id": 376622672, "name": "", "waterway": "drain", "covered": "", "length_km": 0.75}}, {"type": "Feature", "geometry": {"type": "LineString", "coordinates": [[72.9938691, 19.1842283], [72.9935272, 19.1839755]]}, "properties": {"osm_id": 376622674, "name": "", "waterway": "drain", "covered": "", "length_km": 0.05}}, {"type": "Feature", "geometry": {"type": "LineString", "coordinates": [[72.9983785, 19.1749318], [72.9981446, 19.1747261]]}, "properties": {"osm_id": 376622676, "name": "", "waterway": "drain", "covered": "", "length_km": 0.03}}, {"type": "Feature", "geometry": {"type": "LineString", "coordinates": [[72.9969105, 19.1788352], [72.9966839, 19.1785633]]}, "properties": {"osm_id": 376622677, "name": "", "waterway": "drain", "covered": "", "length_km": 0.04}}, {"type": "Feature", "geometry": {"type": "LineString", "coordinates": [[73.0021628, 19.1793257], [73.0017549, 19.1792727]]}, "properties": {"osm_id": 376622678, "name": "", "waterway": "drain", "covered": "", "length_km": 0.04}}, {"type": "Feature", "geometry": {"type": "LineString", "coordinates": [[73.0017549, 19.1792727], [73.0014877, 19.179362], [72.9969105, 19.1788352]]}, "properties": {"osm_id": 376622679, "name": "", "waterway": "drain", "covered": "", "length_km": 0.51}}, {"type": "Feature", "geometry": {"type": "LineString", "coordinates": [[72.9935272, 19.1839755], [72.9942149, 19.1831711], [72.9942862, 19.1828789], [72.994162, 19.1823505]]}, "properties": {"osm_id": 376622681, "name": "", "waterway": "drain", "covered": "", "length_km": 0.21}}, {"type": "Feature", "geometry": {"type": "LineString", "coordinates": [[72.9946137, 19.1822479], [72.994162, 19.1823505], [72.993916, 19.1821935], [72.9937442, 19.1821046], [72.987163, 19.178884], [72.9865003, 19.1781353], [72.9862089, 19.1780945], [72.9858638, 19.1782361], [72.9853098, 19.1781661], [72.9843085, 19.1781863]]}, "properties": {"osm_id": 376626427, "name": "", "waterway": "drain", "covered": "", "length_km": 1.22}}, {"type": "Feature", "geometry": {"type": "LineString", "coordinates": [[73.0256604, 19.0965606], [73.0253409, 19.096417], [73.0253285, 19.0962734], [73.0253636, 19.0943581], [73.0253461, 19.0939684], [73.0246354, 19.0938109], [73.0240914, 19.0937114], [73.023951, 19.0932222], [73.0237668, 19.0930066], [73.0223191, 19.0916137], [73.0219067, 19.0910913], [73.0216819, 19.0909939]]}, "properties": {"osm_id": 376923592, "name": "", "waterway": "drain", "covered": "", "length_km": 0.85}}, {"type": "Feature", "geometry": {"type": "LineString", "coordinates": [[73.0257318, 19.0967482], [73.0256604, 19.0965606]]}, "properties": {"osm_id": 376923593, "name": "", "waterway": "drain", "covered": "", "length_km": 0.02}}, {"type": "Feature", "geometry": {"type": "LineString", "coordinates": [[73.0257039, 19.1010016], [73.025251, 19.1007817]]}, "properties": {"osm_id": 376923597, "name": "", "waterway": "drain", "covered": "", "length_km": 0.05}}, {"type": "Feature", "geometry": {"type": "LineString", "coordinates": [[73.0050608, 19.0904238], [73.0047843, 19.0905731], [73.0029923, 19.0916317], [73.0026532, 19.0922664], [73.0026478, 19.0923307], [73.0024353, 19.0925978]]}, "properties": {"osm_id": 376923601, "name": "", "waterway": "drain", "covered": "", "length_km": 0.38}}, {"type": "Feature", "geometry": {"type": "LineString", "coordinates": [[73.025251, 19.1007817], [73.0256635, 19.0997939], [73.025738, 19.0992838], [73.0261661, 19.0969212], [73.0261382, 19.0968069], [73.0257318, 19.0967482]]}, "properties": {"osm_id": 376923602, "name": "", "waterway": "drain", "covered": "", "length_km": 0.5}}, {"type": "Feature", "geometry": {"type": "LineString", "coordinates": [[72.8380141, 19.102187], [72.8380786, 19.1018756]]}, "properties": {"osm_id": 376930282, "name": "Irla Nala", "waterway": "stream", "covered": "", "length_km": 0.04}}, {"type": "Feature", "geometry": {"type": "LineString", "coordinates": [[72.8380786, 19.1018756], [72.8381058, 19.1017324], [72.8381587, 19.1015741], [72.8381909, 19.1013815], [72.8381587, 19.1012193], [72.8380943, 19.1011584], [72.8379012, 19.101128]]}, "properties": {"osm_id": 376930283, "name": "Irla Nala", "waterway": "stream", "covered": "", "length_km": 0.1}}, {"type": "Feature", "geometry": {"type": "LineString", "coordinates": [[72.847989, 19.087055], [72.8479773, 19.0872212], [72.8476892, 19.0874708], [72.8476484, 19.0893512], [72.8476591, 19.0895065], [72.8481674, 19.0898002], [72.8486532, 19.0903965]]}, "properties": {"osm_id": 376930298, "name": "", "waterway": "drain", "covered": "", "length_km": 0.43}}, {"type": "Feature", "geometry": {"type": "LineString", "coordinates": [[72.8525964, 19.0947004], [72.852457, 19.0944773], [72.8522961, 19.0942745], [72.8520495, 19.0939905], [72.8518349, 19.0937371], [72.8516311, 19.0935342], [72.8513523, 19.0932502], [72.8511271, 19.0930373], [72.8507839, 19.0926925], [72.8505264, 19.0924491], [72.8502797, 19.0922259], [72.8500545, 19.0920333], [72.849722, 19.0917392], [72.849604, 19.0915464], [72.8494432, 19.0913842], [72.8493037, 19.0913132], [72.8490462, 19.0912523], [72.8486278, 19.0912015], [72.8483917, 19.0911913], [72.8480055, 19.0911709], [72.8477587, 19.0911708], [72.847512, 19.0911607], [72.8472545, 19.0911504], [72.8469112, 19.0911402]]}, "properties": {"osm_id": 376930300, "name": "", "waterway": "drain", "covered": "", "length_km": 0.77}}, {"type": "Feature", "geometry": {"type": "LineString", "coordinates": [[72.9296292, 19.0568092], [72.9298754, 19.0569566], [72.9301996, 19.057007], [72.930454, 19.0570962], [72.9307536, 19.0574298], [72.931209, 19.0577982], [72.9315906, 19.0580658], [72.9319928, 19.0583761], [72.9321138, 19.0584582], [72.9323703, 19.0586321], [72.9328134, 19.0591402], [72.9330679, 19.059369], [72.9332648, 19.0596056], [72.9334084, 19.0596133], [72.933671, 19.0593457], [72.9337859, 19.0590238]]}, "properties": {"osm_id": 395230155, "name": "", "waterway": "drain", "covered": "", "length_km": 0.6}}, {"type": "Feature", "geometry": {"type": "LineString", "coordinates": [[72.9429592, 19.1439193], [72.9435946, 19.1442607], [72.9444294, 19.1444843], [72.9452766, 19.1440841], [72.945262, 19.1438281], [72.9449153, 19.1428011], [72.9449776, 19.1417065], [72.9444668, 19.1402116], [72.9446287, 19.1396584], [72.9447658, 19.1389287], [72.9448405, 19.1376221], [72.9451001, 19.136815], [72.9451991, 19.1365167], [72.9460615, 19.1360684], [72.9460117, 19.1358094], [72.9457593, 19.1352183], [72.9458782, 19.1349381], [72.9460502, 19.1346722], [72.9467094, 19.1336083], [72.9468543, 19.1321664], [72.9470458, 19.1313364], [72.9478681, 19.1299357], [72.9494255, 19.1289704], [72.950983, 19.128476], [72.9538487, 19.1282728], [72.9560414, 19.1288174], [72.9568512, 19.1287941], [72.9576763, 19.1290001], [72.9589739, 19.1295059], [72.9601654, 19.130277], [72.9618225, 19.1313482], [72.9645262, 19.131772]]}, "properties": {"osm_id": 398254366, "name": "", "waterway": "drain", "covered": "", "length_km": 3.86}}, {"type": "Feature", "geometry": {"type": "LineString", "coordinates": [[72.8667357, 19.0516498], [72.8669749, 19.0515009]]}, "properties": {"osm_id": 398341612, "name": "", "waterway": "drain", "covered": "", "length_km": 0.03}}, {"type": "Feature", "geometry": {"type": "LineString", "coordinates": [[72.8669749, 19.0515009], [72.8665072, 19.0506813], [72.8661416, 19.0504477], [72.8649498, 19.0486957]]}, "properties": {"osm_id": 398341613, "name": "", "waterway": "drain", "covered": "", "length_km": 0.38}}, {"type": "Feature", "geometry": {"type": "LineString", "coordinates": [[72.8504129, 19.0467084], [72.8506677, 19.0478137]]}, "properties": {"osm_id": 420108363, "name": "", "waterway": "drain", "covered": "", "length_km": 0.13}}, {"type": "Feature", "geometry": {"type": "LineString", "coordinates": [[72.8445418, 19.0526999], [72.8448826, 19.0521244]]}, "properties": {"osm_id": 420108364, "name": "", "waterway": "drain", "covered": "", "length_km": 0.07}}, {"type": "Feature", "geometry": {"type": "LineString", "coordinates": [[72.8480614, 19.0461603], [72.8485031, 19.0462976], [72.8504129, 19.0467084]]}, "properties": {"osm_id": 420108367, "name": "", "waterway": "drain", "covered": "", "length_km": 0.25}}, {"type": "Feature", "geometry": {"type": "LineString", "coordinates": [[72.8448826, 19.0521244], [72.8449262, 19.051622]]}, "properties": {"osm_id": 420108369, "name": "", "waterway": "drain", "covered": "", "length_km": 0.06}}, {"type": "Feature", "geometry": {"type": "LineString", "coordinates": [[72.8504129, 19.0467084], [72.8510335, 19.0468348], [72.8511478, 19.0468959], [72.8511263, 19.0470481], [72.8506677, 19.0478137]]}, "properties": {"osm_id": 420108370, "name": "", "waterway": "drain", "covered": "", "length_km": 0.2}}, {"type": "Feature", "geometry": {"type": "LineString", "coordinates": [[72.8506677, 19.0478137], [72.8488077, 19.0503232], [72.8484066, 19.0507496], [72.8478723, 19.0514386], [72.8475989, 19.0516978]]}, "properties": {"osm_id": 420108372, "name": "", "waterway": "drain", "covered": "", "length_km": 0.54}}, {"type": "Feature", "geometry": {"type": "LineString", "coordinates": [[72.8480614, 19.0461603], [72.8476354, 19.0461661], [72.8469676, 19.046052], [72.8464392, 19.0459759], [72.8461978, 19.0460216], [72.8458652, 19.0461407], [72.8455219, 19.0463207], [72.8453958, 19.0464298], [72.8436933, 19.0506886], [72.8436891, 19.0508198], [72.8437592, 19.0513328]]}, "properties": {"osm_id": 420108375, "name": "", "waterway": "drain", "covered": "", "length_km": 0.87}}, {"type": "Feature", "geometry": {"type": "LineString", "coordinates": [[72.8741705, 19.1388132], [72.8739102, 19.1388825], [72.8736849, 19.1390751], [72.8732718, 19.1395084], [72.8729754, 19.1396364], [72.87273, 19.1397212], [72.8725637, 19.1397922], [72.8722284, 19.1400811], [72.8718476, 19.1404155], [72.8717403, 19.1404814], [72.8715337, 19.1405739], [72.8706995, 19.1407424]]}, "properties": {"osm_id": 424015855, "name": "", "waterway": "drain", "covered": "", "length_km": 0.44}}, {"type": "Feature", "geometry": {"type": "LineString", "coordinates": [[72.8912045, 19.06571], [72.8911034, 19.0653509]]}, "properties": {"osm_id": 427200318, "name": "", "waterway": "drain", "covered": "", "length_km": 0.04}}, {"type": "Feature", "geometry": {"type": "LineString", "coordinates": [[72.9166827, 19.0869954], [72.9174352, 19.0864842]]}, "properties": {"osm_id": 427219300, "name": "", "waterway": "drain", "covered": "", "length_km": 0.1}}, {"type": "Feature", "geometry": {"type": "LineString", "coordinates": [[72.914743, 19.0842132], [72.9154467, 19.0842532]]}, "properties": {"osm_id": 427219302, "name": "", "waterway": "drain", "covered": "", "length_km": 0.07}}, {"type": "Feature", "geometry": {"type": "LineString", "coordinates": [[72.9105229, 19.0787622], [72.9109928, 19.0792652], [72.9122176, 19.0806375], [72.9139079, 19.0825064], [72.9154467, 19.0842532], [72.9168074, 19.0857727], [72.9173432, 19.0862707]]}, "properties": {"osm_id": 427219303, "name": "", "waterway": "drain", "covered": "", "length_km": 1.1}}, {"type": "Feature", "geometry": {"type": "LineString", "coordinates": [[72.8838903, 19.0743087], [72.8853733, 19.0739975], [72.8855944, 19.0739048], [72.8857097, 19.0737974]]}, "properties": {"osm_id": 427242813, "name": "", "waterway": "drain", "covered": "", "length_km": 0.2}}, {"type": "Feature", "geometry": {"type": "LineString", "coordinates": [[72.892581, 19.0792929], [72.8924293, 19.0790167], [72.8917453, 19.0784644], [72.890684, 19.0775719], [72.890493, 19.0774481], [72.8903162, 19.0773171], [72.8868433, 19.0746635], [72.8865836, 19.0744651], [72.8857097, 19.0737974]]}, "properties": {"osm_id": 427242814, "name": "", "waterway": "drain", "covered": "", "length_km": 0.95}}, {"type": "Feature", "geometry": {"type": "LineString", "coordinates": [[72.8930574, 19.0501971], [72.8930607, 19.0499651], [72.8926155, 19.0499496], [72.8925026, 19.0499249], [72.8923439, 19.0498305], [72.8919355, 19.0492001], [72.891273, 19.0488556], [72.8906994, 19.048511], [72.8906835, 19.0477531], [72.8898785, 19.0473426], [72.8886962, 19.0461143], [72.8882937, 19.0456169]]}, "properties": {"osm_id": 430024320, "name": "", "waterway": "drain", "covered": "", "length_km": 0.77}}, {"type": "Feature", "geometry": {"type": "LineString", "coordinates": [[72.8728762, 19.045307], [72.8738015, 19.0455854], [72.8761442, 19.0462904], [72.876743, 19.0465206], [72.8773621, 19.0468852], [72.8778696, 19.0473265], [72.878356, 19.0478406]]}, "properties": {"osm_id": 430024321, "name": "", "waterway": "drain", "covered": "", "length_km": 0.65}}, {"type": "Feature", "geometry": {"type": "LineString", "coordinates": [[72.9050515, 19.0158979], [72.9049916, 19.0158958], [72.9048175, 19.0158647], [72.9048269, 19.0151928], [72.9041022, 19.011104], [72.9039563, 19.0107792], [72.9038057, 19.0105479], [72.9031422, 19.0094089], [72.9024598, 19.0088571], [72.9015422, 19.0085368], [72.9007281, 19.0077982], [72.9001728, 19.0072821], [72.900041, 19.0068683], [72.9000363, 19.0065212], [72.9001492, 19.0063032], [72.9006857, 19.0054], [72.9007751, 19.0051419], [72.9011751, 19.0035401], [72.9019798, 19.002183], [72.904749, 18.9979243]]}, "properties": {"osm_id": 430025270, "name": "", "waterway": "drain", "covered": "", "length_km": 2.34}}, {"type": "Feature", "geometry": {"type": "LineString", "coordinates": [[72.8932973, 19.0423102], [72.8928807, 19.0420161], [72.8926849, 19.0419781], [72.8921579, 19.0419639], [72.8919722, 19.0419212], [72.8917062, 19.0417314], [72.8915858, 19.0416745], [72.8914653, 19.0417029], [72.891375, 19.0418216], [72.8912846, 19.0419164], [72.8905669, 19.0420872], [72.8900399, 19.0421916]]}, "properties": {"osm_id": 430028114, "name": "", "waterway": "drain", "covered": "", "length_km": 0.38}}, {"type": "Feature", "geometry": {"type": "LineString", "coordinates": [[72.8907175, 19.03953], [72.8894756, 19.0419727], [72.8892493, 19.0418953], [72.889139, 19.041907], [72.8890212, 19.0419547], [72.8889282, 19.0420588], [72.8872847, 19.0451581]]}, "properties": {"osm_id": 430028115, "name": "", "waterway": "drain", "covered": "", "length_km": 0.75}}, {"type": "Feature", "geometry": {"type": "LineString", "coordinates": [[72.8898617, 19.0247646], [72.889809, 19.0249354], [72.8896233, 19.0251584], [72.8894301, 19.0253956], [72.8890411, 19.0259247], [72.8883786, 19.025901], [72.8872292, 19.0257444], [72.8858967, 19.0255237], [72.8842767, 19.0252339]]}, "properties": {"osm_id": 430028715, "name": "", "waterway": "drain", "covered": "", "length_km": 0.66}}, {"type": "Feature", "geometry": {"type": "LineString", "coordinates": [[72.8714023, 19.0722748], [72.8717415, 19.0717475], [72.8727658, 19.0720107]]}, "properties": {"osm_id": 430418396, "name": "", "waterway": "drain", "covered": "", "length_km": 0.18}}, {"type": "Feature", "geometry": {"type": "LineString", "coordinates": [[72.8679533, 19.0712381], [72.8684697, 19.0709282], [72.8706333, 19.0720681], [72.8714023, 19.0722748]]}, "properties": {"osm_id": 430418397, "name": "", "waterway": "drain", "covered": "", "length_km": 0.41}}, {"type": "Feature", "geometry": {"type": "LineString", "coordinates": [[72.8183457, 19.1821103], [72.8181197, 19.181028]]}, "properties": {"osm_id": 431427982, "name": "", "waterway": "drain", "covered": "", "length_km": 0.12}}, {"type": "Feature", "geometry": {"type": "LineString", "coordinates": [[72.8172514, 19.1812033], [72.8181197, 19.181028], [72.8211459, 19.1804168], [72.8221756, 19.1789535]]}, "properties": {"osm_id": 431427983, "name": "", "waterway": "drain", "covered": "", "length_km": 0.61}}, {"type": "Feature", "geometry": {"type": "LineString", "coordinates": [[72.9640315, 19.1423362], [72.9571224, 19.1396872], [72.9569736, 19.1396301]]}, "properties": {"osm_id": 431485399, "name": "", "waterway": "drain", "covered": "", "length_km": 0.8}}, {"type": "Feature", "geometry": {"type": "LineString", "coordinates": [[72.9406366, 19.1441071], [72.9414516, 19.143884], [72.9425729, 19.1437428], [72.9429592, 19.1439193]]}, "properties": {"osm_id": 431485400, "name": "", "waterway": "drain", "covered": "", "length_km": 0.25}}, {"type": "Feature", "geometry": {"type": "LineString", "coordinates": [[72.9286731, 19.1281373], [72.9287106, 19.1277369], [72.9326534, 19.1262874], [72.9329485, 19.1262519], [72.9335534, 19.1261345]]}, "properties": {"osm_id": 431485401, "name": "", "waterway": "drain", "covered": "", "length_km": 0.59}}, {"type": "Feature", "geometry": {"type": "LineString", "coordinates": [[72.9356416, 19.1391701], [72.9367896, 19.1405688], [72.9380932, 19.1419118], [72.9390802, 19.1430115], [72.9398903, 19.1442176], [72.9401478, 19.1444811], [72.9406366, 19.1441071]]}, "properties": {"osm_id": 431485402, "name": "", "waterway": "drain", "covered": "", "length_km": 0.82}}, {"type": "Feature", "geometry": {"type": "LineString", "coordinates": [[72.842426, 19.064141], [72.842198, 19.0638165], [72.8418761, 19.0612205]]}, "properties": {"osm_id": 434887993, "name": "", "waterway": "drain", "covered": "", "length_km": 0.33}}, {"type": "Feature", "geometry": {"type": "LineString", "coordinates": [[72.8418761, 19.0612205], [72.841742, 19.0597805], [72.8415677, 19.0583456], [72.8415837, 19.0573847]]}, "properties": {"osm_id": 434887994, "name": "", "waterway": "drain", "covered": "", "length_km": 0.43}}, {"type": "Feature", "geometry": {"type": "LineString", "coordinates": [[72.8471178, 19.0535743], [72.8477749, 19.0525932]]}, "properties": {"osm_id": 434904731, "name": "", "waterway": "drain", "covered": "", "length_km": 0.13}}, {"type": "Feature", "geometry": {"type": "LineString", "coordinates": [[72.8477749, 19.0525932], [72.8482684, 19.0518934]]}, "properties": {"osm_id": 434904732, "name": "", "waterway": "drain", "covered": "", "length_km": 0.09}}, {"type": "Feature", "geometry": {"type": "LineString", "coordinates": [[72.8491576, 19.0363934], [72.8492286, 19.0367024], [72.850442, 19.0391269], [72.8505383, 19.0392512]]}, "properties": {"osm_id": 434908167, "name": "", "waterway": "drain", "covered": "", "length_km": 0.35}}, {"type": "Feature", "geometry": {"type": "LineString", "coordinates": [[72.8505383, 19.0392512], [72.850881, 19.0399191], [72.8509543, 19.0401339], [72.850881, 19.040314], [72.8500092, 19.041293], [72.8491561, 19.0421899], [72.848829, 19.0426971], [72.8486605, 19.0431751], [72.8485582, 19.0436764], [72.8480742, 19.0460361], [72.8480614, 19.0461603]]}, "properties": {"osm_id": 434908168, "name": "", "waterway": "drain", "covered": "", "length_km": 0.87}}, {"type": "Feature", "geometry": {"type": "LineString", "coordinates": [[72.8305095, 19.0091594], [72.8294661, 19.0094435], [72.8286883, 19.0097807]]}, "properties": {"osm_id": 434917789, "name": "", "waterway": "drain", "covered": "", "length_km": 0.2}}, {"type": "Feature", "geometry": {"type": "LineString", "coordinates": [[72.8381058, 19.1017324], [72.8391114, 19.1013495], [72.8390899, 19.1006246], [72.8390846, 19.0995525], [72.8392535, 19.0992737], [72.8392884, 19.0977529], [72.8391355, 19.0974462], [72.8391114, 19.0965718], [72.8393206, 19.0961865], [72.8393689, 19.094833], [72.8393742, 19.0943616], [72.8392374, 19.0935455], [72.8391623, 19.0932337], [72.8387466, 19.0924505], [72.8386205, 19.0922908], [72.8384006, 19.0919562], [72.8381956, 19.0918173], [72.8361633, 19.091974], [72.8334787, 19.0913935], [72.8323859, 19.0911941], [72.832192, 19.090923], [72.832253, 19.0896674], [72.8322449, 19.0892948], [72.8320277, 19.0886459], [72.8320277, 19.0885192], [72.8322718, 19.0880021], [72.8323227, 19.087774], [72.832312, 19.0875306], [72.8324997, 19.0872847], [72.8325085, 19.0871121], [72.8323149, 19.0863014], [72.8322898, 19.0861962], [72.8310754, 19.0866358], [72.8309054, 19.0864777], [72.8305159, 19.0854593]]}, "properties": {"osm_id": 435597343, "name": "", "waterway": "drain", "covered": "", "length_km": 2.71}}, {"type": "Feature", "geometry": {"type": "LineString", "coordinates": [[72.8305159, 19.0854593], [72.8304312, 19.0852132]]}, "properties": {"osm_id": 435597344, "name": "", "waterway": "drain", "covered": "", "length_km": 0.03}}, {"type": "Feature", "geometry": {"type": "LineString", "coordinates": [[72.9180608, 19.1001836], [72.9182848, 19.0999567]]}, "properties": {"osm_id": 436218448, "name": "", "waterway": "drain", "covered": "", "length_km": 0.03}}, {"type": "Feature", "geometry": {"type": "LineString", "coordinates": [[72.9151171, 19.1026661], [72.9150803, 19.102608], [72.9151185, 19.1025361], [72.9151198, 19.1024177], [72.9151468, 19.1023811], [72.9151627, 19.1023594], [72.9153103, 19.1023366], [72.9156107, 19.1023442], [72.9157072, 19.1023265], [72.9158252, 19.1021339], [72.9159191, 19.1020553], [72.9159508, 19.1020474], [72.9160526, 19.1020221], [72.9161739, 19.1019919], [72.9162185, 19.1019397], [72.9162303, 19.101926], [72.9164797, 19.1015408], [72.9166433, 19.1014166]]}, "properties": {"osm_id": 436218449, "name": "", "waterway": "drain", "covered": "", "length_km": 0.24}}, {"type": "Feature", "geometry": {"type": "LineString", "coordinates": [[72.8762573, 19.1110361], [72.87615, 19.1108714], [72.8761393, 19.1107751], [72.876201, 19.1107016], [72.8762653, 19.110471], [72.8763217, 19.1100275], [72.876783, 19.1099337], [72.8768957, 19.1099058], [72.8769225, 19.109807], [72.8767213, 19.1089554], [72.8765336, 19.1086082], [72.8764558, 19.1085423], [72.8762761, 19.1084916], [72.8761795, 19.1084257], [72.8758469, 19.1077211], [72.8757986, 19.1075336], [72.8758442, 19.107341], [72.8759059, 19.107232], [72.875922, 19.1068772], [72.8758603, 19.1067758], [72.8752877, 19.1061995], [72.8752392, 19.1061507], [72.8749869, 19.1056332], [72.8749377, 19.105615], [72.8747875, 19.1057038]]}, "properties": {"osm_id": 436222503, "name": "", "waterway": "drain", "covered": "", "length_km": 0.75}}, {"type": "Feature", "geometry": {"type": "LineString", "coordinates": [[72.9139342, 19.045299], [72.9138754, 19.0450466]]}, "properties": {"osm_id": 436233645, "name": "", "waterway": "drain", "covered": "", "length_km": 0.03}}, {"type": "Feature", "geometry": {"type": "LineString", "coordinates": [[72.9139289, 19.0457972], [72.9139342, 19.045299]]}, "properties": {"osm_id": 436233646, "name": "", "waterway": "drain", "covered": "", "length_km": 0.06}}, {"type": "Feature", "geometry": {"type": "LineString", "coordinates": [[72.9140428, 19.0473518], [72.9140174, 19.0472575], [72.9140047, 19.0471627], [72.9139664, 19.0468772], [72.9139879, 19.046573], [72.9139718, 19.0463448], [72.9139289, 19.0457972]]}, "properties": {"osm_id": 436233647, "name": "", "waterway": "drain", "covered": "", "length_km": 0.17}}, {"type": "Feature", "geometry": {"type": "LineString", "coordinates": [[72.8741055, 19.0782234], [72.8740599, 19.0781423], [72.8740331, 19.0779166], [72.8739446, 19.0776125], [72.8738561, 19.0774984], [72.8738641, 19.0773894], [72.8737085, 19.077179], [72.8734913, 19.0769635], [72.8735233, 19.0768261], [72.8735494, 19.0767139]]}, "properties": {"osm_id": 436370690, "name": "", "waterway": "drain", "covered": "", "length_km": 0.19}}, {"type": "Feature", "geometry": {"type": "LineString", "coordinates": [[72.8802739, 19.0801442], [72.879598, 19.0800631], [72.8793542, 19.0799755]]}, "properties": {"osm_id": 436370692, "name": "", "waterway": "drain", "covered": "", "length_km": 0.1}}, {"type": "Feature", "geometry": {"type": "LineString", "coordinates": [[72.8706421, 19.081622], [72.8734584, 19.0802836], [72.874306, 19.0799312], [72.8759663, 19.0791682], [72.8763395, 19.0789818]]}, "properties": {"osm_id": 436370694, "name": "", "waterway": "drain", "covered": "", "length_km": 0.67}}, {"type": "Feature", "geometry": {"type": "LineString", "coordinates": [[72.8733438, 19.0776682], [72.8733572, 19.0774198], [72.8732982, 19.0770599], [72.8734333, 19.0768009], [72.8735494, 19.0767139], [72.8735798, 19.076672]]}, "properties": {"osm_id": 436370696, "name": "", "waterway": "drain", "covered": "", "length_km": 0.12}}, {"type": "Feature", "geometry": {"type": "LineString", "coordinates": [[72.9416468, 19.114526], [72.9409656, 19.1142472], [72.9403647, 19.1138873], [72.9375377, 19.113421], [72.9367813, 19.1131777], [72.9362502, 19.112909], [72.9360088, 19.1125948], [72.9350969, 19.1114087], [72.9348555, 19.1109221], [72.9347321, 19.1108511], [72.9339113, 19.1106991], [72.9334862, 19.1106066], [72.9332656, 19.1104517]]}, "properties": {"osm_id": 436606794, "name": "", "waterway": "drain", "covered": "", "length_km": 1.05}}, {"type": "Feature", "geometry": {"type": "LineString", "coordinates": [[72.9298291, 19.10185], [72.930365, 19.1017826]]}, "properties": {"osm_id": 436606797, "name": "", "waterway": "drain", "covered": "", "length_km": 0.06}}, {"type": "Feature", "geometry": {"type": "LineString", "coordinates": [[72.930487, 19.1017673], [72.9297996, 19.1040759], [72.9326507, 19.1014952]]}, "properties": {"osm_id": 436606798, "name": "", "waterway": "drain", "covered": "", "length_km": 0.68}}, {"type": "Feature", "geometry": {"type": "LineString", "coordinates": [[72.9332656, 19.1104517], [72.9326522, 19.110498]]}, "properties": {"osm_id": 436606799, "name": "", "waterway": "drain", "covered": "", "length_km": 0.06}}, {"type": "Feature", "geometry": {"type": "LineString", "coordinates": [[72.930365, 19.1017826], [72.930487, 19.1017673]]}, "properties": {"osm_id": 436606800, "name": "", "waterway": "drain", "covered": "", "length_km": 0.01}}, {"type": "Feature", "geometry": {"type": "LineString", "coordinates": [[72.8140102, 19.4496179], [72.8140287, 19.4494951], [72.8141628, 19.4491815], [72.8141681, 19.4490651], [72.8141074, 19.448535], [72.8140448, 19.4479877], [72.8140662, 19.4478005], [72.814152, 19.4475527], [72.8141735, 19.4473857], [72.8140501, 19.4468698], [72.8140381, 19.4467861]]}, "properties": {"osm_id": 439148595, "name": "", "waterway": "drain", "covered": "", "length_km": 0.32}}, {"type": "Feature", "geometry": {"type": "LineString", "coordinates": [[72.823201, 19.4499992], [72.8232742, 19.4497809], [72.8232206, 19.4495912], [72.8230758, 19.4492118], [72.8226305, 19.4485972], [72.8224079, 19.4484733], [72.8218017, 19.4483291], [72.8217775, 19.4482608], [72.8218017, 19.4480736], [72.8216005, 19.4479092], [72.8210641, 19.4476057], [72.8209353, 19.4474995], [72.82082, 19.4474591], [72.8206215, 19.4474995], [72.8204284, 19.4475223], [72.8203452, 19.4474818], [72.820187, 19.4472947], [72.819908, 19.4471834], [72.819841, 19.44711], [72.8199054, 19.4469052], [72.8199429, 19.4466775], [72.8198732, 19.4464145], [72.8198348, 19.4463305]]}, "properties": {"osm_id": 439148598, "name": "", "waterway": "drain", "covered": "", "length_km": 0.63}}, {"type": "Feature", "geometry": {"type": "LineString", "coordinates": [[72.879312, 19.2854728], [72.8795266, 19.2856905], [72.8798056, 19.2857057], [72.8800792, 19.2859183], [72.8801757, 19.2860601], [72.8802457, 19.2863474], [72.8802723, 19.2866879], [72.880342, 19.2869867], [72.8804067, 19.2870942], [72.880511, 19.2871563], [72.880696, 19.2872019], [72.8808838, 19.2872855], [72.8811601, 19.2874323], [72.8814796, 19.2877474], [72.8817156, 19.2881297]]}, "properties": {"osm_id": 439776930, "name": "", "waterway": "drain", "covered": "", "length_km": 0.42}}, {"type": "Feature", "geometry": {"type": "LineString", "coordinates": [[72.8918141, 19.2715794], [72.8918195, 19.2716681], [72.8918785, 19.2718909], [72.8920716, 19.2723694], [72.8920743, 19.2725492], [72.8919589, 19.2730555], [72.8919509, 19.2732809], [72.8919616, 19.2733897], [72.8921387, 19.2738936], [72.8921226, 19.2739721], [72.8920394, 19.274086], [72.8917766, 19.2743012], [72.8915647, 19.2745417], [72.891224, 19.2746835], [72.8909022, 19.2749544], [72.8907573, 19.2750886], [72.8905964, 19.2751139], [72.8904274, 19.2750988], [72.8899419, 19.2749443], [72.8897461, 19.2752279], [72.8896844, 19.2752684], [72.8896093, 19.2752735], [72.8892687, 19.2752203], [72.8891936, 19.2752304], [72.8891507, 19.2752583], [72.8887483, 19.275676], [72.8887376, 19.2758355], [72.8884622, 19.2762126], [72.8884399, 19.2762431], [72.8883272, 19.276352], [72.8881958, 19.2764254], [72.8879813, 19.2764786], [72.8875011, 19.2765065], [72.8870881, 19.2766305], [72.8868199, 19.276633], [72.8864444, 19.2764938], [72.8864068, 19.2764153], [72.8866321, 19.2760861], [72.8866482, 19.2760102], [72.8865838, 19.2759747], [72.8855699, 19.2759899], [72.8855077, 19.2760063], [72.8854734, 19.2760153], [72.8854412, 19.2760735], [72.8853768, 19.2764735], [72.8852105, 19.2767444], [72.8851273, 19.2770305], [72.8850201, 19.2770862], [72.8847331, 19.2771191], [72.8843629, 19.2770964], [72.8842288, 19.2771369], [72.8840142, 19.2772685], [72.8836924, 19.2776559], [72.8835422, 19.2779977], [72.8832445, 19.2782762], [72.8829708, 19.2787319], [72.8828099, 19.2790864]]}, "properties": {"osm_id": 439776931, "name": "", "waterway": "drain", "covered": "", "length_km": 1.69}}, {"type": "Feature", "geometry": {"type": "LineString", "coordinates": [[72.8799105, 19.2700653], [72.8818926, 19.2714376], [72.8822413, 19.2717035], [72.882295, 19.2717617], [72.882004, 19.2720871], [72.8819248, 19.2722833], [72.8819208, 19.2724693], [72.8817236, 19.2727796], [72.8816955, 19.2730441], [72.8813937, 19.2732581], [72.8813414, 19.2735429], [72.881273, 19.2736404], [72.8811215, 19.2737429], [72.880408, 19.2742468], [72.8803624, 19.2743784], [72.8803571, 19.2745252], [72.8804228, 19.2754481], [72.8804026, 19.2757987], [72.8806534, 19.2761292], [72.8811805, 19.2765887], [72.8814138, 19.2769482], [72.882071, 19.2788521], [72.8821407, 19.2792243], [72.8820911, 19.2794965], [72.881843, 19.2804142], [72.8817612, 19.2809194], [72.8816901, 19.2810663], [72.8815922, 19.2811827], [72.8814447, 19.2813181], [72.8807822, 19.2820207], [72.88075, 19.2820967], [72.8807473, 19.2821701], [72.8807554, 19.2826866], [72.8807849, 19.283003], [72.8807044, 19.2832511], [72.8806937, 19.2838107], [72.8807178, 19.2839094]]}, "properties": {"osm_id": 439776932, "name": "", "waterway": "drain", "covered": "", "length_km": 1.84}}, {"type": "Feature", "geometry": {"type": "LineString", "coordinates": [[72.8786338, 19.2748202], [72.8788966, 19.275038], [72.8791299, 19.2751798], [72.8800901, 19.2755874], [72.8804026, 19.2757987]]}, "properties": {"osm_id": 439776933, "name": "", "waterway": "drain", "covered": "", "length_km": 0.22}}, {"type": "Feature", "geometry": {"type": "LineString", "coordinates": [[72.8466511, 19.0917559], [72.8464419, 19.0921463], [72.8463896, 19.0923465]]}, "properties": {"osm_id": 439865745, "name": "", "waterway": "drain", "covered": "", "length_km": 0.07}}, {"type": "Feature", "geometry": {"type": "LineString", "coordinates": [[72.8463896, 19.0923465], [72.8463937, 19.092382], [72.8464178, 19.0924479], [72.8464325, 19.0924707]]}, "properties": {"osm_id": 439865746, "name": "", "waterway": "drain", "covered": "", "length_km": 0.01}}, {"type": "Feature", "geometry": {"type": "LineString", "coordinates": [[72.8459413, 19.0899359], [72.8459216, 19.0900289], [72.8461951, 19.0903239], [72.8465009, 19.090661], [72.8467289, 19.0908689], [72.8469112, 19.0911402]]}, "properties": {"osm_id": 439865747, "name": "", "waterway": "drain", "covered": "", "length_km": 0.17}}, {"type": "Feature", "geometry": {"type": "LineString", "coordinates": [[72.8481829, 19.086012], [72.8482458, 19.0861703], [72.8481499, 19.0864003], [72.8480377, 19.0866585], [72.847989, 19.087055]]}, "properties": {"osm_id": 477875991, "name": "", "waterway": "drain", "covered": "", "length_km": 0.12}}, {"type": "Feature", "geometry": {"type": "LineString", "coordinates": [[72.9329588, 19.1220851], [72.9335347, 19.1222377], [72.9340815, 19.1225862], [72.9344006, 19.1232444]]}, "properties": {"osm_id": 483179405, "name": "", "waterway": "drain", "covered": "", "length_km": 0.21}}, {"type": "Feature", "geometry": {"type": "LineString", "coordinates": [[72.9332248, 19.1293963], [72.9332087, 19.1293429], [72.9331878, 19.1286287], [72.933155, 19.1273936], [72.933382, 19.1263945], [72.9335534, 19.1261345], [72.9342937, 19.1250999]]}, "properties": {"osm_id": 483179406, "name": "", "waterway": "drain", "covered": "", "length_km": 0.51}}, {"type": "Feature", "geometry": {"type": "LineString", "coordinates": [[72.9314365, 19.129362], [72.9318235, 19.1294144], [72.9332087, 19.1293429]]}, "properties": {"osm_id": 483179407, "name": "", "waterway": "drain", "covered": "", "length_km": 0.19}}, {"type": "Feature", "geometry": {"type": "LineString", "coordinates": [[72.9220493, 19.1386003], [72.9226179, 19.1386865], [72.9231705, 19.1387726], [72.9239671, 19.1381822], [72.9241548, 19.1379009], [72.9246256, 19.1374664], [72.9250487, 19.1371249], [72.9252901, 19.1367651], [72.9254564, 19.136608], [72.9258212, 19.1364357], [72.9259982, 19.1363445], [72.9261967, 19.136162], [72.9265205, 19.1359502]]}, "properties": {"osm_id": 483432025, "name": "", "waterway": "drain", "covered": "", "length_km": 0.6}}, {"type": "Feature", "geometry": {"type": "LineString", "coordinates": [[72.9298391, 19.1327005], [72.9302736, 19.1324421]]}, "properties": {"osm_id": 483432026, "name": "", "waterway": "drain", "covered": "", "length_km": 0.05}}, {"type": "Feature", "geometry": {"type": "LineString", "coordinates": [[73.0093716, 19.085237], [73.0079495, 19.0860593]]}, "properties": {"osm_id": 489781127, "name": "", "waterway": "drain", "covered": "", "length_km": 0.18}}, {"type": "Feature", "geometry": {"type": "LineString", "coordinates": [[73.0131355, 19.0830031], [73.011929, 19.0837236]]}, "properties": {"osm_id": 489781128, "name": "", "waterway": "drain", "covered": "", "length_km": 0.15}}, {"type": "Feature", "geometry": {"type": "LineString", "coordinates": [[73.011929, 19.0837236], [73.0093716, 19.085237]]}, "properties": {"osm_id": 489781129, "name": "", "waterway": "drain", "covered": "", "length_km": 0.32}}, {"type": "Feature", "geometry": {"type": "LineString", "coordinates": [[73.0159655, 19.0909759], [73.0155417, 19.0910571], [73.0148015, 19.0911078], [73.0130956, 19.0912091], [73.0124492, 19.0911001], [73.0122775, 19.0911027], [73.0121395, 19.0911563], [73.0119987, 19.0912605]]}, "properties": {"osm_id": 489784662, "name": "", "waterway": "drain", "covered": "", "length_km": 0.42}}, {"type": "Feature", "geometry": {"type": "LineString", "coordinates": [[72.848257, 19.2108378], [72.8483888, 19.2105506], [72.8484464, 19.2103399], [72.848432, 19.2101768], [72.8483132, 19.20947], [72.848327, 19.2090187], [72.8481018, 19.2089333]]}, "properties": {"osm_id": 500017710, "name": "", "waterway": "drain", "covered": "", "length_km": 0.23}}, {"type": "Feature", "geometry": {"type": "LineString", "coordinates": [[72.8212379, 19.4393738], [72.8207449, 19.43925], [72.8204553, 19.4392209], [72.8202704, 19.4392093], [72.8200609, 19.4393836], [72.8198945, 19.4394301], [72.8194689, 19.4394168], [72.819115, 19.4394034], [72.8189097, 19.4394702], [72.8186337, 19.4395102], [72.8182514, 19.4395236], [72.8180532, 19.4395236], [72.8178409, 19.439597], [72.8177171, 19.4395933]]}, "properties": {"osm_id": 508220241, "name": "", "waterway": "drain", "covered": "", "length_km": 0.38}}, {"type": "Feature", "geometry": {"type": "LineString", "coordinates": [[72.8163093, 19.4337149], [72.8153023, 19.4393399], [72.8143874, 19.4440137], [72.814273, 19.4445982], [72.8140626, 19.444577], [72.813624, 19.4445297]]}, "properties": {"osm_id": 520525817, "name": "", "waterway": "drain", "covered": "", "length_km": 1.3}}, {"type": "Feature", "geometry": {"type": "LineString", "coordinates": [[72.8367131, 19.2007453], [72.836929, 19.2006992], [72.8371409, 19.2006102], [72.8373411, 19.2005157], [72.8375942, 19.2006269], [72.8378826, 19.2006491], [72.8381004, 19.2006269], [72.8384124, 19.2005491], [72.8387833, 19.2004879], [72.8392013, 19.2003823], [72.8394838, 19.20036], [72.8398017, 19.2003434], [72.8406317, 19.2000654], [72.8410673, 19.1998764], [72.8413381, 19.1996929], [72.8415441, 19.1997152], [72.8417678, 19.1996763], [72.8420269, 19.1997207], [72.84228, 19.1996929], [72.8426037, 19.1994205], [72.8428102, 19.1992374], [72.8430335, 19.1991843], [72.8434014, 19.1992732], [72.8436516, 19.1993232], [72.843908, 19.1995422], [72.8441847, 19.1995035], [72.8444526, 19.1995297], [72.8446579, 19.1995297], [72.844962, 19.1994252], [72.845345, 19.1993059], [72.8455622, 19.1992425], [72.8459216, 19.1991459]]}, "properties": {"osm_id": 526086548, "name": "", "waterway": "drain", "covered": "", "length_km": 1.03}}, {"type": "Feature", "geometry": {"type": "LineString", "coordinates": [[73.1246245, 19.2304763], [73.1217867, 19.2309929], [73.1213673, 19.2312283], [73.1206495, 19.2316311], [73.1203169, 19.2317476], [73.1197376, 19.2317064]]}, "properties": {"osm_id": 529672687, "name": "", "waterway": "drain", "covered": "", "length_km": 0.54}}, {"type": "Feature", "geometry": {"type": "LineString", "coordinates": [[72.9614656, 19.2588105], [72.9615434, 19.2588409], [72.9616105, 19.2588283], [72.961699, 19.2587878], [72.9617553, 19.2587599], [72.9618358, 19.2587143], [72.961941, 19.2586772], [72.9620128, 19.2586713], [72.962112, 19.2587017], [72.9623052, 19.2587624], [72.9624614, 19.2588114], [72.962568, 19.2588283], [72.9626036, 19.2588418], [72.9632848, 19.259214], [72.9634806, 19.2592849], [72.9636409, 19.2593296], [72.9638313, 19.2593651], [72.964011, 19.2593777], [72.9641666, 19.2593777], [72.9642766, 19.25936], [72.9644865, 19.2592951], [72.9646226, 19.2592663], [72.9646769, 19.2592773], [72.965098, 19.2595786], [72.9653199, 19.2598209], [72.9654407, 19.2601298], [72.9654997, 19.2602564], [72.9655754, 19.2603484], [72.9656928, 19.2604108], [72.9658162, 19.2604437], [72.9659556, 19.2604488], [72.9660844, 19.2604513], [72.9661595, 19.2604513], [72.9663258, 19.2604589], [72.9664042, 19.2604699], [72.9667335, 19.2604944], [72.9668837, 19.2605501], [72.9669809, 19.2606497], [72.9670775, 19.2608244], [72.9671767, 19.2609966], [72.9672297, 19.2610844], [72.967394, 19.2613587], [72.9675495, 19.2614271], [72.9679385, 19.2615208], [72.9685771, 19.2616842]]}, "properties": {"osm_id": 532665642, "name": "", "waterway": "drain", "covered": "", "length_km": 0.89}}, {"type": "Feature", "geometry": {"type": "LineString", "coordinates": [[73.0572313, 19.3047542], [73.0570006, 19.3054985], [73.0568987, 19.3056301], [73.0564588, 19.3058022], [73.0547422, 19.3057567], [73.0541843, 19.305539], [73.0535184, 19.3052023]]}, "properties": {"osm_id": 533741550, "name": "", "waterway": "drain", "covered": "", "length_km": 0.48}}, {"type": "Feature", "geometry": {"type": "LineString", "coordinates": [[73.0624281, 19.3104501], [73.0622565, 19.3105804], [73.0617616, 19.3109788], [73.0610508, 19.3110067], [73.0601335, 19.311275], [73.0598999, 19.3114528]]}, "properties": {"osm_id": 533928125, "name": "", "waterway": "drain", "covered": "", "length_km": 0.3}}, {"type": "Feature", "geometry": {"type": "LineString", "coordinates": [[73.177754, 19.3772217], [73.1793737, 19.3767718], [73.17954, 19.3765998], [73.1796849, 19.3762354], [73.1797439, 19.3758457], [73.1799424, 19.3741504], [73.1800604, 19.3738772], [73.181262, 19.372865], [73.1813156, 19.3726019], [73.1815664, 19.3708686]]}, "properties": {"osm_id": 534512807, "name": "", "waterway": "ditch", "covered": "", "length_km": 0.91}}, {"type": "Feature", "geometry": {"type": "LineString", "coordinates": [[73.1737143, 19.4027709], [73.1724966, 19.4004775], [73.172447, 19.4003738], [73.1717938, 19.3988995], [73.1717656, 19.3988129], [73.1711983, 19.3965777], [73.1714129, 19.3930154], [73.1714988, 19.3919123], [73.1714451, 19.3915581], [73.1713392, 19.3909825], [73.1712654, 19.3905878], [73.1712064, 19.3904107], [73.1711085, 19.3902159], [73.1710228, 19.3900158]]}, "properties": {"osm_id": 534512811, "name": "", "waterway": "ditch", "covered": "", "length_km": 1.48}}, {"type": "Feature", "geometry": {"type": "LineString", "coordinates": [[72.9510977, 19.1650473], [72.9517776, 19.1647626]]}, "properties": {"osm_id": 537227990, "name": "", "waterway": "drain", "covered": "", "length_km": 0.08}}, {"type": "Feature", "geometry": {"type": "LineString", "coordinates": [[72.8853974, 19.0706224], [72.8858408, 19.0711934], [72.8860121, 19.0712919]]}, "properties": {"osm_id": 542236632, "name": "", "waterway": "drain", "covered": "", "length_km": 0.1}}, {"type": "Feature", "geometry": {"type": "LineString", "coordinates": [[72.8833675, 19.0730053], [72.8838302, 19.0725311], [72.8839605, 19.0723186], [72.8840583, 19.0720723], [72.8853974, 19.0706224]]}, "properties": {"osm_id": 542236633, "name": "", "waterway": "drain", "covered": "", "length_km": 0.34}}, {"type": "Feature", "geometry": {"type": "LineString", "coordinates": [[72.8383542, 19.1103819], [72.8383884, 19.1100139], [72.8378219, 19.1054506], [72.8377575, 19.1045585], [72.8380141, 19.102187]]}, "properties": {"osm_id": 554967608, "name": "Irla Nala", "waterway": "drain", "covered": "", "length_km": 0.92}}, {"type": "Feature", "geometry": {"type": "LineString", "coordinates": [[72.9201069, 19.1113788], [72.9200149, 19.1112845], [72.9196644, 19.1107026], [72.9195727, 19.1094387], [72.9194491, 19.1067156], [72.9190332, 19.1060047]]}, "properties": {"osm_id": 564566800, "name": "", "waterway": "drain", "covered": "", "length_km": 0.62}}, {"type": "Feature", "geometry": {"type": "LineString", "coordinates": [[72.968757, 19.1520468], [72.969476, 19.1519121], [72.9702581, 19.1518441], [72.9712381, 19.1516658], [72.9726346, 19.1511194], [72.9748163, 19.1506495], [72.9766893, 19.1501172], [72.9773653, 19.1498643], [72.9777896, 19.1498051], [72.978251, 19.149876], [72.9800291, 19.1500977]]}, "properties": {"osm_id": 598727873, "name": "", "waterway": "drain", "covered": "", "length_km": 1.22}}, {"type": "Feature", "geometry": {"type": "LineString", "coordinates": [[73.0468316, 19.0216263], [73.046399, 19.0190916], [73.0465313, 19.0185122], [73.0463586, 19.0184147]]}, "properties": {"osm_id": 605291410, "name": "", "waterway": "drain", "covered": "", "length_km": 0.37}}, {"type": "Feature", "geometry": {"type": "LineString", "coordinates": [[73.0469179, 19.0220643], [73.0468316, 19.0216263]]}, "properties": {"osm_id": 605291411, "name": "", "waterway": "drain", "covered": "", "length_km": 0.05}}, {"type": "Feature", "geometry": {"type": "LineString", "coordinates": [[72.9601524, 19.1756547], [72.960203, 19.175766], [72.9605708, 19.1761764], [72.9608752, 19.1764728]]}, "properties": {"osm_id": 605980570, "name": "", "waterway": "drain", "covered": "", "length_km": 0.12}}, {"type": "Feature", "geometry": {"type": "LineString", "coordinates": [[72.9650529, 19.1804974], [72.9653411, 19.180251]]}, "properties": {"osm_id": 606337025, "name": "", "waterway": "drain", "covered": "", "length_km": 0.04}}, {"type": "Feature", "geometry": {"type": "LineString", "coordinates": [[72.9353354, 19.0693701], [72.9370411, 19.0692558], [72.940196, 19.0704392], [72.9421636, 19.0714229], [72.9465543, 19.0753727], [72.9468145, 19.0778317], [72.9472373, 19.0780315], [72.9489123, 19.0779547], [72.9513353, 19.0774168], [72.9527739, 19.077084], [72.9536283, 19.0766892], [72.9540306, 19.0765523], [72.9543441, 19.0765322], [72.9547495, 19.0766435], [72.9551205, 19.0768729], [72.955479, 19.0771353], [72.9557321, 19.0772662], [72.9560212, 19.0772949], [72.9563108, 19.0771816], [72.9564734, 19.0769015], [72.9565603, 19.0764818], [72.9602681, 19.0751809]]}, "properties": {"osm_id": 607578488, "name": "", "waterway": "drain", "covered": "", "length_km": 3.23}}, {"type": "Feature", "geometry": {"type": "LineString", "coordinates": [[72.8060189, 19.4482091], [72.805614, 19.4483358], [72.8051181, 19.4485121], [72.8049229, 19.4485888], [72.8047847, 19.4487958], [72.8047603, 19.4489261], [72.8047603, 19.4491331], [72.8047115, 19.4494015], [72.8046953, 19.4495471], [72.8046871, 19.4496852]]}, "properties": {"osm_id": 607727626, "name": "", "waterway": "drain", "covered": "", "length_km": 0.25}}, {"type": "Feature", "geometry": {"type": "LineString", "coordinates": [[72.804535, 19.4500859], [72.8043997, 19.4504115], [72.8043011, 19.4506904], [72.8042579, 19.4509344], [72.8042394, 19.4511378], [72.8042148, 19.4513644], [72.8041822, 19.4516852], [72.8041659, 19.451873], [72.8041415, 19.4521873], [72.8040887, 19.4525362], [72.8040643, 19.4529425], [72.8039911, 19.4530077]]}, "properties": {"osm_id": 607727627, "name": "", "waterway": "drain", "covered": "", "length_km": 0.33}}, {"type": "Feature", "geometry": {"type": "LineString", "coordinates": [[73.0023805, 19.0742415], [73.0029828, 19.0741874], [73.0050098, 19.074021], [73.0092951, 19.0736815], [73.0095701, 19.0736681], [73.0116473, 19.0735123]]}, "properties": {"osm_id": 608030640, "name": "", "waterway": "drain", "covered": "", "length_km": 0.98}}, {"type": "Feature", "geometry": {"type": "LineString", "coordinates": [[73.0079495, 19.0860593], [73.0075689, 19.0862793]]}, "properties": {"osm_id": 608030641, "name": "", "waterway": "drain", "covered": "", "length_km": 0.05}}, {"type": "Feature", "geometry": {"type": "LineString", "coordinates": [[72.9993165, 19.1561766], [72.9991118, 19.1561632], [72.9981016, 19.1561701], [72.9978895, 19.1561493], [72.9969504, 19.1556617], [72.9947787, 19.1557239], [72.9943442, 19.1556884], [72.9934001, 19.1555516], [72.9929227, 19.1555567], [72.9898274, 19.1557746], [72.9893079, 19.1557344], [72.9885185, 19.1556732], [72.9878902, 19.1559067], [72.9867237, 19.1557519], [72.985288, 19.155722], [72.9838219, 19.1555769], [72.9831656, 19.1553659], [72.9824768, 19.1551996]]}, "properties": {"osm_id": 608078466, "name": "", "waterway": "drain", "covered": "", "length_km": 1.8}}, {"type": "Feature", "geometry": {"type": "LineString", "coordinates": [[72.9586628, 19.1576546], [72.9592236, 19.1573443]]}, "properties": {"osm_id": 617794949, "name": "Nane pada nalla", "waterway": "drain", "covered": "", "length_km": 0.07}}, {"type": "Feature", "geometry": {"type": "LineString", "coordinates": [[72.9517776, 19.1647626], [72.9518956, 19.1644447], [72.9519787, 19.164285], [72.952398, 19.1638951], [72.9524669, 19.1637472], [72.9530982, 19.162136], [72.9540293, 19.1611607], [72.9545702, 19.1596891], [72.954989, 19.1594979], [72.9551733, 19.1593919], [72.956906, 19.1582981], [72.9572225, 19.158288], [72.9580754, 19.1579079], [72.9584011, 19.1577504], [72.9586628, 19.1576546]]}, "properties": {"osm_id": 617794950, "name": "Nane Pada Nalla", "waterway": "drain", "covered": "", "length_km": 1.14}}, {"type": "Feature", "geometry": {"type": "LineString", "coordinates": [[72.9498303, 19.1590329], [72.9486662, 19.1569442], [72.9486481, 19.1569113]]}, "properties": {"osm_id": 617794958, "name": "", "waterway": "drain", "covered": "", "length_km": 0.27}}, {"type": "Feature", "geometry": {"type": "LineString", "coordinates": [[72.9504507, 19.1607297], [72.9505643, 19.1606737], [72.9503131, 19.1599855], [72.9498786, 19.1591646], [72.9498303, 19.1590329]]}, "properties": {"osm_id": 617794959, "name": "", "waterway": "drain", "covered": "", "length_km": 0.21}}, {"type": "Feature", "geometry": {"type": "LineString", "coordinates": [[72.9492858, 19.1610902], [72.9499698, 19.1608647]]}, "properties": {"osm_id": 617794960, "name": "", "waterway": "drain", "covered": "", "length_km": 0.08}}, {"type": "Feature", "geometry": {"type": "LineString", "coordinates": [[72.9483363, 19.1627852], [72.9483363, 19.1624001], [72.948449, 19.1621771], [72.9484918, 19.1619364], [72.9489452, 19.1617135], [72.9491356, 19.1611915], [72.9492858, 19.1610902]]}, "properties": {"osm_id": 617794961, "name": "", "waterway": "drain", "covered": "", "length_km": 0.23}}, {"type": "Feature", "geometry": {"type": "LineString", "coordinates": [[72.9274607, 19.145267], [72.9274821, 19.1450491], [72.9274312, 19.1445069], [72.9274124, 19.1442889], [72.9274687, 19.1441699], [72.9274473, 19.1438962], [72.9274346, 19.1434183], [72.9273641, 19.1433717], [72.9271468, 19.1431791], [72.9270798, 19.1430372], [72.9270181, 19.1427205], [72.9270476, 19.1426166], [72.9271066, 19.1425811], [72.9272488, 19.1425735], [72.927399, 19.1425076], [72.9274017, 19.1424443], [72.9270047, 19.1419932], [72.9268974, 19.1417677], [72.9268625, 19.1414662], [72.9268759, 19.1412736], [72.9269055, 19.141228], [72.9270691, 19.1412381], [72.9271093, 19.1412052], [72.9271468, 19.1411089], [72.9271576, 19.1410329], [72.9273212, 19.1407542], [72.9273292, 19.1405692], [72.9272675, 19.1402626], [72.9271817, 19.1402018], [72.9269886, 19.1401891], [72.9269484, 19.1401688], [72.9269269, 19.1397254], [72.9269135, 19.1396114], [72.9267606, 19.1392946], [72.9266828, 19.139097], [72.9266936, 19.1389753], [72.926935, 19.1387828], [72.9269671, 19.1386865], [72.926951, 19.1384939], [72.9268974, 19.1383114], [72.9269242, 19.1381417], [72.9270717, 19.1378148], [72.9272085, 19.1376855], [72.9273078, 19.1376425], [72.927627, 19.1374296], [72.9277933, 19.1373891], [72.9280561, 19.1374093], [72.9282063, 19.1374955], [72.9283297, 19.1377337], [72.9284316, 19.1377844], [72.9285818, 19.1377844], [72.9292309, 19.137683], [72.9296654, 19.1374955], [72.9297137, 19.1372168], [72.9300376, 19.1371558], [72.9310539, 19.1373197], [72.932695, 19.1382575], [72.9331985, 19.1387864]]}, "properties": {"osm_id": 617989958, "name": "", "waterway": "drain", "covered": "", "length_km": 1.74}}, {"type": "Feature", "geometry": {"type": "LineString", "coordinates": [[72.8401282, 19.1596081], [72.840065, 19.1568409], [72.8399753, 19.153219], [72.8398973, 19.1529242], [72.8398463, 19.1527759], [72.8397498, 19.1526112], [72.8396787, 19.1524541], [72.8396559, 19.1521235], [72.8396934, 19.1516978], [72.8397838, 19.1507823], [72.8398912, 19.15053]]}, "properties": {"osm_id": 621501008, "name": "", "waterway": "drain", "covered": "", "length_km": 1.02}}, {"type": "Feature", "geometry": {"type": "LineString", "coordinates": [[73.0053135, 19.0974095], [73.0047021, 19.0972413], [73.0031678, 19.0958646], [73.0003386, 19.0934159]]}, "properties": {"osm_id": 624399189, "name": "", "waterway": "drain", "covered": "", "length_km": 0.69}}, {"type": "Feature", "geometry": {"type": "LineString", "coordinates": [[73.0056792, 19.0975102], [73.0053135, 19.0974095]]}, "properties": {"osm_id": 624399190, "name": "", "waterway": "drain", "covered": "", "length_km": 0.04}}, {"type": "Feature", "geometry": {"type": "LineString", "coordinates": [[72.8604832, 19.1355621], [72.8602579, 19.1362462], [72.8602204, 19.1367809]]}, "properties": {"osm_id": 625929091, "name": "", "waterway": "drain", "covered": "", "length_km": 0.14}}, {"type": "Feature", "geometry": {"type": "LineString", "coordinates": [[72.9177656, 19.0558072], [72.9197305, 19.0545377], [72.9194623, 19.0541625], [72.9197582, 19.0539767]]}, "properties": {"osm_id": 626243770, "name": "", "waterway": "drain", "covered": "", "length_km": 0.34}}, {"type": "Feature", "geometry": {"type": "LineString", "coordinates": [[72.9263612, 19.0601032], [72.9265785, 19.0600522], [72.9270852, 19.059887], [72.9283029, 19.0597703], [72.9285335, 19.0597602], [72.9295742, 19.0598667], [72.9301482, 19.0598312], [72.9307598, 19.0598515], [72.9309502, 19.0598819], [72.931014, 19.059707]]}, "properties": {"osm_id": 626354964, "name": "", "waterway": "drain", "covered": "", "length_km": 0.51}}, {"type": "Feature", "geometry": {"type": "LineString", "coordinates": [[72.9253713, 19.0675726], [72.9250655, 19.0674466]]}, "properties": {"osm_id": 626354966, "name": "", "waterway": "drain", "covered": "", "length_km": 0.04}}, {"type": "Feature", "geometry": {"type": "LineString", "coordinates": [[72.9284558, 19.0682528], [72.9282626, 19.0683288], [72.9280293, 19.0683567], [72.9276994, 19.0684404], [72.9275545, 19.0684277], [72.9273936, 19.0683542], [72.9272354, 19.0682325], [72.9270074, 19.0681235], [72.9266265, 19.0679207], [72.9261196, 19.0678776], [72.9255268, 19.0677762], [72.9254235, 19.0677038], [72.9253713, 19.0675726]]}, "properties": {"osm_id": 626354967, "name": "", "waterway": "drain", "covered": "", "length_km": 0.36}}, {"type": "Feature", "geometry": {"type": "LineString", "coordinates": [[72.9388977, 19.1597563], [72.9389137, 19.1591063], [72.9390264, 19.159038], [72.939477, 19.1589417], [72.9396325, 19.1588302], [72.9399222, 19.1582829], [72.9399973, 19.1582221], [72.9403192, 19.1581056], [72.9405713, 19.1577914], [72.9405928, 19.1575938], [72.9405445, 19.1575532], [72.9403943, 19.157462], [72.9403353, 19.15731], [72.9403621, 19.1562965], [72.9403138, 19.1561394]]}, "properties": {"osm_id": 627613006, "name": "", "waterway": "drain", "covered": "", "length_km": 0.51}}, {"type": "Feature", "geometry": {"type": "LineString", "coordinates": [[72.9884883, 19.1743817], [72.9880792, 19.1743783], [72.9857902, 19.17441], [72.985133, 19.1744706], [72.9844729, 19.1745374], [72.9837656, 19.1746252]]}, "properties": {"osm_id": 628548471, "name": "", "waterway": "drain", "covered": "", "length_km": 0.5}}, {"type": "Feature", "geometry": {"type": "LineString", "coordinates": [[72.9912919, 19.1743151], [72.990963, 19.1743306]]}, "properties": {"osm_id": 628548472, "name": "", "waterway": "drain", "covered": "", "length_km": 0.03}}, {"type": "Feature", "geometry": {"type": "LineString", "coordinates": [[72.8695464, 19.1153724], [72.8694016, 19.1147287], [72.8694606, 19.1145817], [72.869423, 19.1143181], [72.8695709, 19.1141398]]}, "properties": {"osm_id": 628785883, "name": "", "waterway": "drain", "covered": "", "length_km": 0.15}}, {"type": "Feature", "geometry": {"type": "LineString", "coordinates": [[72.9079986, 19.2302028], [72.906872, 19.2298381], [72.9059493, 19.2294836], [72.9056167, 19.2292607], [72.9052734, 19.2287035], [72.904501, 19.2282679], [72.9037928, 19.2280552], [72.9029453, 19.2274778], [72.9023874, 19.227032], [72.9020011, 19.2270118], [72.9016125, 19.2267011]]}, "properties": {"osm_id": 628897732, "name": "", "waterway": "drain", "covered": "", "length_km": 0.8}}, {"type": "Feature", "geometry": {"type": "LineString", "coordinates": [[72.8601855, 19.1524605], [72.8601533, 19.1528203], [72.859869, 19.1538946], [72.8595257, 19.1546446], [72.859413, 19.1549182], [72.8592789, 19.1563219], [72.8591984, 19.157614], [72.859059, 19.1592102], [72.8590447, 19.1596416]]}, "properties": {"osm_id": 628995054, "name": "", "waterway": "drain", "covered": "", "length_km": 0.81}}, {"type": "Feature", "geometry": {"type": "LineString", "coordinates": [[72.8750396, 19.169537], [72.8746962, 19.1695826], [72.8744763, 19.1697701], [72.8738218, 19.1698461], [72.8729582, 19.1697043], [72.8722681, 19.1689924]]}, "properties": {"osm_id": 629015657, "name": "", "waterway": "drain", "covered": "", "length_km": 0.34}}, {"type": "Feature", "geometry": {"type": "LineString", "coordinates": [[72.8590447, 19.1596416], [72.8589691, 19.1599035], [72.8590867, 19.160328], [72.8591707, 19.1605184], [72.8591497, 19.1606969], [72.8590657, 19.1609389], [72.8589733, 19.1610937], [72.8588168, 19.1612219]]}, "properties": {"osm_id": 629066273, "name": "", "waterway": "drain", "covered": "", "length_km": 0.19}}, {"type": "Feature", "geometry": {"type": "LineString", "coordinates": [[72.8860635, 19.1411849], [72.8865623, 19.1411849], [72.8866428, 19.1411038], [72.8860795, 19.1404653], [72.8852427, 19.1392642], [72.8852695, 19.1390412], [72.8851193, 19.1386358]]}, "properties": {"osm_id": 632099207, "name": "", "waterway": "drain", "covered": "", "length_km": 0.39}}, {"type": "Feature", "geometry": {"type": "LineString", "coordinates": [[72.9509783, 19.1673734], [72.9513826, 19.1672828], [72.9514648, 19.1671521], [72.9514569, 19.1669943], [72.9511347, 19.1657659], [72.9510977, 19.1650473]]}, "properties": {"osm_id": 632245759, "name": "Nane Pada Nalla", "waterway": "drain", "covered": "", "length_km": 0.3}}, {"type": "Feature", "geometry": {"type": "LineString", "coordinates": [[72.9507315, 19.1674102], [72.9509783, 19.1673734]]}, "properties": {"osm_id": 632245760, "name": "Nane Pada Nalla", "waterway": "drain", "covered": "", "length_km": 0.03}}, {"type": "Feature", "geometry": {"type": "LineString", "coordinates": [[72.9539689, 19.204289], [72.9541433, 19.2043333], [72.9545402, 19.2048627], [72.9546422, 19.2049007], [72.9547682, 19.2048829], [72.9548997, 19.2048399], [72.9552591, 19.2047563], [72.9553771, 19.204774], [72.9554763, 19.204807], [72.9562998, 19.2047436], [72.9565385, 19.2047234], [72.9567316, 19.2047462], [72.9568738, 19.2048019], [72.9570159, 19.2047842], [72.9577106, 19.2046018], [72.958239, 19.2045461], [72.9583651, 19.2045562], [72.9585206, 19.2049387], [72.9585958, 19.2049665], [72.9587942, 19.204845], [72.9591054, 19.2046043], [72.9594782, 19.2044675], [72.9596847, 19.2044751], [72.9598913, 19.2045815], [72.9600924, 19.2047791], [72.9601943, 19.2047943], [72.9603124, 19.2047563], [72.9605243, 19.2045435], [72.9607013, 19.2043764]]}, "properties": {"osm_id": 638497537, "name": "", "waterway": "drain", "covered": "", "length_km": 0.82}}, {"type": "Feature", "geometry": {"type": "LineString", "coordinates": [[72.988292, 19.2109863], [72.9885881, 19.2093126]]}, "properties": {"osm_id": 639968063, "name": "", "waterway": "drain", "covered": "", "length_km": 0.19}}, {"type": "Feature", "geometry": {"type": "LineString", "coordinates": [[72.9885881, 19.2093126], [72.988717, 19.2089533], [72.9886947, 19.2084114], [72.9887585, 19.2080743], [72.9888847, 19.2077372], [72.9891328, 19.2073921], [72.989139, 19.2073029], [72.9891541, 19.2070845], [72.9890103, 19.2066828], [72.9889119, 19.2062812], [72.9889501, 19.2058219], [72.9889437, 19.2055976], [72.9888749, 19.2054375], [72.9886112, 19.205323], [72.9883361, 19.2052781], [72.9881712, 19.2052183], [72.9880913, 19.2050942], [72.9882476, 19.204465], [72.9882371, 19.2043441], [72.9882234, 19.2041864], [72.9882782, 19.2039884], [72.988399, 19.203931], [72.988497, 19.2039888], [72.988762, 19.2042423], [72.9890866, 19.2044316], [72.9894787, 19.2045815], [72.9896528, 19.2044888], [72.9897872, 19.2043586], [72.9902597, 19.2038323], [72.9903423, 19.2037202], [72.990748, 19.2030968]]}, "properties": {"osm_id": 639968064, "name": "", "waterway": "drain", "covered": "", "length_km": 1.03}}, {"type": "Feature", "geometry": {"type": "LineString", "coordinates": [[72.9745482, 19.2106618], [72.9751891, 19.2100651]]}, "properties": {"osm_id": 639968065, "name": "", "waterway": "drain", "covered": "", "length_km": 0.09}}, {"type": "Feature", "geometry": {"type": "LineString", "coordinates": [[72.9703771, 19.2123462], [72.9736399, 19.2115073], [72.9745482, 19.2106618]]}, "properties": {"osm_id": 639968066, "name": "", "waterway": "drain", "covered": "", "length_km": 0.49}}, {"type": "Feature", "geometry": {"type": "LineString", "coordinates": [[72.9656172, 19.2019736], [72.9664863, 19.2016784]]}, "properties": {"osm_id": 639968067, "name": "", "waterway": "drain", "covered": "", "length_km": 0.1}}, {"type": "Feature", "geometry": {"type": "LineString", "coordinates": [[72.8648405, 19.2046626], [72.8647552, 19.2047466], [72.8644448, 19.204998], [72.8643691, 19.2050931]]}, "properties": {"osm_id": 639968080, "name": "Boisar Drain", "waterway": "drain", "covered": "", "length_km": 0.07}}, {"type": "Feature", "geometry": {"type": "LineString", "coordinates": [[73.0648135, 19.310502], [73.0645755, 19.3104743]]}, "properties": {"osm_id": 640564199, "name": "", "waterway": "drain", "covered": "", "length_km": 0.03}}, {"type": "Feature", "geometry": {"type": "LineString", "coordinates": [[73.0651921, 19.310546], [73.0648135, 19.310502]]}, "properties": {"osm_id": 640564200, "name": "", "waterway": "drain", "covered": "", "length_km": 0.04}}, {"type": "Feature", "geometry": {"type": "LineString", "coordinates": [[72.9779028, 19.2171394], [72.9784924, 19.2168234]]}, "properties": {"osm_id": 640564201, "name": "", "waterway": "drain", "covered": "", "length_km": 0.07}}, {"type": "Feature", "geometry": {"type": "LineString", "coordinates": [[72.9784924, 19.2168234], [72.9787134, 19.2167066], [72.9791012, 19.2166252], [72.9794848, 19.216605], [72.9798871, 19.2167063], [72.9801502, 19.2167008], [72.9809125, 19.216508], [72.9812967, 19.216504], [72.9820317, 19.2166897], [72.9822314, 19.2166506], [72.98251, 19.2165511], [72.9828059, 19.2163868], [72.9833546, 19.2157017], [72.9836647, 19.2155788], [72.9840676, 19.2155071], [72.985777, 19.2155728], [72.9858819, 19.2155362], [72.9859581, 19.215407], [72.986013, 19.2152031]]}, "properties": {"osm_id": 640564202, "name": "", "waterway": "drain", "covered": "", "length_km": 0.88}}, {"type": "Feature", "geometry": {"type": "LineString", "coordinates": [[73.1819808, 19.3680269], [73.182005, 19.3675942]]}, "properties": {"osm_id": 641173419, "name": "", "waterway": "ditch", "covered": "", "length_km": 0.05}}, {"type": "Feature", "geometry": {"type": "LineString", "coordinates": [[73.182005, 19.3675942], [73.1820023, 19.3664581], [73.1817984, 19.3656078], [73.1817555, 19.3642515], [73.1820559, 19.3632494], [73.1820625, 19.3631098], [73.1819455, 19.3629181], [73.1817835, 19.3626507], [73.1812298, 19.3617311], [73.1812298, 19.3613465], [73.1810474, 19.3572065], [73.180967, 19.3571053], [73.1785315, 19.3547974], [73.1783991, 19.3545908]]}, "properties": {"osm_id": 641173423, "name": "", "waterway": "ditch", "covered": "", "length_km": 1.59}}, {"type": "Feature", "geometry": {"type": "LineString", "coordinates": [[73.1552862, 19.2425181], [73.1549586, 19.2428233]]}, "properties": {"osm_id": 641214511, "name": "", "waterway": "drain", "covered": "", "length_km": 0.05}}, {"type": "Feature", "geometry": {"type": "LineString", "coordinates": [[73.1549586, 19.2428233], [73.1549426, 19.242956], [73.1551594, 19.2436192], [73.155071, 19.2437746]]}, "properties": {"osm_id": 641214512, "name": "", "waterway": "drain", "covered": "", "length_km": 0.11}}, {"type": "Feature", "geometry": {"type": "LineString", "coordinates": [[73.0283201, 19.0164271], [73.0272078, 19.0164096], [73.0267542, 19.0164375], [73.0259649, 19.0166406], [73.0250916, 19.0170733], [73.0224346, 19.0194393]]}, "properties": {"osm_id": 648699318, "name": "", "waterway": "drain", "covered": "", "length_km": 0.74}}, {"type": "Feature", "geometry": {"type": "LineString", "coordinates": [[73.0655721, 19.0371159], [73.0695645, 19.0354623], [73.0699074, 19.0353397], [73.0700316, 19.0354379], [73.0701919, 19.0352917], [73.0707804, 19.0345024], [73.0717306, 19.0333198], [73.0748527, 19.0305103], [73.0750029, 19.0304698], [73.0751209, 19.0304748], [73.0752443, 19.0305205], [73.0757968, 19.0309667], [73.0759041, 19.0310073], [73.0760543, 19.0310175], [73.0762313, 19.0309617], [73.0765562, 19.0309194], [73.0768686, 19.0306862], [73.0774252, 19.0301976]]}, "properties": {"osm_id": 656427490, "name": "", "waterway": "drain", "covered": "", "length_km": 1.59}}, {"type": "Feature", "geometry": {"type": "LineString", "coordinates": [[72.9715562, 19.1726735], [72.9715186, 19.1723796], [72.9716474, 19.1722732], [72.9717815, 19.1719286], [72.9718029, 19.1717614], [72.9714972, 19.171498], [72.9713952, 19.1713611], [72.9714704, 19.1711179], [72.9715079, 19.1708342], [72.9713845, 19.1701552]]}, "properties": {"osm_id": 665953421, "name": "", "waterway": "drain", "covered": "", "length_km": 0.31}}, {"type": "Feature", "geometry": {"type": "LineString", "coordinates": [[72.9383692, 19.148746], [72.9385945, 19.1488245], [72.9392007, 19.1482519], [72.9400134, 19.1476843], [72.9402629, 19.1476514], [72.9401582, 19.1467924], [72.9402065, 19.1462375], [72.9396781, 19.1459588], [72.9396406, 19.1457408], [72.9393965, 19.1455559], [72.9385382, 19.145376], [72.9373339, 19.1453633]]}, "properties": {"osm_id": 666023036, "name": "", "waterway": "drain", "covered": "", "length_km": 0.75}}, {"type": "Feature", "geometry": {"type": "LineString", "coordinates": [[72.9352619, 19.1756737], [72.9353283, 19.1756344], [72.9356924, 19.1753817], [72.9361403, 19.1751613], [72.9363227, 19.1751131], [72.9367679, 19.1751967], [72.9369369, 19.1752525]]}, "properties": {"osm_id": 667167831, "name": "", "waterway": "drain", "covered": "", "length_km": 0.2}}, {"type": "Feature", "geometry": {"type": "LineString", "coordinates": [[72.9323208, 19.1735374], [72.9327392, 19.173203], [72.9329082, 19.1731265], [72.9331228, 19.1729319], [72.9337397, 19.1724936], [72.9339516, 19.1724125], [72.9341691, 19.1723087], [72.9341099, 19.1721592], [72.9341474, 19.1720857], [72.9342976, 19.1719869]]}, "properties": {"osm_id": 667167834, "name": "", "waterway": "drain", "covered": "", "length_km": 0.29}}, {"type": "Feature", "geometry": {"type": "LineString", "coordinates": [[72.9552625, 19.1512825], [72.9553303, 19.151279], [72.9554296, 19.1511959], [72.9554608, 19.1510944], [72.955486, 19.1510126], [72.9555063, 19.1508677], [72.9554737, 19.1507767]]}, "properties": {"osm_id": 668808283, "name": "", "waterway": "drain", "covered": "", "length_km": 0.07}}, {"type": "Feature", "geometry": {"type": "LineString", "coordinates": [[72.9556438, 19.1511873], [72.9555852, 19.1511426], [72.9554608, 19.1510944]]}, "properties": {"osm_id": 668808284, "name": "", "waterway": "drain", "covered": "", "length_km": 0.02}}, {"type": "Feature", "geometry": {"type": "LineString", "coordinates": [[72.9558243, 19.1513471], [72.9556438, 19.1511873]]}, "properties": {"osm_id": 668808285, "name": "", "waterway": "drain", "covered": "", "length_km": 0.03}}, {"type": "Feature", "geometry": {"type": "LineString", "coordinates": [[72.8275297, 19.1221264], [72.8275705, 19.1220021]]}, "properties": {"osm_id": 684921593, "name": "", "waterway": "drain", "covered": "", "length_km": 0.01}}, {"type": "Feature", "geometry": {"type": "LineString", "coordinates": [[72.8275705, 19.1220021], [72.8275908, 19.1219403], [72.8275049, 19.1216058], [72.8272582, 19.1211598], [72.827108, 19.1209976], [72.8268719, 19.1208151], [72.826781, 19.1207211]]}, "properties": {"osm_id": 684921594, "name": "", "waterway": "drain", "covered": "", "length_km": 0.17}}, {"type": "Feature", "geometry": {"type": "LineString", "coordinates": [[72.826781, 19.1207211], [72.8266466, 19.120582]]}, "properties": {"osm_id": 684921595, "name": "", "waterway": "drain", "covered": "", "length_km": 0.02}}, {"type": "Feature", "geometry": {"type": "LineString", "coordinates": [[72.8266466, 19.120582], [72.8265072, 19.1204704], [72.8263999, 19.120217], [72.8261183, 19.1199306], [72.8258543, 19.1195987], [72.8253643, 19.1190328]]}, "properties": {"osm_id": 684921596, "name": "", "waterway": "drain", "covered": "", "length_km": 0.22}}, {"type": "Feature", "geometry": {"type": "LineString", "coordinates": [[72.8665447, 19.2010778], [72.8666663, 19.2014404]]}, "properties": {"osm_id": 684926837, "name": "Boisar Drain", "waterway": "drain", "covered": "", "length_km": 0.04}}, {"type": "Feature", "geometry": {"type": "LineString", "coordinates": [[72.9372643, 19.1749182], [72.9373904, 19.1747865], [72.9375607, 19.174789], [72.9376814, 19.1747814], [72.9379241, 19.1746408], [72.9379563, 19.1746003], [72.9379523, 19.1744052], [72.938073, 19.1742684], [72.9381378, 19.1742381], [72.9381861, 19.1742316]]}, "properties": {"osm_id": 690939769, "name": "", "waterway": "drain", "covered": "", "length_km": 0.14}}, {"type": "Feature", "geometry": {"type": "LineString", "coordinates": [[72.8957771, 19.0312828], [72.8951534, 19.0309924]]}, "properties": {"osm_id": 697623454, "name": "", "waterway": "drain", "covered": "", "length_km": 0.07}}, {"type": "Feature", "geometry": {"type": "LineString", "coordinates": [[72.8964903, 19.031578], [72.8957771, 19.0312828]]}, "properties": {"osm_id": 697623455, "name": "", "waterway": "drain", "covered": "", "length_km": 0.08}}, {"type": "Feature", "geometry": {"type": "LineString", "coordinates": [[73.2062698, 19.2012773], [73.2061668, 19.2011631]]}, "properties": {"osm_id": 697623746, "name": "", "waterway": "drain", "covered": "", "length_km": 0.02}}, {"type": "Feature", "geometry": {"type": "LineString", "coordinates": [[73.2080468, 19.2019282], [73.2066729, 19.2017245], [73.2062698, 19.2012773]]}, "properties": {"osm_id": 697623747, "name": "", "waterway": "drain", "covered": "", "length_km": 0.21}}, {"type": "Feature", "geometry": {"type": "LineString", "coordinates": [[73.2048963, 19.199627], [73.2047248, 19.1995317]]}, "properties": {"osm_id": 697623767, "name": "", "waterway": "drain", "covered": "", "length_km": 0.02}}, {"type": "Feature", "geometry": {"type": "LineString", "coordinates": [[73.2061668, 19.2011631], [73.2057828, 19.2007035], [73.2056969, 19.2004908], [73.2055494, 19.2003591], [73.2053456, 19.2001589], [73.2053483, 19.2000475], [73.2053483, 19.1999031], [73.2048963, 19.199627]]}, "properties": {"osm_id": 697623768, "name": "", "waterway": "drain", "covered": "", "length_km": 0.23}}, {"type": "Feature", "geometry": {"type": "LineString", "coordinates": [[72.8281143, 19.0887701], [72.8285623, 19.089021], [72.8286105, 19.0892593], [72.8287581, 19.0895204], [72.8289539, 19.0897434], [72.8292516, 19.0901465], [72.8300616, 19.0907649], [72.8308153, 19.0904202], [72.832253, 19.0896674]]}, "properties": {"osm_id": 706489201, "name": "", "waterway": "drain", "covered": "", "length_km": 0.57}}, {"type": "Feature", "geometry": {"type": "LineString", "coordinates": [[73.196627, 19.1862648], [73.1964125, 19.1862281]]}, "properties": {"osm_id": 711665122, "name": "", "waterway": "drain", "covered": "", "length_km": 0.02}}, {"type": "Feature", "geometry": {"type": "LineString", "coordinates": [[73.1964125, 19.1862281], [73.1962743, 19.1862002], [73.1961774, 19.1863572], [73.1959671, 19.1867543], [73.1959471, 19.1869906], [73.1956769, 19.187312], [73.1953065, 19.1876051], [73.1948861, 19.1880211], [73.1946258, 19.188456], [73.1943555, 19.1887963], [73.1939451, 19.1891461], [73.193845, 19.1893541], [73.1937576, 19.1894469]]}, "properties": {"osm_id": 711665123, "name": "", "waterway": "drain", "covered": "", "length_km": 0.47}}, {"type": "Feature", "geometry": {"type": "LineString", "coordinates": [[73.1937576, 19.1894469], [73.1936849, 19.1895242], [73.1934651, 19.1897742]]}, "properties": {"osm_id": 711665124, "name": "", "waterway": "drain", "covered": "", "length_km": 0.05}}, {"type": "Feature", "geometry": {"type": "LineString", "coordinates": [[73.1978542, 19.184475], [73.1978139, 19.1846055], [73.1978139, 19.1846777], [73.1978273, 19.1847752], [73.1978153, 19.1848538], [73.1977925, 19.1848943], [73.1977375, 19.1849386], [73.1976543, 19.1849576], [73.1976181, 19.185007], [73.1975618, 19.1850995], [73.1974357, 19.1851932], [73.1973204, 19.1853186], [73.1972037, 19.1854174], [73.1971098, 19.1855605], [73.1970803, 19.1856125], [73.1971313, 19.185729], [73.1971072, 19.1858202], [73.1970508, 19.1859405], [73.1970361, 19.1860127], [73.1970254, 19.1861242], [73.1969731, 19.1862926], [73.1969301, 19.1863522], [73.1968939, 19.1863686], [73.1968202, 19.1863585], [73.196627, 19.1862648]]}, "properties": {"osm_id": 711665125, "name": "", "waterway": "drain", "covered": "", "length_km": 0.28}}, {"type": "Feature", "geometry": {"type": "LineString", "coordinates": [[72.8900399, 19.0421916], [72.8894756, 19.0419727]]}, "properties": {"osm_id": 711692736, "name": "", "waterway": "drain", "covered": "", "length_km": 0.06}}, {"type": "Feature", "geometry": {"type": "LineString", "coordinates": [[72.8882937, 19.0456169], [72.8877042, 19.0453203]]}, "properties": {"osm_id": 711693075, "name": "", "waterway": "drain", "covered": "", "length_km": 0.07}}, {"type": "Feature", "geometry": {"type": "LineString", "coordinates": [[72.8877042, 19.0453203], [72.8872847, 19.0451581], [72.887002, 19.0456464], [72.8868665, 19.0456868], [72.8867249, 19.0456526], [72.8808267, 19.0426481], [72.8805798, 19.0425223]]}, "properties": {"osm_id": 711693076, "name": "", "waterway": "drain", "covered": "", "length_km": 0.87}}, {"type": "Feature", "geometry": {"type": "LineString", "coordinates": [[72.8218722, 19.1210205], [72.8209394, 19.1210238]]}, "properties": {"osm_id": 712610051, "name": "Irla Nala", "waterway": "drain", "covered": "", "length_km": 0.1}}, {"type": "Feature", "geometry": {"type": "LineString", "coordinates": [[72.8246123, 19.1193078], [72.8236484, 19.1196908], [72.8231549, 19.1198327], [72.8227928, 19.1199772], [72.8225461, 19.1200811], [72.8222591, 19.1204207], [72.8218722, 19.1210205], [72.8218406, 19.1210695], [72.8215751, 19.1214851], [72.8213069, 19.121817], [72.8210038, 19.1221288], [72.8207999, 19.1222479], [72.8206524, 19.1222656], [72.8206164, 19.1222431], [72.82047, 19.1221516], [72.8202157, 19.1219607]]}, "properties": {"osm_id": 712610052, "name": "Irla Nala", "waterway": "drain", "covered": "", "length_km": 0.61}}, {"type": "Feature", "geometry": {"type": "LineString", "coordinates": [[72.8231549, 19.1198327], [72.8227311, 19.1196401], [72.8222698, 19.1194475], [72.8219104, 19.1193158], [72.8215992, 19.1193259], [72.8212935, 19.1194982], [72.821095, 19.1196604], [72.8209501, 19.1198175], [72.8208536, 19.1201419], [72.8208429, 19.1205474], [72.8209394, 19.1210238], [72.8209126, 19.1213254], [72.8206846, 19.1215763], [72.8204352, 19.121812], [72.8202157, 19.1219607], [72.8200462, 19.1220755], [72.8198263, 19.1221237], [72.819593, 19.1221009], [72.8194749, 19.1220375], [72.8193945, 19.1219488], [72.8193489, 19.121774], [72.819365, 19.1216701], [72.8194213, 19.1215307], [72.8194883, 19.1214014], [72.8194883, 19.121295], [72.8194776, 19.1211784], [72.8194213, 19.1210365], [72.8193408, 19.1209478], [72.819177, 19.1208298]]}, "properties": {"osm_id": 712610053, "name": "Irla Nala", "waterway": "drain", "covered": "", "length_km": 0.77}}, {"type": "Feature", "geometry": {"type": "LineString", "coordinates": [[72.9407135, 19.1885421], [72.9416147, 19.1877594], [72.941802, 19.1876228], [72.9418427, 19.187577], [72.941958, 19.1875365], [72.9420277, 19.1875694], [72.9421002, 19.1877138], [72.942304, 19.1879038], [72.9424489, 19.1879063], [72.9425883, 19.1878784], [72.9427063, 19.1878303], [72.9428861, 19.18781], [72.9435137, 19.187577], [72.9436666, 19.1875998], [72.9442164, 19.1878784], [72.9443639, 19.1879114], [72.9448307, 19.1879088], [72.9450157, 19.1879798], [72.9458097, 19.187962], [72.9459465, 19.1879076]]}, "properties": {"osm_id": 723561452, "name": "", "waterway": "drain", "covered": "", "length_km": 0.63}}, {"type": "Feature", "geometry": {"type": "LineString", "coordinates": [[72.9924458, 19.2151565], [72.9926062, 19.2153361], [72.9932767, 19.215331], [72.9933786, 19.2153816], [72.9935288, 19.2158578], [72.9936254, 19.2163998], [72.993738, 19.216572], [72.9938775, 19.216648], [72.9943925, 19.2166632], [72.9945373, 19.2167139], [72.9948002, 19.2169317], [72.994929, 19.2171343], [72.9950523, 19.2174382], [72.9951382, 19.2175294], [72.995401, 19.2177017]]}, "properties": {"osm_id": 725445810, "name": "", "waterway": "drain", "covered": "", "length_km": 0.48}}, {"type": "Feature", "geometry": {"type": "LineString", "coordinates": [[73.1138581, 19.0341728], [73.1134842, 19.0341776]]}, "properties": {"osm_id": 729321320, "name": "", "waterway": "drain", "covered": "", "length_km": 0.04}}, {"type": "Feature", "geometry": {"type": "LineString", "coordinates": [[73.1156257, 19.0218057], [73.1144723, 19.0217778], [73.1144503, 19.0225468], [73.114363, 19.0261974], [73.1142796, 19.0279097], [73.114217, 19.030072], [73.114143, 19.0320191], [73.1140615, 19.0338981], [73.1139634, 19.0341522], [73.1138581, 19.0341728]]}, "properties": {"osm_id": 729321321, "name": "", "waterway": "drain", "covered": "", "length_km": 1.51}}, {"type": "Feature", "geometry": {"type": "LineString", "coordinates": [[73.1557886, 19.2380157], [73.1557341, 19.2382362]]}, "properties": {"osm_id": 729321888, "name": "", "waterway": "drain", "covered": "", "length_km": 0.03}}, {"type": "Feature", "geometry": {"type": "LineString", "coordinates": [[73.159266, 19.2328381], [73.1590681, 19.2331799], [73.1577594, 19.2343094], [73.1570301, 19.2348221], [73.1563035, 19.2355271], [73.1562031, 19.2359895], [73.1566005, 19.2365656], [73.1563476, 19.23721], [73.1559903, 19.2375094], [73.1558257, 19.2378657], [73.1557886, 19.2380157]]}, "properties": {"osm_id": 729321889, "name": "", "waterway": "drain", "covered": "", "length_km": 0.75}}, {"type": "Feature", "geometry": {"type": "LineString", "coordinates": [[72.8935984, 19.0424431], [72.8932973, 19.0423102]]}, "properties": {"osm_id": 729321928, "name": "", "waterway": "drain", "covered": "", "length_km": 0.03}}, {"type": "Feature", "geometry": {"type": "LineString", "coordinates": [[72.894932, 19.0428608], [72.8948356, 19.0428582], [72.8943362, 19.0429246], [72.894286, 19.0427443], [72.894025, 19.0427277], [72.8937992, 19.0426376], [72.8935984, 19.0424431]]}, "properties": {"osm_id": 729321929, "name": "", "waterway": "drain", "covered": "", "length_km": 0.17}}, {"type": "Feature", "geometry": {"type": "LineString", "coordinates": [[73.1564359, 19.2414399], [73.1562979, 19.2416521]]}, "properties": {"osm_id": 729322405, "name": "", "waterway": "drain", "covered": "", "length_km": 0.03}}, {"type": "Feature", "geometry": {"type": "LineString", "coordinates": [[73.1562979, 19.2416521], [73.156182, 19.2418325], [73.1561277, 19.2418616], [73.1560754, 19.2418774], [73.1557958, 19.2419521], [73.1557334, 19.2419781], [73.1557006, 19.2420205], [73.1555906, 19.2423687], [73.1555665, 19.2424105], [73.1555115, 19.2424459], [73.1552862, 19.2425181]]}, "properties": {"osm_id": 729322406, "name": "", "waterway": "drain", "covered": "", "length_km": 0.16}}, {"type": "Feature", "geometry": {"type": "LineString", "coordinates": [[72.8345744, 19.2169227], [72.8346576, 19.2177256], [72.8347957, 19.2195961]]}, "properties": {"osm_id": 729368122, "name": "", "waterway": "drain", "covered": "", "length_km": 0.3}}, {"type": "Feature", "geometry": {"type": "LineString", "coordinates": [[72.9257027, 19.0840109], [72.9259942, 19.0815823], [72.9256874, 19.0800091], [72.9248052, 19.0790377], [72.923248, 19.0781532], [72.9224809, 19.0769715], [72.9225346, 19.07629], [72.9229872, 19.0757318], [72.9235923, 19.0755496]]}, "properties": {"osm_id": 754559050, "name": "", "waterway": "drain", "covered": "", "length_km": 1.16}}, {"type": "Feature", "geometry": {"type": "LineString", "coordinates": [[72.8241469, 19.1329594], [72.824133, 19.1320696], [72.8243356, 19.1320207]]}, "properties": {"osm_id": 766602310, "name": "", "waterway": "drain", "covered": "", "length_km": 0.12}}, {"type": "Feature", "geometry": {"type": "LineString", "coordinates": [[72.8245483, 19.1337774], [72.8245585, 19.1340521], [72.8245232, 19.1341079], [72.824478, 19.1341407], [72.8242869, 19.1341403], [72.8241748, 19.1341486], [72.8241269, 19.1341682], [72.8240869, 19.134197], [72.8240335, 19.1342552], [72.8239639, 19.1343022], [72.8238916, 19.1343242], [72.8238237, 19.1343283], [72.8228419, 19.1342254], [72.8223191, 19.1340909]]}, "properties": {"osm_id": 766810335, "name": "", "waterway": "drain", "covered": "", "length_km": 0.28}}, {"type": "Feature", "geometry": {"type": "LineString", "coordinates": [[72.9791527, 19.2018088], [72.9793909, 19.2018814]]}, "properties": {"osm_id": 775985456, "name": "", "waterway": "drain", "covered": "", "length_km": 0.03}}, {"type": "Feature", "geometry": {"type": "LineString", "coordinates": [[72.9793909, 19.2018814], [72.9797312, 19.2020036], [72.9801429, 19.2021329], [72.9806506, 19.2021646], [72.9817924, 19.2021465], [72.9827936, 19.2020879], [72.983668, 19.201894], [72.9839944, 19.2014453], [72.9842431, 19.2012238], [72.9848713, 19.2011949], [72.9852384, 19.2012027], [72.9858453, 19.2012232], [72.9861367, 19.2013305], [72.9866496, 19.2012333], [72.9870195, 19.2011717], [72.9880689, 19.2007317]]}, "properties": {"osm_id": 775985457, "name": "", "waterway": "drain", "covered": "", "length_km": 0.97}}, {"type": "Feature", "geometry": {"type": "LineString", "coordinates": [[72.9728048, 19.2002868], [72.9729753, 19.2001497]]}, "properties": {"osm_id": 775985460, "name": "", "waterway": "drain", "covered": "", "length_km": 0.02}}, {"type": "Feature", "geometry": {"type": "LineString", "coordinates": [[72.9691905, 19.199527], [72.96958, 19.1994021], [72.9697994, 19.1993493], [72.9699672, 19.1993562], [72.9700975, 19.1994182], [72.9701846, 19.1994703], [72.9702231, 19.19957], [72.9702392, 19.2000754], [72.9702657, 19.200195], [72.9703984, 19.2003299], [72.970573, 19.2003496], [72.972157, 19.200563], [72.9723421, 19.2005718], [72.9725255, 19.2005045], [72.9728048, 19.2002868]]}, "properties": {"osm_id": 775985461, "name": "", "waterway": "drain", "covered": "", "length_km": 0.48}}, {"type": "Feature", "geometry": {"type": "LineString", "coordinates": [[72.9690718, 19.1995548], [72.9691905, 19.199527]]}, "properties": {"osm_id": 775985462, "name": "", "waterway": "drain", "covered": "", "length_km": 0.01}}, {"type": "Feature", "geometry": {"type": "LineString", "coordinates": [[72.9664863, 19.2016784], [72.9666865, 19.2016049], [72.9667984, 19.201369], [72.9669542, 19.2009575], [72.9670468, 19.2005927], [72.9671295, 19.2004998], [72.9672184, 19.2004111], [72.9672805, 19.2002578], [72.9672808, 19.2000771], [72.9673152, 19.1999889], [72.9676572, 19.1997292], [72.967768, 19.1996684], [72.9680176, 19.1996305], [72.9682573, 19.1997181], [72.9683778, 19.199735], [72.9685531, 19.1996813], [72.9687633, 19.1996036], [72.9690718, 19.1995548]]}, "properties": {"osm_id": 775985463, "name": "", "waterway": "drain", "covered": "", "length_km": 0.42}}, {"type": "Feature", "geometry": {"type": "LineString", "coordinates": [[72.8854877, 19.1901048], [72.8854819, 19.1900437]]}, "properties": {"osm_id": 776141223, "name": "Boisar Drain", "waterway": "drain", "covered": "", "length_km": 0.01}}, {"type": "Feature", "geometry": {"type": "LineString", "coordinates": [[72.885747, 19.1905434], [72.8855056, 19.1902951], [72.8854877, 19.1901048]]}, "properties": {"osm_id": 776141224, "name": "Boisar Drain", "waterway": "drain", "covered": "", "length_km": 0.06}}, {"type": "Feature", "geometry": {"type": "LineString", "coordinates": [[72.8319197, 19.0809111], [72.8320055, 19.0811342], [72.832027, 19.0813776], [72.8318338, 19.0814789], [72.8314691, 19.0815398], [72.8311901, 19.0815803], [72.8309112, 19.0816209], [72.8307127, 19.0816057], [72.8306537, 19.0814789], [72.8304552, 19.0812737], [72.8303916, 19.0813216], [72.8302807, 19.0814061], [72.82956, 19.0818451], [72.8292784, 19.0819668], [72.8288439, 19.0815587], [72.8285193, 19.0816195], [72.8278577, 19.0815969]]}, "properties": {"osm_id": 777669543, "name": "", "waterway": "drain", "covered": "", "length_km": 0.56}}, {"type": "Feature", "geometry": {"type": "LineString", "coordinates": [[72.9502316, 19.1607943], [72.9504507, 19.1607297]]}, "properties": {"osm_id": 779616747, "name": "", "waterway": "drain", "covered": "", "length_km": 0.02}}, {"type": "Feature", "geometry": {"type": "LineString", "coordinates": [[72.9499698, 19.1608647], [72.9502316, 19.1607943]]}, "properties": {"osm_id": 779616748, "name": "", "waterway": "drain", "covered": "", "length_km": 0.03}}, {"type": "Feature", "geometry": {"type": "LineString", "coordinates": [[72.9351794, 19.1757003], [72.9352619, 19.1756737]]}, "properties": {"osm_id": 779644534, "name": "", "waterway": "drain", "covered": "", "length_km": 0.01}}, {"type": "Feature", "geometry": {"type": "LineString", "coordinates": [[72.9347134, 19.1757718], [72.9350808, 19.1757212], [72.9351794, 19.1757003]]}, "properties": {"osm_id": 779644535, "name": "", "waterway": "drain", "covered": "", "length_km": 0.05}}, {"type": "Feature", "geometry": {"type": "LineString", "coordinates": [[73.0457694, 19.2909915], [73.0456824, 19.291129], [73.0454014, 19.2911078], [73.0452964, 19.2911926], [73.0451728, 19.2919884], [73.0449179, 19.2930106], [73.0449415, 19.2932682]]}, "properties": {"osm_id": 781741672, "name": "", "waterway": "drain", "covered": "", "length_km": 0.3}}, {"type": "Feature", "geometry": {"type": "LineString", "coordinates": [[73.0458165, 19.2909169], [73.0457694, 19.2909915]]}, "properties": {"osm_id": 781741673, "name": "", "waterway": "drain", "covered": "", "length_km": 0.01}}, {"type": "Feature", "geometry": {"type": "LineString", "coordinates": [[73.04495, 19.2933617], [73.0449966, 19.2938701], [73.0448917, 19.2940257], [73.044532, 19.2939019], [73.0443858, 19.2939054], [73.0443746, 19.2946093], [73.0447006, 19.2950478], [73.0449105, 19.2957234], [73.0449329, 19.2961796], [73.0443783, 19.2972336], [73.0442509, 19.2976545], [73.044442, 19.2979905], [73.0444308, 19.2982097], [73.0444982, 19.2988605], [73.0441497, 19.2989489], [73.0443484, 19.2999251], [73.0439624, 19.3004627], [73.0434153, 19.3008446], [73.0431642, 19.3010038], [73.0420325, 19.3007173], [73.0420887, 19.3011169], [73.0413869, 19.3012729]]}, "properties": {"osm_id": 781741674, "name": "", "waterway": "drain", "covered": "", "length_km": 1.29}}, {"type": "Feature", "geometry": {"type": "LineString", "coordinates": [[73.0449415, 19.2932682], [73.04495, 19.2933617]]}, "properties": {"osm_id": 781741675, "name": "", "waterway": "drain", "covered": "", "length_km": 0.01}}, {"type": "Feature", "geometry": {"type": "LineString", "coordinates": [[73.0625414, 19.3103265], [73.0624281, 19.3104501]]}, "properties": {"osm_id": 781769424, "name": "", "waterway": "drain", "covered": "", "length_km": 0.02}}, {"type": "Feature", "geometry": {"type": "LineString", "coordinates": [[73.0645755, 19.3104743], [73.0626225, 19.3102473], [73.0625414, 19.3103265]]}, "properties": {"osm_id": 781769425, "name": "", "waterway": "drain", "covered": "", "length_km": 0.22}}, {"type": "Feature", "geometry": {"type": "LineString", "coordinates": [[73.0485984, 19.2858125], [73.0486358, 19.2858831]]}, "properties": {"osm_id": 781769449, "name": "", "waterway": "drain", "covered": "", "length_km": 0.01}}, {"type": "Feature", "geometry": {"type": "LineString", "coordinates": [[73.0488351, 19.282138], [73.0486655, 19.2826683], [73.0486019, 19.2836887], [73.047754, 19.2841039], [73.0480984, 19.2849993], [73.0484726, 19.2855968], [73.0485984, 19.2858125]]}, "properties": {"osm_id": 781769450, "name": "", "waterway": "drain", "covered": "", "length_km": 0.49}}, {"type": "Feature", "geometry": {"type": "LineString", "coordinates": [[73.1783233, 19.354518], [73.1781238, 19.3542862], [73.1762168, 19.3517606], [73.1761739, 19.3516265]]}, "properties": {"osm_id": 781823753, "name": "", "waterway": "ditch", "covered": "", "length_km": 0.39}}, {"type": "Feature", "geometry": {"type": "LineString", "coordinates": [[73.1783991, 19.3545908], [73.1783233, 19.354518]]}, "properties": {"osm_id": 781823754, "name": "", "waterway": "ditch", "covered": "", "length_km": 0.01}}, {"type": "Feature", "geometry": {"type": "LineString", "coordinates": [[73.1815664, 19.3708686], [73.1815799, 19.3707205]]}, "properties": {"osm_id": 781823774, "name": "", "waterway": "ditch", "covered": "", "length_km": 0.02}}, {"type": "Feature", "geometry": {"type": "LineString", "coordinates": [[73.1815799, 19.3707205], [73.1819808, 19.3680269]]}, "properties": {"osm_id": 781823775, "name": "", "waterway": "ditch", "covered": "", "length_km": 0.3}}, {"type": "Feature", "geometry": {"type": "LineString", "coordinates": [[73.1024247, 19.0001269], [73.1024462, 18.9994979]]}, "properties": {"osm_id": 781846445, "name": "", "waterway": "drain", "covered": "", "length_km": 0.07}}, {"type": "Feature", "geometry": {"type": "LineString", "coordinates": [[73.1024462, 18.9994979], [73.1023389, 18.9991327], [73.1021672, 18.9989095], [73.1017166, 18.9988487], [73.0993348, 18.9986255], [73.0988198, 18.9959068], [73.0965942, 18.992579], [73.0958826, 18.9921614]]}, "properties": {"osm_id": 781846446, "name": "", "waterway": "drain", "covered": "", "length_km": 1.21}}, {"type": "Feature", "geometry": {"type": "LineString", "coordinates": [[73.1776002, 19.37726], [73.177754, 19.3772217]]}, "properties": {"osm_id": 782078047, "name": "", "waterway": "ditch", "covered": "", "length_km": 0.02}}, {"type": "Feature", "geometry": {"type": "LineString", "coordinates": [[73.1697285, 19.3847977], [73.1697285, 19.3845447], [73.1697714, 19.3843169], [73.1712413, 19.3810226], [73.1713539, 19.3808961], [73.1722605, 19.3802231], [73.1734997, 19.3788669], [73.1750822, 19.3779357], [73.1776002, 19.37726]]}, "properties": {"osm_id": 782078048, "name": "", "waterway": "ditch", "covered": "", "length_km": 1.26}}, {"type": "Feature", "geometry": {"type": "LineString", "coordinates": [[72.8140247, 19.4466876], [72.813975, 19.446192], [72.814273, 19.4445982]]}, "properties": {"osm_id": 782158629, "name": "", "waterway": "drain", "covered": "", "length_km": 0.24}}, {"type": "Feature", "geometry": {"type": "LineString", "coordinates": [[72.8140381, 19.4467861], [72.8140247, 19.4466876]]}, "properties": {"osm_id": 782158630, "name": "", "waterway": "drain", "covered": "", "length_km": 0.01}}, {"type": "Feature", "geometry": {"type": "LineString", "coordinates": [[72.8140028, 19.4496887], [72.8140102, 19.4496179]]}, "properties": {"osm_id": 782158631, "name": "", "waterway": "drain", "covered": "", "length_km": 0.01}}, {"type": "Feature", "geometry": {"type": "LineString", "coordinates": [[72.8136693, 19.4502816], [72.8137658, 19.4499958], [72.8139911, 19.4497834], [72.8140028, 19.4496887]]}, "properties": {"osm_id": 782158632, "name": "", "waterway": "drain", "covered": "", "length_km": 0.08}}, {"type": "Feature", "geometry": {"type": "LineString", "coordinates": [[72.8136411, 19.4503901], [72.8136693, 19.4502816]]}, "properties": {"osm_id": 782158633, "name": "", "waterway": "drain", "covered": "", "length_km": 0.01}}, {"type": "Feature", "geometry": {"type": "LineString", "coordinates": [[72.8134279, 19.4513945], [72.8135593, 19.4507141], [72.8136411, 19.4503901]]}, "properties": {"osm_id": 782158634, "name": "", "waterway": "drain", "covered": "", "length_km": 0.11}}, {"type": "Feature", "geometry": {"type": "LineString", "coordinates": [[72.8231555, 19.4501092], [72.823201, 19.4499992]]}, "properties": {"osm_id": 782158637, "name": "", "waterway": "drain", "covered": "", "length_km": 0.01}}, {"type": "Feature", "geometry": {"type": "LineString", "coordinates": [[72.8231185, 19.4505516], [72.8230758, 19.4503322], [72.8231555, 19.4501092]]}, "properties": {"osm_id": 782158638, "name": "", "waterway": "drain", "covered": "", "length_km": 0.05}}, {"type": "Feature", "geometry": {"type": "LineString", "coordinates": [[72.8231655, 19.4506434], [72.8231185, 19.4505516]]}, "properties": {"osm_id": 782158639, "name": "", "waterway": "drain", "covered": "", "length_km": 0.01}}, {"type": "Feature", "geometry": {"type": "LineString", "coordinates": [[72.8307348, 19.4548214], [72.8304585, 19.454748], [72.8299945, 19.4547506], [72.8297853, 19.4547379], [72.8289967, 19.4544698], [72.8288143, 19.4544294], [72.8279721, 19.4544193], [72.8278112, 19.4544901], [72.827315, 19.4546115], [72.8267437, 19.454485], [72.8265693, 19.4544193], [72.8259605, 19.4539944], [72.8258103, 19.4536909], [72.8257311, 19.4530498], [72.8254455, 19.452941], [72.8249721, 19.4527058], [72.8245644, 19.4522506], [72.8244745, 19.4520609], [72.823918, 19.4518459], [72.823513, 19.4517422], [72.8234486, 19.4511567], [72.8234352, 19.4509367], [72.8231655, 19.4506434]]}, "properties": {"osm_id": 782158640, "name": "", "waterway": "drain", "covered": "", "length_km": 1.06}}, {"type": "Feature", "geometry": {"type": "LineString", "coordinates": [[72.8061193, 19.4481761], [72.8060189, 19.4482091]]}, "properties": {"osm_id": 782158641, "name": "", "waterway": "drain", "covered": "", "length_km": 0.01}}, {"type": "Feature", "geometry": {"type": "LineString", "coordinates": [[72.8090093, 19.4473961], [72.808917, 19.4474144], [72.8081997, 19.4476151], [72.8074029, 19.4478604], [72.8069313, 19.4479908], [72.8062645, 19.4481364], [72.8061193, 19.4481761]]}, "properties": {"osm_id": 782158642, "name": "", "waterway": "drain", "covered": "", "length_km": 0.32}}, {"type": "Feature", "geometry": {"type": "LineString", "coordinates": [[72.8091255, 19.4473754], [72.8090093, 19.4473961]]}, "properties": {"osm_id": 782158643, "name": "", "waterway": "drain", "covered": "", "length_km": 0.01}}, {"type": "Feature", "geometry": {"type": "LineString", "coordinates": [[72.8119188, 19.4445172], [72.8117881, 19.4449928], [72.81162, 19.4453627], [72.8114892, 19.4456093], [72.8113584, 19.4459528], [72.8111903, 19.446261], [72.8110187, 19.4466657], [72.8105251, 19.44704], [72.8094681, 19.4473391], [72.8091255, 19.4473754]]}, "properties": {"osm_id": 782158644, "name": "", "waterway": "drain", "covered": "", "length_km": 0.48}}, {"type": "Feature", "geometry": {"type": "LineString", "coordinates": [[72.9051204, 19.0159002], [72.9050515, 19.0158979]]}, "properties": {"osm_id": 782910081, "name": "", "waterway": "drain", "covered": "", "length_km": 0.01}}, {"type": "Feature", "geometry": {"type": "LineString", "coordinates": [[72.9075611, 19.0168435], [72.9075564, 19.0166077], [72.9074246, 19.0163986], [72.9070528, 19.0160515], [72.9067987, 19.0159581], [72.9051204, 19.0159002]]}, "properties": {"osm_id": 782910082, "name": "", "waterway": "drain", "covered": "", "length_km": 0.31}}, {"type": "Feature", "geometry": {"type": "LineString", "coordinates": [[72.9384286, 19.1741802], [72.9385317, 19.1741024], [72.940869, 19.1724531]]}, "properties": {"osm_id": 784791945, "name": "", "waterway": "drain", "covered": "", "length_km": 0.32}}, {"type": "Feature", "geometry": {"type": "LineString", "coordinates": [[72.9381861, 19.1742316], [72.9382768, 19.1742124], [72.9384286, 19.1741802]]}, "properties": {"osm_id": 784791946, "name": "", "waterway": "drain", "covered": "", "length_km": 0.03}}, {"type": "Feature", "geometry": {"type": "LineString", "coordinates": [[72.9344132, 19.1245602], [72.934376, 19.1234365], [72.9344006, 19.1232444], [72.9350728, 19.1231186], [72.9357878, 19.1226432]]}, "properties": {"osm_id": 785569950, "name": "", "waterway": "drain", "covered": "", "length_km": 0.31}}, {"type": "Feature", "geometry": {"type": "LineString", "coordinates": [[72.9342937, 19.1250999], [72.9344132, 19.1245602]]}, "properties": {"osm_id": 785569951, "name": "", "waterway": "drain", "covered": "", "length_km": 0.06}}, {"type": "Feature", "geometry": {"type": "LineString", "coordinates": [[72.9333571, 19.1294973], [72.9332248, 19.1293963]]}, "properties": {"osm_id": 785569952, "name": "", "waterway": "drain", "covered": "", "length_km": 0.02}}, {"type": "Feature", "geometry": {"type": "LineString", "coordinates": [[72.9336542, 19.1323649], [72.9336432, 19.1315976], [72.9333571, 19.1294973]]}, "properties": {"osm_id": 785569953, "name": "", "waterway": "drain", "covered": "", "length_km": 0.32}}, {"type": "Feature", "geometry": {"type": "LineString", "coordinates": [[72.9859293, 19.2148364], [72.9862347, 19.2148536]]}, "properties": {"osm_id": 785569957, "name": "", "waterway": "drain", "covered": "", "length_km": 0.03}}, {"type": "Feature", "geometry": {"type": "LineString", "coordinates": [[72.9862347, 19.2148536], [72.9869279, 19.2149409], [72.9882258, 19.2149633]]}, "properties": {"osm_id": 785569958, "name": "", "waterway": "drain", "covered": "", "length_km": 0.21}}, {"type": "Feature", "geometry": {"type": "LineString", "coordinates": [[72.9887749, 19.2149769], [72.9891206, 19.2149853]]}, "properties": {"osm_id": 785569959, "name": "", "waterway": "drain", "covered": "", "length_km": 0.04}}, {"type": "Feature", "geometry": {"type": "LineString", "coordinates": [[72.8949832, 19.0428623], [72.894932, 19.0428608]]}, "properties": {"osm_id": 785569960, "name": "", "waterway": "drain", "covered": "", "length_km": 0.01}}, {"type": "Feature", "geometry": {"type": "LineString", "coordinates": [[72.8955458, 19.0432662], [72.8953099, 19.043093], [72.8952221, 19.0429222], [72.8950941, 19.0428653], [72.8949832, 19.0428623]]}, "properties": {"osm_id": 785569961, "name": "", "waterway": "drain", "covered": "", "length_km": 0.08}}, {"type": "Feature", "geometry": {"type": "LineString", "coordinates": [[72.9607013, 19.2043764], [72.9610152, 19.2043206]]}, "properties": {"osm_id": 785569962, "name": "", "waterway": "drain", "covered": "", "length_km": 0.03}}, {"type": "Feature", "geometry": {"type": "LineString", "coordinates": [[72.9621076, 19.2037082], [72.9621899, 19.2036367], [72.9625869, 19.2027147], [72.9626861, 19.202583], [72.962788, 19.2025355], [72.9632778, 19.2026573], [72.9634665, 19.2023423], [72.9637303, 19.2022077], [72.9642631, 19.2019867], [72.9644054, 19.2020048], [72.9645619, 19.2020248], [72.9649333, 19.2023679], [72.9650625, 19.2023222], [72.96554, 19.2020247]]}, "properties": {"osm_id": 785569963, "name": "", "waterway": "drain", "covered": "", "length_km": 0.5}}, {"type": "Feature", "geometry": {"type": "LineString", "coordinates": [[72.9189491, 19.105861], [72.9188807, 19.1057441], [72.9179168, 19.1042167]]}, "properties": {"osm_id": 785569964, "name": "", "waterway": "drain", "covered": "", "length_km": 0.21}}, {"type": "Feature", "geometry": {"type": "LineString", "coordinates": [[72.9190332, 19.1060047], [72.9189491, 19.105861]]}, "properties": {"osm_id": 785569965, "name": "", "waterway": "drain", "covered": "", "length_km": 0.02}}, {"type": "Feature", "geometry": {"type": "LineString", "coordinates": [[72.9930867, 19.1851891], [72.9938691, 19.1842283]]}, "properties": {"osm_id": 785569970, "name": "", "waterway": "drain", "covered": "", "length_km": 0.13}}, {"type": "Feature", "geometry": {"type": "LineString", "coordinates": [[72.9930163, 19.1852756], [72.9930205, 19.1852704], [72.9930867, 19.1851891]]}, "properties": {"osm_id": 785569971, "name": "", "waterway": "drain", "covered": "", "length_km": 0.01}}, {"type": "Feature", "geometry": {"type": "LineString", "coordinates": [[72.916631, 19.0485909], [72.916687, 19.0487856]]}, "properties": {"osm_id": 785569972, "name": "", "waterway": "drain", "covered": "", "length_km": 0.02}}, {"type": "Feature", "geometry": {"type": "LineString", "coordinates": [[72.9142427, 19.0471523], [72.9150286, 19.047127], [72.9151198, 19.0471371], [72.9152271, 19.0472132], [72.9154471, 19.0473602], [72.9157931, 19.0477101], [72.9157957, 19.0477963], [72.9160221, 19.047849], [72.916631, 19.0485909]]}, "properties": {"osm_id": 785569973, "name": "", "waterway": "drain", "covered": "", "length_km": 0.33}}, {"type": "Feature", "geometry": {"type": "LineString", "coordinates": [[72.9951314, 19.1885526], [72.9950611, 19.1884432]]}, "properties": {"osm_id": 785569986, "name": "", "waterway": "drain", "covered": "", "length_km": 0.01}}, {"type": "Feature", "geometry": {"type": "LineString", "coordinates": [[72.9950622, 19.1889452], [72.9951314, 19.1885526]]}, "properties": {"osm_id": 785569987, "name": "", "waterway": "drain", "covered": "", "length_km": 0.04}}, {"type": "Feature", "geometry": {"type": "LineString", "coordinates": [[72.9277764, 19.0474113], [72.9277711, 19.0474899], [72.9278971, 19.0476699]]}, "properties": {"osm_id": 785569988, "name": "", "waterway": "drain", "covered": "", "length_km": 0.03}}, {"type": "Feature", "geometry": {"type": "LineString", "coordinates": [[72.9279857, 19.0470741], [72.9277764, 19.0474113]]}, "properties": {"osm_id": 785569989, "name": "", "waterway": "drain", "covered": "", "length_km": 0.04}}, {"type": "Feature", "geometry": {"type": "LineString", "coordinates": [[72.928467, 19.038092], [72.9287228, 19.0380721]]}, "properties": {"osm_id": 785569992, "name": "", "waterway": "drain", "covered": "", "length_km": 0.03}}, {"type": "Feature", "geometry": {"type": "LineString", "coordinates": [[72.9264052, 19.0382521], [72.928467, 19.038092]]}, "properties": {"osm_id": 785569993, "name": "", "waterway": "drain", "covered": "", "length_km": 0.22}}, {"type": "Feature", "geometry": {"type": "LineString", "coordinates": [[72.9263073, 19.0382597], [72.9264052, 19.0382521]]}, "properties": {"osm_id": 785569994, "name": "", "waterway": "drain", "covered": "", "length_km": 0.01}}, {"type": "Feature", "geometry": {"type": "LineString", "coordinates": [[72.9250139, 19.0383601], [72.9263073, 19.0382597]]}, "properties": {"osm_id": 785569995, "name": "", "waterway": "drain", "covered": "", "length_km": 0.14}}, {"type": "Feature", "geometry": {"type": "LineString", "coordinates": [[72.9246125, 19.0383913], [72.9250139, 19.0383601]]}, "properties": {"osm_id": 785569996, "name": "", "waterway": "drain", "covered": "", "length_km": 0.04}}, {"type": "Feature", "geometry": {"type": "LineString", "coordinates": [[72.9238251, 19.0384524], [72.9246125, 19.0383913]]}, "properties": {"osm_id": 785569997, "name": "", "waterway": "drain", "covered": "", "length_km": 0.08}}, {"type": "Feature", "geometry": {"type": "LineString", "coordinates": [[72.9690892, 19.2619131], [72.96959, 19.2619529], [72.9701989, 19.2619427], [72.9703847, 19.2618828], [72.97073, 19.2617781], [72.9708461, 19.2617922], [72.9708802, 19.2618035], [72.9709182, 19.2618025], [72.9710387, 19.26184], [72.9711203, 19.2618503], [72.9712315, 19.2618896], [72.9713549, 19.2619402], [72.9714354, 19.2619706], [72.9714917, 19.2619934], [72.9717391, 19.2620588], [72.9718324, 19.2621529], [72.9718894, 19.2621968], [72.9722514, 19.2630678], [72.9723346, 19.2631514], [72.9726449, 19.2633709], [72.9727683, 19.2633937], [72.973062, 19.2632747], [72.9731923, 19.2632151], [72.9732807, 19.2631532], [72.9734013, 19.2631025], [72.9735397, 19.2630783], [72.9736669, 19.2630873], [72.9742636, 19.2633329], [72.9744957, 19.2633798], [72.9745524, 19.2633662], [72.9748344, 19.2630526], [72.9749999, 19.2629506], [72.975057, 19.2629346], [72.9751448, 19.2629101], [72.9753226, 19.2629438], [72.9755908, 19.2630906], [72.9758099, 19.2632393], [72.9759923, 19.263376], [72.9761318, 19.2634621], [72.9763955, 19.2635768], [72.9766334, 19.2636571], [72.9769721, 19.2637439], [72.9771233, 19.2638359], [72.9772042, 19.2639339], [72.9772476, 19.2640622], [72.9772806, 19.2642402], [72.9772993, 19.2644352], [72.9773959, 19.2646833], [72.9775453, 19.2648724], [72.9778721, 19.2651668], [72.978025, 19.265301], [72.9780277, 19.265425], [72.9779874, 19.2655643], [72.977907, 19.2656656], [72.9778614, 19.2657567], [72.9779006, 19.2658121], [72.9779714, 19.2658378], [72.978135, 19.2658099], [72.9784434, 19.2658656], [72.9785293, 19.2658985], [72.9786231, 19.2659871], [72.9787036, 19.2661694], [72.9789128, 19.2664024], [72.9791837, 19.2665467], [72.9794197, 19.2666125], [72.9797792, 19.266962], [72.9799213, 19.2670683], [72.9803451, 19.2672101], [72.9804014, 19.2673114], [72.9804309, 19.2674785], [72.9805248, 19.2677393], [72.9805516, 19.2678887], [72.9805355, 19.2680305], [72.9804926, 19.2682254], [72.980494, 19.2683558], [72.9805128, 19.268393], [72.9805489, 19.2684065], [72.9807233, 19.2683672], [72.9808332, 19.2683558], [72.9809165, 19.2683875], [72.9809889, 19.2684494], [72.9810304, 19.2685305], [72.9810586, 19.26859], [72.9810988, 19.2686584], [72.98119, 19.2686989], [72.9812785, 19.2687065], [72.9813295, 19.2687293], [72.9813563, 19.2687799], [72.981477, 19.2689723], [72.9815494, 19.2690863], [72.9816165, 19.2691217], [72.9816674, 19.2692483], [72.9816755, 19.2693217], [72.981705, 19.2693977], [72.9817425, 19.269461], [72.9817801, 19.2695395], [72.9818767, 19.2696306], [72.9819866, 19.2697193], [72.9820269, 19.2697952], [72.9820269, 19.2698611], [72.9820027, 19.2699598], [72.982, 19.2701193], [72.982051, 19.2701978], [72.9821368, 19.2702459], [72.9822468, 19.2702864], [72.9824828, 19.2704231], [72.9827001, 19.2706004], [72.9827671, 19.2706662], [72.9828181, 19.2706763], [72.9828503, 19.2706206], [72.9828825, 19.2705219], [72.9829442, 19.2704409], [72.9830246, 19.2704054], [72.9831266, 19.2704029], [72.9832124, 19.2704434], [72.9832499, 19.2704839], [72.9832687, 19.2705421], [72.9832553, 19.2705902], [72.9832178, 19.2706611], [72.9831909, 19.2707093], [72.9831856, 19.2707675], [72.9831909, 19.2708333], [72.9832392, 19.2709067], [72.983309, 19.2709143], [72.9833948, 19.2709118], [72.9834592, 19.2708738], [72.9834779, 19.2708131], [72.9834699, 19.2707118], [72.9834967, 19.2706308], [72.9835638, 19.2705776], [72.9836201, 19.2705675], [72.9836684, 19.2705902], [72.9836925, 19.2706409], [72.9837086, 19.2707194], [72.983671, 19.2707675], [72.9836255, 19.2708384], [72.9836147, 19.2709118], [72.9836389, 19.2709574], [72.9837166, 19.271003], [72.9837783, 19.2709878], [72.9838508, 19.2709954], [72.9839259, 19.2710257], [72.9839822, 19.271084], [72.984009, 19.2711523], [72.9840197, 19.271203], [72.9839795, 19.2712688], [72.9839205, 19.2713675], [72.9838776, 19.2714815], [72.9838749, 19.2715904], [72.9838669, 19.2716638], [72.9838454, 19.2717549], [72.9838213, 19.2718233], [72.9838025, 19.2718866], [72.9838132, 19.2719828], [72.9838481, 19.2720613], [72.9839741, 19.2720891], [72.9841136, 19.2720815], [72.9842021, 19.2720917], [72.9843094, 19.2721423], [72.9844006, 19.2722157], [72.9844408, 19.2723752], [72.9845159, 19.2725348], [72.9846608, 19.2726335], [72.9848351, 19.2726968], [72.9850041, 19.2726715], [72.9851355, 19.2725575], [72.9852428, 19.2725094], [72.985348, 19.2725493], [72.9854211, 19.2726226], [72.9854302, 19.2727304], [72.9853434, 19.2727994], [72.9852475, 19.2729589], [72.9852293, 19.2730753], [72.9852841, 19.2732219], [72.9853937, 19.2734418], [72.9854257, 19.2736143], [72.9854476, 19.2737155], [72.9854668, 19.273804], [72.9855627, 19.273985], [72.9857043, 19.2740454], [72.9858916, 19.2739894], [72.986088, 19.2737781], [72.9862798, 19.2734935], [72.9864534, 19.2733901], [72.9865447, 19.2732348], [72.9866863, 19.2729244], [72.9868964, 19.2728037], [72.9870928, 19.2728252], [72.987344, 19.2729718], [72.9875222, 19.2732521], [72.9875907, 19.273472], [72.9878145, 19.2735496], [72.9880429, 19.2735065], [72.9882073, 19.2733857], [72.988347, 19.2733031], [72.9910183, 19.2728295]]}, "properties": {"osm_id": 785569998, "name": "", "waterway": "drain", "covered": "", "length_km": 3.57}}, {"type": "Feature", "geometry": {"type": "LineString", "coordinates": [[72.9685771, 19.2616842], [72.9690892, 19.2619131]]}, "properties": {"osm_id": 785569999, "name": "", "waterway": "drain", "covered": "", "length_km": 0.06}}, {"type": "Feature", "geometry": {"type": "LineString", "coordinates": [[72.8828099, 19.2790864], [72.8827268, 19.2794079], [72.8826248, 19.2798029], [72.8826356, 19.2803624], [72.8826812, 19.2807599], [72.8827992, 19.2811447], [72.8828126, 19.2812662], [72.8827777, 19.2813928], [72.8825149, 19.2819877], [72.8825068, 19.282127], [72.882659, 19.2823349], [72.882864, 19.2825833], [72.8840786, 19.283998], [72.8839472, 19.2845701], [72.8839016, 19.2850841], [72.883864, 19.2852765], [72.883671, 19.2859829], [72.8835583, 19.2862082], [72.883451, 19.2863373], [72.8833652, 19.2864993], [72.8831842, 19.2876245]]}, "properties": {"osm_id": 785570003, "name": "", "waterway": "drain", "covered": "", "length_km": 1.03}}, {"type": "Feature", "geometry": {"type": "LineString", "coordinates": [[73.0020638, 19.175562], [73.0009733, 19.1753909], [72.9983785, 19.1749318]]}, "properties": {"osm_id": 785570004, "name": "", "waterway": "drain", "covered": "", "length_km": 0.39}}, {"type": "Feature", "geometry": {"type": "LineString", "coordinates": [[73.0021838, 19.1755808], [73.0020638, 19.175562]]}, "properties": {"osm_id": 785570005, "name": "", "waterway": "drain", "covered": "", "length_km": 0.01}}, {"type": "Feature", "geometry": {"type": "LineString", "coordinates": [[73.011718, 19.0915253], [73.0116531, 19.0916042], [73.0116043, 19.0916907], [73.0114434, 19.0922653]]}, "properties": {"osm_id": 785570008, "name": "", "waterway": "drain", "covered": "", "length_km": 0.09}}, {"type": "Feature", "geometry": {"type": "LineString", "coordinates": [[73.0119987, 19.0912605], [73.011718, 19.0915253]]}, "properties": {"osm_id": 785570009, "name": "", "waterway": "drain", "covered": "", "length_km": 0.04}}, {"type": "Feature", "geometry": {"type": "LineString", "coordinates": [[72.917527, 19.0516263], [72.9175634, 19.0517666]]}, "properties": {"osm_id": 785570010, "name": "", "waterway": "drain", "covered": "", "length_km": 0.02}}, {"type": "Feature", "geometry": {"type": "LineString", "coordinates": [[72.91699, 19.0503396], [72.9172656, 19.0506826], [72.9173782, 19.0510822], [72.9174745, 19.0514241], [72.917503, 19.0515339], [72.917527, 19.0516263]]}, "properties": {"osm_id": 785570011, "name": "", "waterway": "drain", "covered": "", "length_km": 0.16}}, {"type": "Feature", "geometry": {"type": "LineString", "coordinates": [[73.0162186, 19.0909576], [73.0159655, 19.0909759]]}, "properties": {"osm_id": 785570012, "name": "", "waterway": "drain", "covered": "", "length_km": 0.03}}, {"type": "Feature", "geometry": {"type": "LineString", "coordinates": [[73.0172101, 19.0894703], [73.0172986, 19.0908796], [73.0162186, 19.0909576]]}, "properties": {"osm_id": 785570013, "name": "", "waterway": "drain", "covered": "", "length_km": 0.27}}, {"type": "Feature", "geometry": {"type": "LineString", "coordinates": [[72.9950476, 19.189028], [72.9950622, 19.1889452]]}, "properties": {"osm_id": 785570016, "name": "", "waterway": "drain", "covered": "", "length_km": 0.01}}, {"type": "Feature", "geometry": {"type": "LineString", "coordinates": [[72.9948608, 19.1900884], [72.9950476, 19.189028]]}, "properties": {"osm_id": 785570017, "name": "", "waterway": "drain", "covered": "", "length_km": 0.12}}, {"type": "Feature", "geometry": {"type": "LineString", "coordinates": [[72.9198301, 19.0539316], [72.9205325, 19.0534906], [72.9205605, 19.0534513]]}, "properties": {"osm_id": 785570022, "name": "", "waterway": "drain", "covered": "", "length_km": 0.09}}, {"type": "Feature", "geometry": {"type": "LineString", "coordinates": [[72.9197582, 19.0539767], [72.9198301, 19.0539316]]}, "properties": {"osm_id": 785570023, "name": "", "waterway": "drain", "covered": "", "length_km": 0.01}}, {"type": "Feature", "geometry": {"type": "LineString", "coordinates": [[72.9185607, 19.0532735], [72.9186489, 19.0533459], [72.9187835, 19.0533766], [72.9190806, 19.0533503], [72.9191309, 19.0534226]]}, "properties": {"osm_id": 785570026, "name": "", "waterway": "drain", "covered": "", "length_km": 0.07}}, {"type": "Feature", "geometry": {"type": "LineString", "coordinates": [[72.9184586, 19.0531309], [72.9185607, 19.0532735]]}, "properties": {"osm_id": 785570027, "name": "", "waterway": "drain", "covered": "", "length_km": 0.02}}, {"type": "Feature", "geometry": {"type": "LineString", "coordinates": [[72.9191833, 19.053498], [72.9192355, 19.053573], [72.9199436, 19.053142], [72.9201474, 19.0530558], [72.9203566, 19.0530913], [72.9205605, 19.0534513], [72.9208984, 19.0533144], [72.9212203, 19.0532485], [72.921923, 19.0534766], [72.9222932, 19.0535172], [72.9229584, 19.0531217], [72.923071, 19.0530051], [72.9232534, 19.0512355], [72.9233344, 19.0511014]]}, "properties": {"osm_id": 785570028, "name": "", "waterway": "drain", "covered": "", "length_km": 0.7}}, {"type": "Feature", "geometry": {"type": "LineString", "coordinates": [[72.9191309, 19.0534226], [72.9191833, 19.053498]]}, "properties": {"osm_id": 785570029, "name": "", "waterway": "drain", "covered": "", "length_km": 0.01}}, {"type": "Feature", "geometry": {"type": "LineString", "coordinates": [[72.9169549, 19.0502009], [72.91699, 19.0503396]]}, "properties": {"osm_id": 785570030, "name": "", "waterway": "drain", "covered": "", "length_km": 0.02}}, {"type": "Feature", "geometry": {"type": "LineString", "coordinates": [[72.916687, 19.0487856], [72.9168038, 19.049583], [72.9169549, 19.0502009]]}, "properties": {"osm_id": 785570031, "name": "", "waterway": "drain", "covered": "", "length_km": 0.16}}, {"type": "Feature", "geometry": {"type": "LineString", "coordinates": [[72.903819, 19.0529531], [72.9038658, 19.0531048]]}, "properties": {"osm_id": 785570032, "name": "", "waterway": "drain", "covered": "", "length_km": 0.02}}, {"type": "Feature", "geometry": {"type": "LineString", "coordinates": [[72.9037446, 19.0511607], [72.9038386, 19.0513713], [72.903889, 19.0520399], [72.9038107, 19.0527862], [72.903819, 19.0529531]]}, "properties": {"osm_id": 785570033, "name": "", "waterway": "drain", "covered": "", "length_km": 0.2}}, {"type": "Feature", "geometry": {"type": "LineString", "coordinates": [[72.9646692, 19.1834545], [72.964879, 19.1828256], [72.9648094, 19.1820987], [72.9644492, 19.1814108], [72.9643705, 19.1812109], [72.9643998, 19.1809839], [72.9643223, 19.1808917], [72.9642064, 19.1808043], [72.9641694, 19.1807195], [72.9642377, 19.1806342], [72.9645771, 19.1805827], [72.9648854, 19.1805492], [72.9650529, 19.1804974]]}, "properties": {"osm_id": 785589890, "name": "", "waterway": "drain", "covered": "", "length_km": 0.43}}, {"type": "Feature", "geometry": {"type": "LineString", "coordinates": [[72.8289901, 19.215179], [72.8289907, 19.2152708]]}, "properties": {"osm_id": 785754227, "name": "", "waterway": "drain", "covered": "", "length_km": 0.01}}, {"type": "Feature", "geometry": {"type": "LineString", "coordinates": [[72.8291056, 19.2193392], [72.8291127, 19.2194742]]}, "properties": {"osm_id": 785754228, "name": "", "waterway": "drain", "covered": "", "length_km": 0.02}}, {"type": "Feature", "geometry": {"type": "LineString", "coordinates": [[72.8290622, 19.2184565], [72.8290643, 19.2185501]]}, "properties": {"osm_id": 785754229, "name": "", "waterway": "drain", "covered": "", "length_km": 0.01}}, {"type": "Feature", "geometry": {"type": "LineString", "coordinates": [[72.8290392, 19.2174508], [72.8290622, 19.2184565]]}, "properties": {"osm_id": 785754230, "name": "", "waterway": "drain", "covered": "", "length_km": 0.11}}, {"type": "Feature", "geometry": {"type": "LineString", "coordinates": [[72.8290371, 19.2173598], [72.8290392, 19.2174508]]}, "properties": {"osm_id": 785754231, "name": "", "waterway": "drain", "covered": "", "length_km": 0.01}}, {"type": "Feature", "geometry": {"type": "LineString", "coordinates": [[72.8290127, 19.2162909], [72.8290371, 19.2173598]]}, "properties": {"osm_id": 785754232, "name": "", "waterway": "drain", "covered": "", "length_km": 0.12}}, {"type": "Feature", "geometry": {"type": "LineString", "coordinates": [[72.8290108, 19.216206], [72.8290127, 19.2162909]]}, "properties": {"osm_id": 785754233, "name": "", "waterway": "drain", "covered": "", "length_km": 0.01}}, {"type": "Feature", "geometry": {"type": "LineString", "coordinates": [[72.8289922, 19.2153891], [72.8290108, 19.216206]]}, "properties": {"osm_id": 785754234, "name": "", "waterway": "drain", "covered": "", "length_km": 0.09}}, {"type": "Feature", "geometry": {"type": "LineString", "coordinates": [[72.8290643, 19.2185501], [72.8291056, 19.2193392]]}, "properties": {"osm_id": 785754235, "name": "", "waterway": "drain", "covered": "", "length_km": 0.09}}, {"type": "Feature", "geometry": {"type": "LineString", "coordinates": [[72.8289907, 19.2152708], [72.8289922, 19.2153891]]}, "properties": {"osm_id": 785754236, "name": "", "waterway": "drain", "covered": "", "length_km": 0.01}}, {"type": "Feature", "geometry": {"type": "LineString", "coordinates": [[72.8177171, 19.4395933], [72.8171968, 19.4395837]]}, "properties": {"osm_id": 785921165, "name": "", "waterway": "drain", "covered": "", "length_km": 0.05}}, {"type": "Feature", "geometry": {"type": "LineString", "coordinates": [[72.8171968, 19.4395837], [72.8162836, 19.4394769], [72.8160147, 19.4394702], [72.8156183, 19.4394101], [72.8153023, 19.4393399]]}, "properties": {"osm_id": 785921166, "name": "", "waterway": "drain", "covered": "", "length_km": 0.2}}, {"type": "Feature", "geometry": {"type": "LineString", "coordinates": [[72.8216384, 19.4393778], [72.8212379, 19.4393738]]}, "properties": {"osm_id": 785921167, "name": "", "waterway": "drain", "covered": "", "length_km": 0.04}}, {"type": "Feature", "geometry": {"type": "LineString", "coordinates": [[72.8231298, 19.4394194], [72.8229817, 19.4394011], [72.8225258, 19.4394185], [72.8217925, 19.4394534], [72.8216384, 19.4393778]]}, "properties": {"osm_id": 785921168, "name": "", "waterway": "drain", "covered": "", "length_km": 0.16}}, {"type": "Feature", "geometry": {"type": "LineString", "coordinates": [[72.8233268, 19.4394882], [72.8231298, 19.4394194]]}, "properties": {"osm_id": 785921169, "name": "", "waterway": "drain", "covered": "", "length_km": 0.02}}, {"type": "Feature", "geometry": {"type": "LineString", "coordinates": [[72.8235548, 19.439587], [72.8233268, 19.4394882]]}, "properties": {"osm_id": 785921170, "name": "", "waterway": "drain", "covered": "", "length_km": 0.03}}, {"type": "Feature", "geometry": {"type": "LineString", "coordinates": [[72.931014, 19.059707], [72.9311675, 19.0593901]]}, "properties": {"osm_id": 786149538, "name": "", "waterway": "drain", "covered": "", "length_km": 0.04}}, {"type": "Feature", "geometry": {"type": "LineString", "coordinates": [[72.9311675, 19.0593901], [72.9314464, 19.0590504], [72.9321138, 19.0584582]]}, "properties": {"osm_id": 786149539, "name": "", "waterway": "drain", "covered": "", "length_km": 0.14}}, {"type": "Feature", "geometry": {"type": "LineString", "coordinates": [[72.8434246, 19.0558352], [72.8435897, 19.0552714]]}, "properties": {"osm_id": 786149540, "name": "", "waterway": "drain", "covered": "", "length_km": 0.07}}, {"type": "Feature", "geometry": {"type": "LineString", "coordinates": [[72.843631, 19.0551413], [72.8439982, 19.0538707], [72.8441741, 19.0534279], [72.844471, 19.0527981]]}, "properties": {"osm_id": 786149541, "name": "", "waterway": "drain", "covered": "", "length_km": 0.28}}, {"type": "Feature", "geometry": {"type": "LineString", "coordinates": [[72.9389083, 19.1598994], [72.9388977, 19.1597563]]}, "properties": {"osm_id": 786149544, "name": "", "waterway": "drain", "covered": "", "length_km": 0.02}}, {"type": "Feature", "geometry": {"type": "LineString", "coordinates": [[72.9394019, 19.1632311], [72.9397398, 19.1624431], [72.9397774, 19.1622176], [72.9398498, 19.1618275], [72.9398417, 19.1616881], [72.9397452, 19.16164], [72.9396245, 19.161607], [72.9392382, 19.1612929], [72.939198, 19.1612042], [72.9391845, 19.1608632]]}, "properties": {"osm_id": 786149545, "name": "", "waterway": "drain", "covered": "", "length_km": 0.31}}, {"type": "Feature", "geometry": {"type": "LineString", "coordinates": [[72.8415647, 19.0564935], [72.8415691, 19.0564222]]}, "properties": {"osm_id": 786167565, "name": "", "waterway": "drain", "covered": "", "length_km": 0.01}}, {"type": "Feature", "geometry": {"type": "LineString", "coordinates": [[72.8415837, 19.0573847], [72.8415542, 19.0569436], [72.8415647, 19.0564935]]}, "properties": {"osm_id": 786167566, "name": "", "waterway": "drain", "covered": "", "length_km": 0.1}}, {"type": "Feature", "geometry": {"type": "LineString", "coordinates": [[72.8281496, 19.076379], [72.828098, 19.076491], [72.8280434, 19.0766294], [72.8279959, 19.0767757], [72.8279607, 19.0768344], [72.8279071, 19.0768655], [72.8278487, 19.0769082], [72.8277727, 19.0769807], [72.8277605, 19.0770562], [72.8277491, 19.0771336], [72.8277461, 19.0772305], [72.8277032, 19.0773116], [72.8276232, 19.0773597], [72.8275852, 19.0773826], [72.8274996, 19.0773964], [72.8274565, 19.0774034], [72.8263836, 19.0775347], [72.8262003, 19.0775628], [72.8259042, 19.077629], [72.8256868, 19.0777401], [72.8254581, 19.077876]]}, "properties": {"osm_id": 786167568, "name": "", "waterway": "drain", "covered": "", "length_km": 0.37}}, {"type": "Feature", "geometry": {"type": "LineString", "coordinates": [[73.0828016, 19.2319313], [73.0828051, 19.2320545]]}, "properties": {"osm_id": 786204673, "name": "", "waterway": "drain", "covered": "", "length_km": 0.01}}, {"type": "Feature", "geometry": {"type": "LineString", "coordinates": [[73.0827083, 19.2313209], [73.082734, 19.2314013]]}, "properties": {"osm_id": 786204674, "name": "", "waterway": "drain", "covered": "", "length_km": 0.01}}, {"type": "Feature", "geometry": {"type": "LineString", "coordinates": [[73.0828079, 19.2323331], [73.0828005, 19.2324342]]}, "properties": {"osm_id": 786204685, "name": "", "waterway": "drain", "covered": "", "length_km": 0.01}}, {"type": "Feature", "geometry": {"type": "LineString", "coordinates": [[73.0827408, 19.2299458], [73.0826556, 19.2310981], [73.0826868, 19.2312614], [73.0827083, 19.2313209]]}, "properties": {"osm_id": 786204686, "name": "", "waterway": "drain", "covered": "", "length_km": 0.15}}, {"type": "Feature", "geometry": {"type": "LineString", "coordinates": [[73.0828411, 19.229466], [73.0827609, 19.2296742], [73.0827469, 19.2298638]]}, "properties": {"osm_id": 786206596, "name": "", "waterway": "drain", "covered": "", "length_km": 0.05}}, {"type": "Feature", "geometry": {"type": "LineString", "coordinates": [[73.0828594, 19.2294184], [73.0828411, 19.229466]]}, "properties": {"osm_id": 786206597, "name": "", "waterway": "drain", "covered": "", "length_km": 0.01}}, {"type": "Feature", "geometry": {"type": "LineString", "coordinates": [[73.0827469, 19.2298638], [73.0827408, 19.2299458]]}, "properties": {"osm_id": 786206598, "name": "", "waterway": "drain", "covered": "", "length_km": 0.01}}, {"type": "Feature", "geometry": {"type": "LineString", "coordinates": [[73.0830637, 19.2286503], [73.0830765, 19.2288546], [73.0828594, 19.2294184]]}, "properties": {"osm_id": 786206599, "name": "", "waterway": "drain", "covered": "", "length_km": 0.09}}, {"type": "Feature", "geometry": {"type": "LineString", "coordinates": [[73.0830033, 19.2285655], [73.0830637, 19.2286503]]}, "properties": {"osm_id": 786206600, "name": "", "waterway": "drain", "covered": "", "length_km": 0.01}}, {"type": "Feature", "geometry": {"type": "LineString", "coordinates": [[73.0837692, 19.2272462], [73.083673, 19.2273793], [73.0836655, 19.2275786], [73.0836776, 19.2279203]]}, "properties": {"osm_id": 786206601, "name": "", "waterway": "drain", "covered": "", "length_km": 0.08}}, {"type": "Feature", "geometry": {"type": "LineString", "coordinates": [[72.8046871, 19.4496852], [72.804535, 19.4500859]]}, "properties": {"osm_id": 787016856, "name": "", "waterway": "drain", "covered": "", "length_km": 0.05}}, {"type": "Feature", "geometry": {"type": "LineString", "coordinates": [[72.9283263, 19.1343629], [72.9285946, 19.1342767]]}, "properties": {"osm_id": 787356060, "name": "", "waterway": "drain", "covered": "", "length_km": 0.03}}, {"type": "Feature", "geometry": {"type": "LineString", "coordinates": [[72.9285946, 19.1342767], [72.9288681, 19.1342463], [72.9290237, 19.1342108], [72.929131, 19.1340385], [72.9291095, 19.1338966], [72.9288534, 19.1334797], [72.9288514, 19.1334398], [72.9288681, 19.1333999], [72.9294368, 19.1331262], [72.9297189, 19.1329955], [72.92975, 19.1329389], [72.9298391, 19.1327005]]}, "properties": {"osm_id": 787356061, "name": "", "waterway": "drain", "covered": "", "length_km": 0.28}}, {"type": "Feature", "geometry": {"type": "LineString", "coordinates": [[72.9327507, 19.1602318], [72.9330611, 19.1602642], [72.9332837, 19.1602794]]}, "properties": {"osm_id": 787387257, "name": "", "waterway": "drain", "covered": "", "length_km": 0.06}}, {"type": "Feature", "geometry": {"type": "LineString", "coordinates": [[72.9459465, 19.1879076], [72.9460806, 19.1878734]]}, "properties": {"osm_id": 787894016, "name": "", "waterway": "drain", "covered": "", "length_km": 0.01}}, {"type": "Feature", "geometry": {"type": "LineString", "coordinates": [[72.9460806, 19.1878734], [72.9463568, 19.1878075]]}, "properties": {"osm_id": 787894017, "name": "", "waterway": "drain", "covered": "", "length_km": 0.03}}, {"type": "Feature", "geometry": {"type": "LineString", "coordinates": [[72.8352734, 19.1596581], [72.8349201, 19.1595559]]}, "properties": {"osm_id": 787899244, "name": "", "waterway": "drain", "covered": "", "length_km": 0.04}}, {"type": "Feature", "geometry": {"type": "LineString", "coordinates": [[72.8421828, 19.1595742], [72.8406436, 19.1596003], [72.8401282, 19.1596081], [72.8396047, 19.159616], [72.838976, 19.1596221], [72.8352734, 19.1596581]]}, "properties": {"osm_id": 787899245, "name": "", "waterway": "drain", "covered": "", "length_km": 0.73}}, {"type": "Feature", "geometry": {"type": "LineString", "coordinates": [[72.8482121, 19.0301443], [72.8481685, 19.0304283]]}, "properties": {"osm_id": 788516617, "name": "", "waterway": "drain", "covered": "", "length_km": 0.03}}, {"type": "Feature", "geometry": {"type": "LineString", "coordinates": [[72.8481685, 19.0304283], [72.8481546, 19.030503], [72.8484791, 19.030891], [72.8486159, 19.0315249], [72.8489834, 19.0336725], [72.849028, 19.0338762], [72.8491505, 19.0344285], [72.8491824, 19.0349295], [72.8491583, 19.035223], [72.8491634, 19.0355124], [72.8491053, 19.0362385], [72.8491576, 19.0363934]]}, "properties": {"osm_id": 788516618, "name": "", "waterway": "drain", "covered": "", "length_km": 0.68}}, {"type": "Feature", "geometry": {"type": "LineString", "coordinates": [[72.8444229, 19.1104822], [72.844337, 19.1104898]]}, "properties": {"osm_id": 788752296, "name": "Irla Nala", "waterway": "drain", "covered": "", "length_km": 0.01}}, {"type": "Feature", "geometry": {"type": "LineString", "coordinates": [[72.9885929, 19.1743848], [72.9884883, 19.1743817]]}, "properties": {"osm_id": 789924813, "name": "", "waterway": "drain", "covered": "", "length_km": 0.01}}, {"type": "Feature", "geometry": {"type": "LineString", "coordinates": [[72.9905388, 19.1743403], [72.9885929, 19.1743848]]}, "properties": {"osm_id": 789924814, "name": "", "waterway": "drain", "covered": "", "length_km": 0.2}}, {"type": "Feature", "geometry": {"type": "LineString", "coordinates": [[72.8494902, 19.0803217], [72.8494795, 19.0799136]]}, "properties": {"osm_id": 789931745, "name": "", "waterway": "drain", "covered": "", "length_km": 0.05}}, {"type": "Feature", "geometry": {"type": "LineString", "coordinates": [[72.8481829, 19.086012], [72.8482002, 19.085881], [72.8481893, 19.085755], [72.8482671, 19.0854534], [72.8483507, 19.0851408], [72.8483476, 19.0848615], [72.8482591, 19.0846562], [72.8478272, 19.0842608], [72.8476958, 19.0840529], [72.8477012, 19.083873], [72.8480847, 19.0825599], [72.8482805, 19.0822406], [72.8486265, 19.0817387], [72.8488679, 19.0812545], [72.8493534, 19.0807754], [72.84945, 19.0805904], [72.8494902, 19.0803217]]}, "properties": {"osm_id": 789931746, "name": "", "waterway": "drain", "covered": "", "length_km": 0.71}}, {"type": "Feature", "geometry": {"type": "LineString", "coordinates": [[72.8736769, 19.0365034], [72.8737694, 19.0364985]]}, "properties": {"osm_id": 791245259, "name": "", "waterway": "drain", "covered": "", "length_km": 0.01}}, {"type": "Feature", "geometry": {"type": "LineString", "coordinates": [[72.873256, 19.0365114], [72.8736769, 19.0365034]]}, "properties": {"osm_id": 791245260, "name": "", "waterway": "drain", "covered": "", "length_km": 0.04}}, {"type": "Feature", "geometry": {"type": "LineString", "coordinates": [[72.8731592, 19.0365072], [72.873256, 19.0365114]]}, "properties": {"osm_id": 791245261, "name": "", "waterway": "drain", "covered": "", "length_km": 0.01}}, {"type": "Feature", "geometry": {"type": "LineString", "coordinates": [[72.8737694, 19.0364985], [72.873846, 19.0364731], [72.8738862, 19.0362525], [72.8736465, 19.0327822], [72.8738429, 19.0326928], [72.8740577, 19.0326413], [72.8793274, 19.0316757]]}, "properties": {"osm_id": 791245262, "name": "", "waterway": "drain", "covered": "", "length_km": 1.03}}, {"type": "Feature", "geometry": {"type": "LineString", "coordinates": [[72.9138754, 19.0450466], [72.9138538, 19.0449607]]}, "properties": {"osm_id": 791245263, "name": "", "waterway": "drain", "covered": "", "length_km": 0.01}}, {"type": "Feature", "geometry": {"type": "LineString", "coordinates": [[72.9138538, 19.0449607], [72.913792, 19.0447412]]}, "properties": {"osm_id": 791245264, "name": "", "waterway": "drain", "covered": "", "length_km": 0.03}}, {"type": "Feature", "geometry": {"type": "LineString", "coordinates": [[72.99431, 19.1883605], [72.994253, 19.1883438]]}, "properties": {"osm_id": 791347742, "name": "", "waterway": "drain", "covered": "", "length_km": 0.01}}, {"type": "Feature", "geometry": {"type": "LineString", "coordinates": [[72.9950611, 19.1884432], [72.9944793, 19.1883968], [72.99431, 19.1883605]]}, "properties": {"osm_id": 791347743, "name": "", "waterway": "drain", "covered": "", "length_km": 0.08}}, {"type": "Feature", "geometry": {"type": "LineString", "coordinates": [[73.0464113, 19.1907757], [73.0464436, 19.1907122]]}, "properties": {"osm_id": 801914261, "name": "", "waterway": "drain", "covered": "", "length_km": 0.01}}, {"type": "Feature", "geometry": {"type": "LineString", "coordinates": [[73.0449539, 19.1879619], [73.045014, 19.1877797], [73.0451468, 19.1876109], [73.0452671, 19.187504], [73.0453467, 19.1874355], [73.0454175, 19.187397], [73.0455184, 19.187407], [73.0456228, 19.1874856], [73.0459112, 19.1876979], [73.0460015, 19.1877346], [73.0461484, 19.1877196], [73.0462811, 19.1876678], [73.0463342, 19.1876176], [73.0463472, 19.1870611], [73.0463654, 19.1869673], [73.0464365, 19.1869116], [73.0465008, 19.186866], [73.0465692, 19.186795], [73.0466001, 19.1866582], [73.0466001, 19.1866291], [73.04661, 19.186604]]}, "properties": {"osm_id": 801914262, "name": "", "waterway": "drain", "covered": "", "length_km": 0.32}}, {"type": "Feature", "geometry": {"type": "LineString", "coordinates": [[73.0449619, 19.188046], [73.0449539, 19.1879619]]}, "properties": {"osm_id": 801914263, "name": "", "waterway": "drain", "covered": "", "length_km": 0.01}}, {"type": "Feature", "geometry": {"type": "LineString", "coordinates": [[73.0464807, 19.1906392], [73.0465006, 19.1906001]]}, "properties": {"osm_id": 801914264, "name": "", "waterway": "drain", "covered": "", "length_km": 0.0}}, {"type": "Feature", "geometry": {"type": "LineString", "coordinates": [[73.0464436, 19.1907122], [73.0464807, 19.1906392]]}, "properties": {"osm_id": 801914265, "name": "", "waterway": "drain", "covered": "", "length_km": 0.01}}, {"type": "Feature", "geometry": {"type": "LineString", "coordinates": [[73.0466519, 19.1864982], [73.0467917, 19.1861456]]}, "properties": {"osm_id": 801914266, "name": "", "waterway": "drain", "covered": "", "length_km": 0.04}}, {"type": "Feature", "geometry": {"type": "LineString", "coordinates": [[73.04661, 19.186604], [73.0466519, 19.1864982]]}, "properties": {"osm_id": 801914267, "name": "", "waterway": "drain", "covered": "", "length_km": 0.01}}, {"type": "Feature", "geometry": {"type": "LineString", "coordinates": [[73.0468748, 19.1860379], [73.046958, 19.1859911], [73.0470693, 19.1859341], [73.0471279, 19.1859019], [73.0471927, 19.185892], [73.0472721, 19.1858892], [73.0473707, 19.1858528], [73.0474754, 19.1858217], [73.0475527, 19.1857766], [73.0476218, 19.1857449], [73.0477458, 19.1857454], [73.047785, 19.1857398]]}, "properties": {"osm_id": 801914268, "name": "", "waterway": "drain", "covered": "", "length_km": 0.1}}, {"type": "Feature", "geometry": {"type": "LineString", "coordinates": [[73.0467917, 19.1861456], [73.0468748, 19.1860379]]}, "properties": {"osm_id": 801914269, "name": "", "waterway": "drain", "covered": "", "length_km": 0.01}}, {"type": "Feature", "geometry": {"type": "LineString", "coordinates": [[73.0475973, 19.1840003], [73.0473504, 19.1836154]]}, "properties": {"osm_id": 801914270, "name": "", "waterway": "drain", "covered": "", "length_km": 0.05}}, {"type": "Feature", "geometry": {"type": "LineString", "coordinates": [[73.0476636, 19.1841038], [73.0475973, 19.1840003]]}, "properties": {"osm_id": 801914271, "name": "", "waterway": "drain", "covered": "", "length_km": 0.01}}, {"type": "Feature", "geometry": {"type": "LineString", "coordinates": [[73.0477869, 19.1856804], [73.0477879, 19.1856482], [73.0478071, 19.1854194]]}, "properties": {"osm_id": 801914272, "name": "", "waterway": "drain", "covered": "", "length_km": 0.03}}, {"type": "Feature", "geometry": {"type": "LineString", "coordinates": [[73.047785, 19.1857398], [73.0477869, 19.1856804]]}, "properties": {"osm_id": 801914273, "name": "", "waterway": "drain", "covered": "", "length_km": 0.01}}, {"type": "Feature", "geometry": {"type": "LineString", "coordinates": [[73.0478441, 19.1853394], [73.0478828, 19.1846543], [73.0478868, 19.184596], [73.0478519, 19.1845593], [73.0477607, 19.1845276], [73.0477044, 19.1844959], [73.0477076, 19.1843062], [73.0476968, 19.1841636], [73.0476768, 19.1841243], [73.0476636, 19.1841038]]}, "properties": {"osm_id": 801914274, "name": "", "waterway": "drain", "covered": "", "length_km": 0.15}}, {"type": "Feature", "geometry": {"type": "LineString", "coordinates": [[73.0478071, 19.1854194], [73.0478441, 19.1853394]]}, "properties": {"osm_id": 801914275, "name": "", "waterway": "drain", "covered": "", "length_km": 0.01}}, {"type": "Feature", "geometry": {"type": "LineString", "coordinates": [[73.0465006, 19.1906001], [73.0465234, 19.1905551]]}, "properties": {"osm_id": 801914276, "name": "", "waterway": "drain", "covered": "", "length_km": 0.01}}, {"type": "Feature", "geometry": {"type": "LineString", "coordinates": [[73.0465234, 19.1905551], [73.0465588, 19.1904855]]}, "properties": {"osm_id": 801914277, "name": "", "waterway": "drain", "covered": "", "length_km": 0.01}}, {"type": "Feature", "geometry": {"type": "LineString", "coordinates": [[73.0465588, 19.1904855], [73.0465844, 19.1904352]]}, "properties": {"osm_id": 801914278, "name": "", "waterway": "drain", "covered": "", "length_km": 0.01}}, {"type": "Feature", "geometry": {"type": "LineString", "coordinates": [[73.0465844, 19.1904352], [73.0466184, 19.1903683]]}, "properties": {"osm_id": 801914279, "name": "", "waterway": "drain", "covered": "", "length_km": 0.01}}, {"type": "Feature", "geometry": {"type": "LineString", "coordinates": [[73.0466184, 19.1903683], [73.0466472, 19.1903118]]}, "properties": {"osm_id": 801914280, "name": "", "waterway": "drain", "covered": "", "length_km": 0.01}}, {"type": "Feature", "geometry": {"type": "LineString", "coordinates": [[73.0466472, 19.1903118], [73.0466676, 19.1902715]]}, "properties": {"osm_id": 801914281, "name": "", "waterway": "drain", "covered": "", "length_km": 0.0}}, {"type": "Feature", "geometry": {"type": "LineString", "coordinates": [[73.0466676, 19.1902715], [73.0466902, 19.1902271]]}, "properties": {"osm_id": 801914282, "name": "", "waterway": "drain", "covered": "", "length_km": 0.01}}, {"type": "Feature", "geometry": {"type": "LineString", "coordinates": [[73.0466902, 19.1902271], [73.0467134, 19.1901815]]}, "properties": {"osm_id": 801914283, "name": "", "waterway": "drain", "covered": "", "length_km": 0.01}}, {"type": "Feature", "geometry": {"type": "LineString", "coordinates": [[73.0467134, 19.1901815], [73.0467841, 19.1900424], [73.0468734, 19.1897922], [73.0469012, 19.1895448], [73.0469012, 19.1894197], [73.0469202, 19.1892694], [73.0468613, 19.18911], [73.04678, 19.1889084], [73.0466566, 19.1887881], [73.0465642, 19.1887342], [73.0463778, 19.188743], [73.0462777, 19.1887459], [73.0461001, 19.1887058], [73.0458937, 19.1886942], [73.0456811, 19.1887233], [73.0455209, 19.1887509], [73.0453529, 19.1887102], [73.0452605, 19.188668], [73.0450551, 19.1883408], [73.0449702, 19.1881335], [73.0449619, 19.188046]]}, "properties": {"osm_id": 801914284, "name": "", "waterway": "drain", "covered": "", "length_km": 0.39}}, {"type": "Feature", "geometry": {"type": "LineString", "coordinates": [[73.0068822, 19.1117355], [73.0073342, 19.1118577], [73.0076244, 19.1116898], [73.0082122, 19.1100306], [73.0088634, 19.1087911], [73.0096546, 19.10899]]}, "properties": {"osm_id": 822870524, "name": "", "waterway": "drain", "covered": "", "length_km": 0.52}}, {"type": "Feature", "geometry": {"type": "LineString", "coordinates": [[73.006737, 19.1122233], [73.0068822, 19.1117355]]}, "properties": {"osm_id": 822870525, "name": "", "waterway": "drain", "covered": "", "length_km": 0.06}}, {"type": "Feature", "geometry": {"type": "LineString", "coordinates": [[72.8695641, 19.1115605], [72.8695363, 19.1113072], [72.8694447, 19.1110083], [72.8695821, 19.1108667], [72.8702855, 19.1104105], [72.8703562, 19.11021], [72.8703104, 19.1095532], [72.8703442, 19.1095138]]}, "properties": {"osm_id": 833520643, "name": "", "waterway": "drain", "covered": "", "length_km": 0.28}}, {"type": "Feature", "geometry": {"type": "LineString", "coordinates": [[72.869572, 19.1116326], [72.8695641, 19.1115605]]}, "properties": {"osm_id": 833520644, "name": "", "waterway": "drain", "covered": "", "length_km": 0.01}}, {"type": "Feature", "geometry": {"type": "LineString", "coordinates": [[72.8703884, 19.1093732], [72.8705589, 19.1092152], [72.8707017, 19.109097], [72.8707849, 19.1085976], [72.8707778, 19.1083933], [72.8705303, 19.1079131], [72.8704072, 19.107959], [72.8703188, 19.1077323], [72.8702314, 19.107697], [72.870107, 19.1076704], [72.8699461, 19.1077313], [72.8697556, 19.1077322], [72.8695155, 19.1077363], [72.8694156, 19.1075554], [72.8694239, 19.1074492], [72.8696944, 19.1072801], [72.8698859, 19.1069891], [72.8699941, 19.1062812], [72.8700269, 19.1059089], [72.8699769, 19.105642], [72.8706185, 19.1053444], [72.8717191, 19.1047354], [72.8727141, 19.1042641], [72.8727634, 19.1040844], [72.8727634, 19.1040058], [72.8727152, 19.1037879], [72.8725918, 19.1034483], [72.8725918, 19.1033063], [72.8726444, 19.1032165]]}, "properties": {"osm_id": 833520645, "name": "", "waterway": "drain", "covered": "", "length_km": 1.02}}, {"type": "Feature", "geometry": {"type": "LineString", "coordinates": [[72.8703442, 19.1095138], [72.8703884, 19.1093732]]}, "properties": {"osm_id": 833520646, "name": "", "waterway": "drain", "covered": "", "length_km": 0.02}}, {"type": "Feature", "geometry": {"type": "LineString", "coordinates": [[72.8726838, 19.1031491], [72.8727181, 19.1030928]]}, "properties": {"osm_id": 833520647, "name": "", "waterway": "drain", "covered": "", "length_km": 0.01}}, {"type": "Feature", "geometry": {"type": "LineString", "coordinates": [[72.8726444, 19.1032165], [72.8726838, 19.1031491]]}, "properties": {"osm_id": 833520648, "name": "", "waterway": "drain", "covered": "", "length_km": 0.01}}, {"type": "Feature", "geometry": {"type": "LineString", "coordinates": [[72.8728171, 19.1029211], [72.8727762, 19.1030003]]}, "properties": {"osm_id": 833520649, "name": "", "waterway": "drain", "covered": "", "length_km": 0.01}}, {"type": "Feature", "geometry": {"type": "LineString", "coordinates": [[72.8727181, 19.1030928], [72.8727762, 19.1030003]]}, "properties": {"osm_id": 833520650, "name": "", "waterway": "drain", "covered": "", "length_km": 0.01}}, {"type": "Feature", "geometry": {"type": "LineString", "coordinates": [[72.9828832, 18.8792726], [72.983194, 18.8793353], [72.9832855, 18.8793538], [72.9835832, 18.8792396], [72.9836432, 18.8791631]]}, "properties": {"osm_id": 841044973, "name": "", "waterway": "drain", "covered": "", "length_km": 0.09}}, {"type": "Feature", "geometry": {"type": "LineString", "coordinates": [[72.8388539, 19.1884231], [72.8385106, 19.1881014], [72.8382719, 19.1875466], [72.8380761, 19.1873693], [72.8377032, 19.1872046], [72.8359839, 19.1866068], [72.8355494, 19.186513], [72.8351954, 19.18685], [72.8346482, 19.1870678], [72.8342378, 19.1869361], [72.8339937, 19.186931], [72.8337018, 19.1870774], [72.8336075, 19.1874123], [72.8334841, 19.1876885], [72.8333071, 19.187653], [72.832827, 19.187311], [72.8323764, 19.1871514], [72.8322047, 19.1871742], [72.8320384, 19.1873186], [72.8318587, 19.188], [72.8315851, 19.1885421], [72.8313169, 19.188608], [72.8310165, 19.1885295], [72.8301206, 19.1884725]]}, "properties": {"osm_id": 910256807, "name": "", "waterway": "drain", "covered": "", "length_km": 1.2}}, {"type": "Feature", "geometry": {"type": "LineString", "coordinates": [[72.9666233, 19.2440739], [72.9675284, 19.2436155], [72.9677621, 19.2435023], [72.9682056, 19.2434061], [72.9690208, 19.2432137], [72.9690788, 19.2432141], [72.969764, 19.2432194], [72.9701595, 19.2433722], [72.9703513, 19.2434684], [72.9704925, 19.2434405], [72.9708668, 19.2433665], [72.9711425, 19.2431798], [72.9714992, 19.2431248], [72.9713702, 19.2412847], [72.9713557, 19.2409155], [72.9718795, 19.2403024]]}, "properties": {"osm_id": 911424046, "name": "", "waterway": "drain", "covered": "", "length_km": 0.88}}, {"type": "Feature", "geometry": {"type": "LineString", "coordinates": [[72.8795249, 19.0426211], [72.8799085, 19.0426031], [72.8803108, 19.0425565], [72.8805798, 19.0425223]]}, "properties": {"osm_id": 924439392, "name": "", "waterway": "drain", "covered": "", "length_km": 0.11}}, {"type": "Feature", "geometry": {"type": "LineString", "coordinates": [[72.9506922, 19.2186452], [72.9507814, 19.2186136], [72.9508205, 19.2184767], [72.9507424, 19.2183187], [72.9507536, 19.2181397], [72.9508205, 19.2179396], [72.9511105, 19.2176341], [72.9514283, 19.2173182], [72.9516514, 19.2172023], [72.9517797, 19.2170444], [72.9518466, 19.2168232], [72.9518485, 19.2168181]]}, "properties": {"osm_id": 925863865, "name": "", "waterway": "drain", "covered": "", "length_km": 0.26}}, {"type": "Feature", "geometry": {"type": "LineString", "coordinates": [[72.9518485, 19.2168181], [72.9518829, 19.2167272]]}, "properties": {"osm_id": 925863866, "name": "", "waterway": "drain", "covered": "", "length_km": 0.01}}, {"type": "Feature", "geometry": {"type": "LineString", "coordinates": [[72.9518829, 19.2167272], [72.9519024, 19.2166757], [72.9522314, 19.2164282], [72.952315, 19.2162545], [72.9524489, 19.2159701], [72.952566, 19.21577], [72.9525827, 19.2156173], [72.9528169, 19.215354], [72.9528225, 19.2149063], [72.9530942, 19.2147672], [72.9530601, 19.2143892], [72.9531382, 19.2140942], [72.9533334, 19.2138914], [72.9534848, 19.2137623], [72.9548126, 19.2137899], [72.954964, 19.2136655], [72.9550125, 19.2136074]]}, "properties": {"osm_id": 925863867, "name": "", "waterway": "drain", "covered": "", "length_km": 0.57}}, {"type": "Feature", "geometry": {"type": "LineString", "coordinates": [[72.9550125, 19.2136074], [72.9550603, 19.2135503]]}, "properties": {"osm_id": 925863868, "name": "", "waterway": "drain", "covered": "", "length_km": 0.01}}, {"type": "Feature", "geometry": {"type": "LineString", "coordinates": [[72.9550603, 19.2135503], [72.9551104, 19.2134903], [72.9551885, 19.2133889], [72.9552715, 19.2133151], [72.9554278, 19.2133059], [72.9555986, 19.2132644], [72.9557792, 19.2131953], [72.9558329, 19.2131077], [72.9559159, 19.2130109], [72.9560331, 19.2129648], [72.9561747, 19.2129786], [72.9562186, 19.2128818], [72.9562772, 19.2126836], [72.9563602, 19.2125729], [72.9564773, 19.2124853], [72.9567654, 19.2123839], [72.9569069, 19.212158], [72.9570583, 19.2118492], [72.9571803, 19.2117201], [72.9574342, 19.2116463], [72.9577124, 19.2116233], [72.9578882, 19.2115403], [72.9580883, 19.2113605], [72.9582494, 19.2111392], [72.958557, 19.2110701], [72.9589427, 19.211047], [72.9592502, 19.211047], [72.9594797, 19.2111484], [72.9599581, 19.2113789], [72.9600216, 19.2115772], [72.9602119, 19.2117477], [72.9603733, 19.2118359]]}, "properties": {"osm_id": 925863869, "name": "", "waterway": "drain", "covered": "", "length_km": 0.72}}, {"type": "Feature", "geometry": {"type": "LineString", "coordinates": [[72.9603733, 19.2118359], [72.9604395, 19.2118721]]}, "properties": {"osm_id": 925863870, "name": "", "waterway": "drain", "covered": "", "length_km": 0.01}}, {"type": "Feature", "geometry": {"type": "LineString", "coordinates": [[72.9604785, 19.2118935], [72.9605447, 19.2119297]]}, "properties": {"osm_id": 925863871, "name": "", "waterway": "drain", "covered": "", "length_km": 0.01}}, {"type": "Feature", "geometry": {"type": "LineString", "coordinates": [[72.9604395, 19.2118721], [72.9604785, 19.2118935]]}, "properties": {"osm_id": 925863872, "name": "", "waterway": "drain", "covered": "", "length_km": 0.0}}, {"type": "Feature", "geometry": {"type": "LineString", "coordinates": [[72.9605447, 19.2119297], [72.9610467, 19.2122041], [72.9619279, 19.2132843]]}, "properties": {"osm_id": 925863873, "name": "", "waterway": "drain", "covered": "", "length_km": 0.21}}, {"type": "Feature", "geometry": {"type": "LineString", "coordinates": [[72.9619279, 19.2132843], [72.9619921, 19.2133631]]}, "properties": {"osm_id": 925863874, "name": "", "waterway": "drain", "covered": "", "length_km": 0.01}}, {"type": "Feature", "geometry": {"type": "LineString", "coordinates": [[72.9619921, 19.2133631], [72.9621598, 19.2135687], [72.9624332, 19.213813], [72.9630727, 19.2139375], [72.9633222, 19.2139099]]}, "properties": {"osm_id": 925863875, "name": "", "waterway": "drain", "covered": "", "length_km": 0.16}}, {"type": "Feature", "geometry": {"type": "LineString", "coordinates": [[72.9633222, 19.2139099], [72.9635643, 19.2138711]]}, "properties": {"osm_id": 925863876, "name": "", "waterway": "drain", "covered": "", "length_km": 0.03}}, {"type": "Feature", "geometry": {"type": "LineString", "coordinates": [[72.9635643, 19.2138711], [72.9636195, 19.2138637], [72.9645861, 19.2135364], [72.9662947, 19.2131307], [72.9675005, 19.2129371], [72.9677775, 19.2129491]]}, "properties": {"osm_id": 925863878, "name": "", "waterway": "drain", "covered": "", "length_km": 0.46}}, {"type": "Feature", "geometry": {"type": "LineString", "coordinates": [[72.9677775, 19.2129491], [72.9680229, 19.212952]]}, "properties": {"osm_id": 925863879, "name": "", "waterway": "drain", "covered": "", "length_km": 0.03}}, {"type": "Feature", "geometry": {"type": "LineString", "coordinates": [[72.9680229, 19.212952], [72.9681889, 19.2129648], [72.9689407, 19.2129187], [72.9690578, 19.2129694], [72.9693361, 19.2130984], [72.9695802, 19.2130984], [72.9697901, 19.2129325], [72.9700439, 19.212619], [72.9703037, 19.2124063]]}, "properties": {"osm_id": 925863880, "name": "", "waterway": "drain", "covered": "", "length_km": 0.28}}, {"type": "Feature", "geometry": {"type": "LineString", "coordinates": [[72.9703037, 19.2124063], [72.9703771, 19.2123462]]}, "properties": {"osm_id": 925863881, "name": "", "waterway": "drain", "covered": "", "length_km": 0.01}}, {"type": "Feature", "geometry": {"type": "LineString", "coordinates": [[72.9747131, 19.2337585], [72.974732, 19.2339142], [72.9750432, 19.2339853], [72.9753067, 19.2341251], [72.9759644, 19.2341038]]}, "properties": {"osm_id": 925863883, "name": "", "waterway": "drain", "covered": "", "length_km": 0.15}}, {"type": "Feature", "geometry": {"type": "LineString", "coordinates": [[72.9699577, 19.2349736], [72.9702537, 19.234905], [72.9706673, 19.2349132]]}, "properties": {"osm_id": 930357879, "name": "", "waterway": "drain", "covered": "", "length_km": 0.08}}, {"type": "Feature", "geometry": {"type": "LineString", "coordinates": [[72.971778, 19.2224978], [72.9717808, 19.2224753], [72.9717922, 19.2219566], [72.9715959, 19.2213897], [72.9713664, 19.2204163], [72.9715439, 19.220175], [72.971667, 19.2200076], [72.9719838, 19.2196312], [72.9723082, 19.2193805], [72.9723635, 19.2193226], [72.972393, 19.2190845], [72.9724341, 19.2189774], [72.9733966, 19.2187805], [72.973616, 19.2187639], [72.973692, 19.21876], [72.9738106, 19.2187515], [72.9740473, 19.2186664], [72.9742529, 19.2184862], [72.9744568, 19.2184516], [72.9748483, 19.2185179], [72.9753585, 19.2188355], [72.9756915, 19.2187201], [72.9758267, 19.2185053], [72.9758869, 19.2181225], [72.9763117, 19.2181702], [72.9765522, 19.2181412], [72.9770116, 19.2179992], [72.9775951, 19.2177025], [72.9777992, 19.2172337], [72.9779028, 19.2171394]]}, "properties": {"osm_id": 930357890, "name": "", "waterway": "drain", "covered": "", "length_km": 1.14}}, {"type": "Feature", "geometry": {"type": "LineString", "coordinates": [[72.9859293, 19.2148364], [72.9858166, 19.2144003], [72.9858243, 19.2141778], [72.9859722, 19.2138961], [72.9863494, 19.2136708], [72.9866568, 19.2135345], [72.9868331, 19.2133828], [72.9870048, 19.2132196], [72.9872365, 19.2128929], [72.9873536, 19.2125917], [72.9879065, 19.2117454], [72.988292, 19.2109863]]}, "properties": {"osm_id": 931695408, "name": "", "waterway": "drain", "covered": "", "length_km": 0.53}}, {"type": "Feature", "geometry": {"type": "LineString", "coordinates": [[72.986013, 19.2152031], [72.9859293, 19.2148364]]}, "properties": {"osm_id": 931695409, "name": "", "waterway": "drain", "covered": "", "length_km": 0.04}}, {"type": "Feature", "geometry": {"type": "LineString", "coordinates": [[72.990851, 19.2150072], [72.9908824, 19.2150124], [72.9911631, 19.2150119], [72.9921126, 19.2149105], [72.9922638, 19.2149935]]}, "properties": {"osm_id": 931695410, "name": "", "waterway": "drain", "covered": "", "length_km": 0.15}}, {"type": "Feature", "geometry": {"type": "LineString", "coordinates": [[72.9922638, 19.2149935], [72.9924458, 19.2151565]]}, "properties": {"osm_id": 931695411, "name": "", "waterway": "drain", "covered": "", "length_km": 0.03}}, {"type": "Feature", "geometry": {"type": "LineString", "coordinates": [[73.0040026, 19.123653], [73.0041508, 19.1233349], [73.0043528, 19.1227369], [73.0044134, 19.1223106], [73.0045952, 19.1216807], [73.0048444, 19.1206755], [73.0049588, 19.120122], [73.0044942, 19.1199375], [73.0030599, 19.1195875], [73.0022249, 19.1194285], [73.0017142, 19.1191416]]}, "properties": {"osm_id": 937511689, "name": "", "waterway": "drain", "covered": "", "length_km": 0.77}}, {"type": "Feature", "geometry": {"type": "LineString", "coordinates": [[72.9166433, 19.1014166], [72.9166326, 19.1012823], [72.9168552, 19.1009122], [72.9171878, 19.1006055], [72.9175633, 19.1003445], [72.9176437, 19.1002532], [72.9177765, 19.1002064], [72.9178396, 19.1002393], [72.9180608, 19.1001836]]}, "properties": {"osm_id": 939595939, "name": "", "waterway": "drain", "covered": "", "length_km": 0.22}}, {"type": "Feature", "geometry": {"type": "LineString", "coordinates": [[73.0695909, 19.0732772], [73.0698118, 19.0735318], [73.0699664, 19.0736929], [73.0702454, 19.0745953], [73.0703527, 19.0747018], [73.070814, 19.0747018], [73.0711788, 19.0747474], [73.0717474, 19.0749908], [73.0719459, 19.0753355], [73.0721551, 19.0755231], [73.0729598, 19.0754978], [73.0737001, 19.0755434], [73.0752598, 19.0753597], [73.0758546, 19.0752157], [73.0781686, 19.0747119], [73.0783671, 19.0745751], [73.0786836, 19.0739717], [73.0789787, 19.0738095], [73.0830073, 19.0729679], [73.0835652, 19.0726231], [73.0851424, 19.0707625], [73.0852282, 19.0705749], [73.0852926, 19.070367], [73.0847132, 19.0660422], [73.0847293, 19.0658698], [73.0847937, 19.0657684], [73.0860704, 19.0641663], [73.0874544, 19.0620063], [73.0875295, 19.0618694], [73.0875617, 19.0617325], [73.0873096, 19.0592937], [73.0872701, 19.0588905], [73.0874705, 19.0586143], [73.0876583, 19.0582087], [73.0878648, 19.0580566], [73.0880687, 19.057983], [73.0881813, 19.057803], [73.0883074, 19.0576205], [73.08853, 19.0574785], [73.0887613, 19.0572214]]}, "properties": {"osm_id": 940795151, "name": "", "waterway": "drain", "covered": "", "length_km": 3.62}}, {"type": "Feature", "geometry": {"type": "LineString", "coordinates": [[72.9916003, 19.1832477], [72.9918739, 19.1830374], [72.9920456, 19.1830298], [72.9923165, 19.1826422], [72.9923916, 19.1824725], [72.9924425, 19.1818645], [72.9924104, 19.1817632], [72.9923326, 19.1816694], [72.9922172, 19.1816314], [72.9913938, 19.1814035], [72.9908815, 19.1812109], [72.9907501, 19.1811147], [72.9900044, 19.1808436], [72.9894385, 19.1809069], [72.9891944, 19.1808639], [72.9886365, 19.1809627], [72.988033, 19.1811172], [72.9876709, 19.1811375], [72.9873651, 19.1809779], [72.987062, 19.1808005], [72.9870298, 19.1806536], [72.9869682, 19.1803192], [72.9868957, 19.1801495], [72.9867992, 19.1801343], [72.9867482, 19.1802407], [72.9867482, 19.1805979], [72.9867616, 19.18076], [72.9867214, 19.1808335], [72.9864412, 19.1810214], [72.9857383, 19.1805358], [72.9843533, 19.1798588]]}, "properties": {"osm_id": 948643281, "name": "", "waterway": "drain", "covered": "", "length_km": 1.26}}, {"type": "Feature", "geometry": {"type": "LineString", "coordinates": [[72.9674122, 19.2660598], [72.9675087, 19.2660902], [72.9675436, 19.266118], [72.9675516, 19.2663054], [72.9676992, 19.2666193], [72.9676938, 19.2666675], [72.967667, 19.2667485], [72.9676367, 19.2668134], [72.9677072, 19.2668118], [72.9677904, 19.2668118], [72.9678708, 19.2668346], [72.9679432, 19.2668903], [72.96808, 19.2669915], [72.9684085, 19.2671374], [72.9684361, 19.2671481]]}, "properties": {"osm_id": 957266422, "name": "", "waterway": "drain", "covered": "", "length_km": 0.19}}, {"type": "Feature", "geometry": {"type": "LineString", "coordinates": [[72.8490107, 19.1901748], [72.8480185, 19.190336], [72.847651, 19.1903086], [72.8473511, 19.1903862], [72.8470609, 19.1902675]]}, "properties": {"osm_id": 966474778, "name": "", "waterway": "drain", "covered": "", "length_km": 0.21}}, {"type": "Feature", "geometry": {"type": "LineString", "coordinates": [[72.8496678, 19.1900756], [72.8490107, 19.1901748]]}, "properties": {"osm_id": 966474779, "name": "", "waterway": "drain", "covered": "", "length_km": 0.07}}, {"type": "Feature", "geometry": {"type": "LineString", "coordinates": [[72.8729796, 19.3022026], [72.8733981, 19.3023494], [72.8736261, 19.3023038], [72.8737736, 19.3023064], [72.8741088, 19.3025165], [72.8742671, 19.3026354], [72.8753641, 19.3030911], [72.8755814, 19.3031645], [72.8757289, 19.3031848], [72.8759649, 19.3031519], [72.876209, 19.3031392]]}, "properties": {"osm_id": 987784358, "name": "", "waterway": "drain", "covered": "", "length_km": 0.37}}, {"type": "Feature", "geometry": {"type": "LineString", "coordinates": [[72.8776306, 19.2922993], [72.8779229, 19.2920942], [72.8780785, 19.292036], [72.8781939, 19.2920233], [72.8786954, 19.2920335], [72.8787383, 19.2920613], [72.8788993, 19.2922866], [72.8790361, 19.2926993], [72.8790602, 19.2927221], [72.8790978, 19.2927195], [72.8791407, 19.2926993], [72.879594, 19.2923094], [72.8797093, 19.2922638], [72.8797978, 19.2922031], [72.8810987, 19.2910892], [72.8814447, 19.2908588], [72.8815466, 19.2908487]]}, "properties": {"osm_id": 987784368, "name": "", "waterway": "drain", "covered": "", "length_km": 0.55}}, {"type": "Feature", "geometry": {"type": "LineString", "coordinates": [[72.8889008, 19.2645807], [72.8889066, 19.2646849], [72.8888771, 19.2647685], [72.8887911, 19.2649398], [72.8887805, 19.2649609], [72.888743, 19.265047], [72.8887591, 19.2651634], [72.8888637, 19.2656521], [72.8889978, 19.2661585], [72.8889871, 19.2662421], [72.8889522, 19.2663358], [72.8889844, 19.2663991], [72.8891775, 19.2666295], [72.8891936, 19.2666978], [72.8891721, 19.2667865], [72.8891346, 19.2668574], [72.8890514, 19.2668953], [72.8889441, 19.2669536], [72.8887939, 19.2670548], [72.8887671, 19.2676094], [72.8887269, 19.267698], [72.8886706, 19.2679891], [72.8886116, 19.2680752], [72.8885177, 19.2681208], [72.8883728, 19.2681512], [72.8883246, 19.2681968], [72.8880966, 19.2684373], [72.8878632, 19.2689791], [72.887713, 19.2691614], [72.8875521, 19.2694273], [72.8875467, 19.2695615], [72.8875628, 19.2696045], [72.8876191, 19.269645], [72.8878632, 19.2697678], [72.8879262, 19.2698223], [72.8879893, 19.2699324], [72.8880469, 19.2700945], [72.8881355, 19.2701945], [72.8881958, 19.2703084], [72.8882213, 19.270454], [72.888236, 19.2705844], [72.8882562, 19.2706515], [72.8883004, 19.2707009], [72.8883795, 19.2707363], [72.8883465, 19.2710094]]}, "properties": {"osm_id": 987784384, "name": "", "waterway": "drain", "covered": "", "length_km": 0.84}}, {"type": "Feature", "geometry": {"type": "LineString", "coordinates": [[72.8876138, 19.2724694], [72.8875333, 19.2726757], [72.8875038, 19.2728327], [72.887485, 19.2729264], [72.8875118, 19.2731517], [72.8874931, 19.2731897], [72.8873375, 19.2734556], [72.887308, 19.2735239], [72.8873026, 19.2737012], [72.8872731, 19.2737746], [72.8871605, 19.2739316], [72.8871229, 19.2739797], [72.887021, 19.2742835], [72.886903, 19.2744329], [72.8867313, 19.2745291], [72.8863129, 19.2748]]}, "properties": {"osm_id": 987784385, "name": "", "waterway": "drain", "covered": "", "length_km": 0.31}}, {"type": "Feature", "geometry": {"type": "LineString", "coordinates": [[72.8884622, 19.2762126], [72.8883916, 19.2761115], [72.8881127, 19.275871], [72.8875655, 19.2755596], [72.8863129, 19.2748], [72.8859991, 19.2745823], [72.8857255, 19.274962], [72.8855914, 19.2752127], [72.8855726, 19.2753064], [72.8855077, 19.2760063]]}, "properties": {"osm_id": 987784386, "name": "", "waterway": "drain", "covered": "", "length_km": 0.49}}, {"type": "Feature", "geometry": {"type": "LineString", "coordinates": [[72.8884622, 19.2762126], [72.8891292, 19.2766153], [72.8894699, 19.2768938], [72.8896335, 19.277066], [72.8897166, 19.2772837], [72.8897139, 19.2775318], [72.8898373, 19.2778686], [72.8898105, 19.2780914], [72.8891855, 19.279856], [72.8893357, 19.2801219], [72.8885633, 19.2823296], [72.8880483, 19.2837423], [72.8869325, 19.2871474], [72.8869593, 19.2874487], [72.8869566, 19.2877955], [72.8868949, 19.2879753], [72.8867367, 19.2881424], [72.8865033, 19.2882689], [72.886042, 19.290031]]}, "properties": {"osm_id": 987784387, "name": "", "waterway": "drain", "covered": "", "length_km": 1.68}}, {"type": "Feature", "geometry": {"type": "LineString", "coordinates": [[72.8767455, 19.2875727], [72.8770168, 19.2875749], [72.8777754, 19.2876031], [72.8780651, 19.2876943], [72.8783521, 19.2878386], [72.8790173, 19.2884335], [72.8790736, 19.2884563], [72.8791273, 19.2884487], [72.8792587, 19.2883651]]}, "properties": {"osm_id": 987784389, "name": "", "waterway": "drain", "covered": "", "length_km": 0.3}}, {"type": "Feature", "geometry": {"type": "LineString", "coordinates": [[72.8815466, 19.2908487], [72.8817022, 19.2910942], [72.8818577, 19.2912816], [72.8820294, 19.2913322]]}, "properties": {"osm_id": 987784390, "name": "", "waterway": "drain", "covered": "", "length_km": 0.08}}, {"type": "Feature", "geometry": {"type": "LineString", "coordinates": [[72.882337, 19.2904002], [72.8822172, 19.290598], [72.8822279, 19.2908259], [72.8822064, 19.2911246], [72.8820509, 19.2912563], [72.8820294, 19.2913322], [72.8821421, 19.2917271], [72.8821742, 19.2919044], [72.8820616, 19.2921474], [72.881906, 19.2925119], [72.8819221, 19.2926335], [72.8818899, 19.2927297], [72.8817558, 19.2928107], [72.8816754, 19.2929119], [72.8816217, 19.293241], [72.8815842, 19.2935853], [72.88167, 19.2939246], [72.8817934, 19.294279], [72.8820777, 19.294679], [72.8822172, 19.294841], [72.8821099, 19.2952106], [72.8819436, 19.2955903], [72.8819489, 19.295803], [72.8820294, 19.2959802], [72.8819704, 19.296208], [72.8819328, 19.2963751], [72.8819382, 19.296446], [72.8821152, 19.2966029], [72.8822279, 19.2968409], [72.8822815, 19.2971649], [72.8822601, 19.2973016], [72.8822654, 19.2973675], [72.8823459, 19.297813], [72.8822869, 19.2983547], [72.8821903, 19.2989117], [72.8820026, 19.2992711], [72.8817451, 19.2996002], [72.8815895, 19.2997926], [72.8812033, 19.3000002], [72.8810155, 19.3001318], [72.8808922, 19.3002939], [72.8811282, 19.3005723], [72.8811604, 19.3007647], [72.8809726, 19.30119], [72.8808224, 19.3017874], [72.8807741, 19.3021722], [72.8808331, 19.3024557], [72.8808761, 19.3026177], [72.8814822, 19.3030658]]}, "properties": {"osm_id": 987784391, "name": "", "waterway": "drain", "covered": "", "length_km": 1.58}}, {"type": "Feature", "geometry": {"type": "LineString", "coordinates": [[72.8788188, 19.2878107], [72.8792587, 19.2883651], [72.8800929, 19.2893044], [72.8804281, 19.2895803], [72.8815654, 19.2907626], [72.8815466, 19.2908487]]}, "properties": {"osm_id": 987784392, "name": "", "waterway": "drain", "covered": "", "length_km": 0.45}}, {"type": "Feature", "geometry": {"type": "LineString", "coordinates": [[72.8352866, 19.0063395], [72.8355682, 19.0067839], [72.8357781, 19.0071275], [72.8357962, 19.0071649], [72.835827, 19.007203], [72.8359343, 19.007383], [72.8361301, 19.0077139], [72.8362173, 19.0078655], [72.8362434, 19.0078889], [72.8362434, 19.0079067], [72.836456, 19.0082516], [72.8365345, 19.0083771], [72.836635, 19.0085698], [72.8367624, 19.008805], [72.8370582, 19.0093693]]}, "properties": {"osm_id": 988749923, "name": "", "waterway": "drain", "covered": "", "length_km": 0.39}}, {"type": "Feature", "geometry": {"type": "LineString", "coordinates": [[72.958805, 18.8773006], [72.9590157, 18.8752471], [72.9591506, 18.8739319], [72.9585456, 18.8732363], [72.9586601, 18.8720419], [72.9591161, 18.8716663], [72.9596043, 18.8713922], [72.9597545, 18.8710115]]}, "properties": {"osm_id": 988928030, "name": "", "waterway": "drain", "covered": "", "length_km": 0.78}}, {"type": "Feature", "geometry": {"type": "LineString", "coordinates": [[72.9655037, 18.8718775], [72.9655672, 18.8712377], [72.9643947, 18.8709404], [72.9643115, 18.8710115], [72.9642606, 18.871179], [72.9642606, 18.8713135], [72.964164, 18.8714379], [72.9640621, 18.8714023], [72.9640138, 18.8713287], [72.963995, 18.8711181], [72.9639307, 18.8710876], [72.9638126, 18.8711358], [72.9636517, 18.8711181], [72.963472, 18.8709963], [72.9633406, 18.8710039], [72.9632118, 18.8711511], [72.9629624, 18.871245], [72.9624635, 18.8709455], [72.9624313, 18.8705902], [72.962383, 18.8703922], [72.9622918, 18.870212], [72.9616964, 18.8701689]]}, "properties": {"osm_id": 988928031, "name": "", "waterway": "drain", "covered": "", "length_km": 0.64}}, {"type": "Feature", "geometry": {"type": "LineString", "coordinates": [[72.9619174, 18.875313], [72.9620516, 18.874005], [72.9627798, 18.873438], [72.9629415, 18.8718234]]}, "properties": {"osm_id": 988928032, "name": "", "waterway": "drain", "covered": "", "length_km": 0.43}}, {"type": "Feature", "geometry": {"type": "LineString", "coordinates": [[72.9672068, 18.8647361], [72.965862, 18.8642394], [72.9649818, 18.8646046], [72.9631301, 18.8639207], [72.9629436, 18.8638845], [72.9628283, 18.863986], [72.9627693, 18.8640558], [72.9627166, 18.8639897], [72.962501, 18.8638135]]}, "properties": {"osm_id": 988928112, "name": "", "waterway": "drain", "covered": "", "length_km": 0.55}}, {"type": "Feature", "geometry": {"type": "LineString", "coordinates": [[72.9654804, 18.8687872], [72.9641315, 18.868289], [72.9637988, 18.867571], [72.9621148, 18.8669557], [72.9620343, 18.8669912], [72.961691, 18.8671232], [72.9613143, 18.8671371]]}, "properties": {"osm_id": 988928113, "name": "", "waterway": "drain", "covered": "", "length_km": 0.52}}, {"type": "Feature", "geometry": {"type": "LineString", "coordinates": [[72.9541151, 18.8649204], [72.9554539, 18.8652305], [72.9559787, 18.866049], [72.9581775, 18.8665583], [72.9589778, 18.8660988], [72.9606825, 18.8664936], [72.9610392, 18.8667475], [72.9613143, 18.8671371]]}, "properties": {"osm_id": 988928114, "name": "", "waterway": "drain", "covered": "", "length_km": 0.87}}, {"type": "Feature", "geometry": {"type": "LineString", "coordinates": [[72.8382584, 19.0107431], [72.838638, 19.0113017], [72.838646, 19.011334], [72.8386675, 19.0113714], [72.8386997, 19.0113866], [72.8387681, 19.0114982], [72.8392019, 19.0121499], [72.8394929, 19.0125988], [72.8398383, 19.0131243]]}, "properties": {"osm_id": 988936387, "name": "", "waterway": "drain", "covered": "", "length_km": 0.31}}, {"type": "Feature", "geometry": {"type": "LineString", "coordinates": [[72.9596653, 18.883802], [72.9598051, 18.885068], [72.9610432, 18.8860177], [72.9612328, 18.8877329], [72.9611937, 18.8878159], [72.9611707, 18.8878937], [72.9612029, 18.88798], [72.9611599, 18.8880409], [72.9610681, 18.8880499], [72.9609402, 18.8880626], [72.960881, 18.8881221]]}, "properties": {"osm_id": 989201972, "name": "", "waterway": "drain", "covered": "", "length_km": 0.57}}, {"type": "Feature", "geometry": {"type": "LineString", "coordinates": [[72.9546044, 18.8806065], [72.9556392, 18.8814004], [72.9560967, 18.8855409], [72.9551937, 18.8865948], [72.9553618, 18.8881162]]}, "properties": {"osm_id": 989201973, "name": "", "waterway": "drain", "covered": "", "length_km": 0.92}}, {"type": "Feature", "geometry": {"type": "LineString", "coordinates": [[72.9484562, 18.8802886], [72.9486632, 18.8821619], [72.9477117, 18.8832724], [72.9480439, 18.8862796], [72.94934, 18.8870619], [72.9496264, 18.8896549]]}, "properties": {"osm_id": 989201974, "name": "", "waterway": "drain", "covered": "", "length_km": 1.16}}, {"type": "Feature", "geometry": {"type": "LineString", "coordinates": [[72.9519813, 18.8842863], [72.9524366, 18.8884069]]}, "properties": {"osm_id": 989201975, "name": "", "waterway": "drain", "covered": "", "length_km": 0.46}}, {"type": "Feature", "geometry": {"type": "LineString", "coordinates": [[73.0148739, 18.92759], [73.0142945, 18.9274581], [73.0134845, 18.9271435], [73.0127817, 18.9273414], [73.0117464, 18.9272196], [73.0106789, 18.9267578], [73.0102444, 18.9263062], [73.0098796, 18.9258597], [73.0094933, 18.9257531], [73.0090749, 18.9258292], [73.0087316, 18.9259611], [73.0084473, 18.9258546], [73.0083024, 18.9256059], [73.0079323, 18.9252761], [73.0077338, 18.9249209], [73.007884, 18.9247585], [73.0079967, 18.9246164], [73.0079645, 18.9245352], [73.0078894, 18.9244946], [73.0076829, 18.9245276], [73.0075648, 18.9245631], [73.0074924, 18.9245733], [73.0073369, 18.9245149], [73.0072322, 18.9244058], [73.0072001, 18.9242384], [73.0072001, 18.9239035], [73.0071679, 18.9236345], [73.0071115, 18.9235178], [73.0069828, 18.9234366], [73.0068219, 18.9234671], [73.0066851, 18.923599], [73.0065858, 18.923807], [73.0064651, 18.9238882], [73.0063391, 18.9239415], [73.0061889, 18.9239288], [73.0055398, 18.9237233], [73.0054432, 18.9236396], [73.0053735, 18.9235254], [73.005285, 18.9233859], [73.0051911, 18.9233199], [73.005057, 18.9233123], [73.0049014, 18.9233605], [73.0047297, 18.9235102], [73.0046064, 18.9236142], [73.004424, 18.9236802], [73.0042765, 18.9236726], [73.004137, 18.9236903], [73.0040297, 18.9237538], [73.0038232, 18.923873], [73.0034637, 18.9239745], [73.0033162, 18.9239288], [73.0031633, 18.9238045], [73.0030265, 18.9235584], [73.0028307, 18.9232438], [73.0026242, 18.9231803], [73.0024338, 18.923155], [73.0022889, 18.9231702], [73.0021253, 18.923226], [73.0019054, 18.9233377], [73.0017659, 18.9235127], [73.0015647, 18.9242003], [73.0012268, 18.9245606], [73.0008781, 18.925068], [73.0007279, 18.9251695], [73.0004919, 18.9252812], [72.9999983, 18.9253624], [72.9995102, 18.9257125], [72.9989469, 18.9264178], [72.9988503, 18.9267477], [72.9988825, 18.9272145], [72.9990435, 18.9277372], [72.9993761, 18.928478], [72.9997623, 18.9290717], [73.0006581, 18.9298988], [73.0009103, 18.9302896], [73.0010819, 18.9309441], [73.0019027, 18.9327303], [73.0019993, 18.9332428], [73.0021656, 18.9340597], [73.0024391, 18.9347295], [73.0031043, 18.9357798], [73.0041772, 18.9382306], [73.0043811, 18.9387989], [73.0042952, 18.9393926], [73.0038929, 18.9400268]]}, "properties": {"osm_id": 990159819, "name": "", "waterway": "drain", "covered": "", "length_km": 3.95}}, {"type": "Feature", "geometry": {"type": "LineString", "coordinates": [[72.9814683, 18.9152584], [72.9815876, 18.9152995], [72.9867268, 18.9174562], [72.9898703, 18.9188213], [72.9899347, 18.9189938], [72.9898918, 18.9193288], [72.989999, 18.9195926], [72.9902673, 18.919755], [72.9904282, 18.9198261], [72.9906857, 18.9198261], [72.9910719, 18.9198464], [72.9913616, 18.9199276], [72.9923701, 18.9206583], [72.9925847, 18.921115], [72.9926491, 18.9216631], [72.9929066, 18.9223126], [72.9928422, 18.9227287], [72.99281, 18.9230433], [72.9924881, 18.9236929], [72.9922306, 18.9240582], [72.9919732, 18.9243221], [72.9916298, 18.9245048], [72.9908681, 18.9246367], [72.9902136, 18.9246976], [72.9898703, 18.9249107], [72.989527, 18.9254689], [72.9891837, 18.9260982], [72.9889691, 18.9266056], [72.9884863, 18.9270217], [72.9883039, 18.9273871], [72.9882502, 18.9279046], [72.9882824, 18.9284121], [72.9885721, 18.9292544], [72.989248, 18.9305636], [72.9894304, 18.9309898], [72.9893875, 18.9313349], [72.98913, 18.9316901], [72.9887223, 18.9318524], [72.9880893, 18.9320858], [72.9876065, 18.9321569], [72.98648, 18.932299], [72.9858899, 18.9323903], [72.9854454, 18.9326117]]}, "properties": {"osm_id": 990159833, "name": "", "waterway": "ditch", "covered": "", "length_km": 3.27}}, {"type": "Feature", "geometry": {"type": "LineString", "coordinates": [[72.9916817, 18.9097578], [72.991662, 18.9099049], [72.9916459, 18.9107778], [72.9904711, 18.9125134], [72.9900473, 18.9128687], [72.989586, 18.9131579], [72.9885614, 18.9147412], [72.9884835, 18.9148565]]}, "properties": {"osm_id": 990159834, "name": "", "waterway": "drain", "covered": "", "length_km": 0.68}}, {"type": "Feature", "geometry": {"type": "LineString", "coordinates": [[72.9856488, 18.9101124], [72.9854286, 18.9103668], [72.9852408, 18.9106104], [72.9855198, 18.9109199], [72.9850906, 18.9113868], [72.9849887, 18.9113767], [72.9846883, 18.9111432], [72.9844093, 18.9114071], [72.9841143, 18.9117573], [72.9840016, 18.9119907], [72.9839828, 18.912214], [72.984007, 18.9124119], [72.9840875, 18.91262], [72.9842699, 18.9128281], [72.9845542, 18.9129905], [72.9848947, 18.9131392], [72.9851112, 18.9132338], [72.9869204, 18.9140243], [72.9872368, 18.9141625], [72.9885614, 18.9147412]]}, "properties": {"osm_id": 990159835, "name": "", "waterway": "drain", "covered": "", "length_km": 0.96}}, {"type": "Feature", "geometry": {"type": "LineString", "coordinates": [[72.9750936, 19.2227784], [72.9750801, 19.2227037], [72.975053, 19.2225396], [72.9750324, 19.222447], [72.9749277, 19.2222909], [72.9747882, 19.2220326], [72.9746743, 19.221464], [72.9745428, 19.2212069], [72.9744449, 19.2210714], [72.9743645, 19.221017], [72.9742733, 19.2210119], [72.9741392, 19.2210144], [72.974056, 19.2209891], [72.9736859, 19.2204547], [72.9736751, 19.2201178], [72.9736135, 19.2196569], [72.9735732, 19.2191174], [72.973616, 19.2187639]]}, "properties": {"osm_id": 998001492, "name": "", "waterway": "drain", "covered": "", "length_km": 0.51}}, {"type": "Feature", "geometry": {"type": "LineString", "coordinates": [[72.9616454, 19.2238624], [72.9618734, 19.2235838]]}, "properties": {"osm_id": 998554483, "name": "", "waterway": "drain", "covered": "", "length_km": 0.04}}, {"type": "Feature", "geometry": {"type": "LineString", "coordinates": [[72.9607938, 19.2248451], [72.9610592, 19.224704], [72.9611882, 19.2246338], [72.9615422, 19.2243791], [72.9615368, 19.2242791], [72.9615623, 19.2241942], [72.9615958, 19.2241398], [72.9616374, 19.2241182], [72.9616481, 19.2239536], [72.9616454, 19.2238624]]}, "properties": {"osm_id": 998554484, "name": "", "waterway": "drain", "covered": "", "length_km": 0.16}}, {"type": "Feature", "geometry": {"type": "LineString", "coordinates": [[72.9618734, 19.2235838], [72.9618868, 19.2234597], [72.9619177, 19.2233952], [72.96197, 19.2233458], [72.9620612, 19.2233255], [72.9623294, 19.2233382], [72.9626217, 19.2233306], [72.9629114, 19.2233052], [72.9632494, 19.2232685], [72.9634505, 19.2232407], [72.9637349, 19.2232331]]}, "properties": {"osm_id": 998554485, "name": "", "waterway": "drain", "covered": "", "length_km": 0.22}}, {"type": "Feature", "geometry": {"type": "LineString", "coordinates": [[72.9565305, 19.2194416], [72.95623, 19.2190719], [72.9562046, 19.2189351], [72.9562314, 19.2188148], [72.9564366, 19.2186046], [72.9566874, 19.2184564], [72.9570119, 19.2183082]]}, "properties": {"osm_id": 1002270864, "name": "", "waterway": "drain", "covered": "", "length_km": 0.18}}, {"type": "Feature", "geometry": {"type": "LineString", "coordinates": [[72.9579332, 19.2198773], [72.9579198, 19.2198215], [72.9579306, 19.2197709], [72.9579627, 19.2197228], [72.9580834, 19.2195961], [72.9581049, 19.2195505], [72.958113, 19.219467], [72.9580754, 19.2193986], [72.9579735, 19.219353], [72.957826, 19.2193251], [72.9575872, 19.2192492], [72.9575551, 19.2192213], [72.9571251, 19.2184987], [72.9570119, 19.2183082], [72.9569928, 19.2182664], [72.9568289, 19.2179083], [72.9566621, 19.2175445], [72.9564358, 19.2170492], [72.9562488, 19.2166404]]}, "properties": {"osm_id": 1002270880, "name": "", "waterway": "drain", "covered": "", "length_km": 0.44}}, {"type": "Feature", "geometry": {"type": "LineString", "coordinates": [[73.1090221, 18.9848558], [73.1086372, 18.9849382], [73.1080766, 18.9850434], [73.1075241, 18.9855038], [73.1073873, 18.9858234], [73.1072961, 18.9862254], [73.1072049, 18.9862938], [73.1064257, 18.9867085], [73.1056425, 18.9870535], [73.105149, 18.9877053], [73.1049089, 18.9878294], [73.1045213, 18.9880299], [73.1041136, 18.9883292], [73.1034726, 18.9886031], [73.1026787, 18.9886843], [73.1005986, 18.9889785], [73.0985864, 18.9893803]]}, "properties": {"osm_id": 1007640406, "name": "", "waterway": "drain", "covered": "", "length_km": 1.27}}, {"type": "Feature", "geometry": {"type": "LineString", "coordinates": [[73.1662725, 18.85255], [73.1658997, 18.8528026], [73.16572, 18.8529206], [73.1655242, 18.8530146], [73.1652278, 18.8530755], [73.1649958, 18.8531123], [73.164403, 18.853125], [73.1640315, 18.8530717], [73.1636614, 18.8530158], [73.1632322, 18.8527798], [73.1628111, 18.8524879], [73.1625938, 18.8525361], [73.1621419, 18.8518177], [73.1613573, 18.8511984], [73.1607619, 18.8513964], [73.1601074, 18.8519751], [73.1592679, 18.8527569], [73.1589031, 18.853224], [73.1584176, 18.8535286], [73.1580099, 18.8535717], [73.1568968, 18.8539398], [73.1566232, 18.8539702], [73.1556845, 18.8545388], [73.1555195, 18.854615], [73.1552915, 18.8545591], [73.1551762, 18.854318], [73.1551749, 18.8541149], [73.1552969, 18.8537392], [73.1552365, 18.8535781], [73.1550676, 18.8534017], [73.1548476, 18.8533382], [73.1545231, 18.8533915], [73.1542844, 18.8532443], [73.1539974, 18.8532341], [73.1537801, 18.8533331], [73.1536674, 18.8536149], [73.1535387, 18.8541327], [73.1533483, 18.8544144], [73.1525852, 18.855035], [73.1518704, 18.8558384], [73.1512374, 18.856275], [73.1507707, 18.8567826], [73.1504114, 18.8571579]]}, "properties": {"osm_id": 1007640426, "name": "", "waterway": "drain", "covered": "", "length_km": 2.24}}, {"type": "Feature", "geometry": {"type": "LineString", "coordinates": [[73.1105429, 19.2092155], [73.1089589, 19.2106998]]}, "properties": {"osm_id": 1007837669, "name": "", "waterway": "drain", "covered": "", "length_km": 0.23}}, {"type": "Feature", "geometry": {"type": "LineString", "coordinates": [[73.0985145, 19.1981097], [73.0982503, 19.1982946], [73.0980746, 19.198458], [73.0980062, 19.1985606], [73.0980197, 19.1986898], [73.0984676, 19.1990799], [73.0986916, 19.1992965], [73.0986741, 19.1994054], [73.0984797, 19.1996042]]}, "properties": {"osm_id": 1007837670, "name": "", "waterway": "drain", "covered": "", "length_km": 0.23}}, {"type": "Feature", "geometry": {"type": "LineString", "coordinates": [[73.1714384, 19.240063], [73.1712909, 19.2403643], [73.1712426, 19.2408822], [73.1711715, 19.2411924], [73.1708939, 19.2415466], [73.1708884, 19.2431604], [73.1709865, 19.2434171], [73.1709208, 19.2448153]]}, "properties": {"osm_id": 1007846219, "name": "", "waterway": "drain", "covered": "", "length_km": 0.54}}, {"type": "Feature", "geometry": {"type": "LineString", "coordinates": [[73.1705232, 19.245117], [73.1698278, 19.2456937], [73.1696534, 19.2459722], [73.1693932, 19.2468484], [73.1691706, 19.2477575], [73.1691584, 19.2478378]]}, "properties": {"osm_id": 1007846220, "name": "", "waterway": "drain", "covered": "", "length_km": 0.35}}, {"type": "Feature", "geometry": {"type": "LineString", "coordinates": [[73.1238319, 19.2480715], [73.1231493, 19.2482146], [73.1224667, 19.2483234], [73.1220321, 19.2483045], [73.1217304, 19.2483678], [73.1215587, 19.2483399], [73.1214635, 19.2482728], [73.1210545, 19.2476499], [73.1207406, 19.2478056], [73.1197965, 19.2478664], [73.1185681, 19.2479398], [73.1175327, 19.2479499], [73.1161703, 19.2477419]]}, "properties": {"osm_id": 1007849482, "name": "", "waterway": "drain", "covered": "", "length_km": 0.86}}, {"type": "Feature", "geometry": {"type": "LineString", "coordinates": [[73.1738242, 19.2472206], [73.1736888, 19.2481082], [73.1718327, 19.2504037], [73.1712187, 19.251079]]}, "properties": {"osm_id": 1008049250, "name": "", "waterway": "drain", "covered": "", "length_km": 0.52}}, {"type": "Feature", "geometry": {"type": "LineString", "coordinates": [[72.9140047, 19.0471627], [72.9142427, 19.0471523]]}, "properties": {"osm_id": 1011460681, "name": "", "waterway": "drain", "covered": "", "length_km": 0.03}}, {"type": "Feature", "geometry": {"type": "LineString", "coordinates": [[72.9799274, 19.1892692], [72.9797852, 19.1890006], [72.9797369, 19.1888005], [72.9796913, 19.1885599], [72.9797128, 19.1884281], [72.9797798, 19.1883446], [72.9799998, 19.188223], [72.9808606, 19.1879645]]}, "properties": {"osm_id": 1011514688, "name": "", "waterway": "drain", "covered": "", "length_km": 0.23}}, {"type": "Feature", "geometry": {"type": "LineString", "coordinates": [[72.9759644, 19.2341038], [72.9766023, 19.2341134]]}, "properties": {"osm_id": 1013530010, "name": "", "waterway": "drain", "covered": "", "length_km": 0.07}}, {"type": "Feature", "geometry": {"type": "LineString", "coordinates": [[72.9791066, 19.2434095], [72.9790744, 19.2437716], [72.9791039, 19.2439084], [72.9792434, 19.2442173], [72.9793024, 19.244311], [72.9793507, 19.2443363], [72.9795331, 19.2443857], [72.9797034, 19.244468], [72.979922, 19.2445775], [72.9800749, 19.2447289], [72.9801983, 19.2448276], [72.9802784, 19.2448692]]}, "properties": {"osm_id": 1017391936, "name": "", "waterway": "drain", "covered": "", "length_km": 0.23}}, {"type": "Feature", "geometry": {"type": "LineString", "coordinates": [[72.9975495, 19.2005744], [72.9969192, 19.2006845], [72.9965034, 19.2007162], [72.996195, 19.2007263], [72.9958718, 19.2007327], [72.9956022, 19.2007643]]}, "properties": {"osm_id": 1024770010, "name": "", "waterway": "drain", "covered": "", "length_km": 0.21}}, {"type": "Feature", "geometry": {"type": "LineString", "coordinates": [[72.994815, 19.1986518], [72.9946728, 19.1989862], [72.9945776, 19.1991774], [72.9944716, 19.1993243], [72.9944435, 19.1994864], [72.9943818, 19.1997701], [72.9943255, 19.1999956], [72.9943268, 19.2000209], [72.9944448, 19.2000665], [72.9950885, 19.2003122], [72.995621, 19.2004781]]}, "properties": {"osm_id": 1024770011, "name": "", "waterway": "drain", "covered": "", "length_km": 0.31}}, {"type": "Feature", "geometry": {"type": "LineString", "coordinates": [[72.9937216, 19.2007488], [72.9937354, 19.2006909], [72.9938695, 19.20043], [72.9940036, 19.2002527], [72.994135, 19.2000754], [72.9942286, 19.2000488], [72.9943268, 19.2000209]]}, "properties": {"osm_id": 1025464449, "name": "", "waterway": "drain", "covered": "", "length_km": 0.11}}, {"type": "Feature", "geometry": {"type": "LineString", "coordinates": [[73.0173096, 18.9056301], [73.0171511, 18.9057841], [73.0165932, 18.9061076], [73.0160299, 18.9064946], [73.0159385, 18.9065765], [73.0157213, 18.9067895], [73.0155981, 18.90686], [73.0154586, 18.9069158], [73.0152976, 18.9070731], [73.0150321, 18.9073116], [73.0148363, 18.9075146], [73.0145708, 18.9078699], [73.014434, 18.9079283], [73.014316, 18.907913]]}, "properties": {"osm_id": 1030610380, "name": "", "waterway": "drain", "covered": "", "length_km": 0.41}}, {"type": "Feature", "geometry": {"type": "LineString", "coordinates": [[73.0138224, 18.914523], [73.0136467, 18.9148199]]}, "properties": {"osm_id": 1030610381, "name": "", "waterway": "drain", "covered": "", "length_km": 0.04}}, {"type": "Feature", "geometry": {"type": "LineString", "coordinates": [[73.0140075, 18.9083875], [73.0140263, 18.9085677], [73.0138144, 18.9091412], [73.013624, 18.9098643], [73.0135328, 18.91059], [73.0135167, 18.9112193], [73.0134121, 18.9118156], [73.0133262, 18.9119932], [73.013345, 18.912143], [73.0133638, 18.9123155], [73.013337, 18.9125566], [73.0133262, 18.9126657], [73.013345, 18.913059], [73.0134067, 18.9134979], [73.0135488, 18.9139141], [73.0137393, 18.9142769], [73.0137607, 18.9144368], [73.0138224, 18.914523]]}, "properties": {"osm_id": 1030610382, "name": "", "waterway": "drain", "covered": "", "length_km": 0.7}}, {"type": "Feature", "geometry": {"type": "LineString", "coordinates": [[73.014316, 18.907913], [73.0140075, 18.9083875]]}, "properties": {"osm_id": 1030610383, "name": "", "waterway": "drain", "covered": "", "length_km": 0.06}}, {"type": "Feature", "geometry": {"type": "LineString", "coordinates": [[73.0136467, 18.9148199], [73.0134711, 18.9151168], [73.0146539, 18.9157359], [73.0147076, 18.9161317], [73.0147719, 18.9166696], [73.0150831, 18.9170655], [73.0152869, 18.9174308], [73.0155337, 18.9182631], [73.0161774, 18.9196231], [73.0166066, 18.920435], [73.0170894, 18.9219675], [73.0172503, 18.9231144], [73.0170786, 18.9237944], [73.0168641, 18.9244642], [73.0168211, 18.9260982], [73.0166066, 18.9268289], [73.0161559, 18.9270927], [73.0154528, 18.9272633]]}, "properties": {"osm_id": 1030610384, "name": "", "waterway": "drain", "covered": "", "length_km": 1.61}}, {"type": "Feature", "geometry": {"type": "LineString", "coordinates": [[73.0154528, 18.9272633], [73.0148739, 18.92759]]}, "properties": {"osm_id": 1030610385, "name": "", "waterway": "drain", "covered": "", "length_km": 0.07}}, {"type": "Feature", "geometry": {"type": "LineString", "coordinates": [[73.0188489, 18.9039114], [73.0187447, 18.9041563], [73.0185056, 18.9042463], [73.0183178, 18.904396], [73.018173, 18.9045813], [73.0180013, 18.9049061], [73.0178162, 18.9051015], [73.0177896, 18.9052359]]}, "properties": {"osm_id": 1030610386, "name": "", "waterway": "drain", "covered": "", "length_km": 0.19}}, {"type": "Feature", "geometry": {"type": "LineString", "coordinates": [[73.0177896, 18.9052359], [73.0173096, 18.9056301]]}, "properties": {"osm_id": 1030610387, "name": "", "waterway": "drain", "covered": "", "length_km": 0.07}}, {"type": "Feature", "geometry": {"type": "LineString", "coordinates": [[72.9864323, 18.907226], [72.9866678, 18.9074867], [72.9865377, 18.9076821], [72.9859489, 18.9081236], [72.9856539, 18.9083825], [72.9855198, 18.908555], [72.9854232, 18.9087377], [72.9853159, 18.9089204], [72.9851174, 18.9090473], [72.9849458, 18.9091539], [72.9847848, 18.9095192], [72.9847366, 18.9095751], [72.9846346, 18.9096613], [72.9845595, 18.9097882], [72.9845488, 18.9099303], [72.9840445, 18.9103668], [72.9831219, 18.9114325], [72.9831165, 18.9115543], [72.9828536, 18.9117928], [72.9827464, 18.9118435], [72.9826444, 18.9118638], [72.982403, 18.9121633], [72.9823515, 18.9122334]]}, "properties": {"osm_id": 1047449717, "name": "", "waterway": "ditch", "covered": "", "length_km": 0.75}}, {"type": "Feature", "geometry": {"type": "LineString", "coordinates": [[72.9802461, 18.9144212], [72.9802826, 18.9145013], [72.9807922, 18.9149738], [72.9810474, 18.91509], [72.9814683, 18.9152584]]}, "properties": {"osm_id": 1047449718, "name": "", "waterway": "ditch", "covered": "", "length_km": 0.16}}, {"type": "Feature", "geometry": {"type": "LineString", "coordinates": [[72.9822859, 18.9123228], [72.9822689, 18.9123459], [72.9803683, 18.9141911], [72.9802788, 18.9143131], [72.9802671, 18.9143367], [72.9802461, 18.9144212]]}, "properties": {"osm_id": 1047449719, "name": "", "waterway": "ditch", "covered": "", "length_km": 0.32}}, {"type": "Feature", "geometry": {"type": "LineString", "coordinates": [[72.9823515, 18.9122334], [72.9822859, 18.9123228]]}, "properties": {"osm_id": 1047449720, "name": "", "waterway": "ditch", "covered": "", "length_km": 0.01}}, {"type": "Feature", "geometry": {"type": "LineString", "coordinates": [[72.9850692, 18.902399], [72.9837334, 18.9040839], [72.9864424, 18.9063931], [72.9861796, 18.9069463], [72.9863058, 18.907086]]}, "properties": {"osm_id": 1047449721, "name": "", "waterway": "ditch", "covered": "", "length_km": 0.71}}, {"type": "Feature", "geometry": {"type": "LineString", "coordinates": [[72.9863058, 18.907086], [72.9863802, 18.9071683]]}, "properties": {"osm_id": 1047449722, "name": "", "waterway": "ditch", "covered": "", "length_km": 0.01}}, {"type": "Feature", "geometry": {"type": "LineString", "coordinates": [[72.9863802, 18.9071683], [72.9864323, 18.907226]]}, "properties": {"osm_id": 1047449723, "name": "", "waterway": "ditch", "covered": "", "length_km": 0.01}}, {"type": "Feature", "geometry": {"type": "LineString", "coordinates": [[73.0040001, 19.1678897], [73.0039634, 19.1678856], [73.0031746, 19.1676186], [73.0029724, 19.1675461], [73.0027388, 19.1675264], [73.0024216, 19.1675988], [73.0022089, 19.1679841], [73.0021489, 19.1680168]]}, "properties": {"osm_id": 1051778195, "name": "", "waterway": "drain", "covered": "", "length_km": 0.23}}, {"type": "Feature", "geometry": {"type": "LineString", "coordinates": [[73.0041357, 19.1679052], [73.0040001, 19.1678897]]}, "properties": {"osm_id": 1051778196, "name": "", "waterway": "drain", "covered": "", "length_km": 0.01}}, {"type": "Feature", "geometry": {"type": "LineString", "coordinates": [[73.0024807, 19.1756274], [73.0021838, 19.1755808]]}, "properties": {"osm_id": 1051778197, "name": "", "waterway": "drain", "covered": "", "length_km": 0.03}}, {"type": "Feature", "geometry": {"type": "LineString", "coordinates": [[73.0026445, 19.1756509], [73.0024807, 19.1756274]]}, "properties": {"osm_id": 1051778198, "name": "", "waterway": "drain", "covered": "", "length_km": 0.02}}, {"type": "Feature", "geometry": {"type": "LineString", "coordinates": [[72.9999259, 19.1562137], [72.9994997, 19.1561887]]}, "properties": {"osm_id": 1053880356, "name": "", "waterway": "drain", "covered": "", "length_km": 0.04}}, {"type": "Feature", "geometry": {"type": "LineString", "coordinates": [[72.9994997, 19.1561887], [72.9993165, 19.1561766]]}, "properties": {"osm_id": 1053880357, "name": "", "waterway": "drain", "covered": "", "length_km": 0.02}}, {"type": "Feature", "geometry": {"type": "LineString", "coordinates": [[73.0186665, 19.1763003], [73.0184359, 19.1765385], [73.0183876, 19.1766956], [73.0181891, 19.1769692], [73.0179406, 19.1770885]]}, "properties": {"osm_id": 1065116833, "name": "", "waterway": "drain", "covered": "", "length_km": 0.12}}, {"type": "Feature", "geometry": {"type": "LineString", "coordinates": [[72.9909892, 19.2152652], [72.9911717, 19.2152299], [72.9918032, 19.2151759], [72.9918854, 19.21517]]}, "properties": {"osm_id": 1078220912, "name": "", "waterway": "drain", "covered": "", "length_km": 0.09}}, {"type": "Feature", "geometry": {"type": "LineString", "coordinates": [[72.9868662, 19.1903204], [72.9866195, 19.1901849], [72.9861863, 19.1900152], [72.9860455, 19.1900076], [72.9859355, 19.1900582], [72.9858389, 19.1901165], [72.9858179, 19.1901263], [72.9857182, 19.1900481], [72.9856244, 19.1898037], [72.985564, 19.1894959], [72.9849848, 19.1891419]]}, "properties": {"osm_id": 1080348945, "name": "", "waterway": "drain", "covered": "", "length_km": 0.27}}, {"type": "Feature", "geometry": {"type": "LineString", "coordinates": [[72.987349, 19.1934767], [72.9853564, 19.1938052], [72.9848117, 19.1939479]]}, "properties": {"osm_id": 1080348956, "name": "", "waterway": "drain", "covered": "", "length_km": 0.27}}, {"type": "Feature", "geometry": {"type": "LineString", "coordinates": [[72.9785621, 19.248526], [72.9787646, 19.2485336], [72.9791602, 19.2483741], [72.9791911, 19.2484678], [72.9792689, 19.2486058], [72.9793721, 19.2487324], [72.9796055, 19.248978], [72.9796618, 19.2490388], [72.9797021, 19.2491072], [72.9800695, 19.2493376], [72.98026, 19.2494668], [72.9803243, 19.2495529], [72.980504, 19.2496947], [72.9806569, 19.249758], [72.9807106, 19.2497782]]}, "properties": {"osm_id": 1088543474, "name": "", "waterway": "drain", "covered": "", "length_km": 0.3}}, {"type": "Feature", "geometry": {"type": "LineString", "coordinates": [[72.9760328, 19.2469548], [72.9760328, 19.2470915], [72.9760489, 19.247132], [72.9760864, 19.24717], [72.9765451, 19.2475954], [72.9765934, 19.2476309]]}, "properties": {"osm_id": 1088543475, "name": "", "waterway": "drain", "covered": "", "length_km": 0.1}}, {"type": "Feature", "geometry": {"type": "LineString", "coordinates": [[72.9475799, 19.1757009], [72.9476094, 19.1748091]]}, "properties": {"osm_id": 1118590888, "name": "", "waterway": "drain", "covered": "", "length_km": 0.1}}, {"type": "Feature", "geometry": {"type": "LineString", "coordinates": [[72.9475477, 19.1770664], [72.9475799, 19.1757009]]}, "properties": {"osm_id": 1118590889, "name": "", "waterway": "drain", "covered": "", "length_km": 0.15}}, {"type": "Feature", "geometry": {"type": "LineString", "coordinates": [[72.9483256, 19.1876834], [72.9484302, 19.1873465], [72.9487118, 19.1872401], [72.9495567, 19.1870551], [72.9499966, 19.1865384], [72.9500502, 19.1859633]]}, "properties": {"osm_id": 1118596426, "name": "", "waterway": "drain", "covered": "", "length_km": 0.3}}, {"type": "Feature", "geometry": {"type": "LineString", "coordinates": [[73.0234784, 19.1761417], [73.0267078, 19.1765242], [73.0292022, 19.1768739], [73.0301571, 19.1769904], [73.0311763, 19.1770613], [73.0314982, 19.1771221], [73.0319207, 19.1773957]]}, "properties": {"osm_id": 1120028612, "name": "", "waterway": "drain", "covered": "", "length_km": 0.9}}, {"type": "Feature", "geometry": {"type": "LineString", "coordinates": [[72.9601426, 19.1654353], [72.9601756, 19.1653669], [72.9609968, 19.164752], [72.9610859, 19.1647286]]}, "properties": {"osm_id": 1120030406, "name": "", "waterway": "drain", "covered": "yes", "length_km": 0.13}}, {"type": "Feature", "geometry": {"type": "LineString", "coordinates": [[72.9601177, 19.1662412], [72.9600672, 19.1660307], [72.9601426, 19.1654353]]}, "properties": {"osm_id": 1120030407, "name": "", "waterway": "drain", "covered": "", "length_km": 0.09}}, {"type": "Feature", "geometry": {"type": "LineString", "coordinates": [[72.9420314, 19.1672229], [72.9422276, 19.1671222], [72.9424157, 19.1669767]]}, "properties": {"osm_id": 1120160505, "name": "", "waterway": "drain", "covered": "", "length_km": 0.05}}, {"type": "Feature", "geometry": {"type": "LineString", "coordinates": [[72.9330239, 19.1705246], [72.9330263, 19.1703655], [72.932978, 19.1703123], [72.9325569, 19.1699095], [72.9324925, 19.1698335], [72.9323611, 19.169537], [72.9323772, 19.1694458], [72.9328921, 19.1692634], [72.9336673, 19.1692052], [72.9340026, 19.1691697], [72.93437, 19.1689493], [72.9343995, 19.1687542], [72.9345256, 19.1685819], [72.9347429, 19.1684806], [72.9351092, 19.1683525], [72.935115, 19.1683505]]}, "properties": {"osm_id": 1120186017, "name": "", "waterway": "drain", "covered": "", "length_km": 0.48}}, {"type": "Feature", "geometry": {"type": "LineString", "coordinates": [[73.0794159, 19.211937], [73.0793515, 19.2117395], [73.079271, 19.2116711], [73.0780345, 19.2110201], [73.0778843, 19.2108504], [73.0778226, 19.2107137], [73.0778629, 19.2105972], [73.0780748, 19.2103996], [73.0780908, 19.2102957], [73.0780292, 19.210202], [73.077828, 19.2100754], [73.0776429, 19.2098804], [73.0776161, 19.2097005], [73.0776376, 19.2094675], [73.0778575, 19.2088166], [73.077895, 19.2085759], [73.0778065, 19.2081555], [73.0776456, 19.2078845], [73.0774015, 19.2077629], [73.0767202, 19.2074716], [73.0766827, 19.207388], [73.0766639, 19.2070055]]}, "properties": {"osm_id": 1120341468, "name": "", "waterway": "drain", "covered": "", "length_km": 0.74}}, {"type": "Feature", "geometry": {"type": "LineString", "coordinates": [[72.8023237, 19.4435499], [72.8028345, 19.4431023], [72.8036713, 19.4424953], [72.8041649, 19.4417264], [72.8042936, 19.4401481], [72.8047442, 19.4364249], [72.8045296, 19.4323779], [72.8047871, 19.4317101], [72.8064823, 19.4323779], [72.807126, 19.431872], [72.807126, 19.426287], [72.8066969, 19.4261251], [72.806654, 19.4257204], [72.8070187, 19.4256394], [72.8071475, 19.424061], [72.806375, 19.4240306], [72.805978, 19.4238687], [72.8059244, 19.423636], [72.8042507, 19.4235247], [72.8041434, 19.423039], [72.8043044, 19.4205094], [72.8040898, 19.4194571], [72.804358, 19.4190625], [72.804873, 19.418334], [72.8053987, 19.4170692], [72.8058493, 19.416796], [72.8069222, 19.4147722], [72.8075981, 19.413224], [72.8078663, 19.4131228], [72.8082955, 19.4119895]]}, "properties": {"osm_id": 1120519813, "name": "", "waterway": "drain", "covered": "", "length_km": 4.36}}, {"type": "Feature", "geometry": {"type": "LineString", "coordinates": [[72.8031456, 19.4708812], [72.8029525, 19.4711644], [72.8027487, 19.4722063], [72.8031778, 19.4740978], [72.8039288, 19.4761714], [72.8041005, 19.4762927], [72.804358, 19.4763838], [72.8059029, 19.4773953], [72.8060853, 19.4773953], [72.8065681, 19.4772435], [72.8066754, 19.4771525], [72.8067505, 19.4769401], [72.8070831, 19.4769502], [72.8073943, 19.4768187], [72.8076947, 19.4768288], [72.8078985, 19.4769401]]}, "properties": {"osm_id": 1120519826, "name": "", "waterway": "drain", "covered": "", "length_km": 1.1}}, {"type": "Feature", "geometry": {"type": "LineString", "coordinates": [[72.9371927, 19.1723614], [72.9372815, 19.1721466], [72.9373207, 19.172085], [72.937819, 19.1717059]]}, "properties": {"osm_id": 1120549553, "name": "", "waterway": "drain", "covered": "", "length_km": 0.1}}, {"type": "Feature", "geometry": {"type": "LineString", "coordinates": [[72.9362227, 19.1772915], [72.9361924, 19.1771097], [72.936229, 19.1769916], [72.9361587, 19.1769434], [72.9362697, 19.1767268], [72.9363298, 19.1765324], [72.9366041, 19.1761386], [72.9368741, 19.1761897], [72.9373477, 19.1757096], [72.937399, 19.1756577], [72.937933, 19.1751144], [72.9384194, 19.1749486], [72.9385604, 19.174871]]}, "properties": {"osm_id": 1120549562, "name": "", "waterway": "drain", "covered": "", "length_km": 0.41}}, {"type": "Feature", "geometry": {"type": "LineString", "coordinates": [[72.9351092, 19.1683525], [72.935176, 19.168551], [72.9360247, 19.168271]]}, "properties": {"osm_id": 1120729740, "name": "", "waterway": "drain", "covered": "yes", "length_km": 0.12}}, {"type": "Feature", "geometry": {"type": "LineString", "coordinates": [[72.93459, 19.171731], [72.9345681, 19.1716329], [72.9346536, 19.171611], [72.9349143, 19.1715383], [72.9359127, 19.1708396], [72.9361384, 19.1707073]]}, "properties": {"osm_id": 1121459523, "name": "", "waterway": "drain", "covered": "", "length_km": 0.21}}, {"type": "Feature", "geometry": {"type": "LineString", "coordinates": [[72.9342976, 19.1719869], [72.93459, 19.171731]]}, "properties": {"osm_id": 1121459524, "name": "", "waterway": "drain", "covered": "", "length_km": 0.04}}, {"type": "Feature", "geometry": {"type": "LineString", "coordinates": [[72.9534915, 19.1768941], [72.9532528, 19.1768789]]}, "properties": {"osm_id": 1121871266, "name": "", "waterway": "drain", "covered": "", "length_km": 0.03}}, {"type": "Feature", "geometry": {"type": "LineString", "coordinates": [[72.9729425, 19.1938341], [72.972948, 19.1935968], [72.9730299, 19.192854], [72.9731089, 19.1925301]]}, "properties": {"osm_id": 1122411271, "name": "", "waterway": "drain", "covered": "", "length_km": 0.15}}, {"type": "Feature", "geometry": {"type": "LineString", "coordinates": [[72.9731089, 19.1925301], [72.973121, 19.1924806]]}, "properties": {"osm_id": 1122411272, "name": "", "waterway": "drain", "covered": "", "length_km": 0.01}}, {"type": "Feature", "geometry": {"type": "LineString", "coordinates": [[72.973121, 19.1924806], [72.9732268, 19.1921806], [72.9732851, 19.1920856], [72.9733219, 19.1920417]]}, "properties": {"osm_id": 1122411273, "name": "", "waterway": "drain", "covered": "", "length_km": 0.05}}, {"type": "Feature", "geometry": {"type": "LineString", "coordinates": [[72.9733219, 19.1920417], [72.9733693, 19.191985]]}, "properties": {"osm_id": 1122411274, "name": "", "waterway": "drain", "covered": "", "length_km": 0.01}}, {"type": "Feature", "geometry": {"type": "LineString", "coordinates": [[72.9733693, 19.191985], [72.9733751, 19.1919781], [72.9735736, 19.1918131], [72.9737112, 19.1917231], [72.9739255, 19.1916185], [72.9741024, 19.1914387], [72.9742495, 19.1914559], [72.9743687, 19.1914193], [72.9746907, 19.1910702], [72.9749053, 19.1909097], [72.975033, 19.1908337], [72.9751736, 19.1907718], [72.9755712, 19.1905915], [72.9756374, 19.1903815], [72.9757628, 19.1902058], [72.9758833, 19.1901501], [72.9760681, 19.1901113]]}, "properties": {"osm_id": 1122411275, "name": "", "waterway": "drain", "covered": "", "length_km": 0.37}}, {"type": "Feature", "geometry": {"type": "LineString", "coordinates": [[72.9760681, 19.1901113], [72.9761441, 19.1901043]]}, "properties": {"osm_id": 1122411276, "name": "", "waterway": "drain", "covered": "", "length_km": 0.01}}, {"type": "Feature", "geometry": {"type": "LineString", "coordinates": [[72.8745031, 19.105833], [72.8744119, 19.1058178], [72.8743342, 19.1056404], [72.8742725, 19.1053033], [72.8742725, 19.1047356], [72.8742349, 19.1045556], [72.8741062, 19.1043934], [72.873913, 19.1042591], [72.8738004, 19.104216], [72.8730574, 19.1041957], [72.8727634, 19.1040844]]}, "properties": {"osm_id": 1122603583, "name": "", "waterway": "drain", "covered": "", "length_km": 0.32}}, {"type": "Feature", "geometry": {"type": "LineString", "coordinates": [[72.8747875, 19.1057038], [72.8745031, 19.105833]]}, "properties": {"osm_id": 1122603584, "name": "", "waterway": "drain", "covered": "", "length_km": 0.03}}, {"type": "Feature", "geometry": {"type": "LineString", "coordinates": [[72.8365552, 19.1198581], [72.8365928, 19.1196984], [72.8366545, 19.1190395], [72.8366894, 19.1190066], [72.8368798, 19.1188038], [72.8368798, 19.1187227], [72.8368422, 19.1185251], [72.8367779, 19.1178408], [72.836802, 19.1166294]]}, "properties": {"osm_id": 1123412921, "name": "", "waterway": "drain", "covered": "", "length_km": 0.37}}, {"type": "Feature", "geometry": {"type": "LineString", "coordinates": [[72.9427895, 19.1836201], [72.9431301, 19.1834706], [72.9432937, 19.183349], [72.9434922, 19.183192], [72.9436183, 19.1831413], [72.9437846, 19.1831033], [72.9442084, 19.1830045], [72.9444766, 19.1829918], [72.9457533, 19.1830577], [72.9459625, 19.18304], [72.9462978, 19.1828322], [72.9463649, 19.1820038], [72.9464078, 19.1819278], [72.9466599, 19.1817961], [72.9469915, 19.1816105], [72.9480305, 19.1812869], [72.9485348, 19.1810437], [72.9486743, 19.1806663], [72.9493207, 19.1802584]]}, "properties": {"osm_id": 1123649175, "name": "", "waterway": "drain", "covered": "", "length_km": 0.87}}, {"type": "Feature", "geometry": {"type": "LineString", "coordinates": [[72.9156053, 19.0902985], [72.9160961, 19.0900375], [72.9170859, 19.089495], [72.9172114, 19.0894149], [72.9179601, 19.0889372]]}, "properties": {"osm_id": 1123854984, "name": "", "waterway": "drain", "covered": "", "length_km": 0.29}}, {"type": "Feature", "geometry": {"type": "LineString", "coordinates": [[72.9930345, 19.1558946], [72.9897711, 19.1559671], [72.9894894, 19.155881], [72.9893079, 19.1557344]]}, "properties": {"osm_id": 1126271807, "name": "", "waterway": "drain", "covered": "", "length_km": 0.4}}, {"type": "Feature", "geometry": {"type": "LineString", "coordinates": [[72.9410012, 19.1463801], [72.9418669, 19.1457774], [72.9424483, 19.1451434], [72.9427598, 19.1440252], [72.9429592, 19.1439193]]}, "properties": {"osm_id": 1126347558, "name": "", "waterway": "drain", "covered": "", "length_km": 0.36}}, {"type": "Feature", "geometry": {"type": "LineString", "coordinates": [[72.9475021, 19.164209], [72.9476539, 19.1640792]]}, "properties": {"osm_id": 1126532267, "name": "", "waterway": "drain", "covered": "", "length_km": 0.02}}, {"type": "Feature", "geometry": {"type": "LineString", "coordinates": [[72.9473975, 19.1642914], [72.9475021, 19.164209]]}, "properties": {"osm_id": 1126532268, "name": "", "waterway": "drain", "covered": "", "length_km": 0.01}}, {"type": "Feature", "geometry": {"type": "LineString", "coordinates": [[72.9476539, 19.1640792], [72.9480426, 19.1638366]]}, "properties": {"osm_id": 1126532269, "name": "", "waterway": "drain", "covered": "", "length_km": 0.05}}, {"type": "Feature", "geometry": {"type": "LineString", "coordinates": [[72.9460886, 19.1650692], [72.9471052, 19.16447], [72.9473975, 19.1642914]]}, "properties": {"osm_id": 1126532270, "name": "", "waterway": "drain", "covered": "", "length_km": 0.16}}, {"type": "Feature", "geometry": {"type": "LineString", "coordinates": [[72.9484114, 19.1629068], [72.9483363, 19.1627852]]}, "properties": {"osm_id": 1126532271, "name": "", "waterway": "drain", "covered": "", "length_km": 0.02}}, {"type": "Feature", "geometry": {"type": "LineString", "coordinates": [[72.9480426, 19.1638366], [72.9482692, 19.1636795], [72.9482236, 19.1635072], [72.948567, 19.1630791], [72.9484114, 19.1629068]]}, "properties": {"osm_id": 1126532272, "name": "", "waterway": "drain", "covered": "", "length_km": 0.13}}, {"type": "Feature", "geometry": {"type": "LineString", "coordinates": [[72.9521947, 19.167851], [72.9520673, 19.1677028], [72.9516931, 19.1676407], [72.9515938, 19.1676002], [72.9514678, 19.1674976], [72.9514061, 19.1674203], [72.9513826, 19.1672828]]}, "properties": {"osm_id": 1126750016, "name": "", "waterway": "drain", "covered": "", "length_km": 0.12}}, {"type": "Feature", "geometry": {"type": "LineString", "coordinates": [[72.9499657, 19.1684831], [72.9501293, 19.1682602], [72.9501246, 19.1681551], [72.9501047, 19.1680687], [72.9500517, 19.167985], [72.9503292, 19.1677382], [72.9504055, 19.1674869], [72.9505223, 19.1674405], [72.9507315, 19.1674102]]}, "properties": {"osm_id": 1126750026, "name": "Nane Pada Nalla", "waterway": "drain", "covered": "", "length_km": 0.17}}, {"type": "Feature", "geometry": {"type": "LineString", "coordinates": [[72.9498893, 19.1685908], [72.9499657, 19.1684831]]}, "properties": {"osm_id": 1126750027, "name": "Nane Pada Nalla", "waterway": "drain", "covered": "", "length_km": 0.01}}, {"type": "Feature", "geometry": {"type": "LineString", "coordinates": [[72.8821635, 19.0545858], [72.8823861, 19.0541549], [72.8828421, 19.0540484], [72.8830245, 19.0540737], [72.8842691, 19.0546644], [72.884482, 19.0548206]]}, "properties": {"osm_id": 1126997785, "name": "", "waterway": "drain", "covered": "", "length_km": 0.3}}, {"type": "Feature", "geometry": {"type": "LineString", "coordinates": [[72.9211806, 19.0682523], [72.9208136, 19.0682075], [72.9205012, 19.06797], [72.9202763, 19.0677958], [72.9199409, 19.0676948], [72.9197665, 19.0677564], [72.9195656, 19.0678751], [72.9193577, 19.068012], [72.9190975, 19.0681489]]}, "properties": {"osm_id": 1127318863, "name": "", "waterway": "drain", "covered": "", "length_km": 0.25}}, {"type": "Feature", "geometry": {"type": "LineString", "coordinates": [[72.9214029, 19.0682191], [72.9211806, 19.0682523]]}, "properties": {"osm_id": 1127318864, "name": "", "waterway": "drain", "covered": "", "length_km": 0.02}}, {"type": "Feature", "geometry": {"type": "LineString", "coordinates": [[72.847091, 19.1392034], [72.8468635, 19.139682]]}, "properties": {"osm_id": 1131759266, "name": "", "waterway": "drain", "covered": "", "length_km": 0.06}}, {"type": "Feature", "geometry": {"type": "LineString", "coordinates": [[72.8482148, 19.1373663], [72.8480485, 19.1375563], [72.8481182, 19.1379694], [72.8478339, 19.1386028], [72.847217, 19.1388841], [72.8471795, 19.1389221], [72.847091, 19.1392034]]}, "properties": {"osm_id": 1131759267, "name": "", "waterway": "drain", "covered": "", "length_km": 0.26}}, {"type": "Feature", "geometry": {"type": "LineString", "coordinates": [[72.9753833, 19.224875], [72.9753836, 19.2248687], [72.9754635, 19.2246265], [72.9754963, 19.2243474], [72.9754966, 19.2242154], [72.9754025, 19.2241347], [72.9753059, 19.2240891], [72.9752094, 19.2239751], [72.9751423, 19.2238105], [72.9751289, 19.2236358], [72.9751235, 19.2229443], [72.9751127, 19.2228847]]}, "properties": {"osm_id": 1150268679, "name": "", "waterway": "drain", "covered": "", "length_km": 0.24}}, {"type": "Feature", "geometry": {"type": "LineString", "coordinates": [[72.9751127, 19.2228847], [72.9750936, 19.2227784]]}, "properties": {"osm_id": 1150268680, "name": "", "waterway": "drain", "covered": "", "length_km": 0.01}}, {"type": "Feature", "geometry": {"type": "LineString", "coordinates": [[72.9748392, 19.2257227], [72.9748338, 19.2256568], [72.9749257, 19.2256122], [72.9749706, 19.2255606], [72.974968, 19.2254947], [72.9749814, 19.2254491], [72.9750377, 19.2254061], [72.9751521, 19.2253642], [72.9753233, 19.2253314], [72.9753504, 19.2253091], [72.9753664, 19.2251783], [72.9753733, 19.2250647], [72.9753781, 19.2249737]]}, "properties": {"osm_id": 1150268681, "name": "", "waterway": "drain", "covered": "", "length_km": 0.12}}, {"type": "Feature", "geometry": {"type": "LineString", "coordinates": [[72.9753781, 19.2249737], [72.9753833, 19.224875]]}, "properties": {"osm_id": 1150268682, "name": "", "waterway": "drain", "covered": "", "length_km": 0.01}}, {"type": "Feature", "geometry": {"type": "LineString", "coordinates": [[72.969175, 18.8694906], [72.9677691, 18.8689713], [72.966926, 18.8693211], [72.9656212, 18.8688392]]}, "properties": {"osm_id": 1152843016, "name": "", "waterway": "drain", "covered": "", "length_km": 0.4}}, {"type": "Feature", "geometry": {"type": "LineString", "coordinates": [[72.9655469, 18.8688118], [72.9654804, 18.8687872]]}, "properties": {"osm_id": 1152843017, "name": "", "waterway": "drain", "covered": "", "length_km": 0.01}}, {"type": "Feature", "geometry": {"type": "LineString", "coordinates": [[72.9655547, 18.8688146], [72.9655469, 18.8688118]]}, "properties": {"osm_id": 1152843018, "name": "", "waterway": "drain", "covered": "", "length_km": 0.0}}, {"type": "Feature", "geometry": {"type": "LineString", "coordinates": [[72.9656212, 18.8688392], [72.9655547, 18.8688146]]}, "properties": {"osm_id": 1152843019, "name": "", "waterway": "drain", "covered": "", "length_km": 0.01}}, {"type": "Feature", "geometry": {"type": "LineString", "coordinates": [[72.9706379, 18.8667106], [72.9689497, 18.8660871], [72.9685543, 18.8652339], [72.9672733, 18.8647607]]}, "properties": {"osm_id": 1152843022, "name": "", "waterway": "drain", "covered": "", "length_km": 0.44}}, {"type": "Feature", "geometry": {"type": "LineString", "coordinates": [[72.9672733, 18.8647607], [72.9672068, 18.8647361]]}, "properties": {"osm_id": 1152843023, "name": "", "waterway": "drain", "covered": "", "length_km": 0.01}}, {"type": "Feature", "geometry": {"type": "LineString", "coordinates": [[73.0143647, 19.1410098], [73.0135435, 19.1405081], [73.0130242, 19.1400535], [73.0113177, 19.1392817], [73.01102, 19.1397461], [73.0091404, 19.1387095], [73.0091334, 19.13851], [73.0090867, 19.1384295]]}, "properties": {"osm_id": 1152889483, "name": "", "waterway": "drain", "covered": "", "length_km": 0.7}}, {"type": "Feature", "geometry": {"type": "LineString", "coordinates": [[73.0040269, 19.1330372], [73.0040223, 19.1329382]]}, "properties": {"osm_id": 1152889484, "name": "", "waterway": "drain", "covered": "", "length_km": 0.01}}, {"type": "Feature", "geometry": {"type": "LineString", "coordinates": [[73.0090255, 19.1383239], [73.0089154, 19.1381339], [73.0076519, 19.136574], [73.00769, 19.1356485], [73.0046923, 19.1355079], [73.0044569, 19.1353444], [73.0044049, 19.1351645], [73.004243, 19.1343888], [73.0040363, 19.1332415], [73.0040269, 19.1330372]]}, "properties": {"osm_id": 1152889487, "name": "", "waterway": "drain", "covered": "", "length_km": 0.95}}, {"type": "Feature", "geometry": {"type": "LineString", "coordinates": [[73.0090867, 19.1384295], [73.0090255, 19.1383239]]}, "properties": {"osm_id": 1152889488, "name": "", "waterway": "drain", "covered": "", "length_km": 0.01}}, {"type": "Feature", "geometry": {"type": "LineString", "coordinates": [[73.0040223, 19.1329382], [73.00402, 19.1328883], [73.0039504, 19.1322872], [73.0040456, 19.1320371], [73.0040015, 19.1315237], [73.0039124, 19.1314976], [73.0037941, 19.1314377], [73.0037645, 19.1311542], [73.0038025, 19.1305952], [73.0038828, 19.1299803], [73.0035945, 19.1298503]]}, "properties": {"osm_id": 1152889489, "name": "", "waterway": "drain", "covered": "", "length_km": 0.38}}, {"type": "Feature", "geometry": {"type": "LineString", "coordinates": [[73.0035945, 19.1298503], [73.0034891, 19.1298028]]}, "properties": {"osm_id": 1152889490, "name": "", "waterway": "drain", "covered": "", "length_km": 0.01}}, {"type": "Feature", "geometry": {"type": "LineString", "coordinates": [[73.0164235, 19.1422674], [73.0144528, 19.1410635]]}, "properties": {"osm_id": 1152889493, "name": "", "waterway": "drain", "covered": "", "length_km": 0.25}}, {"type": "Feature", "geometry": {"type": "LineString", "coordinates": [[73.0144528, 19.1410635], [73.0143647, 19.1410098]]}, "properties": {"osm_id": 1152889494, "name": "", "waterway": "drain", "covered": "", "length_km": 0.01}}, {"type": "Feature", "geometry": {"type": "LineString", "coordinates": [[72.9878744, 18.9157579], [72.9867268, 18.9174562]]}, "properties": {"osm_id": 1153127222, "name": "", "waterway": "drain", "covered": "", "length_km": 0.22}}, {"type": "Feature", "geometry": {"type": "LineString", "coordinates": [[72.9880099, 18.9155574], [72.9879688, 18.9156182]]}, "properties": {"osm_id": 1153127223, "name": "", "waterway": "drain", "covered": "", "length_km": 0.01}}, {"type": "Feature", "geometry": {"type": "LineString", "coordinates": [[72.9879688, 18.9156182], [72.9879154, 18.9156971]]}, "properties": {"osm_id": 1153127224, "name": "", "waterway": "drain", "covered": "", "length_km": 0.01}}, {"type": "Feature", "geometry": {"type": "LineString", "coordinates": [[72.9879154, 18.9156971], [72.9878744, 18.9157579]]}, "properties": {"osm_id": 1153127225, "name": "", "waterway": "drain", "covered": "", "length_km": 0.01}}, {"type": "Feature", "geometry": {"type": "LineString", "coordinates": [[72.9891407, 18.9069209], [72.9915655, 18.9091691], [72.9916781, 18.9092452], [72.991721, 18.9094634], [72.991695, 18.9096576]]}, "properties": {"osm_id": 1153127228, "name": "", "waterway": "drain", "covered": "", "length_km": 0.42}}, {"type": "Feature", "geometry": {"type": "LineString", "coordinates": [[72.991695, 18.9096576], [72.9916817, 18.9097578]]}, "properties": {"osm_id": 1153127229, "name": "", "waterway": "drain", "covered": "", "length_km": 0.01}}, {"type": "Feature", "geometry": {"type": "LineString", "coordinates": [[72.9883666, 18.9150294], [72.9880099, 18.9155574]]}, "properties": {"osm_id": 1153127232, "name": "", "waterway": "drain", "covered": "", "length_km": 0.07}}, {"type": "Feature", "geometry": {"type": "LineString", "coordinates": [[72.9884835, 18.9148565], [72.9884423, 18.9149174]]}, "properties": {"osm_id": 1153127233, "name": "", "waterway": "drain", "covered": "", "length_km": 0.01}}, {"type": "Feature", "geometry": {"type": "LineString", "coordinates": [[72.9884078, 18.9149685], [72.9883666, 18.9150294]]}, "properties": {"osm_id": 1153127234, "name": "", "waterway": "drain", "covered": "", "length_km": 0.01}}, {"type": "Feature", "geometry": {"type": "LineString", "coordinates": [[72.9884423, 18.9149174], [72.9884078, 18.9149685]]}, "properties": {"osm_id": 1153127235, "name": "", "waterway": "drain", "covered": "", "length_km": 0.01}}, {"type": "Feature", "geometry": {"type": "LineString", "coordinates": [[72.9517005, 18.8817446], [72.9519714, 18.884197]]}, "properties": {"osm_id": 1153133733, "name": "", "waterway": "drain", "covered": "", "length_km": 0.27}}, {"type": "Feature", "geometry": {"type": "LineString", "coordinates": [[72.9519714, 18.884197], [72.9519813, 18.8842863]]}, "properties": {"osm_id": 1153133734, "name": "", "waterway": "drain", "covered": "", "length_km": 0.01}}, {"type": "Feature", "geometry": {"type": "LineString", "coordinates": [[72.9524464, 18.8884962], [72.9524696, 18.8887058]]}, "properties": {"osm_id": 1153133735, "name": "", "waterway": "drain", "covered": "", "length_km": 0.02}}, {"type": "Feature", "geometry": {"type": "LineString", "coordinates": [[72.9524366, 18.8884069], [72.9524464, 18.8884962]]}, "properties": {"osm_id": 1153133736, "name": "", "waterway": "drain", "covered": "", "length_km": 0.01}}, {"type": "Feature", "geometry": {"type": "LineString", "coordinates": [[72.9553717, 18.8882056], [72.9553904, 18.888375], [72.9553932, 18.8885738], [72.9553342, 18.8886296], [72.955243, 18.8886093], [72.955125, 18.8885535], [72.9549372, 18.8885433], [72.9547709, 18.8885586], [72.9545939, 18.8885687]]}, "properties": {"osm_id": 1153133751, "name": "", "waterway": "drain", "covered": "", "length_km": 0.13}}, {"type": "Feature", "geometry": {"type": "LineString", "coordinates": [[72.9553618, 18.8881162], [72.9553717, 18.8882056]]}, "properties": {"osm_id": 1153133752, "name": "", "waterway": "drain", "covered": "", "length_km": 0.01}}, {"type": "Feature", "geometry": {"type": "LineString", "coordinates": [[73.0075893, 19.0080441], [73.0071036, 19.0068753], [73.006927, 19.00651], [73.0066952, 19.0064369], [73.0065849, 19.0062178], [73.0064303, 19.0058316], [73.0061323, 19.0053098], [73.0061323, 19.0050176], [73.0062316, 19.0048611], [73.0062868, 19.0046419], [73.0063089, 19.0041723], [73.0060992, 19.0036817], [73.0059115, 19.0032538], [73.0058563, 19.0027946], [73.0058784, 19.0020745], [73.0057633, 19.0015812]]}, "properties": {"osm_id": 1153921538, "name": "", "waterway": "drain", "covered": "", "length_km": 0.78}}, {"type": "Feature", "geometry": {"type": "LineString", "coordinates": [[72.8898158, 19.1018356], [72.8896416, 19.1016339], [72.8894807, 19.1015934], [72.8893014, 19.1015011], [72.8891164, 19.1013269], [72.8891695, 19.1010459], [72.8891159, 19.1009243], [72.8890515, 19.1007114], [72.889073, 19.100539], [72.8889871, 19.1004579], [72.8888798, 19.1004782], [72.8887726, 19.1005086], [72.888676, 19.1005492], [72.8886223, 19.1004275], [72.8885902, 19.1003363], [72.8884936, 19.1002247], [72.8883005, 19.1001335], [72.8881825, 19.1001538], [72.8880537, 19.1001436]]}, "properties": {"osm_id": 1156851567, "name": "", "waterway": "drain", "covered": "", "length_km": 0.32}}, {"type": "Feature", "geometry": {"type": "LineString", "coordinates": [[72.8880068, 19.1001334], [72.8879578, 19.1001227]]}, "properties": {"osm_id": 1156851568, "name": "", "waterway": "drain", "covered": "", "length_km": 0.01}}, {"type": "Feature", "geometry": {"type": "LineString", "coordinates": [[72.8878818, 19.1001061], [72.8878433, 19.1000977]]}, "properties": {"osm_id": 1156851569, "name": "", "waterway": "drain", "covered": "", "length_km": 0.0}}, {"type": "Feature", "geometry": {"type": "LineString", "coordinates": [[72.8879578, 19.1001227], [72.8878818, 19.1001061]]}, "properties": {"osm_id": 1156851570, "name": "", "waterway": "drain", "covered": "", "length_km": 0.01}}, {"type": "Feature", "geometry": {"type": "LineString", "coordinates": [[72.8880537, 19.1001436], [72.8880068, 19.1001334]]}, "properties": {"osm_id": 1156851571, "name": "", "waterway": "drain", "covered": "", "length_km": 0.01}}, {"type": "Feature", "geometry": {"type": "LineString", "coordinates": [[72.9437712, 19.1661244], [72.9439911, 19.1659116], [72.9455012, 19.1653415], [72.9460886, 19.1650692]]}, "properties": {"osm_id": 1158503742, "name": "", "waterway": "drain", "covered": "", "length_km": 0.27}}, {"type": "Feature", "geometry": {"type": "LineString", "coordinates": [[72.9425736, 19.1668718], [72.9437712, 19.1661244]]}, "properties": {"osm_id": 1158503744, "name": "", "waterway": "drain", "covered": "", "length_km": 0.15}}, {"type": "Feature", "geometry": {"type": "LineString", "coordinates": [[72.9424157, 19.1669767], [72.9425736, 19.1668718]]}, "properties": {"osm_id": 1158503745, "name": "", "waterway": "drain", "covered": "", "length_km": 0.02}}, {"type": "Feature", "geometry": {"type": "LineString", "coordinates": [[72.8238256, 18.9860563], [72.8218162, 18.9898444]]}, "properties": {"osm_id": 1160014956, "name": "", "waterway": "drain", "covered": "", "length_km": 0.47}}, {"type": "Feature", "geometry": {"type": "LineString", "coordinates": [[72.8211607, 18.9829566], [72.8228121, 18.9834951], [72.8227894, 18.9850511], [72.8236874, 18.9855967], [72.8239387, 18.9858431], [72.8238256, 18.9860563]]}, "properties": {"osm_id": 1160014957, "name": "", "waterway": "drain", "covered": "", "length_km": 0.53}}, {"type": "Feature", "geometry": {"type": "LineString", "coordinates": [[72.9453789, 19.1775381], [72.9453979, 19.1771553], [72.9457258, 19.1771856]]}, "properties": {"osm_id": 1161004437, "name": "", "waterway": "drain", "covered": "", "length_km": 0.08}}, {"type": "Feature", "geometry": {"type": "LineString", "coordinates": [[72.945726, 19.1712937], [72.9458716, 19.1706704], [72.946312, 19.1702224], [72.9463958, 19.1702099], [72.9470701, 19.1708269]]}, "properties": {"osm_id": 1161008320, "name": "", "waterway": "drain", "covered": "", "length_km": 0.25}}, {"type": "Feature", "geometry": {"type": "LineString", "coordinates": [[73.0007762, 19.1441496], [72.9994672, 19.1431867], [72.9987109, 19.1426293], [72.9983783, 19.1425026], [72.9978043, 19.1424063], [72.9967529, 19.14231], [72.9965597, 19.142239], [72.9960005, 19.1421599]]}, "properties": {"osm_id": 1161171308, "name": "", "waterway": "drain", "covered": "", "length_km": 0.57}}, {"type": "Feature", "geometry": {"type": "LineString", "coordinates": [[72.9360247, 19.168271], [72.9359101, 19.1679946], [72.9364821, 19.1677803], [72.9365292, 19.1677598], [72.936599, 19.1678003], [72.9368269, 19.1679283]]}, "properties": {"osm_id": 1161692796, "name": "", "waterway": "drain", "covered": "", "length_km": 0.14}}, {"type": "Feature", "geometry": {"type": "LineString", "coordinates": [[72.9386734, 19.1750709], [72.9386692, 19.1748112]]}, "properties": {"osm_id": 1161966792, "name": "", "waterway": "drain", "covered": "yes", "length_km": 0.03}}, {"type": "Feature", "geometry": {"type": "LineString", "coordinates": [[72.9060164, 19.0622624], [72.906121, 19.0624373], [72.9062068, 19.0626452], [72.9063088, 19.063099], [72.9063249, 19.0631446], [72.9063624, 19.0631598], [72.9072422, 19.0631015], [72.9074514, 19.0631269], [72.907843, 19.0631319], [72.9078859, 19.0630838], [72.9079181, 19.0628277], [72.9080415, 19.0626731], [72.9082534, 19.0625108], [72.9087191, 19.0620957]]}, "properties": {"osm_id": 1162263402, "name": "", "waterway": "drain", "covered": "", "length_km": 0.42}}, {"type": "Feature", "geometry": {"type": "LineString", "coordinates": [[72.937644, 19.1798867], [72.9375192, 19.1797015], [72.9374405, 19.1796057], [72.937417, 19.179478], [72.9374191, 19.1793867], [72.9374454, 19.1793011]]}, "properties": {"osm_id": 1162375049, "name": "", "waterway": "drain", "covered": "", "length_km": 0.07}}, {"type": "Feature", "geometry": {"type": "LineString", "coordinates": [[72.9629551, 18.8716875], [72.962839, 18.871415], [72.9626083, 18.8712602], [72.9621899, 18.8711739], [72.9620156, 18.8710699], [72.9617017, 18.8709404], [72.961608, 18.8706925]]}, "properties": {"osm_id": 1162937147, "name": "", "waterway": "drain", "covered": "", "length_km": 0.19}}, {"type": "Feature", "geometry": {"type": "LineString", "coordinates": [[72.9629415, 18.8718234], [72.9629551, 18.8716875]]}, "properties": {"osm_id": 1162937148, "name": "", "waterway": "drain", "covered": "", "length_km": 0.02}}, {"type": "Feature", "geometry": {"type": "LineString", "coordinates": [[72.9657787, 18.8756103], [72.9659234, 18.8741937], [72.9653344, 18.8735171], [72.9654857, 18.8720244]]}, "properties": {"osm_id": 1162937149, "name": "", "waterway": "drain", "covered": "", "length_km": 0.42}}, {"type": "Feature", "geometry": {"type": "LineString", "coordinates": [[72.9654857, 18.8720244], [72.9655037, 18.8718775]]}, "properties": {"osm_id": 1162937150, "name": "", "waterway": "drain", "covered": "", "length_km": 0.02}}, {"type": "Feature", "geometry": {"type": "LineString", "coordinates": [[72.9365451, 19.1796547], [72.9366454, 19.1792801], [72.9373573, 19.1793283], [72.9374454, 19.1793011], [72.9374938, 19.1792715], [72.937789, 19.1788147], [72.9379713, 19.1786362], [72.9381507, 19.1785044], [72.9382503, 19.1783814], [72.938625, 19.1781911], [72.9387941, 19.1781049], [72.9388678, 19.1780124], [72.9391316, 19.1779802], [72.9392708, 19.1780681], [72.9394354, 19.1780593], [72.9395184, 19.1781424], [72.9398302, 19.1780556], [72.9401252, 19.1779599], [72.9404831, 19.1782864], [72.9406036, 19.1782294]]}, "properties": {"osm_id": 1164063301, "name": "", "waterway": "drain", "covered": "", "length_km": 0.55}}, {"type": "Feature", "geometry": {"type": "LineString", "coordinates": [[72.9352666, 19.1765526], [72.9353602, 19.1765319], [72.935578, 19.1765676], [72.9356974, 19.1765388], [72.9357965, 19.1765745], [72.9358579, 19.1765411], [72.9359792, 19.1764747]]}, "properties": {"osm_id": 1166038380, "name": "", "waterway": "drain", "covered": "", "length_km": 0.08}}, {"type": "Feature", "geometry": {"type": "LineString", "coordinates": [[72.9333111, 19.1657179], [72.9330616, 19.1651797], [72.9332411, 19.1647831]]}, "properties": {"osm_id": 1167088531, "name": "", "waterway": "drain", "covered": "", "length_km": 0.11}}, {"type": "Feature", "geometry": {"type": "LineString", "coordinates": [[72.9336718, 19.1750608], [72.9337687, 19.1749245]]}, "properties": {"osm_id": 1169238612, "name": "", "waterway": "drain", "covered": "", "length_km": 0.02}}, {"type": "Feature", "geometry": {"type": "LineString", "coordinates": [[72.8422355, 19.0546543], [72.8423246, 19.0542246]]}, "properties": {"osm_id": 1170043414, "name": "", "waterway": "drain", "covered": "", "length_km": 0.05}}, {"type": "Feature", "geometry": {"type": "LineString", "coordinates": [[72.8415691, 19.0564222], [72.8416374, 19.0558737], [72.8417956, 19.0557926], [72.8419592, 19.055425], [72.8422355, 19.0546543]]}, "properties": {"osm_id": 1170043415, "name": "", "waterway": "drain", "covered": "", "length_km": 0.22}}, {"type": "Feature", "geometry": {"type": "LineString", "coordinates": [[72.8314944, 19.1332676], [72.8317139, 19.134475]]}, "properties": {"osm_id": 1170462403, "name": "Mogara Nallah", "waterway": "stream", "covered": "yes", "length_km": 0.14}}, {"type": "Feature", "geometry": {"type": "LineString", "coordinates": [[72.8919138, 19.0810864], [72.892581, 19.0792929]]}, "properties": {"osm_id": 1172947231, "name": "", "waterway": "drain", "covered": "", "length_km": 0.21}}, {"type": "Feature", "geometry": {"type": "LineString", "coordinates": [[73.1691288, 19.2480328], [73.1690258, 19.2487122], [73.1689131, 19.2494009], [73.168889, 19.2499074], [73.1689257, 19.2509048]]}, "properties": {"osm_id": 1175814897, "name": "", "waterway": "drain", "covered": "", "length_km": 0.32}}, {"type": "Feature", "geometry": {"type": "LineString", "coordinates": [[73.169139, 19.2479661], [73.1691288, 19.2480328]]}, "properties": {"osm_id": 1175814898, "name": "", "waterway": "drain", "covered": "", "length_km": 0.01}}, {"type": "Feature", "geometry": {"type": "LineString", "coordinates": [[73.1691483, 19.2479046], [73.169139, 19.2479661]]}, "properties": {"osm_id": 1175814899, "name": "", "waterway": "drain", "covered": "", "length_km": 0.01}}, {"type": "Feature", "geometry": {"type": "LineString", "coordinates": [[73.1691584, 19.2478378], [73.1691483, 19.2479046]]}, "properties": {"osm_id": 1175814900, "name": "", "waterway": "drain", "covered": "", "length_km": 0.01}}, {"type": "Feature", "geometry": {"type": "LineString", "coordinates": [[72.9233344, 19.0511014], [72.9233821, 19.0510225], [72.9245891, 19.0502923], [72.9249217, 19.050267], [72.9251417, 19.0504191]]}, "properties": {"osm_id": 1179708908, "name": "", "waterway": "drain", "covered": "", "length_km": 0.22}}, {"type": "Feature", "geometry": {"type": "LineString", "coordinates": [[72.9644824, 19.2317045], [72.9646297, 19.2318096], [72.9647247, 19.2318127], [72.9649048, 19.2318066], [72.9651144, 19.2318653], [72.9653797, 19.2317756], [72.9656744, 19.2316705], [72.9658709, 19.2315654], [72.9659593, 19.2315097], [72.966182, 19.2314417], [72.9664309, 19.2314231], [72.9665914, 19.2314633], [72.9667289, 19.2315283], [72.9668599, 19.2316489], [72.9670662, 19.2316952], [72.9672725, 19.2317509], [72.9675181, 19.2316458], [72.9678456, 19.231587], [72.9678655, 19.231575]]}, "properties": {"osm_id": 1187581598, "name": "", "waterway": "drain", "covered": "", "length_km": 0.38}}, {"type": "Feature", "geometry": {"type": "LineString", "coordinates": [[72.9732216, 19.2284313], [72.9732538, 19.2283255]]}, "properties": {"osm_id": 1187581599, "name": "", "waterway": "drain", "covered": "", "length_km": 0.01}}, {"type": "Feature", "geometry": {"type": "LineString", "coordinates": [[72.9732004, 19.2285009], [72.9732216, 19.2284313]]}, "properties": {"osm_id": 1187581600, "name": "", "waterway": "drain", "covered": "", "length_km": 0.01}}, {"type": "Feature", "geometry": {"type": "LineString", "coordinates": [[72.9711672, 19.2296391], [72.9713479, 19.2294602], [72.9715106, 19.2292911], [72.9716876, 19.2292024], [72.9719397, 19.2291011], [72.9721624, 19.2289391], [72.9724306, 19.2286605], [72.9725292, 19.2284982], [72.972554, 19.2284655], [72.9726008, 19.2284572], [72.973128, 19.228544], [72.9731628, 19.2285338], [72.9732004, 19.2285009]]}, "properties": {"osm_id": 1187581603, "name": "", "waterway": "drain", "covered": "", "length_km": 0.27}}, {"type": "Feature", "geometry": {"type": "LineString", "coordinates": [[72.9710668, 19.2297386], [72.9711672, 19.2296391]]}, "properties": {"osm_id": 1187581604, "name": "", "waterway": "drain", "covered": "", "length_km": 0.02}}, {"type": "Feature", "geometry": {"type": "LineString", "coordinates": [[72.9708454, 19.2305058], [72.9708868, 19.2304461], [72.9709808, 19.2302621], [72.9710287, 19.2300846], [72.9710567, 19.2297486], [72.9710668, 19.2297386]]}, "properties": {"osm_id": 1187581607, "name": "", "waterway": "drain", "covered": "", "length_km": 0.09}}, {"type": "Feature", "geometry": {"type": "LineString", "coordinates": [[72.9707989, 19.2305513], [72.9708454, 19.2305058]]}, "properties": {"osm_id": 1187581608, "name": "", "waterway": "drain", "covered": "", "length_km": 0.01}}, {"type": "Feature", "geometry": {"type": "LineString", "coordinates": [[72.9701082, 19.2306142], [72.9706451, 19.2305879], [72.9707245, 19.2305814], [72.9707989, 19.2305513]]}, "properties": {"osm_id": 1187581613, "name": "", "waterway": "drain", "covered": "", "length_km": 0.07}}, {"type": "Feature", "geometry": {"type": "LineString", "coordinates": [[72.9699557, 19.2306217], [72.9701082, 19.2306142]]}, "properties": {"osm_id": 1187581614, "name": "", "waterway": "drain", "covered": "", "length_km": 0.02}}, {"type": "Feature", "geometry": {"type": "LineString", "coordinates": [[72.9679554, 19.2315206], [72.9680552, 19.2314602], [72.9683041, 19.2311232], [72.9684449, 19.2310706], [72.9686905, 19.2311696], [72.9690049, 19.2311634], [72.9692989, 19.2311037], [72.969549, 19.2310103], [72.9698828, 19.2306253], [72.9699557, 19.2306217]]}, "properties": {"osm_id": 1187581617, "name": "", "waterway": "drain", "covered": "", "length_km": 0.26}}, {"type": "Feature", "geometry": {"type": "LineString", "coordinates": [[72.9678655, 19.231575], [72.9679554, 19.2315206]]}, "properties": {"osm_id": 1187581618, "name": "", "waterway": "drain", "covered": "", "length_km": 0.01}}, {"type": "Feature", "geometry": {"type": "LineString", "coordinates": [[72.9732538, 19.2283255], [72.9733743, 19.2279296], [72.9737121, 19.2270834], [72.9739454, 19.2262712], [72.973942, 19.2262071], [72.9739219, 19.2261684], [72.9738793, 19.2261377], [72.9734927, 19.2260291], [72.9732487, 19.2259708], [72.9729241, 19.2259658], [72.9725674, 19.2258898], [72.9721999, 19.2258847], [72.9719317, 19.2259101], [72.9717144, 19.2258037], [72.9716554, 19.2257556], [72.9716232, 19.225553], [72.9715615, 19.2254441], [72.9714824, 19.225401], [72.9714087, 19.225301], [72.9713443, 19.2252136], [72.9711812, 19.2250483], [72.9710576, 19.2244944], [72.9710573, 19.22445], [72.9710707, 19.2244044], [72.9711458, 19.2242613], [72.9712531, 19.224117], [72.9712906, 19.2240207], [72.9713255, 19.2235446], [72.9713604, 19.223461], [72.9715615, 19.2231748], [72.9717361, 19.2228347], [72.9717691, 19.2225696]]}, "properties": {"osm_id": 1187581621, "name": "", "waterway": "drain", "covered": "", "length_km": 0.89}}, {"type": "Feature", "geometry": {"type": "LineString", "coordinates": [[72.9717691, 19.2225696], [72.971778, 19.2224978]]}, "properties": {"osm_id": 1187581622, "name": "", "waterway": "drain", "covered": "", "length_km": 0.01}}, {"type": "Feature", "geometry": {"type": "LineString", "coordinates": [[72.900424, 19.12964], [72.8989771, 19.1298246], [72.8984284, 19.1301975], [72.8980744, 19.1302887], [72.8978813, 19.1303749], [72.897774, 19.1306232], [72.8976184, 19.1307702], [72.8972744, 19.1308402]]}, "properties": {"osm_id": 1187638404, "name": "", "waterway": "drain", "covered": "", "length_km": 0.38}}, {"type": "Feature", "geometry": {"type": "LineString", "coordinates": [[72.8969575, 19.1309441], [72.89684, 19.1309775]]}, "properties": {"osm_id": 1187675516, "name": "", "waterway": "drain", "covered": "", "length_km": 0.01}}, {"type": "Feature", "geometry": {"type": "LineString", "coordinates": [[72.8972744, 19.1308402], [72.8969575, 19.1309441]]}, "properties": {"osm_id": 1187675517, "name": "", "waterway": "drain", "covered": "", "length_km": 0.04}}, {"type": "Feature", "geometry": {"type": "LineString", "coordinates": [[72.9616213, 18.8781991], [72.9618972, 18.8755102], [72.9619064, 18.8754203]]}, "properties": {"osm_id": 1188789868, "name": "", "waterway": "drain", "covered": "", "length_km": 0.31}}, {"type": "Feature", "geometry": {"type": "LineString", "coordinates": [[72.9619064, 18.8754203], [72.9619174, 18.875313]]}, "properties": {"osm_id": 1188789869, "name": "", "waterway": "drain", "covered": "", "length_km": 0.01}}, {"type": "Feature", "geometry": {"type": "LineString", "coordinates": [[72.9837112, 18.8790764], [72.9840028, 18.8787045]]}, "properties": {"osm_id": 1188789870, "name": "", "waterway": "drain", "covered": "", "length_km": 0.05}}, {"type": "Feature", "geometry": {"type": "LineString", "coordinates": [[72.9836432, 18.8791631], [72.9837112, 18.8790764]]}, "properties": {"osm_id": 1188789871, "name": "", "waterway": "drain", "covered": "", "length_km": 0.01}}, {"type": "Feature", "geometry": {"type": "LineString", "coordinates": [[72.9761441, 19.1901043], [72.9763041, 19.1900895], [72.9764349, 19.1901259], [72.9765657, 19.1901646], [72.9767222, 19.1901646], [72.9768659, 19.1901356], [72.9769277, 19.1901166]]}, "properties": {"osm_id": 1190530972, "name": "", "waterway": "drain", "covered": "", "length_km": 0.08}}, {"type": "Feature", "geometry": {"type": "LineString", "coordinates": [[72.9769277, 19.1901166], [72.977006, 19.1900925]]}, "properties": {"osm_id": 1190530973, "name": "", "waterway": "drain", "covered": "", "length_km": 0.01}}, {"type": "Feature", "geometry": {"type": "LineString", "coordinates": [[72.977006, 19.1900925], [72.9771891, 19.1900362], [72.9773302, 19.1898569], [72.9774534, 19.1896776], [72.9775611, 19.1896001], [72.9777561, 19.1895298], [72.9777824, 19.1895239]]}, "properties": {"osm_id": 1190530974, "name": "", "waterway": "drain", "covered": "", "length_km": 0.11}}, {"type": "Feature", "geometry": {"type": "LineString", "coordinates": [[72.9777824, 19.1895239], [72.9778908, 19.1894998]]}, "properties": {"osm_id": 1190530975, "name": "", "waterway": "drain", "covered": "", "length_km": 0.01}}, {"type": "Feature", "geometry": {"type": "LineString", "coordinates": [[72.9805469, 19.1904243], [72.980327, 19.1900316], [72.9802063, 19.1897834], [72.9799687, 19.1893454]]}, "properties": {"osm_id": 1190532341, "name": "", "waterway": "drain", "covered": "", "length_km": 0.13}}, {"type": "Feature", "geometry": {"type": "LineString", "coordinates": [[72.9799687, 19.1893454], [72.9799274, 19.1892692]]}, "properties": {"osm_id": 1190532342, "name": "", "waterway": "drain", "covered": "", "length_km": 0.01}}, {"type": "Feature", "geometry": {"type": "LineString", "coordinates": [[72.9958852, 19.1421436], [72.9955807, 19.142087], [72.9948378, 19.1417803], [72.9925632, 19.1416562], [72.9922897, 19.1414333]]}, "properties": {"osm_id": 1190588620, "name": "", "waterway": "drain", "covered": "", "length_km": 0.4}}, {"type": "Feature", "geometry": {"type": "LineString", "coordinates": [[72.9960005, 19.1421599], [72.9958852, 19.1421436]]}, "properties": {"osm_id": 1190588621, "name": "", "waterway": "drain", "covered": "", "length_km": 0.01}}, {"type": "Feature", "geometry": {"type": "LineString", "coordinates": [[72.987565, 18.9081707], [72.9865819, 18.9092706], [72.9862547, 18.90957], [72.9859382, 18.9098694], [72.9857933, 18.9099455], [72.9857151, 18.9100358]]}, "properties": {"osm_id": 1192922065, "name": "", "waterway": "drain", "covered": "", "length_km": 0.29}}, {"type": "Feature", "geometry": {"type": "LineString", "coordinates": [[72.9857151, 18.9100358], [72.9856488, 18.9101124]]}, "properties": {"osm_id": 1192922066, "name": "", "waterway": "drain", "covered": "", "length_km": 0.01}}, {"type": "Feature", "geometry": {"type": "LineString", "coordinates": [[72.9888869, 18.9069066], [72.9885131, 18.9072558], [72.9878747, 18.9078242], [72.9876329, 18.9080947]]}, "properties": {"osm_id": 1192922393, "name": "", "waterway": "drain", "covered": "", "length_km": 0.19}}, {"type": "Feature", "geometry": {"type": "LineString", "coordinates": [[72.9876329, 18.9080947], [72.987565, 18.9081707]]}, "properties": {"osm_id": 1192922394, "name": "", "waterway": "drain", "covered": "", "length_km": 0.01}}, {"type": "Feature", "geometry": {"type": "LineString", "coordinates": [[72.9462858, 19.1851878], [72.946648, 19.1849208]]}, "properties": {"osm_id": 1197065311, "name": "", "waterway": "drain", "covered": "", "length_km": 0.05}}, {"type": "Feature", "geometry": {"type": "LineString", "coordinates": [[72.96554, 19.2020247], [72.9656172, 19.2019736]]}, "properties": {"osm_id": 1203420517, "name": "", "waterway": "drain", "covered": "", "length_km": 0.01}}, {"type": "Feature", "geometry": {"type": "LineString", "coordinates": [[72.9695472, 19.2685057], [72.9695955, 19.2685816], [72.9700729, 19.2685234], [72.9701292, 19.2687538], [72.9703304, 19.2691057], [72.9705182, 19.2694273], [72.9707636, 19.2702325], [72.9712692, 19.2702046]]}, "properties": {"osm_id": 1206829450, "name": "", "waterway": "drain", "covered": "", "length_km": 0.32}}, {"type": "Feature", "geometry": {"type": "LineString", "coordinates": [[72.9693311, 19.2682314], [72.9693702, 19.2683149]]}, "properties": {"osm_id": 1206829451, "name": "", "waterway": "drain", "covered": "", "length_km": 0.01}}, {"type": "Feature", "geometry": {"type": "LineString", "coordinates": [[72.8235167, 19.2548502], [72.8233386, 19.2550946], [72.8227021, 19.2553409], [72.8219924, 19.2555528], [72.8215228, 19.2556119], [72.8210324, 19.2556513], [72.8206515, 19.2558089], [72.8203802, 19.2560552], [72.8199419, 19.2564887], [72.819394, 19.2570108], [72.8191123, 19.2572866], [72.8189557, 19.2575231], [72.8188201, 19.2576265], [72.8185957, 19.2581289], [72.8183244, 19.2588235], [72.8182461, 19.2591387], [72.8182461, 19.2592569]]}, "properties": {"osm_id": 1222224268, "name": "", "waterway": "drain", "covered": "", "length_km": 0.8}}, {"type": "Feature", "geometry": {"type": "LineString", "coordinates": [[72.8249847, 19.2575191], [72.8247283, 19.2578675], [72.8243161, 19.2581582], [72.8238309, 19.258104], [72.8233717, 19.2580153], [72.8230013, 19.258104], [72.8227508, 19.2581877], [72.8224377, 19.258434], [72.8224221, 19.2586458], [72.8223595, 19.2588182], [72.8221508, 19.2589167], [72.8218794, 19.2588625], [72.8218012, 19.2587788], [72.8216551, 19.2585325], [72.8214881, 19.2584143], [72.8213525, 19.258434], [72.8210863, 19.258503], [72.8210029, 19.2586606], [72.8208829, 19.2589463], [72.8207837, 19.2591335], [72.8205959, 19.2591975], [72.8203924, 19.2591876], [72.8203767, 19.2592418], [72.8203715, 19.2593256]]}, "properties": {"osm_id": 1222224269, "name": "", "waterway": "drain", "covered": "", "length_km": 0.65}}, {"type": "Feature", "geometry": {"type": "LineString", "coordinates": [[72.865375, 19.2729955], [72.8655524, 19.2732281], [72.8658799, 19.2734805], [72.8661594, 19.2737727], [72.8662766, 19.2740536], [72.8662435, 19.2742323], [72.8660752, 19.2744819], [72.8659941, 19.2746039], [72.865893, 19.2749519], [72.865901, 19.2752906], [72.8659688, 19.2754864], [72.8660725, 19.2756746], [72.8661402, 19.2758402], [72.8661642, 19.2760735], [72.866224, 19.2762579], [72.8663396, 19.2765252]]}, "properties": {"osm_id": 1222466965, "name": "", "waterway": "drain", "covered": "", "length_km": 0.45}}, {"type": "Feature", "geometry": {"type": "LineString", "coordinates": [[72.8474275, 19.25954], [72.8474913, 19.2599616], [72.8475232, 19.2601874], [72.8476667, 19.2602552], [72.8478182, 19.2603455], [72.8482329, 19.2603982], [72.8483206, 19.2604584], [72.8484004, 19.2606692], [72.8483366, 19.2609553], [72.8482887, 19.261136], [72.8483047, 19.2614371], [72.8484243, 19.2621674], [72.848504, 19.262747], [72.8486077, 19.263146], [72.8485678, 19.2635149], [72.8485599, 19.2637784], [72.8486157, 19.2640494], [72.8485599, 19.2642], [72.848209, 19.2646893], [72.8478501, 19.2651711], [72.8473876, 19.265555], [72.8469091, 19.2658938], [72.8465423, 19.2660895], [72.8462094, 19.2660947]]}, "properties": {"osm_id": 1223001322, "name": "", "waterway": "drain", "covered": "", "length_km": 0.92}}, {"type": "Feature", "geometry": {"type": "LineString", "coordinates": [[72.9406036, 19.1782294], [72.9408343, 19.1780609], [72.9411947, 19.1778149], [72.9421976, 19.1778331], [72.9428167, 19.1779414], [72.9430219, 19.1779887], [72.9431771, 19.1779806]]}, "properties": {"osm_id": 1244471278, "name": "", "waterway": "drain", "covered": "", "length_km": 0.29}}, {"type": "Feature", "geometry": {"type": "LineString", "coordinates": [[73.1709208, 19.2448153], [73.1707773, 19.2449238], [73.1706739, 19.2450076]]}, "properties": {"osm_id": 1271693302, "name": "", "waterway": "drain", "covered": "", "length_km": 0.03}}, {"type": "Feature", "geometry": {"type": "LineString", "coordinates": [[73.1706739, 19.2450076], [73.1705232, 19.245117]]}, "properties": {"osm_id": 1271693303, "name": "", "waterway": "drain", "covered": "", "length_km": 0.02}}, {"type": "Feature", "geometry": {"type": "LineString", "coordinates": [[73.1042125, 19.2209504], [73.1041431, 19.2211309], [73.1042664, 19.221435], [73.1042746, 19.2214551], [73.1044033, 19.2221111], [73.1041639, 19.2228139], [73.1037247, 19.2228057], [73.1034404, 19.2227899], [73.1033117, 19.2227443], [73.1032594, 19.2227911], [73.1031816, 19.2232153], [73.1028128, 19.2236864], [73.1028745, 19.2242993], [73.1028235, 19.2244462], [73.102617, 19.2246539], [73.1025901, 19.2251123], [73.1023461, 19.2253149], [73.1023139, 19.2253985], [73.1023434, 19.225824], [73.1023139, 19.2258974], [73.102161, 19.2259987], [73.1020188, 19.2268142], [73.1019626, 19.2272605]]}, "properties": {"osm_id": 1283899528, "name": "", "waterway": "drain", "covered": "", "length_km": 0.86}}, {"type": "Feature", "geometry": {"type": "LineString", "coordinates": [[73.104353, 19.2205854], [73.1042125, 19.2209504]]}, "properties": {"osm_id": 1283899529, "name": "", "waterway": "drain", "covered": "", "length_km": 0.04}}, {"type": "Feature", "geometry": {"type": "LineString", "coordinates": [[73.1057272, 19.2189195], [73.1055298, 19.2194442], [73.1046259, 19.2199406], [73.1045669, 19.2200292], [73.104353, 19.2205854]]}, "properties": {"osm_id": 1283899534, "name": "", "waterway": "drain", "covered": "", "length_km": 0.25}}, {"type": "Feature", "geometry": {"type": "LineString", "coordinates": [[73.1057528, 19.2188515], [73.1057272, 19.2189195]]}, "properties": {"osm_id": 1283899535, "name": "", "waterway": "drain", "covered": "", "length_km": 0.01}}, {"type": "Feature", "geometry": {"type": "LineString", "coordinates": [[73.1072745, 19.2156933], [73.1066564, 19.2162719], [73.1064552, 19.216277], [73.1052911, 19.2173078], [73.1056117, 19.2176257], [73.1056224, 19.217713], [73.1052348, 19.2181006], [73.1053501, 19.2182981], [73.1054628, 19.2184247], [73.1057981, 19.2185172], [73.105849, 19.2185957], [73.1057799, 19.2187793]]}, "properties": {"osm_id": 1283899536, "name": "", "waterway": "drain", "covered": "", "length_km": 0.51}}, {"type": "Feature", "geometry": {"type": "LineString", "coordinates": [[73.107349, 19.2156236], [73.1072745, 19.2156933]]}, "properties": {"osm_id": 1283899537, "name": "", "waterway": "drain", "covered": "", "length_km": 0.01}}, {"type": "Feature", "geometry": {"type": "LineString", "coordinates": [[73.1086089, 19.2126863], [73.1086493, 19.2127311], [73.1083596, 19.2130223], [73.1083582, 19.2131439], [73.108208, 19.2134073], [73.1078446, 19.2140595], [73.1073403, 19.2146345], [73.1073859, 19.2148168], [73.1075281, 19.2149713], [73.1074262, 19.2152195], [73.1074074, 19.2153867], [73.1074221, 19.2155551], [73.107349, 19.2156236]]}, "properties": {"osm_id": 1283899538, "name": "", "waterway": "drain", "covered": "", "length_km": 0.38}}, {"type": "Feature", "geometry": {"type": "LineString", "coordinates": [[73.1085345, 19.2126036], [73.1086089, 19.2126863]]}, "properties": {"osm_id": 1283899539, "name": "", "waterway": "drain", "covered": "", "length_km": 0.01}}, {"type": "Feature", "geometry": {"type": "LineString", "coordinates": [[72.8218162, 18.9898444], [72.8206746, 18.9920142]]}, "properties": {"osm_id": 1289081184, "name": "", "waterway": "drain", "covered": "", "length_km": 0.27}}, {"type": "Feature", "geometry": {"type": "LineString", "coordinates": [[72.88248, 19.0260898], [72.8825659, 19.0254102], [72.8826034, 19.025253], [72.8835013, 19.023555], [72.8835608, 19.0234033]]}, "properties": {"osm_id": 1289173949, "name": "", "waterway": "drain", "covered": "", "length_km": 0.32}}, {"type": "Feature", "geometry": {"type": "LineString", "coordinates": [[72.9322338, 19.1725316], [72.9323071, 19.1725697], [72.9323526, 19.1725469], [72.9336195, 19.1712286]]}, "properties": {"osm_id": 1289355676, "name": "", "waterway": "drain", "covered": "", "length_km": 0.21}}, {"type": "Feature", "geometry": {"type": "LineString", "coordinates": [[72.9336195, 19.1712286], [72.93373, 19.1710754], [72.933357, 19.1707836], [72.9330239, 19.1705246]]}, "properties": {"osm_id": 1289359832, "name": "", "waterway": "drain", "covered": "", "length_km": 0.12}}, {"type": "Feature", "geometry": {"type": "LineString", "coordinates": [[73.2087439, 18.8710699], [73.2088217, 18.8716511], [73.2088754, 18.8717932]]}, "properties": {"osm_id": 1302818863, "name": "", "waterway": "drain", "covered": "", "length_km": 0.08}}, {"type": "Feature", "geometry": {"type": "LineString", "coordinates": [[73.1279853, 18.9953722], [73.1285834, 18.9943273]]}, "properties": {"osm_id": 1302829800, "name": "", "waterway": "drain", "covered": "", "length_km": 0.13}}, {"type": "Feature", "geometry": {"type": "LineString", "coordinates": [[73.1172726, 19.2321921], [73.1172162, 19.2323858], [73.1172484, 19.2327353]]}, "properties": {"osm_id": 1314946558, "name": "", "waterway": "drain", "covered": "", "length_km": 0.06}}, {"type": "Feature", "geometry": {"type": "LineString", "coordinates": [[73.1173222, 19.2318553], [73.1172726, 19.2321921]]}, "properties": {"osm_id": 1314946559, "name": "", "waterway": "drain", "covered": "", "length_km": 0.04}}, {"type": "Feature", "geometry": {"type": "LineString", "coordinates": [[73.1018475, 19.2275768], [73.1016487, 19.2279197], [73.101583, 19.2282552], [73.1013429, 19.2283654], [73.1013013, 19.228492], [73.1015106, 19.22872], [73.1016567, 19.2289314], [73.1016433, 19.2291062], [73.1015387, 19.2292911], [73.101638, 19.2297647], [73.1016326, 19.2299749], [73.1020238, 19.2322187]]}, "properties": {"osm_id": 1314946564, "name": "", "waterway": "drain", "covered": "", "length_km": 0.56}}, {"type": "Feature", "geometry": {"type": "LineString", "coordinates": [[73.1019626, 19.2272605], [73.1018475, 19.2275768]]}, "properties": {"osm_id": 1314946565, "name": "", "waterway": "drain", "covered": "", "length_km": 0.04}}, {"type": "Feature", "geometry": {"type": "LineString", "coordinates": [[72.9186348, 19.0951427], [72.9188944, 19.0948796]]}, "properties": {"osm_id": 1315099370, "name": "", "waterway": "drain", "covered": "", "length_km": 0.04}}, {"type": "Feature", "geometry": {"type": "LineString", "coordinates": [[72.9182848, 19.0999567], [72.9182459, 19.0998541], [72.9182627, 19.0997562], [72.9183546, 19.0996589], [72.9185142, 19.0996298], [72.9185531, 19.0996095], [72.9185718, 19.0995702], [72.9185799, 19.0994625], [72.9186054, 19.0993966], [72.9185691, 19.0993053], [72.9185423, 19.0991634], [72.9185772, 19.098967], [72.9186375, 19.0988377], [72.918777, 19.0987249], [72.9188642, 19.0986717], [72.9188843, 19.0986109], [72.918828, 19.0983447], [72.9187227, 19.0980378], [72.9186563, 19.097976], [72.9185235, 19.0978961], [72.9184813, 19.0978401], [72.9184384, 19.0976398], [72.9181883, 19.0971497], [72.9181621, 19.0970594], [72.9182506, 19.0969225], [72.918425, 19.0968212], [72.9184813, 19.0967451], [72.9186348, 19.0951427]]}, "properties": {"osm_id": 1315099371, "name": "", "waterway": "drain", "covered": "", "length_km": 0.61}}, {"type": "Feature", "geometry": {"type": "LineString", "coordinates": [[73.0188266, 19.2051391], [73.0192448, 19.2053451], [73.0195145, 19.2054739], [73.0197506, 19.2055736], [73.0221594, 19.2064752]]}, "properties": {"osm_id": 1315634660, "name": "", "waterway": "drain", "covered": "", "length_km": 0.38}}, {"type": "Feature", "geometry": {"type": "LineString", "coordinates": [[72.9388172, 19.1752857], [72.9386734, 19.1750709]]}, "properties": {"osm_id": 1339370103, "name": "", "waterway": "drain", "covered": "", "length_km": 0.03}}, {"type": "Feature", "geometry": {"type": "LineString", "coordinates": [[72.9385604, 19.174871], [72.9386692, 19.1748112], [72.9388067, 19.174724]]}, "properties": {"osm_id": 1339370104, "name": "", "waterway": "drain", "covered": "yes", "length_km": 0.03}}, {"type": "Feature", "geometry": {"type": "LineString", "coordinates": [[72.9386822, 19.1755702], [72.9387929, 19.1753605], [72.9388172, 19.1752857]]}, "properties": {"osm_id": 1339370674, "name": "", "waterway": "drain", "covered": "yes", "length_km": 0.03}}, {"type": "Feature", "geometry": {"type": "LineString", "coordinates": [[72.9367269, 19.1786567], [72.9370832, 19.1784423], [72.9372885, 19.1782909]]}, "properties": {"osm_id": 1339382769, "name": "", "waterway": "drain", "covered": "", "length_km": 0.07}}, {"type": "Feature", "geometry": {"type": "LineString", "coordinates": [[72.9390245, 19.1751756], [72.9412231, 19.1736032]]}, "properties": {"osm_id": 1339383573, "name": "", "waterway": "drain", "covered": "", "length_km": 0.29}}, {"type": "Feature", "geometry": {"type": "LineString", "coordinates": [[73.0827965, 19.2316327], [73.082799, 19.2318378]]}, "properties": {"osm_id": 1339384838, "name": "", "waterway": "drain", "covered": "", "length_km": 0.02}}, {"type": "Feature", "geometry": {"type": "LineString", "coordinates": [[73.082799, 19.2318378], [73.0828016, 19.2319313]]}, "properties": {"osm_id": 1339384839, "name": "", "waterway": "drain", "covered": "", "length_km": 0.01}}, {"type": "Feature", "geometry": {"type": "LineString", "coordinates": [[73.082734, 19.2314013], [73.0827955, 19.2315542]]}, "properties": {"osm_id": 1339384842, "name": "", "waterway": "drain", "covered": "", "length_km": 0.02}}, {"type": "Feature", "geometry": {"type": "LineString", "coordinates": [[73.0827955, 19.2315542], [73.0827965, 19.2316327]]}, "properties": {"osm_id": 1339384843, "name": "", "waterway": "drain", "covered": "", "length_km": 0.01}}, {"type": "Feature", "geometry": {"type": "LineString", "coordinates": [[73.1747335, 19.2067836], [73.1748802, 19.2066681], [73.1748607, 19.2064418], [73.1747677, 19.2061508], [73.1746063, 19.2061047], [73.1744303, 19.2064834], [73.1744743, 19.206682], [73.1747335, 19.2067836]]}, "properties": {"osm_id": 1340025361, "name": "", "waterway": "ditch", "covered": "", "length_km": 0.19}}, {"type": "Feature", "geometry": {"type": "LineString", "coordinates": [[73.1086081, 19.2110284], [73.1081048, 19.2115394], [73.1081209, 19.2116736], [73.1082952, 19.2121802], [73.1084052, 19.2124601], [73.1085345, 19.2126036]]}, "properties": {"osm_id": 1340731694, "name": "", "waterway": "drain", "covered": "", "length_km": 0.21}}, {"type": "Feature", "geometry": {"type": "LineString", "coordinates": [[73.1089589, 19.2106998], [73.1086081, 19.2110284]]}, "properties": {"osm_id": 1340731695, "name": "", "waterway": "drain", "covered": "", "length_km": 0.05}}, {"type": "Feature", "geometry": {"type": "LineString", "coordinates": [[72.9951221, 19.1574823], [72.9946446, 19.1571301], [72.9942906, 19.1567399], [72.9937407, 19.1560508], [72.99362, 19.1559874], [72.9933713, 19.1559371]]}, "properties": {"osm_id": 1341757479, "name": "", "waterway": "drain", "covered": "", "length_km": 0.26}}, {"type": "Feature", "geometry": {"type": "LineString", "coordinates": [[72.9933713, 19.1559371], [72.9930345, 19.1558946]]}, "properties": {"osm_id": 1341757480, "name": "", "waterway": "drain", "covered": "", "length_km": 0.04}}, {"type": "Feature", "geometry": {"type": "LineString", "coordinates": [[72.9966839, 19.1785633], [72.9963231, 19.1784979], [72.9960571, 19.1785702], [72.9957655, 19.178491], [72.9955339, 19.1784406], [72.9950001, 19.178226], [72.9945984, 19.177823], [72.994194, 19.1776769]]}, "properties": {"osm_id": 1354457462, "name": "", "waterway": "drain", "covered": "", "length_km": 0.29}}, {"type": "Feature", "geometry": {"type": "LineString", "coordinates": [[72.994194, 19.1776769], [72.9937676, 19.1776035]]}, "properties": {"osm_id": 1354457463, "name": "", "waterway": "drain", "covered": "", "length_km": 0.05}}, {"type": "Feature", "geometry": {"type": "LineString", "coordinates": [[73.0828193, 18.9889185], [73.082872, 18.98854], [73.083142, 18.9881771], [73.0884117, 18.9888566], [73.0885972, 18.9890862], [73.0889417, 18.993354], [73.0896218, 18.9940232]]}, "properties": {"osm_id": 1382738371, "name": "", "waterway": "drain", "covered": "", "length_km": 1.26}}, {"type": "Feature", "geometry": {"type": "LineString", "coordinates": [[73.0827391, 18.9881339], [73.0829258, 18.9881553], [73.083142, 18.9881771]]}, "properties": {"osm_id": 1382738381, "name": "", "waterway": "drain", "covered": "", "length_km": 0.04}}, {"type": "Feature", "geometry": {"type": "LineString", "coordinates": [[73.0776195, 18.987482], [73.0812502, 18.9879451]]}, "properties": {"osm_id": 1382738389, "name": "", "waterway": "drain", "covered": "", "length_km": 0.39}}, {"type": "Feature", "geometry": {"type": "LineString", "coordinates": [[73.0812502, 18.9879451], [73.0827391, 18.9881339]]}, "properties": {"osm_id": 1382738390, "name": "", "waterway": "drain", "covered": "", "length_km": 0.16}}, {"type": "Feature", "geometry": {"type": "LineString", "coordinates": [[73.0700222, 18.9865175], [73.0768405, 18.9873804]]}, "properties": {"osm_id": 1382738394, "name": "", "waterway": "drain", "covered": "", "length_km": 0.72}}, {"type": "Feature", "geometry": {"type": "LineString", "coordinates": [[73.0768405, 18.9873804], [73.0776195, 18.987482]]}, "properties": {"osm_id": 1382738395, "name": "", "waterway": "drain", "covered": "", "length_km": 0.08}}, {"type": "Feature", "geometry": {"type": "LineString", "coordinates": [[73.082839, 18.9890131], [73.0828285, 18.9889892], [73.0828146, 18.9889573], [73.0828193, 18.9889185]]}, "properties": {"osm_id": 1382738397, "name": "", "waterway": "drain", "covered": "", "length_km": 0.01}}, {"type": "Feature", "geometry": {"type": "LineString", "coordinates": [[73.0775646, 18.9883268], [73.0781402, 18.9883992], [73.0810195, 18.9887616]]}, "properties": {"osm_id": 1382738400, "name": "", "waterway": "drain", "covered": "", "length_km": 0.37}}, {"type": "Feature", "geometry": {"type": "LineString", "coordinates": [[73.0810195, 18.9887616], [73.0828285, 18.9889892]]}, "properties": {"osm_id": 1382738401, "name": "", "waterway": "drain", "covered": "", "length_km": 0.19}}, {"type": "Feature", "geometry": {"type": "LineString", "coordinates": [[73.0781163, 18.9885347], [73.0781402, 18.9883992]]}, "properties": {"osm_id": 1382738403, "name": "", "waterway": "drain", "covered": "", "length_km": 0.02}}, {"type": "Feature", "geometry": {"type": "LineString", "coordinates": [[73.0736629, 18.9878235], [73.0766836, 18.9882128]]}, "properties": {"osm_id": 1382738406, "name": "", "waterway": "drain", "covered": "", "length_km": 0.32}}, {"type": "Feature", "geometry": {"type": "LineString", "coordinates": [[73.0708537, 18.9874699], [73.071836, 18.9875936]]}, "properties": {"osm_id": 1382738407, "name": "", "waterway": "drain", "covered": "", "length_km": 0.1}}, {"type": "Feature", "geometry": {"type": "LineString", "coordinates": [[73.0766836, 18.9882128], [73.0775646, 18.9883268]]}, "properties": {"osm_id": 1382738410, "name": "", "waterway": "drain", "covered": "", "length_km": 0.09}}, {"type": "Feature", "geometry": {"type": "LineString", "coordinates": [[73.0718167, 18.9877255], [73.071836, 18.9875936], [73.0727851, 18.9877128]]}, "properties": {"osm_id": 1382738412, "name": "", "waterway": "drain", "covered": "", "length_km": 0.12}}, {"type": "Feature", "geometry": {"type": "LineString", "coordinates": [[73.0727851, 18.9877128], [73.0736629, 18.9878235]]}, "properties": {"osm_id": 1382738414, "name": "", "waterway": "drain", "covered": "", "length_km": 0.09}}, {"type": "Feature", "geometry": {"type": "LineString", "coordinates": [[72.9417033, 19.1902926], [72.9418879, 19.1906406], [72.9420458, 19.190817], [72.9421294, 19.1909784], [72.9422154, 19.1914009], [72.9423102, 19.1915319], [72.942357, 19.1922854], [72.9424189, 19.1925431]]}, "properties": {"osm_id": 1388140905, "name": "", "waterway": "drain", "covered": "", "length_km": 0.27}}, {"type": "Feature", "geometry": {"type": "LineString", "coordinates": [[72.9314069, 19.1713669], [72.931323, 19.1713259], [72.9312877, 19.1712848], [72.9312852, 19.1711356], [72.931236, 19.1709739], [72.9312528, 19.1708573], [72.9313884, 19.1704123]]}, "properties": {"osm_id": 1388980970, "name": "", "waterway": "drain", "covered": "", "length_km": 0.12}}, {"type": "Feature", "geometry": {"type": "LineString", "coordinates": [[72.9290113, 19.1666636], [72.9295546, 19.1665922], [72.929717, 19.1666722]]}, "properties": {"osm_id": 1389689927, "name": "", "waterway": "drain", "covered": "", "length_km": 0.08}}, {"type": "Feature", "geometry": {"type": "LineString", "coordinates": [[72.9308263, 19.1693526], [72.9309061, 19.1693307], [72.9312125, 19.1692444]]}, "properties": {"osm_id": 1389830943, "name": "", "waterway": "drain", "covered": "yes", "length_km": 0.04}}, {"type": "Feature", "geometry": {"type": "LineString", "coordinates": [[72.9307091, 19.1694219], [72.9307492, 19.1693807], [72.9308263, 19.1693526]]}, "properties": {"osm_id": 1389830945, "name": "", "waterway": "drain", "covered": "", "length_km": 0.01}}, {"type": "Feature", "geometry": {"type": "LineString", "coordinates": [[72.8542457, 19.2211718], [72.8541172, 19.2207119], [72.8541656, 19.2203541], [72.8540586, 19.2199876]]}, "properties": {"osm_id": 1389891187, "name": "", "waterway": "drain", "covered": "", "length_km": 0.14}}, {"type": "Feature", "geometry": {"type": "LineString", "coordinates": [[72.8473061, 19.2159086], [72.847238, 19.2159878]]}, "properties": {"osm_id": 1389891188, "name": "", "waterway": "drain", "covered": "", "length_km": 0.01}}, {"type": "Feature", "geometry": {"type": "LineString", "coordinates": [[72.8479603, 19.2159666], [72.847926, 19.215979], [72.8475946, 19.2159842], [72.847375, 19.2158286], [72.8473061, 19.2159086]]}, "properties": {"osm_id": 1389891189, "name": "", "waterway": "drain", "covered": "", "length_km": 0.08}}, {"type": "Feature", "geometry": {"type": "LineString", "coordinates": [[72.8480727, 19.2159262], [72.8479603, 19.2159666]]}, "properties": {"osm_id": 1389891190, "name": "", "waterway": "drain", "covered": "", "length_km": 0.01}}, {"type": "Feature", "geometry": {"type": "LineString", "coordinates": [[72.8496927, 19.2172617], [72.8497035, 19.2171112], [72.849817, 19.2167102], [72.8497035, 19.2164474], [72.8495131, 19.2163748], [72.849623, 19.2161207], [72.849407, 19.215718], [72.8490427, 19.2157888], [72.8488614, 19.2156661], [72.8484953, 19.2157041], [72.848272, 19.2158545], [72.8480727, 19.2159262]]}, "properties": {"osm_id": 1389891191, "name": "", "waterway": "drain", "covered": "", "length_km": 0.35}}, {"type": "Feature", "geometry": {"type": "LineString", "coordinates": [[72.851873, 19.2192651], [72.8513602, 19.2192288], [72.8509154, 19.219151], [72.8504303, 19.2187482], [72.8500165, 19.2185131], [72.8498225, 19.218323], [72.8496523, 19.2178217], [72.8496927, 19.2172617]]}, "properties": {"osm_id": 1389891192, "name": "", "waterway": "drain", "covered": "", "length_km": 0.37}}, {"type": "Feature", "geometry": {"type": "LineString", "coordinates": [[72.8523652, 19.2194034], [72.851873, 19.2192651]]}, "properties": {"osm_id": 1389891193, "name": "", "waterway": "drain", "covered": "", "length_km": 0.05}}, {"type": "Feature", "geometry": {"type": "LineString", "coordinates": [[72.8528899, 19.2195765], [72.8528449, 19.219552], [72.8523652, 19.2194034]]}, "properties": {"osm_id": 1389891194, "name": "", "waterway": "drain", "covered": "", "length_km": 0.06}}, {"type": "Feature", "geometry": {"type": "LineString", "coordinates": [[72.8531352, 19.2197094], [72.8528899, 19.2195765]]}, "properties": {"osm_id": 1389891195, "name": "", "waterway": "drain", "covered": "", "length_km": 0.03}}, {"type": "Feature", "geometry": {"type": "LineString", "coordinates": [[72.8539285, 19.2199674], [72.853859, 19.2199565], [72.8534911, 19.2199341], [72.853352, 19.2198269], [72.8531352, 19.2197094]]}, "properties": {"osm_id": 1389891196, "name": "", "waterway": "drain", "covered": "", "length_km": 0.09}}, {"type": "Feature", "geometry": {"type": "LineString", "coordinates": [[72.8540586, 19.2199876], [72.8539285, 19.2199674]]}, "properties": {"osm_id": 1389891197, "name": "", "waterway": "drain", "covered": "", "length_km": 0.01}}, {"type": "Feature", "geometry": {"type": "LineString", "coordinates": [[72.8570086, 19.2219129], [72.8567636, 19.2218409], [72.8561368, 19.2215889], [72.855588, 19.2212321], [72.855558, 19.2212327]]}, "properties": {"osm_id": 1389891198, "name": "", "waterway": "drain", "covered": "", "length_km": 0.17}}, {"type": "Feature", "geometry": {"type": "LineString", "coordinates": [[72.9356624, 19.164619], [72.9359879, 19.1646544], [72.9370259, 19.1640486], [72.9371146, 19.1638372]]}, "properties": {"osm_id": 1390431551, "name": "", "waterway": "drain", "covered": "", "length_km": 0.19}}, {"type": "Feature", "geometry": {"type": "LineString", "coordinates": [[72.9353424, 19.1640756], [72.9355171, 19.164555], [72.9356624, 19.164619]]}, "properties": {"osm_id": 1390431552, "name": "", "waterway": "drain", "covered": "", "length_km": 0.07}}, {"type": "Feature", "geometry": {"type": "LineString", "coordinates": [[72.8553886, 19.2127664], [72.8553838, 19.2127644]]}, "properties": {"osm_id": 1390499874, "name": "", "waterway": "drain", "covered": "", "length_km": 0.0}}, {"type": "Feature", "geometry": {"type": "LineString", "coordinates": [[72.8554807, 19.2128039], [72.8553886, 19.2127664]]}, "properties": {"osm_id": 1390499875, "name": "", "waterway": "drain", "covered": "", "length_km": 0.01}}, {"type": "Feature", "geometry": {"type": "LineString", "coordinates": [[72.855629, 19.2129897], [72.8555344, 19.2128257], [72.8554807, 19.2128039]]}, "properties": {"osm_id": 1390499876, "name": "", "waterway": "drain", "covered": "", "length_km": 0.03}}, {"type": "Feature", "geometry": {"type": "LineString", "coordinates": [[72.8556793, 19.2130766], [72.855629, 19.2129897]]}, "properties": {"osm_id": 1390499877, "name": "", "waterway": "drain", "covered": "", "length_km": 0.01}}, {"type": "Feature", "geometry": {"type": "LineString", "coordinates": [[73.0738664, 19.0694696], [73.074038, 19.0701845], [73.0755347, 19.0740376], [73.0755592, 19.0741213]]}, "properties": {"osm_id": 1390763357, "name": "", "waterway": "drain", "covered": "", "length_km": 0.55}}, {"type": "Feature", "geometry": {"type": "LineString", "coordinates": [[72.8550181, 19.2212434], [72.8549739, 19.2212443], [72.8542457, 19.2211718]]}, "properties": {"osm_id": 1392153255, "name": "", "waterway": "drain", "covered": "", "length_km": 0.08}}, {"type": "Feature", "geometry": {"type": "LineString", "coordinates": [[72.855085, 19.2212421], [72.8550181, 19.2212434]]}, "properties": {"osm_id": 1392153256, "name": "", "waterway": "drain", "covered": "", "length_km": 0.01}}, {"type": "Feature", "geometry": {"type": "LineString", "coordinates": [[72.8551759, 19.2212403], [72.855085, 19.2212421]]}, "properties": {"osm_id": 1392153257, "name": "", "waterway": "drain", "covered": "", "length_km": 0.01}}, {"type": "Feature", "geometry": {"type": "LineString", "coordinates": [[72.8552613, 19.2212386], [72.8551759, 19.2212403]]}, "properties": {"osm_id": 1392153258, "name": "", "waterway": "drain", "covered": "", "length_km": 0.01}}, {"type": "Feature", "geometry": {"type": "LineString", "coordinates": [[72.8552802, 19.2212382], [72.8552613, 19.2212386]]}, "properties": {"osm_id": 1392153259, "name": "", "waterway": "drain", "covered": "", "length_km": 0.0}}, {"type": "Feature", "geometry": {"type": "LineString", "coordinates": [[72.8553663, 19.2212365], [72.8552802, 19.2212382]]}, "properties": {"osm_id": 1392153260, "name": "", "waterway": "drain", "covered": "", "length_km": 0.01}}, {"type": "Feature", "geometry": {"type": "LineString", "coordinates": [[72.8554011, 19.2212358], [72.8553663, 19.2212365]]}, "properties": {"osm_id": 1392153261, "name": "", "waterway": "drain", "covered": "", "length_km": 0.0}}, {"type": "Feature", "geometry": {"type": "LineString", "coordinates": [[72.8554872, 19.2212341], [72.8554011, 19.2212358]]}, "properties": {"osm_id": 1392153262, "name": "", "waterway": "drain", "covered": "", "length_km": 0.01}}, {"type": "Feature", "geometry": {"type": "LineString", "coordinates": [[72.855558, 19.2212327], [72.8554872, 19.2212341]]}, "properties": {"osm_id": 1392153263, "name": "", "waterway": "drain", "covered": "", "length_km": 0.01}}, {"type": "Feature", "geometry": {"type": "LineString", "coordinates": [[72.9431643, 19.1962147], [72.9446614, 19.196064]]}, "properties": {"osm_id": 1392347228, "name": "", "waterway": "drain", "covered": "", "length_km": 0.16}}, {"type": "Feature", "geometry": {"type": "LineString", "coordinates": [[73.0628854, 19.0382428], [73.0632502, 19.0381084], [73.0634592, 19.0380669]]}, "properties": {"osm_id": 1392812384, "name": "", "waterway": "drain", "covered": "", "length_km": 0.06}}, {"type": "Feature", "geometry": {"type": "LineString", "coordinates": [[73.0652833, 19.0372996], [73.0653518, 19.037256]]}, "properties": {"osm_id": 1392812385, "name": "", "waterway": "drain", "covered": "", "length_km": 0.01}}, {"type": "Feature", "geometry": {"type": "LineString", "coordinates": [[73.0653518, 19.037256], [73.0655721, 19.0371159]]}, "properties": {"osm_id": 1392812386, "name": "", "waterway": "drain", "covered": "", "length_km": 0.03}}, {"type": "Feature", "geometry": {"type": "LineString", "coordinates": [[73.0634592, 19.0380669], [73.0647603, 19.0378245], [73.0649614, 19.0377408], [73.0650473, 19.0376901], [73.0652833, 19.0372996]]}, "properties": {"osm_id": 1392812387, "name": "", "waterway": "drain", "covered": "", "length_km": 0.22}}, {"type": "Feature", "geometry": {"type": "LineString", "coordinates": [[73.0719432, 19.0367393], [73.0700316, 19.0354379]]}, "properties": {"osm_id": 1392827609, "name": "", "waterway": "drain", "covered": "", "length_km": 0.25}}, {"type": "Feature", "geometry": {"type": "LineString", "coordinates": [[73.0907666, 18.9873817], [73.0901224, 18.9864574], [73.0896771, 18.9861938], [73.0891309, 18.9861307], [73.0890075, 18.9862122], [73.0889918, 18.9862486]]}, "properties": {"osm_id": 1413809338, "name": "", "waterway": "drain", "covered": "", "length_km": 0.26}}, {"type": "Feature", "geometry": {"type": "LineString", "coordinates": [[73.0889918, 18.9862486], [73.0888541, 18.9872896], [73.0888371, 18.9874065], [73.0886182, 18.9889452], [73.0885972, 18.9890862]]}, "properties": {"osm_id": 1413809339, "name": "", "waterway": "drain", "covered": "", "length_km": 0.32}}, {"type": "Feature", "geometry": {"type": "LineString", "coordinates": [[73.0879219, 18.9859715], [73.0888864, 18.9860956], [73.0889802, 18.9862142], [73.0889918, 18.9862486]]}, "properties": {"osm_id": 1413809340, "name": "", "waterway": "drain", "covered": "", "length_km": 0.12}}, {"type": "Feature", "geometry": {"type": "LineString", "coordinates": [[73.0873432, 18.9858971], [73.0878471, 18.9859619]]}, "properties": {"osm_id": 1413809341, "name": "", "waterway": "drain", "covered": "", "length_km": 0.05}}, {"type": "Feature", "geometry": {"type": "LineString", "coordinates": [[73.0878471, 18.9859619], [73.0879219, 18.9859715]]}, "properties": {"osm_id": 1413809342, "name": "", "waterway": "drain", "covered": "", "length_km": 0.01}}, {"type": "Feature", "geometry": {"type": "LineString", "coordinates": [[73.0804864, 18.9850218], [73.0816372, 18.9851661], [73.0852891, 18.9856327], [73.0872011, 18.9858788], [73.087318, 18.9858939]]}, "properties": {"osm_id": 1413809343, "name": "", "waterway": "drain", "covered": "", "length_km": 0.72}}, {"type": "Feature", "geometry": {"type": "LineString", "coordinates": [[73.087318, 18.9858939], [73.0873432, 18.9858971]]}, "properties": {"osm_id": 1413809344, "name": "", "waterway": "drain", "covered": "", "length_km": 0.0}}, {"type": "Feature", "geometry": {"type": "LineString", "coordinates": [[73.0741978, 18.9842248], [73.0770062, 18.984581], [73.0798256, 18.9849389], [73.0804049, 18.9850116]]}, "properties": {"osm_id": 1413809349, "name": "", "waterway": "drain", "covered": "", "length_km": 0.66}}, {"type": "Feature", "geometry": {"type": "LineString", "coordinates": [[73.0804049, 18.9850116], [73.0804864, 18.9850218]]}, "properties": {"osm_id": 1413809350, "name": "", "waterway": "drain", "covered": "", "length_km": 0.01}}, {"type": "Feature", "geometry": {"type": "LineString", "coordinates": [[73.0699095, 18.9836803], [73.0730696, 18.9840817], [73.0741256, 18.9842156]]}, "properties": {"osm_id": 1413809351, "name": "", "waterway": "drain", "covered": "", "length_km": 0.45}}, {"type": "Feature", "geometry": {"type": "LineString", "coordinates": [[73.0741256, 18.9842156], [73.0741978, 18.9842248]]}, "properties": {"osm_id": 1413809352, "name": "", "waterway": "drain", "covered": "", "length_km": 0.01}}, {"type": "Feature", "geometry": {"type": "LineString", "coordinates": [[73.066376, 18.9832294], [73.0692406, 18.9835954], [73.0698358, 18.983671]]}, "properties": {"osm_id": 1413809353, "name": "", "waterway": "drain", "covered": "", "length_km": 0.37}}, {"type": "Feature", "geometry": {"type": "LineString", "coordinates": [[73.0698358, 18.983671], [73.0699095, 18.9836803]]}, "properties": {"osm_id": 1413809354, "name": "", "waterway": "drain", "covered": "", "length_km": 0.01}}, {"type": "Feature", "geometry": {"type": "LineString", "coordinates": [[73.0591709, 18.9823098], [73.0624289, 18.9827263], [73.0653552, 18.9830989], [73.0663032, 18.9832201]]}, "properties": {"osm_id": 1413809355, "name": "", "waterway": "drain", "covered": "", "length_km": 0.76}}, {"type": "Feature", "geometry": {"type": "LineString", "coordinates": [[73.0663032, 18.9832201], [73.066376, 18.9832294]]}, "properties": {"osm_id": 1413809356, "name": "", "waterway": "drain", "covered": "", "length_km": 0.01}}, {"type": "Feature", "geometry": {"type": "LineString", "coordinates": [[73.053745, 18.9816086], [73.0549536, 18.9817686], [73.0584515, 18.9822179], [73.0590923, 18.9822998]]}, "properties": {"osm_id": 1413809357, "name": "", "waterway": "drain", "covered": "", "length_km": 0.57}}, {"type": "Feature", "geometry": {"type": "LineString", "coordinates": [[73.0590923, 18.9822998], [73.0591709, 18.9823098]]}, "properties": {"osm_id": 1413809358, "name": "", "waterway": "drain", "covered": "", "length_km": 0.01}}, {"type": "Feature", "geometry": {"type": "LineString", "coordinates": [[73.040485, 18.9826784], [73.0405714, 18.9827667], [73.0430584, 18.983082]]}, "properties": {"osm_id": 1413995779, "name": "", "waterway": "drain", "covered": "", "length_km": 0.28}}, {"type": "Feature", "geometry": {"type": "LineString", "coordinates": [[73.0402858, 18.9802645], [73.041005, 18.9799951], [73.0445396, 18.9804389], [73.0445664, 18.9804706], [73.0445651, 18.9805441]]}, "properties": {"osm_id": 1413995780, "name": "", "waterway": "drain", "covered": "", "length_km": 0.47}}, {"type": "Feature", "geometry": {"type": "LineString", "coordinates": [[73.0444099, 18.9817203], [73.0442677, 18.9828093]]}, "properties": {"osm_id": 1413995781, "name": "", "waterway": "drain", "covered": "", "length_km": 0.12}}, {"type": "Feature", "geometry": {"type": "LineString", "coordinates": [[73.0445651, 18.9805441], [73.044559, 18.9805553], [73.0444334, 18.98154]]}, "properties": {"osm_id": 1413995782, "name": "", "waterway": "drain", "covered": "", "length_km": 0.11}}, {"type": "Feature", "geometry": {"type": "LineString", "coordinates": [[73.0444334, 18.98154], [73.0444221, 18.9816262]]}, "properties": {"osm_id": 1413995783, "name": "", "waterway": "drain", "covered": "", "length_km": 0.01}}, {"type": "Feature", "geometry": {"type": "LineString", "coordinates": [[73.0444221, 18.9816262], [73.0444198, 18.9816439]]}, "properties": {"osm_id": 1413995784, "name": "", "waterway": "drain", "covered": "", "length_km": 0.0}}, {"type": "Feature", "geometry": {"type": "LineString", "coordinates": [[73.0444198, 18.9816439], [73.0444099, 18.9817203]]}, "properties": {"osm_id": 1413995785, "name": "", "waterway": "drain", "covered": "", "length_km": 0.01}}, {"type": "Feature", "geometry": {"type": "LineString", "coordinates": [[73.0533097, 18.9815513], [73.0512071, 18.9812853]]}, "properties": {"osm_id": 1413995786, "name": "", "waterway": "drain", "covered": "", "length_km": 0.22}}, {"type": "Feature", "geometry": {"type": "LineString", "coordinates": [[73.0511212, 18.9812749], [73.0503438, 18.9811799], [73.0476133, 18.9808349], [73.045102, 18.9805137]]}, "properties": {"osm_id": 1413995787, "name": "", "waterway": "drain", "covered": "", "length_km": 0.64}}, {"type": "Feature", "geometry": {"type": "LineString", "coordinates": [[73.0512071, 18.9812853], [73.0511212, 18.9812749]]}, "properties": {"osm_id": 1413995788, "name": "", "waterway": "drain", "covered": "", "length_km": 0.01}}, {"type": "Feature", "geometry": {"type": "LineString", "coordinates": [[73.0450107, 18.9805021], [73.0446169, 18.9804563], [73.0445651, 18.9805441]]}, "properties": {"osm_id": 1413995789, "name": "", "waterway": "drain", "covered": "", "length_km": 0.05}}, {"type": "Feature", "geometry": {"type": "LineString", "coordinates": [[73.045102, 18.9805137], [73.0450107, 18.9805021]]}, "properties": {"osm_id": 1413995790, "name": "", "waterway": "drain", "covered": "", "length_km": 0.01}}, {"type": "Feature", "geometry": {"type": "LineString", "coordinates": [[72.8546114, 19.2950427], [72.8546768, 19.2942686], [72.8547267, 19.2937627]]}, "properties": {"osm_id": 1441626712, "name": "", "waterway": "drain", "covered": "", "length_km": 0.14}}, {"type": "Feature", "geometry": {"type": "LineString", "coordinates": [[72.8547267, 19.2937627], [72.8547538, 19.2932044]]}, "properties": {"osm_id": 1441626713, "name": "", "waterway": "drain", "covered": "", "length_km": 0.06}}, {"type": "Feature", "geometry": {"type": "LineString", "coordinates": [[72.8792101, 19.0997991], [72.8789979, 19.0998764]]}, "properties": {"osm_id": 1456263512, "name": "", "waterway": "drain", "covered": "", "length_km": 0.02}}, {"type": "Feature", "geometry": {"type": "LineString", "coordinates": [[72.8789979, 19.0998764], [72.8789002, 19.099912]]}, "properties": {"osm_id": 1456263513, "name": "", "waterway": "drain", "covered": "", "length_km": 0.01}}, {"type": "Feature", "geometry": {"type": "LineString", "coordinates": [[72.8133115, 19.1305076], [72.8131845, 19.1304004], [72.8131627, 19.1303741], [72.8131384, 19.1303608], [72.8131078, 19.1303538], [72.8130535, 19.1303545], [72.8130247, 19.1303481], [72.8129945, 19.1303283], [72.8129767, 19.1303088], [72.8129536, 19.1302531]]}, "properties": {"osm_id": 1458655657, "name": "", "waterway": "drain", "covered": "", "length_km": 0.05}}, {"type": "Feature", "geometry": {"type": "LineString", "coordinates": [[72.9314909, 19.1634277], [72.931527, 19.1634293], [72.9315189, 19.1635224], [72.9315933, 19.1635136]]}, "properties": {"osm_id": 1463031977, "name": "", "waterway": "drain", "covered": "", "length_km": 0.02}}, {"type": "Feature", "geometry": {"type": "LineString", "coordinates": [[72.990963, 19.1743306], [72.9906435, 19.1743379]]}, "properties": {"osm_id": 1464532715, "name": "", "waterway": "drain", "covered": "", "length_km": 0.03}}, {"type": "Feature", "geometry": {"type": "LineString", "coordinates": [[72.9906435, 19.1743379], [72.9905388, 19.1743403]]}, "properties": {"osm_id": 1464532716, "name": "", "waterway": "drain", "covered": "", "length_km": 0.01}}, {"type": "Feature", "geometry": {"type": "LineString", "coordinates": [[72.7994703, 19.4461311], [72.7991193, 19.4464915], [72.7987151, 19.4467185]]}, "properties": {"osm_id": 1474243787, "name": "", "waterway": "drain", "covered": "", "length_km": 0.1}}, {"type": "Feature", "geometry": {"type": "LineString", "coordinates": [[72.7995221, 19.446078], [72.7994703, 19.4461311]]}, "properties": {"osm_id": 1474243788, "name": "", "waterway": "drain", "covered": "", "length_km": 0.01}}, {"type": "Feature", "geometry": {"type": "LineString", "coordinates": [[72.8114507, 18.9929721], [72.8110992, 18.9929836]]}, "properties": {"osm_id": 1479089322, "name": "", "waterway": "drain", "covered": "", "length_km": 0.04}}, {"type": "Feature", "geometry": {"type": "LineString", "coordinates": [[72.9266073, 19.1358934], [72.9266151, 19.1358883], [72.9277202, 19.1348291], [72.9277849, 19.1347793]]}, "properties": {"osm_id": 1479592208, "name": "", "waterway": "drain", "covered": "", "length_km": 0.18}}, {"type": "Feature", "geometry": {"type": "LineString", "coordinates": [[72.9265205, 19.1359502], [72.9266073, 19.1358934]]}, "properties": {"osm_id": 1479592209, "name": "", "waterway": "drain", "covered": "", "length_km": 0.01}}, {"type": "Feature", "geometry": {"type": "LineString", "coordinates": [[72.9278686, 19.134715], [72.9283263, 19.1343629]]}, "properties": {"osm_id": 1479592210, "name": "", "waterway": "drain", "covered": "", "length_km": 0.06}}, {"type": "Feature", "geometry": {"type": "LineString", "coordinates": [[72.9277849, 19.1347793], [72.9278686, 19.134715]]}, "properties": {"osm_id": 1479592211, "name": "", "waterway": "drain", "covered": "", "length_km": 0.01}}, {"type": "Feature", "geometry": {"type": "LineString", "coordinates": [[72.8434311, 19.1327301], [72.8435138, 19.1326754]]}, "properties": {"osm_id": 1479804054, "name": "", "waterway": "drain", "covered": "", "length_km": 0.01}}, {"type": "Feature", "geometry": {"type": "LineString", "coordinates": [[72.9324552, 19.1602262], [72.9325233, 19.1602244]]}, "properties": {"osm_id": 1480109785, "name": "", "waterway": "drain", "covered": "", "length_km": 0.01}}, {"type": "Feature", "geometry": {"type": "LineString", "coordinates": [[72.932445, 19.1602265], [72.9324552, 19.1602262]]}, "properties": {"osm_id": 1480109786, "name": "", "waterway": "drain", "covered": "", "length_km": 0.0}}, {"type": "Feature", "geometry": {"type": "LineString", "coordinates": [[72.9325233, 19.1602244], [72.9326473, 19.160221]]}, "properties": {"osm_id": 1480109787, "name": "", "waterway": "drain", "covered": "", "length_km": 0.01}}, {"type": "Feature", "geometry": {"type": "LineString", "coordinates": [[72.9326473, 19.160221], [72.9327507, 19.1602318]]}, "properties": {"osm_id": 1480109788, "name": "", "waterway": "drain", "covered": "", "length_km": 0.01}}, {"type": "Feature", "geometry": {"type": "LineString", "coordinates": [[73.0829564, 19.2284908], [73.0830033, 19.2285655]]}, "properties": {"osm_id": 1481374158, "name": "", "waterway": "drain", "covered": "", "length_km": 0.01}}, {"type": "Feature", "geometry": {"type": "LineString", "coordinates": [[73.0829202, 19.2282351], [73.0829564, 19.2284908]]}, "properties": {"osm_id": 1481374159, "name": "", "waterway": "drain", "covered": "", "length_km": 0.03}}, {"type": "Feature", "geometry": {"type": "LineString", "coordinates": [[73.0834917, 19.2279498], [73.0828933, 19.2280447], [73.0829202, 19.2282351]]}, "properties": {"osm_id": 1481374160, "name": "", "waterway": "drain", "covered": "", "length_km": 0.09}}, {"type": "Feature", "geometry": {"type": "LineString", "coordinates": [[73.0835954, 19.2279333], [73.0834917, 19.2279498]]}, "properties": {"osm_id": 1481374161, "name": "", "waterway": "drain", "covered": "", "length_km": 0.01}}, {"type": "Feature", "geometry": {"type": "LineString", "coordinates": [[73.0836776, 19.2279203], [73.0835954, 19.2279333]]}, "properties": {"osm_id": 1481374162, "name": "", "waterway": "drain", "covered": "", "length_km": 0.01}}, {"type": "Feature", "geometry": {"type": "LineString", "coordinates": [[72.9391838, 19.1608462], [72.9391363, 19.1605885], [72.9391444, 19.1601376], [72.9389834, 19.1600109], [72.9389083, 19.1598994]]}, "properties": {"osm_id": 1482767555, "name": "", "waterway": "drain", "covered": "", "length_km": 0.12}}, {"type": "Feature", "geometry": {"type": "LineString", "coordinates": [[72.9391845, 19.1608632], [72.9391838, 19.1608462]]}, "properties": {"osm_id": 1482767556, "name": "", "waterway": "drain", "covered": "", "length_km": 0.0}}, {"type": "Feature", "geometry": {"type": "LineString", "coordinates": [[73.0756184, 19.0743234], [73.075701, 19.0746055], [73.0758546, 19.0752157]]}, "properties": {"osm_id": 1484584574, "name": "", "waterway": "drain", "covered": "", "length_km": 0.1}}, {"type": "Feature", "geometry": {"type": "LineString", "coordinates": [[73.0755592, 19.0741213], [73.0756184, 19.0743234]]}, "properties": {"osm_id": 1484584575, "name": "", "waterway": "drain", "covered": "", "length_km": 0.02}}, {"type": "Feature", "geometry": {"type": "LineString", "coordinates": [[72.8502306, 19.1131756], [72.8501138, 19.1131384], [72.8500092, 19.113146], [72.8499516, 19.1131148], [72.8498551, 19.1130337], [72.8497692, 19.1129728], [72.8496512, 19.1129019], [72.8494903, 19.1129627], [72.8493401, 19.1130033], [72.8492972, 19.1127498], [72.8492891, 19.1126704]]}, "properties": {"osm_id": 1487577968, "name": "Irla Nala", "waterway": "drain", "covered": "", "length_km": 0.14}}, {"type": "Feature", "geometry": {"type": "LineString", "coordinates": [[72.8452296, 19.1104993], [72.8451558, 19.1104892], [72.8450378, 19.1104587], [72.8449198, 19.1104587], [72.8448554, 19.1104892], [72.8447911, 19.1105398], [72.8446623, 19.11055], [72.8445765, 19.1105297], [72.8444229, 19.1104822]]}, "properties": {"osm_id": 1487577969, "name": "Irla Nala", "waterway": "drain", "covered": "", "length_km": 0.09}}, {"type": "Feature", "geometry": {"type": "LineString", "coordinates": [[72.8458908, 19.1104486], [72.8452296, 19.1104993]]}, "properties": {"osm_id": 1487577970, "name": "Irla Nala", "waterway": "drain", "covered": "", "length_km": 0.07}}, {"type": "Feature", "geometry": {"type": "LineString", "coordinates": [[72.847238, 19.2159878], [72.8472248, 19.2160032], [72.8467599, 19.2161588], [72.8463132, 19.2164371], [72.8461239, 19.2162774], [72.8456343, 19.2157556], [72.8451708, 19.2157191], [72.8440111, 19.2162008], [72.8436584, 19.2160863], [72.8426845, 19.2161691], [72.842612, 19.2161621]]}, "properties": {"osm_id": 1489357826, "name": "", "waterway": "drain", "covered": "", "length_km": 0.55}}, {"type": "Feature", "geometry": {"type": "LineString", "coordinates": [[72.842612, 19.2161621], [72.8424982, 19.2161512]]}, "properties": {"osm_id": 1489357827, "name": "", "waterway": "drain", "covered": "", "length_km": 0.01}}, {"type": "Feature", "geometry": {"type": "LineString", "coordinates": [[72.8424982, 19.2161512], [72.8423163, 19.2161338], [72.8412592, 19.2159795], [72.8411125, 19.2159174]]}, "properties": {"osm_id": 1489436314, "name": "", "waterway": "drain", "covered": "", "length_km": 0.15}}, {"type": "Feature", "geometry": {"type": "LineString", "coordinates": [[72.8411125, 19.2159174], [72.8410129, 19.215857]]}, "properties": {"osm_id": 1489436315, "name": "", "waterway": "drain", "covered": "", "length_km": 0.01}}, {"type": "Feature", "geometry": {"type": "LineString", "coordinates": [[72.9106796, 19.0565138], [72.9106547, 19.056951], [72.9106841, 19.0571125], [72.9107922, 19.0573958], [72.9110378, 19.057765], [72.9100208, 19.0583501], [72.9096302, 19.058587], [72.9096507, 19.0586343]]}, "properties": {"osm_id": 1490466400, "name": "", "waterway": "drain", "covered": "", "length_km": 0.33}}, {"type": "Feature", "geometry": {"type": "LineString", "coordinates": [[72.9096507, 19.0586343], [72.909733, 19.0588082]]}, "properties": {"osm_id": 1490466401, "name": "", "waterway": "drain", "covered": "", "length_km": 0.02}}, {"type": "Feature", "geometry": {"type": "LineString", "coordinates": [[72.909733, 19.0588082], [72.9097629, 19.0588934], [72.9099152, 19.0593973], [72.9099299, 19.0597874], [72.9098781, 19.0602637]]}, "properties": {"osm_id": 1490466402, "name": "", "waterway": "drain", "covered": "", "length_km": 0.16}}, {"type": "Feature", "geometry": {"type": "LineString", "coordinates": [[72.9098454, 19.0605582], [72.9098348, 19.0606754]]}, "properties": {"osm_id": 1490466403, "name": "", "waterway": "drain", "covered": "", "length_km": 0.01}}, {"type": "Feature", "geometry": {"type": "LineString", "coordinates": [[72.9098673, 19.0603623], [72.9098527, 19.0604966], [72.9098454, 19.0605582]]}, "properties": {"osm_id": 1490466404, "name": "", "waterway": "drain", "covered": "", "length_km": 0.02}}, {"type": "Feature", "geometry": {"type": "LineString", "coordinates": [[72.9098781, 19.0602637], [72.9098673, 19.0603623]]}, "properties": {"osm_id": 1490466405, "name": "", "waterway": "drain", "covered": "", "length_km": 0.01}}, {"type": "Feature", "geometry": {"type": "LineString", "coordinates": [[72.8470609, 19.1902675], [72.8468129, 19.1902791]]}, "properties": {"osm_id": 1494293365, "name": "", "waterway": "drain", "covered": "", "length_km": 0.03}}, {"type": "Feature", "geometry": {"type": "LineString", "coordinates": [[72.8467363, 19.1902827], [72.8465724, 19.1902903]]}, "properties": {"osm_id": 1494293366, "name": "", "waterway": "drain", "covered": "", "length_km": 0.02}}, {"type": "Feature", "geometry": {"type": "LineString", "coordinates": [[72.8468129, 19.1902791], [72.8467363, 19.1902827]]}, "properties": {"osm_id": 1494293367, "name": "", "waterway": "drain", "covered": "", "length_km": 0.01}}, {"type": "Feature", "geometry": {"type": "LineString", "coordinates": [[72.9141515, 19.0477545], [72.9140688, 19.0474481]]}, "properties": {"osm_id": 1494513118, "name": "", "waterway": "drain", "covered": "", "length_km": 0.04}}, {"type": "Feature", "geometry": {"type": "LineString", "coordinates": [[72.9140688, 19.0474481], [72.9140428, 19.0473518]]}, "properties": {"osm_id": 1494513119, "name": "", "waterway": "drain", "covered": "", "length_km": 0.01}}, {"type": "Feature", "geometry": {"type": "LineString", "coordinates": [[73.0828079, 19.2321544], [73.0828115, 19.2322845], [73.0828079, 19.2323331]]}, "properties": {"osm_id": 1494615359, "name": "", "waterway": "drain", "covered": "", "length_km": 0.02}}, {"type": "Feature", "geometry": {"type": "LineString", "coordinates": [[73.0828051, 19.2320545], [73.0828079, 19.2321544]]}, "properties": {"osm_id": 1494615360, "name": "", "waterway": "drain", "covered": "", "length_km": 0.01}}, {"type": "Feature", "geometry": {"type": "LineString", "coordinates": [[73.0828005, 19.2324342], [73.0826732, 19.2341528], [73.0824573, 19.2346227]]}, "properties": {"osm_id": 1496966311, "name": "", "waterway": "drain", "covered": "", "length_km": 0.25}}, {"type": "Feature", "geometry": {"type": "LineString", "coordinates": [[73.0824573, 19.2346227], [73.0824139, 19.2347171]]}, "properties": {"osm_id": 1496966312, "name": "", "waterway": "drain", "covered": "", "length_km": 0.01}}, {"type": "Feature", "geometry": {"type": "LineString", "coordinates": [[73.0824139, 19.2347171], [73.082241, 19.2350935]]}, "properties": {"osm_id": 1496975110, "name": "", "waterway": "drain", "covered": "", "length_km": 0.05}}, {"type": "Feature", "geometry": {"type": "LineString", "coordinates": [[73.082241, 19.2350935], [73.0821991, 19.2351845]]}, "properties": {"osm_id": 1496975111, "name": "", "waterway": "drain", "covered": "", "length_km": 0.01}}, {"type": "Feature", "geometry": {"type": "LineString", "coordinates": [[72.8895405, 19.1044681], [72.8894114, 19.1045116], [72.8893104, 19.1045132], [72.8890123, 19.1043349], [72.8889366, 19.1042522], [72.8888052, 19.1037732], [72.8887479, 19.1035377], [72.8886267, 19.1033627], [72.8892929, 19.1028153], [72.8893763, 19.1026911], [72.8900544, 19.1021344], [72.8900503, 19.1021279]]}, "properties": {"osm_id": 1497268707, "name": "", "waterway": "drain", "covered": "", "length_km": 0.38}}, {"type": "Feature", "geometry": {"type": "LineString", "coordinates": [[72.8895815, 19.1044543], [72.8895405, 19.1044681]]}, "properties": {"osm_id": 1497268708, "name": "", "waterway": "drain", "covered": "", "length_km": 0.0}}, {"type": "Feature", "geometry": {"type": "LineString", "coordinates": [[72.8896187, 19.1044525], [72.8895815, 19.1044543]]}, "properties": {"osm_id": 1497268709, "name": "", "waterway": "drain", "covered": "", "length_km": 0.0}}, {"type": "Feature", "geometry": {"type": "LineString", "coordinates": [[72.8897572, 19.1044459], [72.8896187, 19.1044525]]}, "properties": {"osm_id": 1497268710, "name": "", "waterway": "drain", "covered": "", "length_km": 0.01}}, {"type": "Feature", "geometry": {"type": "LineString", "coordinates": [[72.8647993, 19.1896217], [72.8646505, 19.1897037]]}, "properties": {"osm_id": 1499244666, "name": "", "waterway": "drain", "covered": "", "length_km": 0.02}}, {"type": "Feature", "geometry": {"type": "LineString", "coordinates": [[72.8646505, 19.1897037], [72.8645889, 19.1897659]]}, "properties": {"osm_id": 1499244667, "name": "", "waterway": "drain", "covered": "", "length_km": 0.01}}, {"type": "Feature", "geometry": {"type": "LineString", "coordinates": [[72.9441789, 19.0438994], [72.9441762, 19.0437752], [72.9441762, 19.0436662], [72.9446268, 19.0434152], [72.94471, 19.0434583], [72.9447904, 19.0434811], [72.945115, 19.0433949], [72.9451874, 19.0433391], [72.9452813, 19.0431109], [72.9453564, 19.0430628], [72.9460162, 19.0430298], [72.9461181, 19.0429994], [72.9462898, 19.0431464], [72.9463488, 19.0431464], [72.947816, 19.042079], [72.9479071, 19.0420714], [72.9480439, 19.0421399], [72.9483497, 19.0425202], [72.9486448, 19.0427458]]}, "properties": {"osm_id": 1500301856, "name": "", "waterway": "drain", "covered": "", "length_km": 0.61}}, {"type": "Feature", "geometry": {"type": "LineString", "coordinates": [[72.8803111, 19.0657868], [72.8783591, 19.0642944]]}, "properties": {"osm_id": 1502558248, "name": "", "waterway": "drain", "covered": "", "length_km": 0.26}}, {"type": "Feature", "geometry": {"type": "LineString", "coordinates": [[72.8660158, 19.1885926], [72.8658381, 19.1886762], [72.8656689, 19.1888981], [72.8656125, 19.1892532], [72.8654621, 19.1899857], [72.8653211, 19.19007], [72.8650908, 19.1900301], [72.8650297, 19.1898348], [72.8649169, 19.1896084], [72.8647993, 19.1896217]]}, "properties": {"osm_id": 1503307911, "name": "", "waterway": "drain", "covered": "", "length_km": 0.28}}, {"type": "Feature", "geometry": {"type": "LineString", "coordinates": [[72.8660906, 19.1885454], [72.8660158, 19.1885926]]}, "properties": {"osm_id": 1503307912, "name": "", "waterway": "drain", "covered": "", "length_km": 0.01}}, {"type": "Feature", "geometry": {"type": "LineString", "coordinates": [[72.8626186, 19.1895288], [72.8624417, 19.1895278]]}, "properties": {"osm_id": 1503563078, "name": "", "waterway": "drain", "covered": "", "length_km": 0.02}}, {"type": "Feature", "geometry": {"type": "LineString", "coordinates": [[72.8626959, 19.1895303], [72.8626186, 19.1895288]]}, "properties": {"osm_id": 1503563079, "name": "", "waterway": "drain", "covered": "", "length_km": 0.01}}, {"type": "Feature", "geometry": {"type": "LineString", "coordinates": [[72.8595541, 19.1886675], [72.8593807, 19.1887399], [72.8590317, 19.1890318]]}, "properties": {"osm_id": 1503585479, "name": "", "waterway": "drain", "covered": "", "length_km": 0.07}}, {"type": "Feature", "geometry": {"type": "LineString", "coordinates": [[72.8596509, 19.1886271], [72.8595541, 19.1886675]]}, "properties": {"osm_id": 1503585480, "name": "", "waterway": "drain", "covered": "", "length_km": 0.01}}, {"type": "Feature", "geometry": {"type": "LineString", "coordinates": [[72.8665149, 19.2005207], [72.8665257, 19.200787], [72.8665447, 19.2010778]]}, "properties": {"osm_id": 1503829999, "name": "Boisar Drain", "waterway": "drain", "covered": "", "length_km": 0.06}}, {"type": "Feature", "geometry": {"type": "LineString", "coordinates": [[72.8665109, 19.2004214], [72.8665149, 19.2005207]]}, "properties": {"osm_id": 1503830000, "name": "Boisar Drain", "waterway": "drain", "covered": "", "length_km": 0.01}}, {"type": "Feature", "geometry": {"type": "LineString", "coordinates": [[73.1057799, 19.2187793], [73.1057528, 19.2188515]]}, "properties": {"osm_id": 1504050703, "name": "", "waterway": "drain", "covered": "", "length_km": 0.01}}, {"type": "Feature", "geometry": {"type": "LineString", "coordinates": [[72.8590317, 19.1890318], [72.8587259, 19.1892923], [72.8586637, 19.1893045]]}, "properties": {"osm_id": 1504294832, "name": "", "waterway": "drain", "covered": "", "length_km": 0.05}}, {"type": "Feature", "geometry": {"type": "LineString", "coordinates": [[72.8586637, 19.1893045], [72.8585503, 19.1893266]]}, "properties": {"osm_id": 1504294833, "name": "", "waterway": "drain", "covered": "", "length_km": 0.01}}, {"type": "Feature", "geometry": {"type": "LineString", "coordinates": [[72.8656988, 19.1866673], [72.8657018, 19.1867584], [72.8657864, 19.1870115], [72.8659462, 19.1876152], [72.8660825, 19.1881879], [72.8661295, 19.1885208], [72.8660906, 19.1885454]]}, "properties": {"osm_id": 1504313390, "name": "", "waterway": "drain", "covered": "", "length_km": 0.22}}, {"type": "Feature", "geometry": {"type": "LineString", "coordinates": [[72.8656953, 19.186559], [72.8656988, 19.1866673]]}, "properties": {"osm_id": 1504313391, "name": "", "waterway": "drain", "covered": "", "length_km": 0.01}}, {"type": "Feature", "geometry": {"type": "LineString", "coordinates": [[72.9693702, 19.2683149], [72.9695097, 19.2684474]]}, "properties": {"osm_id": 1504445187, "name": "", "waterway": "drain", "covered": "", "length_km": 0.02}}, {"type": "Feature", "geometry": {"type": "LineString", "coordinates": [[72.9695097, 19.2684474], [72.9695472, 19.2685057]]}, "properties": {"osm_id": 1504445188, "name": "", "waterway": "drain", "covered": "", "length_km": 0.01}}, {"type": "Feature", "geometry": {"type": "LineString", "coordinates": [[72.9685385, 19.2671758], [72.9690217, 19.2672973], [72.9690966, 19.2673207], [72.9691315, 19.2673562], [72.9691556, 19.267427], [72.9692272, 19.2678002]]}, "properties": {"osm_id": 1504446538, "name": "", "waterway": "drain", "covered": "", "length_km": 0.12}}, {"type": "Feature", "geometry": {"type": "LineString", "coordinates": [[72.9684361, 19.2671481], [72.9685385, 19.2671758]]}, "properties": {"osm_id": 1504446539, "name": "", "waterway": "drain", "covered": "", "length_km": 0.01}}, {"type": "Feature", "geometry": {"type": "LineString", "coordinates": [[73.1195484, 19.231693], [73.1193191, 19.2316767], [73.1185466, 19.231854], [73.1173986, 19.2318186], [73.1173222, 19.2318553]]}, "properties": {"osm_id": 1504765148, "name": "", "waterway": "drain", "covered": "", "length_km": 0.24}}, {"type": "Feature", "geometry": {"type": "LineString", "coordinates": [[73.1196243, 19.2316984], [73.1195484, 19.231693]]}, "properties": {"osm_id": 1504765149, "name": "", "waterway": "drain", "covered": "", "length_km": 0.01}}, {"type": "Feature", "geometry": {"type": "LineString", "coordinates": [[73.1196611, 19.231701], [73.1196243, 19.2316984]]}, "properties": {"osm_id": 1504765150, "name": "", "waterway": "drain", "covered": "", "length_km": 0.0}}, {"type": "Feature", "geometry": {"type": "LineString", "coordinates": [[73.1197376, 19.2317064], [73.1196611, 19.231701]]}, "properties": {"osm_id": 1504765151, "name": "", "waterway": "drain", "covered": "", "length_km": 0.01}}, {"type": "Feature", "geometry": {"type": "LineString", "coordinates": [[72.969246, 19.2678979], [72.9692844, 19.268098], [72.9693044, 19.2681477], [72.9693311, 19.2682314]]}, "properties": {"osm_id": 1505050711, "name": "", "waterway": "drain", "covered": "", "length_km": 0.04}}, {"type": "Feature", "geometry": {"type": "LineString", "coordinates": [[72.9692272, 19.2678002], [72.969246, 19.2678979]]}, "properties": {"osm_id": 1505050712, "name": "", "waterway": "drain", "covered": "", "length_km": 0.01}}, {"type": "Feature", "geometry": {"type": "LineString", "coordinates": [[72.9891206, 19.2149853], [72.9894684, 19.2149706]]}, "properties": {"osm_id": 1507640589, "name": "", "waterway": "drain", "covered": "", "length_km": 0.04}}, {"type": "Feature", "geometry": {"type": "LineString", "coordinates": [[72.9894684, 19.2149706], [72.9895734, 19.2149662]]}, "properties": {"osm_id": 1507640590, "name": "", "waterway": "drain", "covered": "", "length_km": 0.01}}, {"type": "Feature", "geometry": {"type": "LineString", "coordinates": [[72.8356086, 19.201516], [72.8355789, 19.2013292], [72.8355306, 19.2011468], [72.8354112, 19.2009412]]}, "properties": {"osm_id": 1507748922, "name": "", "waterway": "drain", "covered": "", "length_km": 0.07}}, {"type": "Feature", "geometry": {"type": "LineString", "coordinates": [[72.8356161, 19.201578], [72.8356086, 19.201516]]}, "properties": {"osm_id": 1507748923, "name": "", "waterway": "drain", "covered": "", "length_km": 0.01}}, {"type": "Feature", "geometry": {"type": "LineString", "coordinates": [[72.9610152, 19.2043206], [72.9614174, 19.2044219], [72.9616025, 19.2044093], [72.961683, 19.2043485], [72.9617259, 19.2041636], [72.9617742, 19.2039913], [72.9619566, 19.2038394], [72.9619872, 19.2038128]]}, "properties": {"osm_id": 1507898624, "name": "", "waterway": "drain", "covered": "", "length_km": 0.14}}, {"type": "Feature", "geometry": {"type": "LineString", "coordinates": [[72.9619872, 19.2038128], [72.9620403, 19.2037667]]}, "properties": {"osm_id": 1507898625, "name": "", "waterway": "drain", "covered": "", "length_km": 0.01}}, {"type": "Feature", "geometry": {"type": "LineString", "coordinates": [[72.9620542, 19.2037546], [72.9621076, 19.2037082]]}, "properties": {"osm_id": 1507898626, "name": "", "waterway": "drain", "covered": "", "length_km": 0.01}}, {"type": "Feature", "geometry": {"type": "LineString", "coordinates": [[72.9620403, 19.2037667], [72.9620542, 19.2037546]]}, "properties": {"osm_id": 1507898627, "name": "", "waterway": "drain", "covered": "", "length_km": 0.0}}, {"type": "Feature", "geometry": {"type": "LineString", "coordinates": [[72.8845651, 19.0548816], [72.8846526, 19.0549458]]}, "properties": {"osm_id": 1508223746, "name": "", "waterway": "drain", "covered": "", "length_km": 0.01}}, {"type": "Feature", "geometry": {"type": "LineString", "coordinates": [[72.884482, 19.0548206], [72.8845651, 19.0548816]]}, "properties": {"osm_id": 1508223747, "name": "", "waterway": "drain", "covered": "", "length_km": 0.01}}, {"type": "Feature", "geometry": {"type": "LineString", "coordinates": [[72.8792934, 19.0799537], [72.8786806, 19.0797335]]}, "properties": {"osm_id": 1508895773, "name": "", "waterway": "drain", "covered": "", "length_km": 0.07}}, {"type": "Feature", "geometry": {"type": "LineString", "coordinates": [[72.8793542, 19.0799755], [72.8792934, 19.0799537]]}, "properties": {"osm_id": 1508895774, "name": "", "waterway": "drain", "covered": "", "length_km": 0.01}}, {"type": "Feature", "geometry": {"type": "LineString", "coordinates": [[72.9774925, 19.1997297], [72.9775617, 19.199722], [72.9779445, 19.1998531], [72.9783395, 19.2002146], [72.9784226, 19.2003894], [72.9784115, 19.2005035], [72.9782255, 19.2007048], [72.978181, 19.2009402], [72.9782599, 19.2012381], [72.9784333, 19.2015508], [72.9791527, 19.2018088]]}, "properties": {"osm_id": 1509685312, "name": "", "waterway": "drain", "covered": "", "length_km": 0.35}}, {"type": "Feature", "geometry": {"type": "LineString", "coordinates": [[72.9773558, 19.1997436], [72.9774925, 19.1997297]]}, "properties": {"osm_id": 1509685313, "name": "", "waterway": "drain", "covered": "", "length_km": 0.01}}, {"type": "Feature", "geometry": {"type": "LineString", "coordinates": [[72.9736629, 19.2334332], [72.9739363, 19.2335411], [72.9746207, 19.2337181], [72.9746411, 19.233728]]}, "properties": {"osm_id": 1510483786, "name": "", "waterway": "drain", "covered": "", "length_km": 0.11}}, {"type": "Feature", "geometry": {"type": "LineString", "coordinates": [[72.9746411, 19.233728], [72.9747131, 19.2337585]]}, "properties": {"osm_id": 1510483787, "name": "", "waterway": "drain", "covered": "", "length_km": 0.01}}, {"type": "Feature", "geometry": {"type": "LineString", "coordinates": [[72.9920975, 19.2151042], [72.9922638, 19.2149935]]}, "properties": {"osm_id": 1512497775, "name": "", "waterway": "drain", "covered": "", "length_km": 0.02}}, {"type": "Feature", "geometry": {"type": "LineString", "coordinates": [[72.9918854, 19.21517], [72.9920975, 19.2151042]]}, "properties": {"osm_id": 1512497776, "name": "", "waterway": "drain", "covered": "", "length_km": 0.02}}, {"type": "Feature", "geometry": {"type": "LineString", "coordinates": [[72.9895734, 19.2149662], [72.9903912, 19.2149317], [72.990618, 19.214969]]}, "properties": {"osm_id": 1513922467, "name": "", "waterway": "drain", "covered": "", "length_km": 0.11}}, {"type": "Feature", "geometry": {"type": "LineString", "coordinates": [[72.990618, 19.214969], [72.9907219, 19.214986]]}, "properties": {"osm_id": 1513922468, "name": "", "waterway": "drain", "covered": "", "length_km": 0.01}}, {"type": "Feature", "geometry": {"type": "LineString", "coordinates": [[72.9907449, 19.2149898], [72.990851, 19.2150072]]}, "properties": {"osm_id": 1513922469, "name": "", "waterway": "drain", "covered": "", "length_km": 0.01}}, {"type": "Feature", "geometry": {"type": "LineString", "coordinates": [[72.9907219, 19.214986], [72.9907449, 19.2149898]]}, "properties": {"osm_id": 1513922470, "name": "", "waterway": "drain", "covered": "", "length_km": 0.0}}, {"type": "Feature", "geometry": {"type": "LineString", "coordinates": [[72.9883305, 19.2149651], [72.9886875, 19.2149713], [72.9887749, 19.2149769]]}, "properties": {"osm_id": 1514656682, "name": "", "waterway": "drain", "covered": "", "length_km": 0.05}}, {"type": "Feature", "geometry": {"type": "LineString", "coordinates": [[72.9882258, 19.2149633], [72.9883305, 19.2149651]]}, "properties": {"osm_id": 1514656683, "name": "", "waterway": "drain", "covered": "", "length_km": 0.01}}, {"type": "Feature", "geometry": {"type": "LineString", "coordinates": [[72.9326522, 19.110498], [72.9318579, 19.1106077], [72.9317186, 19.1106911], [72.9317, 19.1109413], [72.9316907, 19.1119112], [72.9317975, 19.1124379], [72.9318951, 19.1128242], [72.9320205, 19.1139785], [72.9321387, 19.1151362]]}, "properties": {"osm_id": 1516246994, "name": "", "waterway": "drain", "covered": "", "length_km": 0.6}}, {"type": "Feature", "geometry": {"type": "LineString", "coordinates": [[72.9321387, 19.1151362], [72.9321488, 19.1152349]]}, "properties": {"osm_id": 1516246995, "name": "", "waterway": "drain", "covered": "", "length_km": 0.01}}, {"type": "Feature", "geometry": {"type": "LineString", "coordinates": [[72.9901809, 19.2152734], [72.9909105, 19.2152805], [72.9909174, 19.2152792]]}, "properties": {"osm_id": 1516532736, "name": "", "waterway": "drain", "covered": "", "length_km": 0.08}}, {"type": "Feature", "geometry": {"type": "LineString", "coordinates": [[72.9909174, 19.2152792], [72.9909892, 19.2152652]]}, "properties": {"osm_id": 1516532737, "name": "", "waterway": "drain", "covered": "", "length_km": 0.01}}, {"type": "Feature", "geometry": {"type": "LineString", "coordinates": [[72.8898451, 19.1018803], [72.8898158, 19.1018356]]}, "properties": {"osm_id": 1521665880, "name": "", "waterway": "drain", "covered": "", "length_km": 0.01}}, {"type": "Feature", "geometry": {"type": "LineString", "coordinates": [[72.8900503, 19.1021279], [72.8898451, 19.1018803]]}, "properties": {"osm_id": 1521665881, "name": "", "waterway": "drain", "covered": "", "length_km": 0.03}}, {"type": "Feature", "geometry": {"type": "LineString", "coordinates": [[72.8922978, 19.1070243], [72.8922237, 19.1065802], [72.8920216, 19.1062938], [72.8916579, 19.1060742], [72.8914435, 19.1059411]]}, "properties": {"osm_id": 1522280662, "name": "", "waterway": "drain", "covered": "", "length_km": 0.16}}, {"type": "Feature", "geometry": {"type": "LineString", "coordinates": [[72.8911938, 19.1057862], [72.8910988, 19.1057273]]}, "properties": {"osm_id": 1522280663, "name": "", "waterway": "drain", "covered": "", "length_km": 0.01}}, {"type": "Feature", "geometry": {"type": "LineString", "coordinates": [[72.8913552, 19.1058863], [72.8911938, 19.1057862]]}, "properties": {"osm_id": 1522639135, "name": "", "waterway": "drain", "covered": "", "length_km": 0.02}}, {"type": "Feature", "geometry": {"type": "LineString", "coordinates": [[72.8914435, 19.1059411], [72.8913552, 19.1058863]]}, "properties": {"osm_id": 1522639136, "name": "", "waterway": "drain", "covered": "", "length_km": 0.01}}, {"type": "Feature", "geometry": {"type": "LineString", "coordinates": [[72.9537986, 19.2043839], [72.9538999, 19.2043274]]}, "properties": {"osm_id": 1531914352, "name": "", "waterway": "drain", "covered": "", "length_km": 0.01}}, {"type": "Feature", "geometry": {"type": "LineString", "coordinates": [[72.9538999, 19.2043274], [72.9539689, 19.204289]]}, "properties": {"osm_id": 1531914353, "name": "", "waterway": "drain", "covered": "", "length_km": 0.01}}]}