{"nvdm": "1.0", "dataset": "geojson-layers/rivers", "scope": {"kind": "region", "id": "mumbai"}, "provenance": {"sources": [{"id": "osm-overpass", "title": "OpenStreetMap (Overpass API extract)", "publisher": "OpenStreetMap contributors", "license": "ODbL 1.0"}], "method": "api", "produced_at": "2026-07-05", "produced_by": "scripts/build-mumbai-rivers.py", "note": "One MultiLineString per river; river_id joins river-quality-mumbai.json. Covers Greater Mumbai's four (Mithi, Dahisar, Poisar, Oshiwara) plus the regional Ulhas system and source rivers."}, "type": "FeatureCollection", "_provenance": "OpenStreetMap via Overpass API (ODbL).", "features": [{"type": "Feature", "geometry": {"type": "MultiLineString", "coordinates": [[[72.8997944, 19.1440051], [72.8995105, 19.1442645], [72.8990007, 19.1443978], [72.8983407, 19.1445289], [72.8975593, 19.144692], [72.8970262, 19.1447022], [72.896921, 19.1446006], [72.8968292, 19.1440703], [72.8964977, 19.1432336], [72.8959286, 19.1431158], [72.8954458, 19.1430955], [72.8948533, 19.1429566], [72.8944373, 19.1424113], [72.8943434, 19.1421257], [72.894448, 19.1417779], [72.8947513, 19.1411743], [72.8949577, 19.1409265], [72.8956121, 19.140445], [72.8961647, 19.1399686], [72.8971517, 19.1393909], [72.8979963, 19.1382711], [72.8983748, 19.1375132], [72.8984199, 19.1365126], [72.8978701, 19.1354268], [72.8975005, 19.1352863], [72.8964774, 19.1355077], [72.8960898, 19.1352182], [72.8958014, 19.1343751], [72.8960222, 19.1333532], [72.8966847, 19.1324121], [72.8968352, 19.1321918], [72.8969697, 19.1317226], [72.8969769, 19.131386], [72.8968728, 19.1310439], [72.89684, 19.1309775], [72.8967433, 19.1307813], [72.8962991, 19.1305098]], [[72.878796, 19.0876913], [72.8786636, 19.0854841], [72.8778152, 19.0837726], [72.8775705, 19.083233], [72.8776112, 19.0819995], [72.8784841, 19.0806042], [72.8786806, 19.0797335], [72.8785657, 19.0793244], [72.8779946, 19.078885], [72.8772278, 19.0788773], [72.8765997, 19.0790469], [72.8763395, 19.0789818], [72.8762262, 19.0789534], [72.8755393, 19.0778288], [72.8748867, 19.0772737], [72.8735798, 19.076672], [72.8719092, 19.0757704], [72.8715366, 19.0754927], [72.8714726, 19.0753295], [72.8717673, 19.0743916], [72.8721546, 19.0731764], [72.8727658, 19.0720107], [72.873202, 19.071424], [72.8734019, 19.0705633], [72.8727207, 19.067265], [72.8695579, 19.0597916], [72.8682171, 19.0566072], [72.8661285, 19.0555638], [72.8648151, 19.0555792], [72.8638118, 19.0560284], [72.8629321, 19.0563884], [72.8617251, 19.0565912], [72.8607112, 19.0568853], [72.8600782, 19.0572859], [72.8593218, 19.0576104], [72.8587103, 19.0577625], [72.857101, 19.0573112], [72.8566914, 19.0570472], [72.8552907, 19.0554699], [72.8518102, 19.0522152], [72.8503619, 19.0517322], [72.8497886, 19.051701], [72.8491715, 19.051863], [72.8485405, 19.0519057], [72.8482684, 19.0518934], [72.8478448, 19.0517546], [72.8475989, 19.0516978], [72.8466962, 19.051603], [72.8449262, 19.051622], [72.8442436, 19.0514993], [72.8437592, 19.0513328], [72.8431831, 19.0512561], [72.8416212, 19.0505086]], [[72.8788436, 19.0912659], [72.878796, 19.0876913]], [[72.8806495, 19.0959791], [72.880499, 19.0957984], [72.8801564, 19.0954593], [72.8799606, 19.0948811], [72.8792835, 19.0944649], [72.8788267, 19.0940871], [72.8784759, 19.0933934], [72.8786079, 19.0921225], [72.8788436, 19.0912659]], [[72.8842998, 19.1291965], [72.8842288, 19.1290318], [72.8841698, 19.128378], [72.8842959, 19.127875], [72.8844032, 19.1276216], [72.8852266, 19.1272579], [72.8861439, 19.1271515], [72.8864765, 19.1268829], [72.8865945, 19.1265737], [72.8865811, 19.1259998], [72.8868574, 19.1246224], [72.8870961, 19.124013], [72.887418, 19.1232324], [72.8874931, 19.1226952], [72.8881368, 19.1220971], [72.8883976, 19.1218426], [72.8883109, 19.1215585], [72.8877505, 19.1212963], [72.8868279, 19.1209212], [72.8863236, 19.1204853], [72.8860017, 19.1193297], [72.8858515, 19.118387], [72.8860232, 19.1170489], [72.8862592, 19.1157412], [72.8870532, 19.1145247], [72.8871819, 19.113957], [72.8868279, 19.1134806], [72.8860017, 19.1128622], [72.8853875, 19.1121487], [72.8852427, 19.1117078], [72.8852481, 19.1111907], [72.8853607, 19.1108663], [72.885583, 19.1107122], [72.8860259, 19.110476], [72.8866267, 19.1099286], [72.8868306, 19.1097715], [72.88697, 19.1095485], [72.8869218, 19.1092494], [72.8866106, 19.1082154], [72.8860542, 19.1070449], [72.8856219, 19.1067519], [72.8841752, 19.105909], [72.8840679, 19.1057671], [72.8839552, 19.10451], [72.8838517, 19.1043085], [72.8834112, 19.103977], [72.8820026, 19.1031312], [72.8804415, 19.1026345], [72.8800446, 19.1021123], [72.8792101, 19.0997991], [72.8790388, 19.0989666], [72.8791448, 19.098612], [72.8794222, 19.0984733], [72.8802216, 19.0983731], [72.8808416, 19.0980185], [72.880964, 19.097317], [72.8810129, 19.0964151], [72.8806495, 19.0959791]], [[72.8400412, 19.0480714], [72.8393269, 19.0478994], [72.8388524, 19.0480425], [72.8380971, 19.0482703], [72.8369191, 19.0487247]], [[72.8416212, 19.0505086], [72.8410193, 19.05035], [72.8404521, 19.050016], [72.8401574, 19.0496808], [72.8400447, 19.0492937], [72.8400205, 19.0488438], [72.8400412, 19.0480714]], [[72.8416212, 19.0505086], [72.8416699, 19.0499022], [72.8416055, 19.0493343], [72.8413534, 19.0488374], [72.8409994, 19.0484875], [72.8405648, 19.0483151], [72.8400412, 19.0480714]], [[72.8844184, 19.1294716], [72.8842998, 19.1291965]], [[72.8962991, 19.1305098], [72.8954726, 19.1304408], [72.8946901, 19.1302272], [72.8940535, 19.1306003], [72.8923497, 19.1318358], [72.8914491, 19.1326306], [72.8909129, 19.1329089], [72.8904033, 19.1329951], [72.8898561, 19.1327214], [72.8894162, 19.1322552], [72.8890943, 19.1318294], [72.8889227, 19.1313277], [72.8885096, 19.1310135], [72.8878123, 19.130907], [72.8867823, 19.1306739], [72.8865945, 19.1303597], [72.8860259, 19.1297667], [72.8847921, 19.1297971], [72.8845311, 19.1297329], [72.8844184, 19.1294716]]]}, "properties": {"river_id": "mithi", "name": "Mithi River", "name_mr": "मिठी नदी", "waterway": "river", "length_km": 18.2, "osm_ids": [49011690, 204352191, 204352192, 204352194, 235932509, 420108354, 420108355, 420108356, 785570006, 785570007]}}, {"type": "Feature", "geometry": {"type": "MultiLineString", "coordinates": [[[72.857797, 19.237864], [72.8573429, 19.2380986], [72.8565787, 19.2388046], [72.8561196, 19.239531], [72.8560619, 19.2399486], [72.8560726, 19.2403994], [72.8561867, 19.2411867], [72.8562957, 19.2420651], [72.8569344, 19.244307], [72.8574439, 19.2474076], [72.8569736, 19.2487322], [72.8567744, 19.249549], [72.8560648, 19.2516891], [72.8560823, 19.2523233], [72.8564065, 19.2538253], [72.8564398, 19.2545062], [72.8560786, 19.257559], [72.8559181, 19.2582789], [72.8556346, 19.258971], [72.8548468, 19.26061], [72.8544379, 19.2622634], [72.8540911, 19.2632283], [72.8538342, 19.2643091], [72.8539299, 19.2651224]], [[72.9198101, 19.1925488], [72.9149745, 19.1927736], [72.9121127, 19.1938678]], [[72.9121127, 19.1938678], [72.911994, 19.1938506], [72.9117855, 19.193773], [72.9102752, 19.1934948], [72.9100488, 19.1934003], [72.9098493, 19.193147], [72.9084035, 19.1929993], [72.9081788, 19.1936111], [72.9085314, 19.1949056], [72.9079923, 19.1957418], [72.9054784, 19.1971933], [72.9038616, 19.1981269], [72.9027952, 19.1987426], [72.9020958, 19.1992192], [72.901619, 19.1995441], [72.9000438, 19.2020339], [72.8999386, 19.2036807], [72.8991473, 19.2048247]], [[72.8541752, 19.2663662], [72.8542556, 19.2667562], [72.8541805, 19.2670271], [72.8539231, 19.2673031], [72.8534483, 19.2676348], [72.8528502, 19.2679639], [72.8519865, 19.2680703], [72.8514983, 19.2682627], [72.851088, 19.2687767], [72.8506481, 19.2695666], [72.8502913, 19.2699819], [72.8499319, 19.2701794], [72.8495698, 19.2701819], [72.8493043, 19.2700857], [72.8491085, 19.2698629], [72.8488349, 19.2694476], [72.848446, 19.2691489], [72.84788, 19.2687134], [72.847751, 19.2686728], [72.8474301, 19.2685615]], [[72.8539299, 19.2651224], [72.8539537, 19.265738], [72.8540411, 19.2660485], [72.8541752, 19.2663662]], [[72.8539299, 19.2651224], [72.8543066, 19.2656155], [72.8544085, 19.2660181], [72.8541752, 19.2663662]], [[72.8991473, 19.2048247], [72.8982246, 19.2059493], [72.8979349, 19.2066889], [72.8977632, 19.2071955], [72.8973019, 19.2077933], [72.8962612, 19.2082188], [72.894448, 19.2082543], [72.8938955, 19.2085531], [72.8937882, 19.2095764], [72.8929299, 19.210159], [72.8915727, 19.2103869], [72.890591, 19.2105136], [72.8900868, 19.2108783], [72.8898615, 19.2114355], [72.8892338, 19.2120789], [72.8890622, 19.2125044], [72.8891694, 19.2131579], [72.8894055, 19.2142166], [72.8891748, 19.2153057], [72.8886598, 19.2162023], [72.8878659, 19.2173572], [72.8874153, 19.2182994], [72.8865248, 19.2201077], [72.8857076, 19.2206491], [72.8855574, 19.2207808], [72.8853964, 19.2208517], [72.8852677, 19.2209328], [72.8851389, 19.2210543], [72.8850746, 19.2212266], [72.8850102, 19.2213887], [72.8848814, 19.2215811], [72.8847312, 19.2217534], [72.8846669, 19.2220066], [72.8846025, 19.2222396], [72.8845918, 19.222422], [72.8845167, 19.2225942], [72.8844737, 19.2227766], [72.8844737, 19.2229184], [72.8845274, 19.2230704]], [[72.8845274, 19.2230704], [72.8845596, 19.2232324], [72.884581, 19.2234553], [72.8844952, 19.2235465], [72.8844094, 19.2236681], [72.8842913, 19.2237491], [72.8841733, 19.2238909], [72.8840982, 19.2240226], [72.8839909, 19.2241746], [72.8838385, 19.2243155], [72.8835146, 19.2245869], [72.8834582, 19.2247895], [72.8833584, 19.2248747], [72.8828977, 19.2252681], [72.8826562, 19.2257797], [72.881928, 19.225995], [72.8807962, 19.2263673], [72.8806352, 19.2266281], [72.8804523, 19.2268953], [72.8799781, 19.2271575], [72.8797045, 19.2271955], [72.8795972, 19.2271093], [72.8794014, 19.2267244], [72.8792217, 19.2261849], [72.8788676, 19.2250681], [72.8786799, 19.2247996], [72.8782668, 19.2244501], [72.877717, 19.2242399], [72.8773066, 19.2241462], [72.8767004, 19.2238549], [72.8761318, 19.2236295], [72.8754398, 19.2235282], [72.8745868, 19.2235231], [72.8740316, 19.223627], [72.8733932, 19.2239385], [72.8732511, 19.2242424], [72.8734576, 19.224754], [72.8737956, 19.2250047], [72.8744849, 19.2250706], [72.8752064, 19.2252783], [72.8754559, 19.2256024], [72.8752896, 19.2262837], [72.8752976, 19.2267244], [72.875311, 19.2270967], [72.8748416, 19.2273727], [72.8745681, 19.2274411], [72.8742757, 19.2274234], [72.8739672, 19.2272841], [72.8736105, 19.2271043], [72.8732833, 19.2269321], [72.8730848, 19.2269802], [72.8726261, 19.2274436], [72.8722608, 19.227731], [72.8703511, 19.2284503], [72.8695249, 19.2289872], [72.8685486, 19.2299293], [72.8676045, 19.2305877], [72.8655231, 19.2316413], [72.8638065, 19.2331], [72.8621172, 19.2339408], [72.8618821, 19.2343773], [72.8617573, 19.2348424], [72.8618431, 19.235126], [72.862519, 19.2362403], [72.862755, 19.2367468], [72.8627336, 19.2372634], [72.86268, 19.2373622], [72.8610787, 19.2386385], [72.8604484, 19.2390032], [72.8601533, 19.2390994], [72.8594962, 19.2391273], [72.8592816, 19.2390589], [72.8591233, 19.238717], [72.8589302, 19.2379218], [72.8587264, 19.2376812], [72.8585064, 19.2375901], [72.8581175, 19.2377015], [72.857797, 19.237864]]]}, "properties": {"river_id": "dahisar", "name": "Dahisar River", "name_mr": "दहिसर नदी", "waterway": "river", "length_km": 15.3, "osm_ids": [151205177, 204352208, 375947791, 420108348, 420108350, 420108351, 1158933426, 1158933440]}}, {"type": "Feature", "geometry": {"type": "MultiLineString", "coordinates": [[[72.8666663, 19.2014404], [72.8665903, 19.2017384], [72.8662671, 19.2020077], [72.8655568, 19.2040031], [72.8650021, 19.2045215], [72.8648975, 19.2046192], [72.8648405, 19.2046626]], [[72.8591832, 19.2091438], [72.859106, 19.2094275], [72.8588571, 19.2097274], [72.8587197, 19.2098733], [72.8586013, 19.2098518], [72.8584966, 19.2098328], [72.8584537, 19.209622], [72.8583249, 19.2094356], [72.8581018, 19.2092978], [72.8579558, 19.2091033], [72.8578271, 19.2089412], [72.8576983, 19.2088115], [72.8574151, 19.2086737], [72.8570203, 19.2086818], [72.8567542, 19.2087953], [72.8565311, 19.2089169], [72.8564967, 19.2091195], [72.8566941, 19.209314], [72.8570031, 19.2097274], [72.856883, 19.2098165], [72.8565053, 19.2099624], [72.8562392, 19.2101732], [72.8559903, 19.2103758], [72.8558187, 19.2106676], [72.8557328, 19.2109675], [72.8555612, 19.2112593], [72.8553895, 19.2113727], [72.8552865, 19.2114538], [72.8550204, 19.2113889], [72.8549003, 19.2113403], [72.8547372, 19.2114295], [72.8547029, 19.2116321], [72.854823, 19.2118266], [72.8548574, 19.2119725], [72.8546685, 19.2121265], [72.8544454, 19.2122724], [72.8541621, 19.212167], [72.8539098, 19.2122247], [72.8538747, 19.2123847], [72.8539489, 19.2126304], [72.8539591, 19.2129782], [72.8534104, 19.2130133], [72.8532094, 19.2130262], [72.8527974, 19.2130262], [72.8526601, 19.2131883], [72.8524112, 19.2133422], [72.8520078, 19.2132936], [72.8517417, 19.2130343], [72.8514842, 19.2127506], [72.8513297, 19.2122319], [72.851281, 19.2120982], [72.8512353, 19.2119725], [72.8508491, 19.2115916], [72.8506946, 19.2114619], [72.8502912, 19.211397], [72.849862, 19.2114051], [72.8492011, 19.2112836], [72.8489522, 19.2112025], [72.8485316, 19.2109756], [72.848257, 19.2108378], [72.8480939, 19.2109269], [72.8477849, 19.2110242], [72.8476733, 19.2113808], [72.8473815, 19.2115672], [72.8472013, 19.2116483], [72.8468442, 19.2117062], [72.8465501, 19.2113299], [72.8463759, 19.2110855], [72.8459303, 19.210468], [72.845817, 19.2103799], [72.8455791, 19.2103029], [72.8452872, 19.2102299], [72.8449439, 19.2101326], [72.8447615, 19.2099374], [72.8446864, 19.2098571], [72.8442401, 19.2095491], [72.8439793, 19.2095073], [72.8437337, 19.209468], [72.843193, 19.2094761], [72.8428496, 19.2093545], [72.8424205, 19.2089979], [72.8422231, 19.2087548], [72.8417081, 19.2083252], [72.8410719, 19.2082427], [72.8406122, 19.2082571], [72.8402526, 19.2081407], [72.8400797, 19.2079652], [72.8397426, 19.2074903], [72.8394937, 19.2073282], [72.8392533, 19.2071904], [72.8389358, 19.2071256], [72.8384249, 19.2070218], [72.8381375, 19.2069635], [72.8375882, 19.2065663], [72.8373479, 19.2063637], [72.8370327, 19.2059074], [72.8367986, 19.2055126]], [[72.8367986, 19.2055126], [72.8361101, 19.2049591], [72.8359118, 19.2047638], [72.8357085, 19.2042563], [72.8356828, 19.2038105], [72.8359403, 19.2033566], [72.8362664, 19.2033971], [72.8364209, 19.2032674], [72.8367557, 19.2028135], [72.8368501, 19.2026595], [72.836996, 19.2021975], [72.8370862, 19.2014349], [72.8370475, 19.20116], [72.8369102, 19.2009574], [72.8365668, 19.2008358], [72.83576, 19.2007952], [72.8354682, 19.2007061], [72.8350047, 19.200625], [72.8347644, 19.2004791], [72.8346099, 19.2001225], [72.8345326, 19.1997658], [72.8343953, 19.1995794], [72.8340571, 19.1993264], [72.8335793, 19.1994028], [72.8327425, 19.1991571], [72.8319365, 19.1986619], [72.8316924, 19.1983884], [72.8315958, 19.1981097], [72.8316092, 19.1975221], [72.8310111, 19.1966785], [72.8304478, 19.1955437], [72.8291684, 19.1940847], [72.8288305, 19.1933906], [72.8287339, 19.1924128], [72.8288144, 19.1910449], [72.829442, 19.1895909], [72.8300375, 19.1890488], [72.8301206, 19.1884725]]]}, "properties": {"river_id": "poisar", "name": "Poisar River", "name_mr": "पोयसर नदी", "waterway": "river", "length_km": 6.3, "osm_ids": [375938250, 375938251, 376075661]}}, {"type": "Feature", "geometry": {"type": "MultiLineString", "coordinates": [[[72.8588418, 19.1373206], [72.8588015, 19.1372978], [72.8587044, 19.1373208], [72.8584469, 19.1375337], [72.85805, 19.1375945], [72.8578998, 19.1375337], [72.8577603, 19.1372296], [72.8574599, 19.1370776], [72.8570415, 19.1373006], [72.856902, 19.1371891], [72.8567518, 19.1367836], [72.8565157, 19.1366519], [72.856269, 19.1366924], [72.8561295, 19.1370573], [72.8558506, 19.1371485], [72.8558398, 19.1373208], [72.8559793, 19.1377567], [72.8558827, 19.1379189], [72.8552591, 19.1382977]], [[72.8740866, 19.172012], [72.8740847, 19.1719983], [72.8741054, 19.1718728], [72.8740732, 19.1715384], [72.8740839, 19.171356], [72.8740625, 19.1711331], [72.8740195, 19.1710013], [72.8738908, 19.1708291], [72.8737406, 19.1707074], [72.8736011, 19.170596], [72.8733651, 19.1704744], [72.8731934, 19.1703832], [72.8729896, 19.1702109], [72.8727535, 19.1700589], [72.8726033, 19.1699373], [72.8724424, 19.1698055], [72.8723888, 19.1696434], [72.8723244, 19.169461], [72.8723029, 19.1693394], [72.8722681, 19.1689924], [72.8721849, 19.1688732], [72.8720454, 19.1687009], [72.8718416, 19.16863], [72.8716485, 19.1685692], [72.8714017, 19.168407], [72.8712515, 19.1682956], [72.8711228, 19.1681638], [72.8710906, 19.1680017], [72.8710906, 19.1678497], [72.8709618, 19.167647], [72.8708545, 19.1675457], [72.8707365, 19.1675152], [72.8705756, 19.1675457], [72.8704039, 19.1675254], [72.8702323, 19.1675051], [72.8700499, 19.1674342], [72.869846, 19.1673126], [72.8695564, 19.1671504], [72.8692452, 19.1669984], [72.8689448, 19.1668869], [72.8686122, 19.1667755], [72.8683011, 19.166664], [72.8681401, 19.1665626], [72.8678934, 19.1663904], [72.8675286, 19.1661573], [72.8671853, 19.165985], [72.8669385, 19.1659343], [72.8663806, 19.165833], [72.8662607, 19.1657957], [72.8661447, 19.1656247], [72.8660689, 19.1654479], [72.8659791, 19.1652408], [72.86593, 19.1650527], [72.8658656, 19.1649412], [72.8657583, 19.1647892], [72.8656403, 19.1647081], [72.8655097, 19.1645637], [72.8654365, 19.1644953], [72.8653185, 19.164323], [72.8652541, 19.1641304], [72.8651985, 19.1639836], [72.8651468, 19.1638264], [72.8651234, 19.1636643], [72.8651208, 19.1635224], [72.8650993, 19.1634211], [72.8649759, 19.1633172], [72.8648525, 19.1632387], [72.8647493, 19.1631209], [72.8646366, 19.1630208], [72.8644529, 19.1628789], [72.8643014, 19.1627522], [72.8641525, 19.16268], [72.8640841, 19.1626978], [72.8639881, 19.1627522], [72.8639178, 19.1627902], [72.8638534, 19.1628536], [72.8638092, 19.1628903], [72.863722, 19.1629321], [72.8635705, 19.1629093], [72.863443, 19.1628675], [72.8633143, 19.1628092], [72.8632049, 19.1627623], [72.8630225, 19.1626812], [72.8629045, 19.1626407], [72.8627564, 19.1625673], [72.862637, 19.1624672], [72.8624935, 19.1623481], [72.8623702, 19.1622747], [72.8622374, 19.162205], [72.8621006, 19.1621632], [72.8619088, 19.1621784], [72.8618056, 19.1622062], [72.8616707, 19.1622151], [72.8614883, 19.1622252], [72.8613703, 19.1622657], [72.8612415, 19.1623164], [72.8610913, 19.1623265], [72.8609626, 19.1622759], [72.8607909, 19.1622759], [72.8606729, 19.1622759], [72.8604476, 19.1621846], [72.8602223, 19.1621036], [72.8601042, 19.1620225], [72.8599648, 19.1620124], [72.8598682, 19.162063], [72.8597502, 19.1621745], [72.8596322, 19.1623164], [72.8595785, 19.162438], [72.8595893, 19.1625292], [72.859482, 19.1626508], [72.8593854, 19.1626002], [72.8593854, 19.1624785], [72.8593103, 19.1623975], [72.8591816, 19.1622759], [72.8590206, 19.1621238], [72.8590206, 19.1619921], [72.8590099, 19.1618299], [72.858967, 19.1615766], [72.8588704, 19.1614043], [72.8588168, 19.1612219], [72.8586236, 19.1611763], [72.8584172, 19.1611435], [72.8582395, 19.1610676]], [[72.8582395, 19.1610676], [72.8574592, 19.1608697]], [[72.8497517, 19.1559114], [72.8494505, 19.1553235], [72.8492896, 19.155131], [72.8490535, 19.1549688], [72.8486727, 19.1547509], [72.8481416, 19.1548269], [72.8477661, 19.1548776], [72.8476192, 19.1549242], [72.8474228, 19.1547357], [72.8471331, 19.1545533], [72.8468327, 19.1541884], [72.846552, 19.1538814], [72.846425, 19.1537425], [72.8461568, 19.1533371], [72.84591, 19.152881], [72.845792, 19.152658], [72.8456116, 19.1522406], [72.8454169, 19.1519578], [72.8453363, 19.151774], [72.8448428, 19.1511355], [72.8446309, 19.1505299], [72.84436, 19.1503348], [72.8439845, 19.1502335], [72.84333, 19.1503551], [72.8430403, 19.1504362], [72.8423215, 19.1504058], [72.8416456, 19.1503146], [72.8411091, 19.1501727], [72.840482, 19.1502764], [72.8398912, 19.15053], [72.839329, 19.1509792], [72.8389527, 19.1512837], [72.8377832, 19.1522301], [72.8374919, 19.1523815], [72.8372575, 19.1524531], [72.8367532, 19.1523416], [72.8364636, 19.1521085], [72.8363273, 19.1519107], [72.8361636, 19.1517764], [72.8359061, 19.1517029], [72.8355628, 19.1517232], [72.8352222, 19.1517713], [72.8349808, 19.1518448], [72.8342749, 19.1524733], [72.8337813, 19.1527977], [72.8326226, 19.1530004], [72.8320969, 19.1532639], [72.8316785, 19.1538416], [72.8306807, 19.1550881], [72.8300206, 19.1554451], [72.8298418, 19.1558093], [72.829635, 19.1563286], [72.8295731, 19.1568757], [72.8296903, 19.1576042], [72.8302337, 19.1589567], [72.8304717, 19.1598038], [72.8304778, 19.1604782], [72.8301797, 19.1619432], [72.8293928, 19.1641427], [72.8286059, 19.1649599], [72.826779, 19.1666769], [72.8254996, 19.1671898], [72.8245194, 19.1671638], [72.8224026, 19.1663987], [72.8203041, 19.1657293], [72.8198648, 19.1655913]], [[72.890458, 19.1760722], [72.890294, 19.1758924], [72.8901233, 19.1757437], [72.890038, 19.1757251], [72.8898215, 19.1757003], [72.8895327, 19.1756879], [72.8893949, 19.1756011], [72.8892899, 19.1755949], [72.8891127, 19.1755949], [72.888883, 19.175409], [72.8886993, 19.1753346], [72.8885155, 19.1752912], [72.8884237, 19.1752106], [72.8882268, 19.1749875], [72.8881677, 19.1749503], [72.8879643, 19.1748573], [72.8879183, 19.1747395], [72.8877608, 19.1746032], [72.8876427, 19.1745784], [72.8875902, 19.1745784], [72.8875115, 19.174628], [72.8873277, 19.1745908], [72.8872358, 19.1744482], [72.8870324, 19.1743057], [72.8869077, 19.1740639], [72.8866912, 19.1738222], [72.8865205, 19.1737106], [72.8863696, 19.1736672], [72.886094, 19.173568], [72.8859102, 19.1735804], [72.885733, 19.1735556], [72.8854443, 19.1734441], [72.8851358, 19.1733201], [72.8849324, 19.1733201], [72.8847224, 19.1733387], [72.8844468, 19.1734875], [72.884158, 19.1734627], [72.8837512, 19.1733015], [72.8835149, 19.1731961], [72.8832918, 19.1731775], [72.883154, 19.1731775], [72.8829374, 19.1732953], [72.8828324, 19.1732643], [72.8827012, 19.1731837]], [[72.8552591, 19.1382977], [72.8546328, 19.1382191]], [[72.8525694, 19.13988], [72.8524809, 19.1399839], [72.8523744, 19.1400271], [72.852151, 19.1400801], [72.8518237, 19.1402525], [72.8514732, 19.1403616], [72.8512712, 19.1404172], [72.8510379, 19.140744], [72.8509923, 19.1414282], [72.8508796, 19.1417247], [72.8506784, 19.1418032], [72.8505846, 19.141902], [72.850437, 19.1422137], [72.8502547, 19.1423404], [72.8500696, 19.1425254], [72.8494959, 19.1426036]], [[72.8629804, 19.1392414], [72.8627765, 19.1387661]], [[72.8706995, 19.1407424], [72.8703725, 19.1405058], [72.8700721, 19.1400751], [72.8698039, 19.1400396], [72.8694391, 19.1401359], [72.8681892, 19.1404577], [72.8680867, 19.1400283], [72.8679972, 19.1400183], [72.8671227, 19.1399514], [72.8669334, 19.1399359], [72.8668342, 19.1399062], [72.8665933, 19.1398343], [72.8661288, 19.1397534], [72.8654051, 19.1397913], [72.8651395, 19.1397533], [72.864925, 19.1396468], [72.8647877, 19.1395609], [72.8645784, 19.1397459], [72.8643966, 19.1398926], [72.8637255, 19.1401386], [72.8634788, 19.1400677], [72.8632781, 19.1396342], [72.8630662, 19.1394061], [72.8629804, 19.1392414]], [[72.8598867, 19.1372963], [72.8597372, 19.1373828]], [[72.8609682, 19.136733], [72.8606142, 19.1368242], [72.860384, 19.1368063], [72.8602204, 19.1367809], [72.8600596, 19.1368293], [72.8600284, 19.1368536], [72.860009, 19.1368944], [72.859953, 19.1371655], [72.8599241, 19.1372434], [72.8598867, 19.1372963]], [[72.8494959, 19.1426036], [72.849473, 19.1426338], [72.8494676, 19.1426704], [72.8495608, 19.1432858], [72.849145, 19.143453], [72.8488875, 19.1433313], [72.8486408, 19.1429664], [72.8485335, 19.1429664], [72.8484799, 19.1432807], [72.8481794, 19.1433921], [72.8474177, 19.1436151], [72.8472353, 19.1442334], [72.8468598, 19.1442739], [72.8464628, 19.1442233], [72.8461195, 19.1446692], [72.8460981, 19.1453584], [72.8463985, 19.1457334], [72.8462201, 19.1463155]], [[72.8597372, 19.1373828], [72.8594163, 19.1374356], [72.8592358, 19.1374432], [72.8591256, 19.1374334], [72.8590238, 19.1374129], [72.8589407, 19.1373767]], [[72.8589407, 19.1373767], [72.8588418, 19.1373206]], [[72.8462201, 19.1463155], [72.8461571, 19.1465212]], [[72.8461571, 19.1465212], [72.8459378, 19.1472368], [72.8459264, 19.147274], [72.8455616, 19.1476896], [72.8454221, 19.1485004], [72.8440488, 19.14997], [72.8430403, 19.1504362]], [[72.8574592, 19.1608697], [72.8573255, 19.1607152], [72.8569929, 19.1604922], [72.856832, 19.1602996], [72.8565734, 19.1601362], [72.8561729, 19.1600243], [72.8557863, 19.1598105], [72.8555147, 19.1597809], [72.85494, 19.1598072], [72.8545952, 19.1597546], [72.85424, 19.1596296], [72.8540485, 19.1594947], [72.8539352, 19.1593571], [72.8538708, 19.1590936], [72.8538601, 19.1586274], [72.853785, 19.1584754], [72.8534095, 19.1582423], [72.8532593, 19.1582221], [72.8531305, 19.158293], [72.8528301, 19.158516], [72.8525726, 19.1585768], [72.8522186, 19.1585768], [72.8520683, 19.1584754], [72.8512959, 19.1580194], [72.8507916, 19.1576748], [72.8506414, 19.1573302], [72.8505019, 19.1569755], [72.8504054, 19.1566208], [72.8502318, 19.1562636], [72.8497517, 19.1559114]], [[72.8627765, 19.1387661], [72.8625871, 19.1385048]], [[72.8625871, 19.1385048], [72.8624911, 19.1383764]], [[72.8624911, 19.1383764], [72.8623241, 19.1381254], [72.8623603, 19.1376785], [72.8621468, 19.1371089], [72.8619762, 19.1369799]], [[72.8619762, 19.1369799], [72.8618909, 19.1369154], [72.8613866, 19.1369255], [72.8609682, 19.136733]], [[72.8827012, 19.1731837], [72.8822352, 19.1731527], [72.8818943, 19.1734392], [72.880782, 19.1734358], [72.8803099, 19.1734257], [72.8799452, 19.1735068], [72.879516, 19.173527], [72.8792049, 19.1735169], [72.8789903, 19.1735676], [72.8787113, 19.1736588], [72.8785075, 19.1736892], [72.8781534, 19.1736689], [72.877617, 19.1736486], [72.8772415, 19.1736182], [72.87697, 19.1735956], [72.8767447, 19.1735348], [72.8765623, 19.1735145], [72.876455, 19.1735145], [72.8762404, 19.1734942], [72.8760795, 19.1734841], [72.8758649, 19.173403], [72.8756396, 19.1733118], [72.8753714, 19.1731092], [72.8751675, 19.1729673], [72.8750066, 19.1728457], [72.8747813, 19.1726937], [72.8746204, 19.1725113], [72.87457, 19.1724666], [72.8744643, 19.1724067]], [[72.8741016, 19.1721205], [72.8740866, 19.172012]], [[72.8742651, 19.1722905], [72.8741712, 19.1722303], [72.8741115, 19.1721921], [72.8741016, 19.1721205]], [[72.8743092, 19.1723187], [72.8742651, 19.1722905]], [[72.874396, 19.1723679], [72.8743092, 19.1723187]], [[72.8744643, 19.1724067], [72.874396, 19.1723679]], [[72.8546328, 19.1382191], [72.8541983, 19.1384054], [72.8538657, 19.1384662], [72.8534116, 19.1385522], [72.8529851, 19.1386485], [72.85291, 19.1387397], [72.8528886, 19.1388867], [72.8528564, 19.1389804], [72.8527491, 19.1390032], [72.852615, 19.1390336], [72.8525721, 19.139135], [72.8526284, 19.1394365]], [[72.852581, 19.1398322], [72.8525694, 19.13988]], [[72.8526263, 19.1395254], [72.852623, 19.1396671], [72.852581, 19.1398322]], [[72.8526284, 19.1394365], [72.8526263, 19.1395254]]]}, "properties": {"river_id": "oshiwara", "name": "Oshiwara River", "name_mr": "ओशिवरा नदी", "waterway": "river", "length_km": 15.0, "osm_ids": [48965023, 48965039, 215437421, 257443428, 629006176, 639968078, 639968079, 785569954, 785569955, 786167563, 786167564, 857217324, 1111211569, 1111211570, 1170388381, 1170388382, 1170388403, 1457776623, 1457776624, 1465091204, 1465091205, 1498518727, 1498518728, 1498518729, 1498518730, 1498518731, 1498518732, 1499309205, 1499309206, 1499531912, 1499531913]}}, {"type": "Feature", "geometry": {"type": "MultiLineString", "coordinates": [[[73.4086125, 18.774694], [73.4078841, 18.774439], [73.4072774, 18.7740613], [73.407139, 18.7728003], [73.4073018, 18.7721511], [73.405899, 18.7710048], [73.4043444, 18.769939], [73.4047092, 18.7695732], [73.4039159, 18.7689646], [73.4021275, 18.7688535], [73.4008072, 18.7690252], [73.400753, 18.7687144], [73.4011443, 18.7677274], [73.400451, 18.7665777], [73.3999809, 18.766707], [73.3995029, 18.7664838], [73.399163, 18.7655548], [73.398456, 18.7649444], [73.3977602, 18.7646806], [73.39702, 18.7649085], [73.396086, 18.7646169], [73.3953453, 18.7636339], [73.3949176, 18.7636526], [73.3941439, 18.7642409], [73.393913, 18.7638196], [73.3936152, 18.7635865], [73.3932287, 18.7637065], [73.3931926, 18.7643484], [73.393071, 18.7646096], [73.3927795, 18.7647006], [73.3918523, 18.764678], [73.3909233, 18.7650148], [73.3901878, 18.765214], [73.389453, 18.7652383], [73.3887533, 18.7652736], [73.388719, 18.765212], [73.3885558, 18.7649184], [73.3884373, 18.7643388], [73.3882991, 18.7641332], [73.3878647, 18.7640023], [73.387687, 18.7637406], [73.3871736, 18.7635536], [73.3865813, 18.7628805], [73.3863246, 18.7627497], [73.3857617, 18.7629985], [73.3852816, 18.7629248], [73.3846566, 18.7628004], [73.3841416, 18.7627191], [73.3834201, 18.7628182], [73.382999, 18.7628664], [73.3825538, 18.7628817], [73.3822158, 18.7627623], [73.3809671, 18.7628744], [73.3805081, 18.7633488], [73.3793599, 18.7640838], [73.3790608, 18.764338], [73.3781534, 18.7645071], [73.3768783, 18.7639207], [73.3758641, 18.7640995], [73.375692, 18.7646301], [73.3755289, 18.765201], [73.3751413, 18.7656091], [73.3737906, 18.7655766], [73.373304, 18.7660373], [73.3726495, 18.7665736], [73.3722222, 18.7669028], [73.3722947, 18.7674841], [73.3719959, 18.7683298], [73.3717488, 18.7690673], [73.3714331, 18.7695038], [73.3710415, 18.7701212], [73.3710311, 18.7706769], [73.3710273, 18.7708793], [73.3710373, 18.7709486], [73.3710861, 18.7712861], [73.3710478, 18.7714081], [73.3709278, 18.7717907], [73.3709367, 18.7729873], [73.37103, 18.7732633], [73.3711078, 18.7734937], [73.3710037, 18.7738785], [73.3707151, 18.7749448], [73.3706864, 18.7757493], [73.3707215, 18.775894], [73.3707705, 18.7760965], [73.3708361, 18.7763671], [73.3710284, 18.7770063], [73.3711389, 18.7772577], [73.3713159, 18.7775046], [73.3713961, 18.7779665], [73.3714028, 18.7780048], [73.3714409, 18.7782291], [73.3711815, 18.7785285], [73.3710228, 18.7786138], [73.3707371, 18.7787672], [73.3703187, 18.7790688], [73.3700722, 18.7793076], [73.3700027, 18.7794218], [73.3700282, 18.7804368], [73.3703723, 18.7813051], [73.3705059, 18.7816371], [73.3708964, 18.7826078], [73.3709317, 18.7828166], [73.3709613, 18.7829917], [73.3706183, 18.7833937], [73.3706046, 18.7839592], [73.3706545, 18.7844186], [73.3710362, 18.7846739], [73.3711861, 18.7847741], [73.3713127, 18.7851277], [73.3713967, 18.7853624], [73.3716756, 18.7857235], [73.3722839, 18.7860681], [73.3725589, 18.7861192], [73.3727705, 18.7861585], [73.37312, 18.7864813], [73.3733684, 18.7867108], [73.3733996, 18.7870932], [73.3734515, 18.7877291], [73.3735116, 18.7878448], [73.3738013, 18.7884025], [73.3741805, 18.7889253], [73.3747457, 18.7888365], [73.375174, 18.7890993], [73.3752359, 18.7891595], [73.3755871, 18.7895007], [73.3759899, 18.7898321], [73.3762013, 18.7902044], [73.3766986, 18.7905459], [73.3769708, 18.7909496], [73.3772986, 18.7914788], [73.3776258, 18.7918749], [73.3780367, 18.7921525], [73.3783506, 18.7923645], [73.3787642, 18.7927098], [73.3787672, 18.7930475], [73.3787687, 18.7932245], [73.378606, 18.7935085], [73.3784375, 18.7938025], [73.3781892, 18.7943111], [73.3781529, 18.7943855], [73.3782194, 18.7947394], [73.3784698, 18.7950103], [73.3786209, 18.7951739], [73.3787051, 18.7955088], [73.3788245, 18.7958946], [73.3789149, 18.7966354], [73.3789393, 18.7977862], [73.3791576, 18.7983161], [73.3796981, 18.7985736], [73.3799687, 18.7987948], [73.380215, 18.7989961], [73.3806401, 18.7997342], [73.3812487, 18.8004492], [73.3817226, 18.8010469], [73.3817149, 18.8021359], [73.3816746, 18.8038028], [73.3817639, 18.8046565], [73.3816556, 18.8052937], [73.3815561, 18.8058793], [73.38171, 18.8071673], [73.3816459, 18.8076751], [73.3810473, 18.8081123], [73.3803297, 18.8082964], [73.3795629, 18.8089455], [73.3791702, 18.8097875], [73.3797067, 18.8108548], [73.3800087, 18.8118199], [73.3801594, 18.8128573], [73.3804751, 18.8136007], [73.3803992, 18.8145243], [73.380142, 18.8154891], [73.3796777, 18.8156379], [73.3789675, 18.8164013], [73.3787837, 18.817377], [73.3786, 18.8181531], [73.3784342, 18.8188338], [73.3779906, 18.8200994], [73.3777068, 18.8215165], [73.3775056, 18.8226874], [73.3769488, 18.8236278], [73.3761415, 18.8252691], [73.3755313, 18.8270091], [73.3754441, 18.8297065], [73.3755171, 18.830974], [73.3758894, 18.8320369], [73.376013, 18.8331032], [73.3761324, 18.8346357], [73.3761804, 18.8356557], [73.3760715, 18.8363122], [73.3759693, 18.837127], [73.374842, 18.8384557], [73.3744646, 18.8390873], [73.3748331, 18.8400791], [73.3749927, 18.8411105], [73.3750281, 18.8424988], [73.3747379, 18.8440214], [73.3747035, 18.8442215], [73.3745142, 18.8453218], [73.3744858, 18.8467898], [73.3752963, 18.8489675], [73.3753465, 18.8498836], [73.374951, 18.8497892], [73.3746445, 18.8499285], [73.3741996, 18.8504918], [73.3736897, 18.851619], [73.3739472, 18.8523298], [73.3749852, 18.8522825], [73.375192, 18.8529234], [73.3751106, 18.8537723], [73.3747458, 18.8548891], [73.3744025, 18.8556607], [73.3730829, 18.8572243], [73.3725893, 18.8584325], [73.3725572, 18.8593767], [73.3727288, 18.8612651], [73.3727074, 18.8616205], [73.3716667, 18.8632348], [73.3708942, 18.8641485], [73.3703577, 18.8645648], [73.3699179, 18.8647069], [73.3691025, 18.8646257], [73.3684266, 18.864514], [73.3682227, 18.8646561], [73.3678794, 18.8654074], [73.3677935, 18.8663719], [73.3673859, 18.867377], [73.3670425, 18.8677323], [73.365798, 18.868443], [73.3635664, 18.8697628], [73.3629549, 18.870382], [73.3628409, 18.8704722], [73.3626115, 18.870981], [73.3626866, 18.8724429], [73.3623218, 18.8730927], [73.3619141, 18.8735495], [73.3604979, 18.8741079], [73.3595002, 18.8742297], [73.3582985, 18.8738947], [73.3579384, 18.8735676], [73.3577084, 18.8730115], [73.3576548, 18.8723414], [73.3575153, 18.8716003], [73.3571505, 18.8712653], [73.3565283, 18.8709404], [73.3559811, 18.8708592], [73.3558631, 18.8708186], [73.3557343, 18.870778], [73.3556056, 18.8707374], [73.3554876, 18.8707069], [73.3551013, 18.8706054], [73.3549511, 18.8705445], [73.3547795, 18.8704836], [73.3546507, 18.8704531], [73.3536315, 18.8699557], [73.3525801, 18.869712], [73.3521187, 18.8698744], [73.3518612, 18.8702399], [73.3516359, 18.8706663], [73.3514213, 18.8707475], [73.3512175, 18.8710724], [73.3511639, 18.8711841], [73.3510995, 18.8714074], [73.3510136, 18.8716308], [73.3509815, 18.8717323], [73.35096, 18.8718643], [73.3506489, 18.8728693], [73.350209, 18.8739556], [73.349812, 18.8744327], [73.3495653, 18.8747068], [73.3494902, 18.8747881], [73.3494258, 18.8748896], [73.3493507, 18.8749708], [73.3491897, 18.8751738], [73.3490825, 18.8753058], [73.3490074, 18.875387], [73.3488035, 18.875651], [73.3486104, 18.8757931], [73.3484816, 18.8758743], [73.3483636, 18.8759454], [73.3481598, 18.8760875], [73.3480739, 18.8761687], [73.3479774, 18.8762398], [73.3478916, 18.876321], [73.3478057, 18.8764022], [73.3477092, 18.8764834], [73.3476126, 18.8765646], [73.3475268, 18.8766357], [73.3474195, 18.8767169], [73.3471727, 18.8769605], [73.3470762, 18.8770621], [73.3469045, 18.8772448], [73.3468294, 18.877326], [73.3467114, 18.8774478], [73.3454347, 18.8783107], [73.3445012, 18.8787879], [73.3438146, 18.879001], [73.3434391, 18.8792345], [73.3431065, 18.8791736], [73.3427739, 18.8789503], [73.3425593, 18.878331], [73.3423018, 18.8780163], [73.3415294, 18.877793], [73.3409071, 18.8777321], [73.3404565, 18.8780569], [73.3402312, 18.8784122], [73.3399629, 18.8789604], [73.3399308, 18.879062], [73.3398878, 18.8791736], [73.3398127, 18.879397], [73.3397591, 18.8795086], [73.3396625, 18.8797827], [73.3396518, 18.8799045], [73.3391583, 18.8805238], [73.3390617, 18.8805949], [73.3388364, 18.8807065], [73.3387291, 18.8807573], [73.3384931, 18.8808588], [73.3382141, 18.8809908], [73.3379781, 18.8811227], [73.3378601, 18.8811938], [73.3377528, 18.8812649], [73.337667, 18.8813258], [73.3375704, 18.8813968], [73.3373451, 18.8815999], [73.3369696, 18.8820059], [73.3368838, 18.8821176], [73.3364868, 18.8826658], [73.335886, 18.8833053], [73.3354032, 18.8835388], [73.3347487, 18.8836809], [73.3346414, 18.883752], [73.3345342, 18.8838027], [73.3344376, 18.8838738], [73.334223, 18.8840057], [73.3341265, 18.8840768], [73.3340514, 18.884158], [73.333987, 18.8842595], [73.3339226, 18.884361], [73.333869, 18.8844829], [73.3338153, 18.8845945], [73.333708, 18.884828], [73.3336651, 18.8849397], [73.3336222, 18.8850412], [73.3335686, 18.8851427], [73.3335042, 18.8852442], [73.3333218, 18.8860462], [73.3327961, 18.8873354], [73.3327532, 18.887447], [73.3326781, 18.8876703], [73.3326244, 18.887782], [73.3325493, 18.8878734], [73.3324635, 18.8879647], [73.3323777, 18.8880358], [73.3322489, 18.8880764], [73.3321416, 18.8881068], [73.3320022, 18.8881271], [73.3318519, 18.8881576], [73.3315408, 18.8882185], [73.3314013, 18.888249], [73.331294, 18.8882794], [73.3310902, 18.8883505], [73.3309615, 18.8884317], [73.3308649, 18.8885027], [73.3304465, 18.8887261], [73.3300173, 18.888858], [73.3298993, 18.8888783], [73.3296525, 18.8889088], [73.3295238, 18.8889088], [73.3293843, 18.8889392], [73.329277, 18.8889595], [73.329159, 18.8890001], [73.3289337, 18.8891017], [73.3288264, 18.8891727], [73.3287406, 18.8892438], [73.3286655, 18.8893351], [73.3285689, 18.8894062], [73.3283543, 18.8895381], [73.3282149, 18.8896092], [73.3280969, 18.8896295], [73.3279681, 18.8896295], [73.3273351, 18.889528], [73.3272171, 18.8894671], [73.3271098, 18.889396], [73.3266914, 18.8889595], [73.3266163, 18.8888682], [73.3265412, 18.8887768], [73.326391, 18.8885535], [73.3262944, 18.8884926], [73.3261979, 18.8884215], [73.3261013, 18.8883606], [73.325994, 18.8883099], [73.3258653, 18.8882794], [73.3257258, 18.8882693], [73.3254468, 18.8882693], [73.3248366, 18.8883575], [73.3246744, 18.8883809], [73.3236015, 18.888858], [73.3235156, 18.8889291], [73.3234191, 18.88899], [73.3232903, 18.8890813], [73.323183, 18.8891321], [73.3224106, 18.8901269], [73.3223462, 18.8902386], [73.3222926, 18.8903502], [73.3222496, 18.8904619], [73.3221853, 18.8906852], [73.3221638, 18.8908172], [73.3221531, 18.8909593], [73.3221531, 18.8912232], [73.3224535, 18.8921165], [73.3228934, 18.8936188], [73.3229256, 18.8949486], [73.3220136, 18.8972934], [73.3214772, 18.898278], [73.321445, 18.8983896], [73.3214128, 18.8985013], [73.3214128, 18.8986535], [73.3213913, 18.8988971], [73.3213377, 18.8992118], [73.321327, 18.8993438], [73.3212626, 18.8998107], [73.3212304, 18.8999223], [73.3212089, 18.900034], [73.3211875, 18.9001456], [73.3211768, 18.9002776], [73.321166, 18.9003994], [73.3211446, 18.9005212], [73.3211231, 18.900643], [73.3211231, 18.9011404], [73.3211553, 18.9021655], [73.3211875, 18.9024295], [73.3212304, 18.9026934], [73.3212519, 18.9028253], [73.3212626, 18.9029471], [73.3212948, 18.9030588], [73.3213055, 18.9031907], [73.3213377, 18.9033024], [73.3213591, 18.9034242], [73.3214021, 18.9036576], [73.3214235, 18.9037997], [73.3214557, 18.9039418], [73.3215094, 18.9041753], [73.3215308, 18.9042971], [73.3215737, 18.9045407], [73.3215952, 18.9046625], [73.3216059, 18.9047843], [73.3216166, 18.9049365], [73.3216166, 18.9050888], [73.3216381, 18.9052309], [73.3216596, 18.905373], [73.322314, 18.9069057], [73.3224642, 18.9072406], [73.3225179, 18.9073726], [73.3225715, 18.9074842], [73.322711, 18.9077075], [73.3228075, 18.9077786], [73.3228934, 18.9078598], [73.3231509, 18.9079815], [73.3232796, 18.9080526], [73.3234191, 18.9080932], [73.3235478, 18.9081338], [73.3239877, 18.9082759], [73.3242667, 18.9083571], [73.3243954, 18.9083875], [73.3245349, 18.9084078], [73.3248353, 18.9084078], [73.324964, 18.9083977], [73.3254039, 18.9083063], [73.3255327, 18.9082556], [73.3257902, 18.9082048], [73.3260476, 18.9081236], [73.3261657, 18.9080627], [73.3265734, 18.9079105], [73.3270454, 18.9076365], [73.3271849, 18.9075857], [73.3273137, 18.9075248], [73.3274317, 18.9074842], [73.3275497, 18.9074436], [73.3276784, 18.907403], [73.3278179, 18.9073624], [73.3279681, 18.9073624], [73.3283651, 18.9074436], [73.328644, 18.9075147], [73.3288693, 18.9076365], [73.3289766, 18.9077075], [73.3290732, 18.9077989], [73.3292878, 18.9079511], [73.3293843, 18.9080526], [73.3294701, 18.9081338], [73.3295452, 18.9082353], [73.3296311, 18.9083368], [73.3297169, 18.9084484], [73.3298564, 18.908692], [73.32991, 18.9088037], [73.3299422, 18.9089255], [73.3299744, 18.9090473], [73.3299744, 18.9093112], [73.3299637, 18.909433], [73.3299208, 18.9095446], [73.3298778, 18.9096563], [73.3298242, 18.9097476], [73.3296847, 18.9099506], [73.3295882, 18.9100521], [73.3292019, 18.9108438], [73.3291483, 18.9109453], [73.3290946, 18.9110468], [73.3289981, 18.9112904], [73.3289552, 18.9114223], [73.3287191, 18.9120313], [73.3287191, 18.9122039], [73.3286333, 18.912691], [73.3286333, 18.9130564], [73.3286548, 18.9131782], [73.3286977, 18.9133], [73.3287513, 18.9134218], [73.3288801, 18.913635], [73.3289552, 18.9137364], [73.3290732, 18.9138278], [73.3291697, 18.913909], [73.3292878, 18.9139902], [73.3293843, 18.9140714], [73.3294916, 18.9141424], [73.3296204, 18.9141932], [73.330028, 18.9142236], [73.3301675, 18.9142439], [73.3303285, 18.9142744], [73.3304894, 18.9142947], [73.3306396, 18.9143251], [73.3307791, 18.9143657], [73.3310473, 18.9144469], [73.3314979, 18.9146398], [73.3316159, 18.9147007], [73.3317339, 18.9147514], [73.3318216, 18.9148107], [73.3319592, 18.9149036], [73.3320665, 18.9149645], [73.3321738, 18.9150457], [73.3322704, 18.9151269], [73.3323562, 18.9152081], [73.3324313, 18.9152995], [73.3325279, 18.9155126], [73.3325708, 18.9156243], [73.3326137, 18.9157461], [73.3326459, 18.9158678], [73.3326888, 18.9159896], [73.3327317, 18.9161013], [73.3327639, 18.9162129], [73.3327961, 18.9163347], [73.3328497, 18.9165885], [73.3328819, 18.9167102], [73.3329356, 18.9168625], [73.3329785, 18.9170959], [73.3330428, 18.9183747], [73.3330536, 18.9184965], [73.3330536, 18.9190243], [73.3328497, 18.9199885], [73.3327317, 18.920364], [73.3326673, 18.9204655], [73.3325922, 18.9205467], [73.3325279, 18.920638], [73.3324528, 18.9207395], [73.3323347, 18.9209425], [73.3321845, 18.9211353], [73.3321202, 18.9212368], [73.3320665, 18.9213383], [73.3319378, 18.9215717], [73.3317876, 18.9218153], [73.3317339, 18.9219777], [73.3313584, 18.9233174], [73.3312833, 18.9241902], [73.3313048, 18.9243221], [73.3313262, 18.9244439], [73.3313584, 18.924586], [73.3313906, 18.9247179], [73.3314228, 18.9248296], [73.3314335, 18.9249513], [73.3318412, 18.9257531], [73.3318841, 18.9258647], [73.3320987, 18.9262098], [73.3321845, 18.9263113], [73.3323562, 18.9264838], [73.3324635, 18.9265752], [73.3325815, 18.9266563], [73.3326888, 18.9267274], [73.3330321, 18.926971], [73.3335578, 18.9273363], [73.3337295, 18.9274479], [73.3338475, 18.9275291], [73.3339655, 18.9276002], [73.3341265, 18.9277017], [73.3352744, 18.9280264], [73.3353925, 18.9280569], [73.3355319, 18.928067], [73.3356821, 18.9280772], [73.3358216, 18.9281076], [73.3361006, 18.9281685], [73.33624, 18.9281989], [73.3363902, 18.9282598], [73.3365297, 18.9283106], [73.3368301, 18.9284425], [73.3370769, 18.9285947], [73.3372915, 18.9287571], [73.3373773, 18.9288485], [73.3375382, 18.9290514], [73.3376133, 18.9291428], [73.3376777, 18.9292544], [73.3377421, 18.929366], [73.3377957, 18.9294777], [73.3378708, 18.9297111], [73.3378816, 18.9298227], [73.3380854, 18.930594], [73.3380639, 18.9307057], [73.3380425, 18.9308173], [73.3380318, 18.9311928], [73.3380103, 18.9313146], [73.3379888, 18.9314262], [73.3379459, 18.9315378], [73.3379137, 18.9316495], [73.3378601, 18.931751], [73.3378065, 18.9318524], [73.3377314, 18.9319438], [73.3376455, 18.932025], [73.3375597, 18.932096], [73.3374524, 18.932167], [73.3372807, 18.9323294], [73.3370876, 18.9324918], [73.3369589, 18.9325831], [73.336873, 18.9326542], [73.3365297, 18.9328977], [73.3356714, 18.9334965], [73.3355749, 18.9335777], [73.3354139, 18.9337197], [73.3352637, 18.9338517], [73.3351672, 18.9339329], [73.3350706, 18.934014], [73.334974, 18.9340952], [73.3348775, 18.9341967], [73.3347702, 18.9344301], [73.3347273, 18.9345519], [73.3346736, 18.9346838], [73.33462, 18.9348361], [73.3345771, 18.9349477], [73.3345342, 18.9350999], [73.3345234, 18.9352318], [73.3341908, 18.9366018], [73.3342445, 18.9379921], [73.3343947, 18.9387431], [73.3344698, 18.9390069], [73.3344912, 18.9391389], [73.3345127, 18.9392708], [73.3345556, 18.9395346], [73.3345878, 18.9396463], [73.3347058, 18.9398898], [73.3347595, 18.9400217], [73.3348453, 18.940174], [73.3348989, 18.940316], [73.3355641, 18.9410162], [73.33565, 18.9410974], [73.3357465, 18.9411888], [73.3358431, 18.9412598], [73.3362722, 18.9415439], [73.3363688, 18.9416251], [73.3364653, 18.9416962], [73.3365726, 18.9417672], [73.3366907, 18.9418382], [73.3367979, 18.9419296], [73.3369052, 18.9420107], [73.3371198, 18.9421427], [73.3372164, 18.9422238], [73.3373022, 18.9423152], [73.337388, 18.9424065], [73.3374524, 18.9424978], [73.337506, 18.9426095], [73.337549, 18.9427211], [73.3375919, 18.9428429], [73.3376455, 18.9430966], [73.3376777, 18.9432488], [73.3377099, 18.9433604], [73.3377314, 18.9434822], [73.3377528, 18.9436141], [73.3377743, 18.9437663], [73.3377743, 18.9438982], [73.3379459, 18.944639], [73.3379888, 18.9447506], [73.3380318, 18.9448623], [73.3381069, 18.9449942], [73.3381498, 18.9451261], [73.338182, 18.9452479], [73.3382141, 18.9453798], [73.3382249, 18.9455117], [73.3382249, 18.9456436], [73.338182, 18.9460292], [73.3381498, 18.9461612], [73.3380961, 18.9462728], [73.3380103, 18.9463641], [73.3379245, 18.9464453], [73.3378386, 18.9465265], [73.3377635, 18.9466076], [73.3376133, 18.9467802], [73.3375704, 18.9468918], [73.3375704, 18.9470034], [73.3376348, 18.9472469], [73.3376562, 18.9473992], [73.3375597, 18.9477645], [73.3374953, 18.9478659], [73.3374524, 18.9479877], [73.3374095, 18.9481095], [73.3373773, 18.9482211], [73.33727, 18.9484849], [73.3372164, 18.9486169], [73.3372164, 18.9487589], [73.3372486, 18.9494895], [73.3376241, 18.95021], [73.3377206, 18.9502912], [73.3378386, 18.9503521], [73.3379352, 18.9504332], [73.338021, 18.9505144], [73.3380961, 18.9505956], [73.3382249, 18.9506057], [73.3383536, 18.950626], [73.3384824, 18.9506666], [73.3385789, 18.9507377], [73.3386755, 18.950829], [73.3387613, 18.9509102], [73.3389223, 18.9510421], [73.3391368, 18.9511943], [73.3394587, 18.9513972], [73.3395767, 18.9514683], [73.3396733, 18.9515494], [73.3397806, 18.9516205], [73.3399093, 18.9516814], [73.3400273, 18.9517422], [73.3402741, 18.9518741], [73.3403814, 18.951935], [73.3404779, 18.9520061], [73.3405959, 18.9520669], [73.3408427, 18.9521684], [73.3409715, 18.952209], [73.3411002, 18.9522496], [73.341229, 18.95228], [73.341347, 18.9523206], [73.341465, 18.9523714], [73.3416152, 18.952412], [73.341862, 18.9525134], [73.3421758, 18.9526707], [73.342554, 18.9529371], [73.3429161, 18.9531984], [73.3434927, 18.9534875], [73.3439943, 18.9536474], [73.3446488, 18.9537869], [73.3457699, 18.9539974], [73.3465075, 18.9541294], [73.3471727, 18.9543526], [73.3475617, 18.9545428], [73.3481249, 18.9548878], [73.3486962, 18.955314], [73.3490154, 18.9556565], [73.3495143, 18.9562298], [73.3498174, 18.9566078], [73.3499783, 18.9569553], [73.350032, 18.9572318], [73.3500373, 18.9575464], [73.3500025, 18.9577518], [73.34993, 18.9580334], [73.349686, 18.958353], [73.3474657, 18.9608443], [73.3464378, 18.9616659], [73.3460677, 18.9619348], [73.3456117, 18.96229], [73.3452254, 18.9628734], [73.3448714, 18.9636902], [73.3446461, 18.9643852], [73.344512, 18.9647911], [73.344453, 18.9652984], [73.344453, 18.9657601], [73.3445281, 18.9660695], [73.3447266, 18.9665261], [73.3449626, 18.9669776], [73.3451557, 18.9672617], [73.3453166, 18.9674241], [73.3454615, 18.9675052], [73.3456224, 18.9675205], [73.3457941, 18.9674647], [73.3463412, 18.9675306], [73.3467168, 18.9676879], [73.3481276, 18.9680937], [73.3487874, 18.968251], [73.3492058, 18.9684235], [73.3494258, 18.9686315], [73.3495009, 18.9690272], [73.349576, 18.9694838], [73.3496028, 18.9700875], [73.3496189, 18.9706607], [73.3496565, 18.9711274], [73.3497101, 18.9720152], [73.3497208, 18.9731363], [73.3496994, 18.9743183], [73.3497101, 18.9750691], [73.3497423, 18.975267], [73.3498657, 18.9756373], [73.3500695, 18.9763323], [73.3502197, 18.9766468], [73.3507025, 18.9773722], [73.3509836, 18.9777606], [73.3518881, 18.9790107], [73.3520597, 18.9792492], [73.3521187, 18.9793811], [73.3521402, 18.9795485], [73.3521402, 18.9797361], [73.3520948, 18.9799685], [73.351534, 18.9824501], [73.3511639, 18.9835001], [73.3508795, 18.9839516], [73.350563, 18.9843777], [73.3503109, 18.9847277], [73.3500856, 18.9849103], [73.34993, 18.9849306], [73.3497208, 18.9849052], [73.349399, 18.9848038], [73.3490288, 18.9846009], [73.348884, 18.9845603], [73.3486748, 18.9846465], [73.3483905, 18.9848038], [73.3481222, 18.9850929], [73.3479881, 18.9852603], [73.3478486, 18.9856915], [73.3477575, 18.9859806], [73.3476394, 18.9863154], [73.3475268, 18.987264], [73.3474624, 18.9883495], [73.3472371, 18.9896328], [73.3471566, 18.990135], [73.3471513, 18.9906321], [73.3471996, 18.9908756], [73.3473015, 18.9910785], [73.3475429, 18.9913625], [73.3476394, 18.9915401], [73.3477628, 18.992022], [73.3479077, 18.9928285], [73.3480042, 18.9934828], [73.3477467, 18.9942183], [73.3473068, 18.9951009], [73.3469742, 18.9955726], [73.3465987, 18.9960849], [73.3461428, 18.9965363], [73.3454937, 18.9970233], [73.3437556, 18.9981696], [73.3433908, 18.9985044], [73.3428866, 18.9990572], [73.3424681, 18.9995188], [73.3423018, 18.9999854], [73.3422267, 19.0004521], [73.3421731, 19.0010455], [73.342157, 19.0016136], [73.3422857, 19.00242], [73.3424038, 19.003612], [73.3428168, 19.0051184], [73.3434759, 19.0081011], [73.3422743, 19.0119963], [73.3418414, 19.0156524], [73.3410569, 19.0170382], [73.339785, 19.0192608], [73.3394649, 19.0197588], [73.3387997, 19.0208137], [73.3387568, 19.0217469], [73.3385208, 19.0247897], [73.3385208, 19.0253172], [73.3386924, 19.0273254], [73.3394005, 19.0300842], [73.3397224, 19.0312404], [73.3397224, 19.033208], [73.3388856, 19.0346482], [73.3381775, 19.0374272], [73.3378556, 19.0419099], [73.3371689, 19.0427821], [73.3365681, 19.0430863], [73.3353236, 19.0430863], [73.3339932, 19.0430458], [73.3322551, 19.0433703], [73.3306244, 19.043492], [73.3300879, 19.0432689], [73.3292511, 19.0425793], [73.3286073, 19.0416057], [73.328028, 19.0404698], [73.3271697, 19.0391919], [73.3263972, 19.0381371], [73.3254745, 19.0373461], [73.324466, 19.0368998], [73.3236935, 19.0367781], [73.3231018, 19.0368762], [73.3224704, 19.0369809], [73.3213546, 19.0378937], [73.3209684, 19.0385225], [73.3206895, 19.0393136], [73.3206438, 19.0394454], [73.3211634, 19.0395664], [73.3216327, 19.0403498], [73.321942, 19.0411797], [73.3219385, 19.04179], [73.3220681, 19.0426502], [73.3221424, 19.0432656], [73.3222505, 19.0436188], [73.3230713, 19.0451147], [73.3232749, 19.0455617], [73.3244016, 19.0480354], [73.3248952, 19.0493944], [73.3254138, 19.0501775], [73.3266547, 19.0520513], [73.3278349, 19.0531466], [73.3313754, 19.05483], [73.3321478, 19.0558238], [73.3324912, 19.0566756], [73.3323195, 19.0579128], [73.3302167, 19.0604683], [73.3288434, 19.0627195], [73.3281353, 19.0642203], [73.3279636, 19.0657413], [73.3274701, 19.0681141], [73.3266332, 19.0694323], [73.3263328, 19.0719268], [73.324466, 19.0737114], [73.3212903, 19.0753338], [73.3203247, 19.0757596], [73.3196166, 19.0765302], [73.3190372, 19.0778687], [73.3189085, 19.0788218], [73.3192732, 19.0804238], [73.3198955, 19.0824922], [73.320389, 19.083202], [73.3212688, 19.0843173], [73.3217623, 19.0849865], [73.3217838, 19.085534], [73.3217623, 19.0863046], [73.3217548, 19.0872982], [73.3209255, 19.0883729], [73.3193833, 19.0898483], [73.318585, 19.0905296], [73.3159157, 19.092752], [73.3149801, 19.0944229], [73.313315, 19.0965722], [73.310105, 19.0985107], [73.3093926, 19.0995975], [73.3093239, 19.1007573], [73.3093239, 19.101836], [73.3089806, 19.103669], [73.3060841, 19.1103102], [73.3012362, 19.114443], [73.3003675, 19.115186], [73.2963709, 19.1177194], [73.2932849, 19.1212087], [73.2900977, 19.1205395], [73.2885294, 19.1177672], [73.2857976, 19.1137519], [73.2823575, 19.1125091], [73.2783103, 19.1127481], [73.2751737, 19.1145645], [73.2724418, 19.1189144], [73.266371, 19.1238854], [73.2636898, 19.1266099], [73.2633862, 19.1293343], [73.2641451, 19.1312461], [73.2628297, 19.1344484], [73.260705, 19.139897], [73.2579225, 19.1437204], [73.2564393, 19.1442769], [73.2554336, 19.1448657], [73.2529647, 19.1501244], [73.2532682, 19.1542343], [73.2548871, 19.1596344], [73.2545552, 19.1628745], [73.2544318, 19.1640786], [73.2528129, 19.170673], [73.2504352, 19.1725844], [73.2479563, 19.1742568], [73.2455786, 19.1776494], [73.2456103, 19.1784324], [73.2458821, 19.1851511], [73.2467845, 19.1888136], [73.2480068, 19.1950536], [73.2462889, 19.2025413], [73.2447032, 19.2075952], [73.2451657, 19.2157374], [73.243613, 19.2173596], [73.2356183, 19.2192001], [73.2315892, 19.2198909], [73.2277777, 19.221209], [73.2266774, 19.2232337], [73.2264799, 19.2256581], [73.227552, 19.2278692], [73.2339567, 19.2313058], [73.2370603, 19.2343694], [73.236496, 19.2366071], [73.230176, 19.2431336], [73.2296963, 19.2472891], [73.2288612, 19.2497644], [73.2245613, 19.2515777], [73.2160687, 19.2569316], [73.2139526, 19.2573311], [73.2102283, 19.2557862], [73.2075762, 19.2562657], [73.2056576, 19.2578372], [73.2028643, 19.2611666], [73.2011715, 19.261726], [73.1997393, 19.2615406], [73.1967677, 19.2613043], [73.1950394, 19.2609031], [73.1936085, 19.2602477], [73.1929639, 19.2594453], [73.1926806, 19.2590441], [73.1925177, 19.2585626], [73.1925035, 19.2577735], [73.1926381, 19.2571583], [73.1928931, 19.2565832], [73.1940548, 19.2543831], [73.1944302, 19.2530323], [73.1941894, 19.2517283], [73.1937219, 19.2510261], [73.1933819, 19.2507921], [73.1929568, 19.2506115], [73.1924893, 19.2505179], [73.1920147, 19.250558], [73.1909381, 19.2511197], [73.1890893, 19.2518219], [73.1880622, 19.2527849], [73.1868895, 19.254104], [73.1850363, 19.2555887], [73.1834735, 19.2564162], [73.1824417, 19.2565439], [73.1818557, 19.2565723], [73.1815652, 19.2565439], [73.1811395, 19.2564824], [73.1804983, 19.2563169], [73.1796418, 19.2559765], [73.1786301, 19.255428], [73.1765665, 19.2539858], [73.1752942, 19.2531393], [73.1718833, 19.2515127], [73.1712187, 19.251079], [73.1707964, 19.2508034], [73.1701352, 19.2507608], [73.1695592, 19.2507325], [73.1689257, 19.2509048], [73.1686376, 19.2509831], [73.1681868, 19.2512337], [73.1678362, 19.25156], [73.1675307, 19.252047], [73.1672001, 19.2531015], [73.1667192, 19.2539952], [73.165983, 19.2548024], [73.1653714, 19.2551629], [73.1649382, 19.2554435], [73.1624253, 19.2574673], [73.1617461, 19.2580144], [73.1578445, 19.259188], [73.1576247, 19.2603271], [73.1561685, 19.2635434], [73.1534071, 19.2659945], [73.1496567, 19.268251], [73.1471717, 19.2684592], [73.145365, 19.2677157], [73.1415376, 19.2675188], [73.1381897, 19.2704422], [73.1327493, 19.280318], [73.1279366, 19.2825894], [73.1230265, 19.2814219], [73.114231, 19.2793305], [73.1037807, 19.2719197], [73.1018854, 19.2670843], [73.1042918, 19.2618497], [73.113416, 19.2532837], [73.1143356, 19.2515776], [73.1161703, 19.2477419], [73.1163482, 19.2473699], [73.1158746, 19.2425262], [73.1144539, 19.2378313], [73.1142811, 19.2375917], [73.1119281, 19.2343287], [73.107587, 19.232242], [73.1024565, 19.232093], [73.1020238, 19.2322187], [73.0983521, 19.2332854], [73.0925902, 19.2385765], [73.0880912, 19.2414829], [73.0824871, 19.2422281], [73.0777513, 19.2410358], [73.0762289, 19.2398943], [73.0723228, 19.2369656], [73.0697004, 19.2349994], [73.0668589, 19.2314968], [73.0666221, 19.2274723], [73.0674114, 19.2198704], [73.0673081, 19.2174886], [73.0671033, 19.212763], [73.0651487, 19.2062651], [73.0628908, 19.2044701], [73.0608022, 19.2033425], [73.0589204, 19.2024212], [73.0542452, 19.2020906], [73.0467292, 19.2008387], [73.0337205, 19.1977181], [73.0285945, 19.1982498], [73.0252597, 19.2000643], [73.0221594, 19.2064752], [73.0163526, 19.2150581], [73.0085509, 19.2213182], [73.0062561, 19.2239563], [73.0048879, 19.2272691], [73.0035123, 19.2305997], [73.0022151, 19.2337403], [73.0015478, 19.2377054], [73.0006053, 19.2432665], [72.9999817, 19.2468264], [72.9992544, 19.2509776], [72.996541, 19.2561494], [72.9917582, 19.2652848], [72.9916883, 19.2654184], [72.9915785, 19.2659918], [72.9910183, 19.2689159], [72.9910183, 19.2728295], [72.9910183, 19.2744861], [72.9900446, 19.2795606], [72.9848384, 19.2853019], [72.98115, 19.2887207], [72.9809971, 19.2888624], [72.9771328, 19.2916452], [72.9679379, 19.2982666], [72.9623804, 19.3000488], [72.9569731, 19.3000893], [72.9503641, 19.2986919], [72.9479655, 19.2977112], [72.9444203, 19.2962617], [72.9409013, 19.2923934], [72.9388842, 19.2894365], [72.9370818, 19.2882213], [72.9349425, 19.287931], [72.9267184, 19.2902597], [72.9088114, 19.2887603], [72.905775, 19.2890112], [72.902256, 19.2904897], [72.8971061, 19.29292], [72.8823086, 19.3102852], [72.8670119, 19.3217716], [72.8610384, 19.3249434], [72.854018, 19.3262728], [72.8397081, 19.3258072], [72.8310002, 19.324111], [72.8259515, 19.322352]]]}, "properties": {"river_id": "ulhas", "name": "Ulhas River", "name_mr": "उल्हास नदी", "waterway": "river", "length_km": 145.8, "osm_ids": [44363584]}}, {"type": "Feature", "geometry": {"type": "MultiLineString", "coordinates": [[[73.1849072, 19.1742261], [73.1848214, 19.1745504], [73.184757, 19.1748544], [73.1846712, 19.175057], [73.184521, 19.1753205], [73.1844781, 19.1756448], [73.1843923, 19.1760299], [73.1843493, 19.1762933], [73.1842421, 19.1766379], [73.1840919, 19.1769013], [73.1839846, 19.1769824], [73.1838129, 19.1772661], [73.1836815, 19.1775306]], [[73.1727853, 19.2165109], [73.1721927, 19.2169534], [73.1715773, 19.2172692], [73.1703198, 19.2167955], [73.1688147, 19.2167829], [73.1681793, 19.2164734], [73.167604, 19.2155575], [73.1669418, 19.2154122], [73.1664267, 19.2155891], [73.1660722, 19.2159997], [73.1654568, 19.2174335], [73.1648882, 19.2181409], [73.1641725, 19.2184946], [73.1625069, 19.2190757], [73.1617911, 19.2193094], [73.1609149, 19.2195494], [73.1598446, 19.2202758], [73.1591356, 19.2213748], [73.157276, 19.2226002], [73.1567542, 19.2232129], [73.1567342, 19.2238508], [73.1576573, 19.2255309], [73.1576439, 19.2262067], [73.1568479, 19.2282657], [73.1562526, 19.2287205], [73.1542057, 19.229371], [73.1524732, 19.2295731], [73.1515167, 19.2295668], [73.1509815, 19.2297878], [73.149744, 19.2311963], [73.1489882, 19.2315689], [73.1476838, 19.2316005], [73.1470283, 19.2319352], [73.1463995, 19.2327563], [73.1467272, 19.2338047], [73.1470149, 19.23539], [73.1471754, 19.2363941], [73.1478443, 19.236792], [73.1492758, 19.2366468], [73.1507006, 19.2369499], [73.1510417, 19.2371583], [73.1510551, 19.2376131], [73.1505668, 19.2396467], [73.1504999, 19.240594], [73.150928, 19.2413013], [73.1518779, 19.2419329], [73.1519202, 19.2424437], [73.1519654, 19.2430291], [73.1519782, 19.2431454], [73.1522525, 19.2438591], [73.1524063, 19.2446422], [73.1527608, 19.2452548], [73.1534565, 19.2457284], [73.1541522, 19.2466315], [73.1548612, 19.2485134], [73.1562258, 19.2504901], [73.156261, 19.2506242], [73.1564131, 19.2512037], [73.1563261, 19.2533887], [73.1559515, 19.2550558], [73.1560853, 19.2558578], [73.1578445, 19.259188]]]}, "properties": {"river_id": "waldhuni", "name": "Waldhuni River", "name_mr": "वालधुनी नदी", "waterway": "river", "length_km": 8.0, "osm_ids": [60224515, 204366005]}}, {"type": "Feature", "geometry": {"type": "MultiLineString", "coordinates": [[[73.4431763, 19.3354569], [73.4425524, 19.3340276], [73.4414151, 19.3329342], [73.4400096, 19.332914], [73.4383253, 19.3336936], [73.4368876, 19.3344124], [73.4351615, 19.3343444], [73.434661, 19.334027], [73.4340395, 19.333635], [73.4337123, 19.3326229], [73.4335114, 19.3317525], [73.4342321, 19.3308487], [73.4347311, 19.3293807], [73.4345057, 19.3288088], [73.4339556, 19.328125], [73.4322393, 19.3275938], [73.4298601, 19.3259183], [73.4275427, 19.3252602], [73.4262552, 19.326465], [73.4250429, 19.3284088], [73.422983, 19.3303527], [73.4205797, 19.3329444], [73.4178331, 19.3350501], [73.4159449, 19.3366699], [73.4133699, 19.3379657], [73.41131, 19.3394235], [73.4104517, 19.3405573], [73.4095934, 19.3420151], [73.4080484, 19.3431489], [73.4056663, 19.3441482], [73.4046149, 19.3440874], [73.4036708, 19.3435408], [73.4030056, 19.3413542], [73.4029412, 19.3398154], [73.4032202, 19.3379527], [73.4034136, 19.3366699], [73.40307, 19.3340247], [73.4030914, 19.3318785], [73.4035206, 19.3304611], [73.4043145, 19.3285578], [73.4049797, 19.3274036], [73.4051943, 19.3260267], [73.405323, 19.3251155], [73.4046364, 19.3237589], [73.4037137, 19.3231312], [73.402276, 19.3221592], [73.4009456, 19.32141], [73.3993578, 19.32141], [73.3967188, 19.3216053], [73.3938005, 19.3217673], [73.391297, 19.3212009], [73.3888088, 19.3200477], [73.387179, 19.3195056], [73.3851143, 19.3190856], [73.382814, 19.3184969], [73.3806331, 19.3177492], [73.3795688, 19.3168387], [73.3797139, 19.3154159], [73.380727, 19.3136372], [73.3809259, 19.3107514], [73.3807543, 19.3076733], [73.3810976, 19.3057292], [73.3821276, 19.3034611], [73.3824709, 19.3013549], [73.3814409, 19.3000588], [73.3802393, 19.2990867]], [[73.3802393, 19.2990867], [73.3771494, 19.2995728], [73.3749178, 19.3007069], [73.3733728, 19.302327], [73.3721712, 19.3036231], [73.3711412, 19.3047572], [73.369768, 19.3071873], [73.3675364, 19.3094554], [73.3654764, 19.3115614], [73.3637595, 19.3125406], [73.3618927, 19.3129862], [73.3598971, 19.3133304], [73.3576441, 19.3136544], [73.3566785, 19.3142619], [73.3554983, 19.3158009], [73.3542108, 19.3172791], [73.3536318, 19.3175554], [73.3526018, 19.3193374], [73.3522585, 19.3204713], [73.3520973, 19.3210658], [73.3524299, 19.3219871], [73.3534384, 19.3231109], [73.3539426, 19.324174], [73.3544901, 19.325979], [73.3544901, 19.3277609], [73.3544901, 19.3295427], [73.3538034, 19.3306766], [73.3522585, 19.3316485], [73.3496836, 19.3322964], [73.347452, 19.3327824], [73.3440188, 19.3326204], [73.3412722, 19.3327824], [73.3395556, 19.3335923], [73.3386972, 19.3348881], [73.3380106, 19.3366699], [73.3381823, 19.3381277], [73.3390406, 19.3394235], [73.3407572, 19.3412052], [73.3411188, 19.3424116], [73.3408558, 19.3429577], [73.3410647, 19.3439204], [73.3405769, 19.3452336], [73.3401847, 19.3456337], [73.3392122, 19.3465503], [73.3375091, 19.3467678], [73.3356474, 19.3465268], [73.3345774, 19.3463883], [73.3314875, 19.3450925], [73.3301838, 19.3446285], [73.3290842, 19.3436348], [73.3276842, 19.3419138], [73.3267412, 19.3394774], [73.3255119, 19.3379554], [73.3235616, 19.335926], [73.3220235, 19.3340727], [73.3212492, 19.3330144], [73.3208761, 19.3317341], [73.320683, 19.3308254], [73.3203422, 19.33044], [73.3195151, 19.3298959]], [[73.2911843, 19.31857], [73.2894153, 19.3170963], [73.2872243, 19.3161713], [73.2721178, 19.314158], [73.2696961, 19.3137772], [73.2684853, 19.3118727], [73.266352, 19.3049075], [73.2619123, 19.3015881], [73.2571843, 19.2977788], [73.2525716, 19.2968537], [73.2477859, 19.29767], [73.2424237, 19.3033838], [73.2336954, 19.3082387], [73.2282978, 19.3106069], [73.2238401, 19.3105668], [73.2222269, 19.3092046], [73.2221419, 19.3066403], [73.2212504, 19.3053181], [73.2142031, 19.3003097], [73.2111888, 19.2995084], [73.2102256, 19.2996254], [73.2095756, 19.299869], [73.2085327, 19.3010058], [73.2075936, 19.3023683], [73.2062487, 19.3040217], [73.2055051, 19.3043862], [73.2015694, 19.3054669], [73.2006669, 19.3056214], [73.1997703, 19.3059381], [73.1986884, 19.3065527], [73.1979822, 19.3066567], [73.1957483, 19.3068505], [73.1939752, 19.3074603], [73.1930093, 19.307593], [73.1920788, 19.3071775], [73.1902805, 19.303809], [73.1899476, 19.3028356], [73.1898551, 19.29976], [73.1898709, 19.2987545], [73.1901947, 19.2971019], [73.1908175, 19.2963955], [73.1915045, 19.2956194], [73.1929813, 19.2952846], [73.1945767, 19.2944717], [73.1963946, 19.2929913], [73.1969683, 19.2922685], [73.1972441, 19.2908468], [73.1965475, 19.2897848], [73.1950021, 19.2885397], [73.193165, 19.2877885], [73.1870853, 19.2868379], [73.1809916, 19.2859382]], [[73.443497, 19.3360546], [73.4443767, 19.3366975], [73.4451041, 19.33731], [73.4459002, 19.3377706], [73.446501, 19.3380945], [73.4473357, 19.338383], [73.4480031, 19.33854], [73.4504492, 19.3392689], [73.4512217, 19.3392689], [73.4522946, 19.3393903], [73.4530456, 19.3393093], [73.4540541, 19.3388639], [73.4553394, 19.3381401], [73.4569295, 19.3370214], [73.457938, 19.3365962], [73.4590945, 19.3365406], [73.4616909, 19.337148], [73.4628089, 19.3371227], [73.4639032, 19.3368999], [73.4645662, 19.3366215], [73.4649096, 19.3362571], [73.4652314, 19.3354067], [73.4653173, 19.3345968], [73.4652336, 19.3334781], [73.4646521, 19.3317621], [73.4642894, 19.3306637], [73.4654675, 19.3290084], [73.4670124, 19.328077], [73.468066, 19.327829], [73.4691603, 19.327748], [73.4708319, 19.327834], [73.4714348, 19.3275657], [73.4717996, 19.3269795], [73.4723768, 19.3253637], [73.4731064, 19.3245538], [73.4732587, 19.3237802], [73.4739025, 19.3230918], [73.4751899, 19.3229703], [73.4763487, 19.3229298], [73.4769888, 19.3231393]], [[73.3195151, 19.3298959], [73.3194839, 19.3289297], [73.3186603, 19.3283989], [73.3171728, 19.3273566], [73.3136347, 19.325979], [73.3106306, 19.3242781], [73.3089998, 19.3235492], [73.3075407, 19.3223342], [73.3057383, 19.3219293], [73.3047083, 19.3225772], [73.3035925, 19.3229012], [73.3025625, 19.3229822], [73.3011892, 19.3228202], [73.3000734, 19.3224152], [73.2990435, 19.3224152], [73.297756, 19.3227392], [73.2969835, 19.3229012], [73.2958677, 19.3220913], [73.2948574, 19.3215792], [73.2942449, 19.3208137], [73.2911843, 19.31857]], [[73.4911603, 19.3296398], [73.4868085, 19.3293221], [73.4838848, 19.3294082], [73.4821097, 19.3283335], [73.4801288, 19.3246071], [73.4792375, 19.3232053], [73.4782832, 19.322972], [73.4769888, 19.3231393]], [[73.3195151, 19.3298959], [73.3192, 19.3302485], [73.3186957, 19.3308559], [73.3179286, 19.3319569], [73.3173412, 19.3326504], [73.3171105, 19.3329718], [73.3170301, 19.3330326], [73.316955, 19.3330427], [73.3168316, 19.3329845], [73.3167377, 19.3328908], [73.3159143, 19.3319341], [73.3151096, 19.3311141], [73.3144283, 19.3307901], [73.3108556, 19.3299903], [73.3096808, 19.3298182], [73.3090907, 19.3299195], [73.3084416, 19.3301219], [73.3078569, 19.3302789], [73.3072829, 19.3302384], [73.3067197, 19.3300055], [73.305636, 19.3291551], [73.303619, 19.328492], [73.3017898, 19.3280819], [73.2982922, 19.3272568], [73.2957816, 19.3264368], [73.2942206, 19.325804], [73.2932872, 19.325075], [73.2918709, 19.3238804], [73.291077, 19.323278], [73.2910663, 19.3230755], [73.2911467, 19.3224326], [73.2912272, 19.3214707], [73.2912326, 19.3201343], [73.2911843, 19.31857]]]}, "properties": {"river_id": "kalu", "name": "Kalu River", "name_mr": "काळू नदी", "waterway": "river", "length_km": 56.0, "osm_ids": [50910168, 60013424, 204352227, 291581348, 306160263, 306160264, 640668479]}}, {"type": "Feature", "geometry": {"type": "MultiLineString", "coordinates": [[[73.5071611, 19.8243141], [73.5056083, 19.8186424], [73.5055409, 19.81832]], [[73.0818117, 19.6416051], [73.0809849, 19.6415417], [73.0801052, 19.6412184], [73.0788016, 19.6406626], [73.0782601, 19.6405672], [73.076967, 19.6403393], [73.0758673, 19.6402433], [73.07473, 19.6405262], [73.0737269, 19.6405969], [73.0727291, 19.6405868], [73.0721766, 19.6404049], [73.0715758, 19.6401372], [73.0709956, 19.6397182], [73.0707335, 19.6392732], [73.0706048, 19.6388084], [73.070476, 19.6380607], [73.0702829, 19.6354738], [73.0700469, 19.6313206], [73.0697679, 19.6295825], [73.0694246, 19.62838], [73.068974, 19.6276625], [73.068105, 19.6268035], [73.0670965, 19.6262982], [73.0654549, 19.6257424], [73.0633843, 19.6248127], [73.0621612, 19.6241862], [73.0610239, 19.623782], [73.0600905, 19.6236102], [73.0592537, 19.6235091], [73.0584597, 19.6235192], [73.0568719, 19.6237112], [73.0551553, 19.6238123], [73.0541038, 19.6236607], [73.0527735, 19.6231756], [73.0506277, 19.6220741], [73.0484712, 19.6211039], [73.0475593, 19.6209119], [73.0453706, 19.6205178], [73.0427205, 19.6200731], [73.0404675, 19.6195577], [73.0391693, 19.6194668], [73.0379033, 19.6195577], [73.0367231, 19.6198407], [73.0359828, 19.6199822], [73.0353391, 19.6202955], [73.0344057, 19.6205683], [73.032968, 19.620821], [73.0295724, 19.6211999], [73.0287838, 19.621402], [73.0275124, 19.6218164], [73.0268258, 19.622165], [73.0250287, 19.623115], [73.0241436, 19.6237516], [73.0233979, 19.6244742], [73.0227864, 19.625126], [73.0222714, 19.6255706], [73.0217564, 19.6257273], [73.0210215, 19.625889], [73.020308, 19.6260709], [73.0197447, 19.6263892], [73.018865, 19.6270258], [73.0180764, 19.6276372], [73.0171055, 19.6282183], [73.0150455, 19.6290823], [73.0133879, 19.630017], [73.0119878, 19.6306284], [73.0108827, 19.6308962], [73.0100888, 19.6310124], [73.0090427, 19.6310225], [73.0080825, 19.6307699], [73.00753, 19.6304768], [73.0072242, 19.6300625], [73.0068594, 19.6292086], [73.0065805, 19.6281021], [73.0061299, 19.6268642], [73.0059797, 19.626369], [73.005529, 19.6244338], [73.0053252, 19.6234131], [73.0051804, 19.6228169], [73.0048531, 19.6205885], [73.0046225, 19.6199013], [73.004424, 19.6194213], [73.0042201, 19.6191787], [73.0038714, 19.6189867], [73.0035818, 19.6189008], [73.0031955, 19.618921], [73.0025518, 19.6187038], [73.002187, 19.6186886], [73.0019402, 19.6187593], [73.0017954, 19.6188452], [73.0017096, 19.6191585], [73.0015701, 19.6193354], [73.0013609, 19.6194466], [73.0010444, 19.619492], [73.0006206, 19.6194668], [73.0005509, 19.6195981], [73.0005562, 19.6197447], [73.0006099, 19.6199316], [73.0007011, 19.6202904], [73.0007762, 19.6209978], [73.0007923, 19.6214324], [73.0005938, 19.6219174], [73.000347, 19.6222206], [73.000288, 19.6224278], [73.0003631, 19.6232009], [73.0002773, 19.6237466], [72.9998964, 19.624267], [72.99936, 19.6247571], [72.9987431, 19.6250957], [72.9976165, 19.625601], [72.9966778, 19.6259446], [72.9961413, 19.6261871], [72.9955459, 19.6263538], [72.994827, 19.6264145], [72.9938132, 19.6263134], [72.9923487, 19.6262578], [72.9911256, 19.626273], [72.9901439, 19.6263033], [72.9895484, 19.6265357], [72.9853002, 19.6277355], [72.9822981, 19.6299937], [72.9807585, 19.632623], [72.9785033, 19.6348148], [72.9752112, 19.6375603], [72.9708794, 19.6416234], [72.9648152, 19.648969], [72.959971, 19.6534596], [72.9571841, 19.6558237], [72.9554422, 19.6580746], [72.9535014, 19.6612394], [72.9514886, 19.6665715], [72.9491739, 19.6700658], [72.9475826, 19.6739792], [72.9465848, 19.676631], [72.9462147, 19.6776615], [72.9454744, 19.6792879], [72.9444337, 19.6814245], [72.9432535, 19.6835662], [72.942642, 19.6844097], [72.9419124, 19.6852835], [72.9414242, 19.685733], [72.9409093, 19.6859249], [72.940464, 19.6859755], [72.9399812, 19.6861421], [72.939654, 19.6864856], [72.9394555, 19.6868644], [72.9392677, 19.6870462], [72.9390103, 19.6870967], [72.9387903, 19.6871624], [72.9383129, 19.6876372], [72.9377282, 19.6882483], [72.9370737, 19.68891], [72.936607, 19.6892585], [72.9361403, 19.6896727], [72.9358882, 19.690102], [72.9358077, 19.6905161], [72.9358453, 19.6910313], [72.9360866, 19.6917283], [72.9363602, 19.6923394], [72.9376168, 19.6939084], [72.9381256, 19.695741], [72.9388371, 19.6999395], [72.9377722, 19.7025439], [72.9364897, 19.7043035], [72.9357442, 19.7049341], [72.9331151, 19.7071581], [72.9323959, 19.7079604], [72.9321062, 19.7086372], [72.9315805, 19.7097886], [72.9310229, 19.7111967], [72.9309046, 19.7114955], [72.929939, 19.7129803], [72.9291665, 19.714263], [72.9267847, 19.717], [72.925787, 19.7184443], [72.9242527, 19.7205147], [72.9227829, 19.7218176], [72.921474, 19.7226558], [72.9200792, 19.7232416], [72.9189956, 19.7234537], [72.9184592, 19.7233224], [72.9181588, 19.7230194], [72.9170966, 19.721959], [72.9162812, 19.7212621], [72.9151976, 19.7208581], [72.9143071, 19.7203329], [72.9132879, 19.7195957], [72.9121292, 19.7185655], [72.9108095, 19.7170909], [72.9101443, 19.7164344], [72.908535, 19.7151922], [72.9066253, 19.7138691], [72.90537, 19.7128591], [72.9046082, 19.7117682], [72.9044366, 19.71094], [72.904619, 19.710132], [72.9049301, 19.7093846], [72.9052949, 19.7085867], [72.9054022, 19.7078796], [72.9053807, 19.7071524], [72.9053807, 19.7060616], [72.9057348, 19.704294], [72.9058313, 19.7024051], [72.9058421, 19.7012234], [72.9057562, 19.6998294], [72.9045568, 19.6957854], [72.9031804, 19.6906905], [72.9022577, 19.6842405], [72.9009721, 19.679771], [72.8985666, 19.6770982], [72.8948755, 19.6738435], [72.8921281, 19.6710029], [72.8895735, 19.6661999], [72.8870242, 19.6631071], [72.8839587, 19.6586296], [72.8821149, 19.6547763], [72.882063, 19.6546678], [72.8781093, 19.6516334], [72.8759529, 19.6501621], [72.8727604, 19.6501016], [72.8696167, 19.6506171], [72.867744, 19.6507114], [72.866478, 19.6504385], [72.8655767, 19.6499738], [72.863785, 19.6491856], [72.8622293, 19.6486804], [72.8610277, 19.6480439], [72.8596544, 19.6473063], [72.8586352, 19.6465383], [72.8576481, 19.6454875]], [[73.5055409, 19.81832], [73.5054552, 19.8179102]], [[73.4333664, 19.7049326], [73.4325131, 19.7040203], [73.4320503, 19.7036254], [73.4317683, 19.7031761], [73.4316742, 19.7028016], [73.4305244, 19.7023795], [73.4300616, 19.7023931], [73.4297289, 19.7024408], [73.4293963, 19.702611], [73.4291938, 19.7027812], [73.4287671, 19.7031216], [73.4284923, 19.7034348], [73.4282898, 19.7037956], [73.4279644, 19.7042314], [73.4273497, 19.7050007], [73.4269763, 19.7052421], [73.4229155, 19.7071222], [73.4225106, 19.7072686], [73.4214163, 19.7077029], [73.4208101, 19.707819], [73.4202093, 19.7077635], [73.4198391, 19.7076372], [73.4195602, 19.7074554], [73.4192973, 19.7070868], [73.4190184, 19.7064252], [73.4188467, 19.7055212], [73.4186804, 19.7049808], [73.4184337, 19.704602], [73.4181011, 19.7044404], [73.4177953, 19.7044505], [73.4174949, 19.7044859], [73.4168297, 19.7047131], [73.4166849, 19.7048444], [73.4164971, 19.7051323], [73.4163147, 19.705607], [73.4160143, 19.7064605], [73.4155959, 19.7072686], [73.4151828, 19.7078594], [73.4147161, 19.708122], [73.4141099, 19.7081524], [73.4136647, 19.7080362], [73.4132624, 19.7077887], [73.4131122, 19.7074403], [73.4130263, 19.7067029], [73.4130531, 19.7058646], [73.4132413, 19.7054546], [73.413316, 19.7048394], [73.4137881, 19.7034354], [73.4144586, 19.702289], [73.4152365, 19.7009254], [73.415494, 19.7002739], [73.4155959, 19.6995214], [73.4155154, 19.6991577], [73.4152847, 19.6988446], [73.4149843, 19.6985668], [73.4147483, 19.6982941], [73.4143943, 19.698087], [73.4137934, 19.6980466], [73.4133267, 19.6981527], [73.4129512, 19.6982739], [73.4124899, 19.6985971], [73.4118301, 19.6988648], [73.4104031, 19.6992234], [73.4097433, 19.6992789], [73.4089118, 19.6994304], [73.4081447, 19.6997739], [73.4071147, 19.7002739], [73.4054357, 19.7007941], [73.4043789, 19.7009052], [73.403483, 19.700784], [73.4025121, 19.7005769], [73.4019595, 19.7002486], [73.4013265, 19.6996981], [73.4007364, 19.6993294], [73.4001517, 19.6992587], [73.3996046, 19.6993193], [73.3988696, 19.6995719], [73.3982366, 19.6998597], [73.398006, 19.7001527], [73.3978343, 19.7005415], [73.3977109, 19.7007335], [73.3975661, 19.7007436], [73.3971262, 19.7007335], [73.3970028, 19.7007183], [73.3966488, 19.7006122], [73.3963591, 19.7004557], [73.3958006, 19.7001097], [73.3951193, 19.6984848], [73.3948785, 19.6979961], [73.3944279, 19.6976375], [73.3940417, 19.6974203], [73.393634, 19.6972234], [73.3934355, 19.6971022], [73.3931404, 19.6970769], [73.3926898, 19.6971981], [73.3922017, 19.6971931], [73.3913755, 19.6971022], [73.3909035, 19.6969658], [73.3904421, 19.6967688], [73.3896589, 19.6960213], [73.3891708, 19.6955062], [73.3887201, 19.6951021], [73.3883125, 19.6948244], [73.3876473, 19.6944961], [73.3872664, 19.6943193], [73.3869392, 19.6942637], [73.3864188, 19.6942688], [73.3859199, 19.6943698], [73.3854693, 19.6944809], [73.3851474, 19.6945769], [73.38489, 19.6948193], [73.3845466, 19.6953446], [73.3843321, 19.6956577], [73.3841765, 19.6958042], [73.384096, 19.6964658], [73.384037, 19.6972335], [73.3839351, 19.6979456], [73.3836293, 19.6985971], [73.3830875, 19.6991375], [73.3828944, 19.6993042], [73.382653, 19.6994052], [73.3823365, 19.6994456], [73.3819449, 19.6993193], [73.3815104, 19.6989102], [73.381151, 19.6984305], [73.3808345, 19.6980113], [73.3806735, 19.6977032], [73.3805126, 19.6975062], [73.3804804, 19.6973244], [73.3804536, 19.6970365], [73.380475, 19.6965769], [73.3805931, 19.6958092], [73.3806252, 19.6954809], [73.3806252, 19.6952082], [73.3805823, 19.6947941], [73.3806252, 19.6944607], [73.3807164, 19.6940516], [73.3807057, 19.6935162], [73.3807325, 19.6930516], [73.3808184, 19.6924607], [73.3809739, 19.6916424], [73.3811295, 19.6907485], [73.3810919, 19.6902686], [73.3809257, 19.6897282], [73.3805931, 19.689304], [73.3802283, 19.6890312], [73.3796918, 19.6887433], [73.3794236, 19.6886271], [73.3788121, 19.6885716], [73.378222, 19.6884554], [73.3777124, 19.6882433], [73.3768701, 19.6880008], [73.3763176, 19.687814], [73.3759153, 19.6877988], [73.3752501, 19.6878594], [73.3750141, 19.6878645], [73.3746546, 19.6879604], [73.3741075, 19.6882483], [73.3730453, 19.6887938], [73.3718437, 19.6891878], [73.3706367, 19.6896323], [73.3694726, 19.6899909], [73.3689308, 19.6900414], [73.3685607, 19.6900565], [73.3680403, 19.6898292], [73.3678418, 19.6895565], [73.3675629, 19.6891171], [73.3673966, 19.6884706], [73.3673912, 19.6877433], [73.3675092, 19.6871574], [73.3678687, 19.6862634], [73.368035, 19.6854199], [73.3681959, 19.684834], [73.3685017, 19.684243], [73.3688021, 19.6836369], [73.3693117, 19.6825863], [73.3696121, 19.6816619], [73.3695799, 19.6811013], [73.3695209, 19.6803436], [73.3693761, 19.6796011], [73.3691964, 19.679], [73.369022, 19.6786995], [73.3687913, 19.6784141], [73.3684695, 19.6779797], [73.3679277, 19.6776564], [73.3675092, 19.6774695], [73.3664364, 19.6773382], [73.3650416, 19.6770654], [73.3632553, 19.6766816], [73.3624291, 19.6762522], [73.3615333, 19.675439], [73.361088, 19.6747975], [73.3608574, 19.6742671], [73.3603209, 19.6737165], [73.3600259, 19.6735195], [73.3595163, 19.6733124], [73.3591515, 19.6732316], [73.3586204, 19.6733477], [73.357982, 19.6737114], [73.3572873, 19.6741769], [73.3550123, 19.6762476], [73.3544398, 19.6779228], [73.3545411, 19.6797051], [73.3550852, 19.6807881], [73.3559006, 19.6818286], [73.3567214, 19.6825812], [73.3574241, 19.6837076], [73.3582395, 19.685339], [73.3582932, 19.6861775], [73.3582288, 19.6864401], [73.3581215, 19.6866371], [73.3561206, 19.6878998], [73.3536476, 19.6901626], [73.3515179, 19.6926273], [73.3500159, 19.6935163], [73.3488035, 19.6937082], [73.3452201, 19.6940011], [73.3437774, 19.6938828], [73.3429348, 19.6936375], [73.341583, 19.6924152], [73.3413577, 19.6916273], [73.3413826, 19.6902539], [73.3423662, 19.6855865], [73.3424199, 19.683647], [73.3420873, 19.6825661], [73.3412933, 19.6814347], [73.3402955, 19.6811114], [73.339448, 19.6813033], [73.3383114, 19.6819186], [73.337903, 19.6824651], [73.3374631, 19.6835965], [73.3366907, 19.6853239], [73.3361267, 19.6871043], [73.3356392, 19.6910717], [73.3351457, 19.6919707], [73.3340406, 19.6925566], [73.3325601, 19.6925061], [73.3317339, 19.6921728], [73.3309936, 19.6912737], [73.3311653, 19.6894454], [73.3312619, 19.6880716], [73.3314335, 19.6857381], [73.3312297, 19.6850713], [73.3309293, 19.6846673], [73.3299404, 19.6838782], [73.323859, 19.6829095], [73.3229148, 19.6826166], [73.3222175, 19.6818185], [73.3223033, 19.6800406], [73.3227432, 19.6770705], [73.3228183, 19.674949], [73.3224642, 19.6743429], [73.3217347, 19.6737872], [73.3208334, 19.6738074], [73.3197927, 19.6739388], [73.3186984, 19.6745954], [73.3166385, 19.6765553], [73.3147287, 19.6776766], [73.3130443, 19.6779999], [73.3118427, 19.6777676], [73.310152, 19.6763839], [73.3095147, 19.6757738], [73.3085489, 19.6755653], [73.3066392, 19.6758683], [73.303957, 19.6771412], [73.3014893, 19.679], [73.2999658, 19.680475], [73.2986998, 19.680879], [73.2971334, 19.6806972], [73.2966399, 19.6799699], [73.2959854, 19.6768179], [73.295728, 19.6755147], [73.295213, 19.6736862], [73.2943922, 19.6719586], [73.294183, 19.6715242], [73.293668, 19.6709837], [73.2934052, 19.6707362], [73.2927775, 19.6705038], [73.2922357, 19.6703624], [73.2914954, 19.670322], [73.2898861, 19.6702412]], [[72.8576481, 19.6454875], [72.8572833, 19.6436182], [72.8567362, 19.6405161], [72.8564787, 19.638677], [72.8564036, 19.6371209], [72.8563285, 19.6357163], [72.8563285, 19.6328869], [72.8568649, 19.6302798], [72.8573799, 19.6285619], [72.8578734, 19.6263185], [72.8582167, 19.6244793], [72.8586888, 19.6226602], [72.8591394, 19.6209827], [72.8599334, 19.6195072], [72.8604913, 19.618537], [72.8613281, 19.6166977], [72.8624439, 19.6141105], [72.8638172, 19.6105531], [72.8643751, 19.6089562], [72.8650832, 19.6063487], [72.8653836, 19.604388], [72.8656196, 19.600709], [72.8655982, 19.5957362], [72.8656626, 19.5913293], [72.8659844, 19.5877309], [72.8663063, 19.5850422], [72.8670827, 19.5818098], [72.8677869, 19.5801094], [72.869761, 19.5764501], [72.8711986, 19.5742059], [72.8721642, 19.5725481], [72.8736233, 19.5706274], [72.8751683, 19.5689493], [72.87638, 19.5679381], [72.8791809, 19.5658356], [72.8816056, 19.5638744], [72.8825712, 19.562823], [72.883923, 19.561529], [72.8861975, 19.5589814], [72.8877687, 19.556436], [72.8892231, 19.5534917], [72.8905964, 19.5506406], [72.8912187, 19.5491139], [72.8916049, 19.5478805], [72.8917873, 19.5466975], [72.8920126, 19.5435531], [72.8923237, 19.5413288], [72.8930318, 19.5386291], [72.8938687, 19.5365766], [72.8946197, 19.5339375], [72.8947484, 19.5315614], [72.894609, 19.5298727], [72.8932464, 19.5279515], [72.8914118, 19.526091], [72.8902316, 19.5256056], [72.8887617, 19.5254539], [72.8874421, 19.5255449], [72.8860795, 19.5257573], [72.8846848, 19.5262224], [72.8834402, 19.526455], [72.8818846, 19.5264854], [72.8786659, 19.5268898], [72.8770995, 19.5272538], [72.8760695, 19.5276381], [72.8741813, 19.5291043], [72.8719175, 19.5311266], [72.8696108, 19.5330882], [72.8660917, 19.5354745], [72.8644287, 19.5362632], [72.8623044, 19.5370822], [72.860343, 19.5376084], [72.8585064, 19.5379517], [72.852509, 19.5387303], [72.8501487, 19.5388617], [72.8483891, 19.5384674], [72.8469407, 19.5379922], [72.8461897, 19.5373855], [72.8454816, 19.5363643], [72.8445482, 19.5348375], [72.8422308, 19.5292155], [72.8394842, 19.5221777], [72.8363943, 19.516798], [72.8353047, 19.5154501], [72.8322744, 19.5117013], [72.8297853, 19.5095978], [72.8270387, 19.5088697], [72.8209447, 19.5074943], [72.8143358, 19.5062403], [72.8103876, 19.5054717], [72.8006458, 19.5025591], [72.7879428, 19.4999296], [72.7843198, 19.5006047], [72.7759695, 19.4984733], [72.773435, 19.4981462], [72.7661739, 19.4985633]], [[73.2898861, 19.6702412], [73.2893741, 19.6702122], [73.2881367, 19.6699425], [73.2868992, 19.6696729], [73.284864, 19.6693455], [73.2839538, 19.6691432], [73.2830129, 19.6693166], [73.2824709, 19.6695381], [73.2819697, 19.6699233], [73.2815811, 19.6705204], [73.2814788, 19.6711656], [73.2818879, 19.6728701], [73.2821845, 19.6737176], [73.282297, 19.674382], [73.2821231, 19.6751236], [73.2818368, 19.6756339], [73.2811413, 19.6760191], [73.2805789, 19.676048], [73.2797914, 19.6759614], [73.279188, 19.6755858], [73.2787482, 19.6747095], [73.2786459, 19.6735539], [73.2785948, 19.6722249], [73.2787073, 19.6712715], [73.2786357, 19.6703952], [73.2785948, 19.6694225], [73.2784139, 19.6681492], [73.2784005, 19.668055], [73.2781244, 19.6667549], [73.2772755, 19.6650406], [73.2765187, 19.6644628], [73.2759869, 19.6640391], [73.2752403, 19.6638657], [73.2744835, 19.6637309], [73.2731131, 19.664068], [73.2711802, 19.665397], [73.2701063, 19.6657726], [73.2689302, 19.6660904], [73.2678666, 19.6660422], [73.2672325, 19.665917], [73.2663121, 19.6653777], [73.2644098, 19.6646651], [73.2634178, 19.6643569], [73.2628962, 19.6642317], [73.2622724, 19.6642317], [73.2616179, 19.6644917], [73.2609736, 19.6649251], [73.260227, 19.6655703], [73.2599918, 19.6662059], [73.2594599, 19.6666682], [73.2587338, 19.6672268], [73.2568929, 19.6677661], [73.2557577, 19.6678624], [73.2552055, 19.6678335], [73.2542441, 19.6678142], [73.2533851, 19.6673905], [73.2527817, 19.6670053], [73.2523828, 19.6664852], [73.2522908, 19.6659748], [73.2521885, 19.6655607], [73.2517692, 19.6647325], [73.2513192, 19.6639813], [73.2508692, 19.6632782], [73.2505294, 19.6629386], [73.2502044, 19.6626137], [73.249284, 19.6622959], [73.2487829, 19.6622381], [73.2481999, 19.6622477], [73.2471384, 19.6623537], [73.246351, 19.6623489], [73.2460186, 19.6623441], [73.2455379, 19.6623874], [73.2452157, 19.6624933], [73.2450112, 19.6626811], [73.2448271, 19.6629604], [73.2447044, 19.6632349], [73.2444589, 19.6636153], [73.2442126, 19.6642937], [73.2437932, 19.664893], [73.2429688, 19.665356], [73.2418406, 19.6656557], [73.2402208, 19.6658327], [73.2386443, 19.6660098], [73.2377041, 19.6660098], [73.2366049, 19.6657646], [73.235607, 19.6653833], [73.2348983, 19.6649066], [73.2341317, 19.6643754], [73.2335677, 19.6638306], [73.233235, 19.6627683], [73.2331482, 19.6615697], [73.2330325, 19.6601805], [73.2327143, 19.6588729], [73.2320512, 19.6580424], [73.231683, 19.6577342], [73.2308444, 19.6573297], [73.230108, 19.6572527], [73.2293717, 19.6573682], [73.2289626, 19.6578883], [73.2286353, 19.6586781], [73.2284717, 19.6595448], [73.2280831, 19.6604694], [73.2274081, 19.6615288], [73.2263445, 19.6620489], [73.2255672, 19.6621259], [73.2243195, 19.6617792], [73.2221309, 19.6604887], [73.2199832, 19.6600842], [73.2181219, 19.6597952], [73.2166083, 19.65941], [73.2151151, 19.658158], [73.2145424, 19.6571564], [73.2136629, 19.6561355], [73.2128652, 19.6557695], [73.2116175, 19.655365], [73.210697, 19.6543826], [73.2099215, 19.6537307], [73.2082221, 19.6523022], [73.205563, 19.6502026], [73.2041722, 19.6494706], [73.201329, 19.6486423], [73.1986291, 19.6491624], [73.1969928, 19.6493743], [73.1954996, 19.6495284], [73.1942724, 19.6494513], [73.1933928, 19.649278], [73.1922679, 19.6487579], [73.1916951, 19.6483726], [73.1908361, 19.6478717], [73.1900384, 19.6476984], [73.1882312, 19.6487851], [73.1872693, 19.6491392], [73.1863292, 19.6495955], [73.1849914, 19.6508146], [73.1839066, 19.651952], [73.1826628, 19.6526807], [73.1820481, 19.6531438], [73.1814985, 19.6537022], [73.1810284, 19.6542062], [73.1803487, 19.6548396], [73.1797484, 19.6552073], [73.1790181, 19.655432], [73.1783094, 19.6555342], [73.1778538, 19.6554389], [73.1773982, 19.655146], [73.1771523, 19.6548804], [73.176487, 19.6542266], [73.1752431, 19.6536614], [73.1746718, 19.6534094], [73.1740499, 19.6531846], [73.1735943, 19.6530348], [73.1722782, 19.6528782], [73.1717358, 19.6527692], [73.1709186, 19.6529122], [73.1698483, 19.6533821], [73.1690818, 19.6537022], [73.1686031, 19.6537339], [73.1675866, 19.6524901], [73.1677035, 19.650438], [73.1678232, 19.6484637], [73.168106, 19.6459529], [73.1677641, 19.645058], [73.1668758, 19.6430341], [73.1662803, 19.6410314], [73.1655894, 19.6387659], [73.1644843, 19.6366944], [73.1627484, 19.6351322], [73.1601306, 19.6340833], [73.1577166, 19.6340601], [73.1558444, 19.6346452], [73.1540645, 19.6343834], [73.1516543, 19.6342791], [73.1499376, 19.6341174], [73.1471133, 19.6340783], [73.1454374, 19.6330678], [73.1444879, 19.6321229], [73.1434451, 19.6313721], [73.141368, 19.6305142], [73.1404963, 19.6305604], [73.1385914, 19.6312074], [73.1372347, 19.6320156], [73.1358614, 19.633309], [73.134419, 19.6341693], [73.133723, 19.6345081], [73.1328799, 19.6344927], [73.1316272, 19.6341693], [73.1303425, 19.6333606], [73.1286446, 19.6326774], [73.127076, 19.6328435], [73.125905, 19.6331473], [73.1237594, 19.6340375], [73.1213957, 19.6341483], [73.1196938, 19.6333517], [73.1185448, 19.6322431], [73.1169599, 19.6306481], [73.1160786, 19.6288685], [73.115338, 19.6273849], [73.1145508, 19.626077], [73.1132639, 19.6240413], [73.1125619, 19.6233418], [73.1113264, 19.6230579], [73.1103179, 19.623231], [73.107443, 19.6230572], [73.1045877, 19.6223739], [73.1031817, 19.6216329], [73.1025591, 19.6208591], [73.1020899, 19.620051], [73.1018229, 19.6191993], [73.1011061, 19.6186708], [73.0994692, 19.6177869], [73.0985025, 19.6178322], [73.0971289, 19.6185522], [73.096036, 19.6197272], [73.0943194, 19.6206974], [73.0929461, 19.6211825], [73.0923489, 19.621507], [73.0913031, 19.6218915], [73.0905993, 19.6222598], [73.090091, 19.6226796], [73.0895358, 19.623372], [73.0891761, 19.6246316], [73.0891683, 19.6257438], [73.0893794, 19.626856], [73.0895593, 19.6277473], [73.0902161, 19.6291836], [73.0900754, 19.6300969], [73.0896844, 19.6311281], [73.0891604, 19.6319162], [73.0887382, 19.6327411], [73.0881516, 19.6334998], [73.08744, 19.6341553], [73.0862592, 19.6348624], [73.0847421, 19.6354221], [73.0834987, 19.6362912], [73.082529, 19.6372193], [73.0822944, 19.6378379], [73.0826072, 19.6385966], [73.0830295, 19.6395319], [73.0830764, 19.6399959], [73.0829904, 19.6404526], [73.0827871, 19.6409829], [73.0825368, 19.6412922], [73.0818117, 19.6416051]], [[73.5054552, 19.8179102], [73.5053084, 19.8173704], [73.5051939, 19.8169857], [73.5049704, 19.8158983], [73.5047795, 19.8151699], [73.5047414, 19.8151238], [73.5044906, 19.8149802], [73.5042452, 19.8148673], [73.5039726, 19.8147134], [73.503651, 19.8145288], [73.5034547, 19.814221], [73.5031843, 19.8136395], [73.5027373, 19.8128598], [73.5026282, 19.8121494], [73.5027427, 19.8118416], [73.5028545, 19.8117031], [73.5030944, 19.8115416], [73.5033643, 19.8114595], [73.5036723, 19.8115082], [73.5039694, 19.8118032], [73.5042257, 19.812093], [73.5046837, 19.8123135], [73.5049345, 19.8123315], [73.505188, 19.8122776], [73.5054688, 19.8121956], [73.5055615, 19.812152], [73.5059867, 19.8117698], [73.5061339, 19.8115133], [73.5062184, 19.8113184], [73.5062948, 19.8109927], [73.5062975, 19.8105849], [73.5061203, 19.8101104], [73.5055879, 19.8094843], [73.5050898, 19.8089157], [73.5050096, 19.8088242], [73.5043928, 19.8085123], [73.50319, 19.8078376], [73.5027505, 19.80762], [73.5020334, 19.8074604], [73.5014937, 19.807533], [73.5010233, 19.8077941], [73.5005916, 19.8080335], [73.5001752, 19.8080988], [73.4997434, 19.8077941], [73.4989647, 19.8071775], [73.4984635, 19.8069744], [73.498024, 19.8068365], [73.4977002, 19.8065826], [73.4976153, 19.8060386], [73.4975999, 19.8053059], [73.4976385, 19.8047255], [73.4977618, 19.8041742], [73.4979392, 19.8038042], [73.4980625, 19.8033109], [73.4980086, 19.8024912], [73.4979623, 19.8020559], [73.4978081, 19.8016787], [73.4974072, 19.8012289], [73.4969831, 19.8005252], [73.4966824, 19.7998215], [73.496559, 19.7992484], [73.4965359, 19.7984286], [73.4959193, 19.7977236], [73.4957343, 19.7974226], [73.4952562, 19.7969764], [73.4950905, 19.7968748], [73.4948905, 19.7965471], [73.4948669, 19.7965085], [73.4948052, 19.7963199], [73.4947474, 19.7961349], [73.4947242, 19.7956996], [73.4947743, 19.7952171], [73.4949016, 19.7950249], [73.4950172, 19.7947601], [73.4950635, 19.7944481], [73.4946664, 19.7942668], [73.4937026, 19.7942776], [73.4932091, 19.7942958], [73.492307, 19.7939729], [73.4921451, 19.7939439], [73.4918598, 19.7939076], [73.491536, 19.7938024], [73.4913779, 19.7936283], [73.4913895, 19.7933925], [73.491536, 19.7932075], [73.4917133, 19.7930661], [73.4917827, 19.7928847], [73.4917866, 19.7925872], [73.4917172, 19.7923224], [73.4915855, 19.7921955], [73.4913783, 19.7920005], [73.4905223, 19.7907385], [73.4901898, 19.7899998], [73.4900707, 19.7898381], [73.4895628, 19.7891482], [73.4888572, 19.7879413], [73.4881439, 19.7866452], [73.4880666, 19.7865049], [73.4876359, 19.7857661], [73.487456, 19.7853147], [73.4872815, 19.7844271], [73.486949, 19.7836935], [73.4868399, 19.7833241], [73.4867908, 19.7829445], [73.4867908, 19.7824725], [73.4867799, 19.7820056], [73.4868563, 19.7816875], [73.4873088, 19.7810616], [73.4878813, 19.7804922], [73.4887427, 19.7799176], [73.4889662, 19.7796816], [73.4891898, 19.7793122], [73.4891843, 19.7779629], [73.4892388, 19.7758645], [73.4893315, 19.7749307], [73.4894297, 19.7746024], [73.4899367, 19.7741457], [73.490471, 19.7738584], [73.4909181, 19.7736532], [73.4916105, 19.7735916], [73.4924392, 19.773448], [73.4929953, 19.7733915], [73.4933497, 19.7733556], [73.4940748, 19.7729708], [73.4950835, 19.7723192], [73.4960648, 19.771524], [73.4974115, 19.7704465], [73.498153, 19.7697898], [73.4984692, 19.7695846], [73.4987582, 19.7692819], [73.499118, 19.7688252], [73.4993197, 19.7685482], [73.4993961, 19.7683583], [73.4993797, 19.7680813], [73.499287, 19.7677426], [73.4991453, 19.7674758], [73.4990144, 19.7671218], [73.4988945, 19.7665574], [73.4988672, 19.7661931], [73.4988781, 19.7658237], [73.4989108, 19.7655518], [73.4989545, 19.7652285], [73.4989817, 19.7645974], [73.499009, 19.7643563], [73.4990199, 19.7641048], [73.4989981, 19.7638021], [73.4988836, 19.7635661], [73.4987418, 19.7633095], [73.4986055, 19.7628632], [73.4985946, 19.7626169], [73.4985619, 19.7621346], [73.4985019, 19.7616574], [73.4983547, 19.7612007], [73.498382, 19.7609698], [73.4984692, 19.7607081], [73.4985783, 19.7605183], [73.49878, 19.760195], [73.4990035, 19.7599539], [73.4994124, 19.7596871], [73.4997995, 19.75941], [73.5000449, 19.7592407], [73.5002357, 19.7590303], [73.5004919, 19.7581837], [73.5008736, 19.7569984], [73.5019709, 19.7538875], [73.5020979, 19.7535291], [73.5022323, 19.7531496], [73.5024339, 19.7524046], [73.5026504, 19.7518143], [73.5030761, 19.7507812], [73.50333, 19.7502752], [73.5035166, 19.7499167], [73.5037183, 19.7494177], [73.5039199, 19.7489961], [73.504002, 19.7485182], [73.504114, 19.7476467], [73.5040393, 19.7472742], [73.5038527, 19.7467822], [73.5036286, 19.7463324], [73.5032478, 19.7458756], [73.5027774, 19.7454539], [73.5022696, 19.7451236], [73.501493, 19.7449198], [73.5009703, 19.7447019], [73.5004924, 19.7444278], [73.5000668, 19.7441537], [73.4998278, 19.7438164], [73.499783, 19.7434228], [73.4999175, 19.7429659], [73.5000369, 19.7425653], [73.5005148, 19.7419469], [73.5009703, 19.741483], [73.5013512, 19.7411035], [73.501732, 19.7403725], [73.501844, 19.7397259], [73.5016125, 19.7391285], [73.5014258, 19.7388263], [73.5010898, 19.7384959], [73.5000892, 19.7381515], [73.4996636, 19.7379828], [73.4992827, 19.7377579], [73.4990662, 19.7374417], [73.4992006, 19.7369075], [73.4996038, 19.7363803], [73.5002012, 19.7359305], [73.5016872, 19.7351293], [73.5026579, 19.7348341], [73.5030462, 19.734581], [73.5032702, 19.7342507], [73.5035241, 19.733829], [73.5035166, 19.7334705], [73.5033972, 19.7331683], [73.503091, 19.7327606], [73.5023219, 19.7325287], [73.5019485, 19.7324162], [73.501381, 19.732374], [73.5004402, 19.73262], [73.4991483, 19.7332456], [73.4981477, 19.7333651], [73.4978341, 19.733358], [73.4971845, 19.7330136], [73.4965498, 19.7321561], [73.4961316, 19.7310737], [73.495818, 19.7305817], [73.4949144, 19.7299772], [73.4934583, 19.729689], [73.4930999, 19.7297172], [73.4919276, 19.7298648], [73.4894933, 19.7297382], [73.4876339, 19.7295414], [73.4865437, 19.7294501], [73.4855058, 19.7289299], [73.4851996, 19.7281497], [73.4851474, 19.7275663], [73.4851548, 19.7268986], [73.4851982, 19.7262861], [73.485222, 19.7259497], [73.4851698, 19.7253171], [73.4848113, 19.724832], [73.4839825, 19.7243681], [73.483415, 19.7242486], [73.4826608, 19.7242627], [73.4820037, 19.7243892], [73.4813466, 19.7246282], [73.4808313, 19.724825], [73.4804206, 19.7249937], [73.4798457, 19.7252327], [73.4795395, 19.7254506], [73.4792334, 19.7258583], [73.4788376, 19.7268002], [73.4785912, 19.7274328], [73.4783373, 19.7283957], [73.4781282, 19.7290775], [73.4778519, 19.7299069], [73.4775756, 19.7303287], [73.4772097, 19.7307785], [73.4768364, 19.7311651], [73.4763809, 19.7315095], [73.4758059, 19.7317204], [73.4754998, 19.7315938], [73.4753728, 19.7311862], [73.4752608, 19.7306028], [73.4750741, 19.7298507], [73.4749995, 19.7290775], [73.4748202, 19.7278123], [73.4747381, 19.7271305], [73.4746933, 19.726519], [73.4747605, 19.7258161], [73.4748128, 19.7255842], [73.4749323, 19.7249094], [73.4750443, 19.7241994], [73.4750741, 19.7236371], [73.4750592, 19.723377], [73.4747605, 19.7227655], [73.4744768, 19.7222313], [73.4742154, 19.7218869], [73.4739765, 19.7215635], [73.4736255, 19.7212683], [73.4731849, 19.7210644], [73.4724681, 19.7210223], [73.4714077, 19.7210223], [73.4697183, 19.7213989], [73.469106, 19.7215676], [73.468658, 19.7218769], [73.4682548, 19.7220456], [73.4675529, 19.7221862], [73.4671198, 19.7222284], [73.4665971, 19.7221862], [73.4659549, 19.7218769], [73.4656861, 19.7214833], [73.4656263, 19.7208506], [73.4656189, 19.7201315], [73.4654471, 19.7195129], [73.464584, 19.7188759], [73.4640464, 19.7185526], [73.4632773, 19.7184471], [73.4627172, 19.7184542], [73.4621124, 19.7185807], [73.4613507, 19.7192414], [73.4611939, 19.7195226], [73.4609251, 19.7199795], [73.4606861, 19.7203029], [73.4601634, 19.7209988], [73.4594286, 19.7219899], [73.4589809, 19.7228779], [73.4586265, 19.7231774], [73.4579974, 19.7233272], [73.4574044, 19.7233476], [73.4570428, 19.7229596], [73.4569416, 19.7220951], [73.4569922, 19.7212101], [73.4571151, 19.7193721], [73.4572236, 19.718065], [73.4571441, 19.7171051], [73.4565583, 19.7159274], [73.4562112, 19.7154168], [73.4558496, 19.7149471], [73.4552928, 19.7147156], [73.4548589, 19.714668], [73.454114, 19.7148654], [73.4535933, 19.7151854], [73.4519517, 19.7165537], [73.4514238, 19.7174387], [73.4509972, 19.7181263], [73.4498401, 19.7189364], [73.4490446, 19.7191542], [73.4485601, 19.7192223], [73.4479093, 19.7188683], [73.4465352, 19.7178404], [73.4460869, 19.7170711], [73.4457036, 19.7161657], [73.4455445, 19.7156347], [73.4453637, 19.7146408], [73.4451829, 19.7140825], [73.4446261, 19.7132111], [73.4429122, 19.7116862], [73.4423337, 19.7109918], [73.4418781, 19.7100455], [73.4409741, 19.7089426], [73.4403088, 19.7084252], [73.4396001, 19.7082345], [73.4391734, 19.7082482], [73.4388119, 19.7083979], [73.4383924, 19.7086907], [73.4380742, 19.70914], [73.4377994, 19.7095757], [73.4372064, 19.7101544], [73.4365918, 19.7105152], [73.4358975, 19.7108284], [73.4352756, 19.7109713], [73.4348055, 19.7109713], [73.4343355, 19.7108556], [73.4338365, 19.7106241], [73.4335472, 19.710311], [73.4335472, 19.7095825], [73.433634, 19.7090106], [73.4335834, 19.7083094], [73.4334749, 19.7074584], [73.4335689, 19.7069138], [73.4337208, 19.7063215], [73.4336846, 19.7055862], [73.4333664, 19.7049326]]]}, "properties": {"river_id": "vaitarna", "name": "Vaitarna River", "name_mr": "वैतरणा नदी", "waterway": "river", "length_km": 154.1, "osm_ids": [205732278, 294638537, 311379152, 311379153, 801753318, 801753319, 801753321]}}, {"type": "Feature", "geometry": {"type": "MultiLineString", "coordinates": [[[73.4171623, 19.5126569], [73.4141668, 19.5119425], [73.4126733, 19.5111455], [73.4113501, 19.5099347], [73.4104826, 19.5088651], [73.4100109, 19.5076356], [73.4100811, 19.5057814], [73.4107777, 19.5040568], [73.4113615, 19.5017563], [73.4116533, 19.5001854], [73.4121683, 19.4985672], [73.4125738, 19.4978737], [73.4127133, 19.496616], [73.4126025, 19.4956709], [73.412315, 19.4950343], [73.4115329, 19.4939415], [73.4106158, 19.4930355], [73.4090891, 19.4917646], [73.4080497, 19.4913521], [73.4059619, 19.4904396], [73.4038011, 19.4895205], [73.4019253, 19.4888281], [73.4007395, 19.4885732], [73.399922, 19.4885794], [73.3990021, 19.4893033], [73.3981735, 19.4897347], [73.3968871, 19.4897559], [73.3956164, 19.4892605], [73.3942872, 19.4885096], [73.3936472, 19.4877514], [73.3930164, 19.4869313], [73.3928268, 19.4849442], [73.3927697, 19.4832191], [73.3929814, 19.4820018], [73.3939518, 19.4813195], [73.394138, 19.4800728], [73.3941972, 19.4792229], [73.3942523, 19.4780329], [73.3945054, 19.4764938], [73.395105, 19.4751281], [73.3953582, 19.4737048], [73.3956159, 19.4724837], [73.3952467, 19.4717185], [73.3939162, 19.4704924], [73.3934572, 19.4687902], [73.3930497, 19.4680368], [73.3921499, 19.4671852], [73.3914386, 19.466968], [73.3903352, 19.4671443], [73.3890252, 19.4667417], [73.3877121, 19.4659574], [73.3866767, 19.4655713], [73.3855759, 19.4648461], [73.3837724, 19.4645224], [73.3812779, 19.4636028], [73.3779981, 19.4619914], [73.3769724, 19.4607603], [73.3762096, 19.4577215], [73.3752711, 19.4558098], [73.3725474, 19.4532119], [73.3690489, 19.4516486], [73.3668284, 19.4504212], [73.3644465, 19.4513099], [73.3631011, 19.45202], [73.3618715, 19.4519573], [73.3586465, 19.4519572], [73.3547509, 19.4508484], [73.3517725, 19.4490578], [73.3503377, 19.4478926], [73.3493239, 19.4467747], [73.348031, 19.4453786], [73.3474946, 19.4445186], [73.3468026, 19.4431781], [73.3466953, 19.4426217], [73.346647, 19.4417061], [73.3466631, 19.4406388], [73.3466363, 19.4400874], [73.3465612, 19.4396675], [73.3463681, 19.4393488], [73.3456975, 19.4386608], [73.3453059, 19.4382865], [73.3447909, 19.4376592], [73.3445764, 19.4373152], [73.3442169, 19.4366222], [73.3440989, 19.4361214], [73.3438468, 19.4348061], [73.3437931, 19.4344621], [73.343718, 19.4341788], [73.3434337, 19.4341687], [73.3430797, 19.4341839], [73.3428168, 19.4343154], [73.3423448, 19.434538], [73.3419424, 19.43471], [73.3415562, 19.4347909], [73.3412075, 19.4347049], [73.3409446, 19.4344975], [73.3406979, 19.4342345], [73.3406013, 19.434022], [73.3405584, 19.4338197], [73.3407086, 19.4329799], [73.3408749, 19.4323728], [73.3409017, 19.431695], [73.3408803, 19.4309968], [73.3406764, 19.4303442], [73.340199, 19.4293628], [73.3399039, 19.4285028], [73.3397162, 19.4279261], [73.3394587, 19.4272229], [73.337324, 19.4246001], [73.3366059, 19.4234819], [73.3360463, 19.4228181], [73.3350924, 19.4224956], [73.3325174, 19.4221718], [73.3302858, 19.4216861], [73.328538, 19.420952], [73.3277882, 19.4204394], [73.3274068, 19.4194819], [73.3273775, 19.4187105], [73.3275829, 19.4176051], [73.3280155, 19.4163272], [73.3289039, 19.4142083], [73.3290182, 19.4125571], [73.3288851, 19.411856], [73.3283953, 19.4106817], [73.3277081, 19.4101507], [73.3269792, 19.4099976], [73.3249643, 19.4104571], [73.3234881, 19.4109759], [73.3227294, 19.4112136], [73.3217742, 19.4112499], [73.3206457, 19.411053], [73.3200941, 19.4103244], [73.3199445, 19.4093381], [73.320059, 19.4079907], [73.3211878, 19.4067912], [73.3217269, 19.4056661], [73.3221283, 19.4047935], [73.322332, 19.4034572], [73.3223048, 19.4009977], [73.3223835, 19.3987768], [73.3218758, 19.3968703], [73.3214872, 19.3961857], [73.3206628, 19.3956733], [73.3187873, 19.3953778], [73.3170679, 19.3957811], [73.315523, 19.3962669], [73.3132914, 19.3964288], [73.3121974, 19.3955214], [73.3118206, 19.3942199], [73.3119181, 19.3923808], [73.3119072, 19.3907121], [73.3121073, 19.3881645], [73.3124364, 19.3865673], [73.3121339, 19.3840525], [73.3108881, 19.382989], [73.3088282, 19.3833365], [73.3068249, 19.3840391], [73.30488, 19.385256], [73.3030545, 19.3866107], [73.301418, 19.3883056], [73.2994797, 19.3901624], [73.2983568, 19.3909235], [73.2975017, 19.3910175], [73.2966416, 19.3908522], [73.2959263, 19.3901049], [73.2946832, 19.388931], [73.2931355, 19.3867542], [73.2923026, 19.3858959], [73.2914904, 19.3855799], [73.2892588, 19.385418], [73.2856539, 19.3855799], [73.2827356, 19.3868753], [73.281019, 19.3888184], [73.2794741, 19.3912473], [73.2775858, 19.3949715], [73.2772425, 19.3964288], [73.2755259, 19.3996671], [73.2741783, 19.4009382], [73.2731226, 19.4019339], [73.2713432, 19.4027289], [73.2703543, 19.4026019], [73.2694918, 19.4020408], [73.2685406, 19.4002813], [73.2671646, 19.3984624], [73.265442, 19.3970739], [73.2648788, 19.3966745], [73.2623079, 19.3972384], [73.2611546, 19.3965894], [73.2588633, 19.3949638]], [[73.1840824, 19.3145227], [73.1841217, 19.3134174], [73.1839091, 19.3109847], [73.1832383, 19.3084702], [73.1822752, 19.3059327], [73.1801082, 19.3026945], [73.177112, 19.3001324], [73.1760551, 19.2991154], [73.1745903, 19.2968997], [73.1740686, 19.2936992], [73.1745301, 19.2919569], [73.176637, 19.2899873], [73.1797671, 19.2872791], [73.1809185, 19.285602]], [[73.1931159, 19.342192], [73.1922701, 19.3403954], [73.1915834, 19.3374798], [73.1915834, 19.3326204], [73.1931284, 19.3305146], [73.193815, 19.3279229], [73.1931999, 19.3256654], [73.1917943, 19.3230585], [73.1913206, 19.3203548], [73.1906927, 19.3191066], [73.1899095, 19.3181549], [73.1887403, 19.318087], [73.1870141, 19.3181604], [73.1856422, 19.3180577], [73.1848972, 19.3173875], [73.1845453, 19.3165834], [73.1840824, 19.3145227]], [[73.2588633, 19.3949638], [73.2586592, 19.3929579], [73.258569, 19.3922303], [73.2584288, 19.3916917], [73.2580882, 19.3910208], [73.2577976, 19.3902554], [73.2576273, 19.3883466], [73.2576774, 19.3866362], [73.2577275, 19.3852661], [73.2570864, 19.383395], [73.2559043, 19.3822894], [73.2546722, 19.381987], [73.2540311, 19.381902], [73.2531095, 19.3816468], [73.252288, 19.3815334], [73.2513263, 19.381524], [73.250555, 19.3816941], [73.2491425, 19.3826201], [73.2477501, 19.3841605], [73.2472692, 19.3845573], [73.2467383, 19.3851999], [73.2456664, 19.3863055], [73.2446447, 19.3873166], [73.243673, 19.3884222], [73.242581, 19.3893482], [73.2420701, 19.3896695], [73.2414992, 19.3899908], [73.240868, 19.3902176], [73.2403171, 19.3903971], [73.2394956, 19.390605], [73.2387043, 19.3906239], [73.2382635, 19.3904727], [73.2378428, 19.3901798], [73.2375823, 19.3897168], [73.2374821, 19.3892537], [73.2375373, 19.3887733], [73.2382485, 19.3859479], [73.2379881, 19.3837934], [73.2380482, 19.3820452], [73.2378579, 19.3807789], [73.2376274, 19.3799284], [73.2372668, 19.3789929], [73.2369863, 19.3786905], [73.2364955, 19.3783597], [73.235664, 19.3782747], [73.2343016, 19.3783503], [73.2332498, 19.3784259], [73.2317672, 19.3786149], [73.2298539, 19.3789362], [73.2290447, 19.3793277], [73.2277909, 19.3793545], [73.2268842, 19.3792008], [73.226693, 19.3790538], [73.2261263, 19.3787798], [73.2255454, 19.3783388], [73.2252763, 19.3778911], [73.2250708, 19.3772964], [73.2252196, 19.3763141], [73.2253896, 19.3745767], [73.2257579, 19.3733672], [73.2266009, 19.3716498], [73.2275571, 19.3699792], [73.228393, 19.3679811], [73.2286692, 19.3667381], [73.2286197, 19.365836], [73.2282513, 19.3644593], [73.2274721, 19.3632765], [73.2270117, 19.3629825], [73.2260909, 19.3627887], [73.2255596, 19.3628354], [73.2243412, 19.3632832], [73.2228183, 19.3640116], [73.2213095, 19.3643858], [73.2191774, 19.3658226], [73.2183982, 19.3663238], [73.2171445, 19.3673195], [73.2152532, 19.3682016], [73.2144953, 19.3683687], [73.2133902, 19.3684489], [73.2122144, 19.3682417], [73.2114423, 19.3674265], [73.2110598, 19.3669587], [73.2108685, 19.3663439], [73.2108969, 19.3653281], [73.2113998, 19.3639515], [73.212094, 19.3631629], [73.2132415, 19.3619667], [73.214049, 19.3612249], [73.2143677, 19.3608306], [73.2151469, 19.3599351], [73.2153028, 19.3595274], [73.2153523, 19.3590262], [73.2152248, 19.3584648], [73.2138011, 19.3574423], [73.2128023, 19.3569344], [73.2121294, 19.3563931], [73.2109606, 19.3553238], [73.2106489, 19.3549629], [73.2103798, 19.354308], [73.2100964, 19.3534993], [73.2096148, 19.3527508], [73.2090552, 19.3520089], [73.208446, 19.35108], [73.2082618, 19.3506589], [73.2079997, 19.3500975], [73.2074118, 19.349496], [73.2063634, 19.348821], [73.2055914, 19.348567], [73.2042738, 19.3482663], [73.2035797, 19.3482262], [73.2029209, 19.3482596], [73.2020567, 19.3480792], [73.2015538, 19.3479789], [73.2008454, 19.3476113], [73.2002717, 19.3471301], [73.1998183, 19.3463481], [73.1994642, 19.3452654], [73.1989329, 19.3444367], [73.1981112, 19.3438017], [73.1969354, 19.3433071], [73.19585, 19.3429602], [73.1938092, 19.3426423], [73.1931159, 19.342192]], [[73.4179206, 19.5130381], [73.4171623, 19.5126569]], [[73.4196332, 19.5137598], [73.417967, 19.5130614], [73.4179206, 19.5130381]]]}, "properties": {"river_id": "bhatsa", "name": "Bhatsa River", "name_mr": "भातसा नदी", "waterway": "river", "length_km": 53.0, "osm_ids": [50910538, 204345409, 204345410, 306165659, 715158079, 715158080]}}, {"type": "Feature", "geometry": {"type": "MultiLineString", "coordinates": [[[73.0588221, 19.9238334], [73.0579825, 19.9240013], [73.0569647, 19.9241862], [73.0563775, 19.9242929], [73.056238, 19.9244532], [73.0559589, 19.9246282], [73.0552998, 19.9248979], [73.0547726, 19.9249926], [73.0541601, 19.9249416], [73.0536174, 19.9247958], [73.0529196, 19.9247375], [73.0516713, 19.9245917], [73.0510588, 19.9244824], [73.0502524, 19.9245626], [73.049857, 19.9246938], [73.0496399, 19.9249489], [73.0495624, 19.9253133], [73.0495546, 19.9257288], [73.0494151, 19.9259548], [73.0490972, 19.926086], [73.0488181, 19.9264359], [73.048809, 19.9267699], [73.0483128, 19.9277321], [73.0475995, 19.9284027], [73.0470102, 19.9288109], [73.0463589, 19.9289858], [73.0455526, 19.9287817], [73.0449944, 19.9283444], [73.044219, 19.9277904], [73.0433817, 19.926595], [73.0425133, 19.9252829], [73.0405284, 19.9239417], [73.0386677, 19.9229504], [73.037683, 19.9227207], [73.0370666, 19.9226576], [73.0357695, 19.9220348], [73.0331001, 19.921427], [73.0313175, 19.921123], [73.0297711, 19.9216796], [73.028428, 19.9224356], [73.0265546, 19.9233411], [73.0249906, 19.9236901], [73.0240176, 19.9236648], [73.0230832, 19.9228478], [73.0222361, 19.9219516], [73.0210994, 19.9200245], [73.0206075, 19.9191888], [73.0189464, 19.9181405], [73.0171261, 19.9177251], [73.016216, 19.9177417], [73.015403, 19.9178082], [73.014725, 19.9180813], [73.0127755, 19.9189977], [73.0113759, 19.9197732], [73.0105188, 19.921559], [73.0076911, 19.9198808], [73.0041389, 19.9193159], [73.000781, 19.9203461], [72.9997736, 19.9210107], [72.9990844, 19.9219245], [72.9966216, 19.9240845], [72.9956726, 19.9244602], [72.993057, 19.9243771], [72.9919259, 19.9243273], [72.9891336, 19.9234301], [72.9887448, 19.9226658], [72.9880732, 19.9208547], [72.9868008, 19.9193261], [72.9860055, 19.9188774], [72.9849451, 19.9187279], [72.983708, 19.9184122], [72.9831778, 19.9179137], [72.9825769, 19.9169168], [72.9811454, 19.9160694], [72.9784945, 19.9148065], [72.9759319, 19.9138096], [72.9743943, 19.9135936], [72.9726977, 19.9135936], [72.9712662, 19.9145573], [72.9687213, 19.9150724], [72.9674842, 19.9150724], [72.9666006, 19.9147567], [72.9652398, 19.9142748], [72.9637552, 19.9130286], [72.9625535, 19.9118488], [72.9610159, 19.9102869], [72.9593017, 19.908027], [72.9579232, 19.906598], [72.9571809, 19.9059665], [72.9558731, 19.904687], [72.9549541, 19.902776], [72.9539644, 19.9015962], [72.9531691, 19.9007155], [72.9519497, 19.9000341], [72.9506066, 19.8993694], [72.949016, 19.8986881], [72.9461176, 19.8982727], [72.9428658, 19.8982394], [72.9390308, 19.8978074], [72.9379527, 19.897691], [72.9371221, 19.8973088], [72.9361854, 19.8968767], [72.9354078, 19.8960458], [72.9344712, 19.8955805], [72.9333578, 19.8952482], [72.9327746, 19.8937692], [72.9316612, 19.8911767], [72.9307812, 19.8894633], [72.9289901, 19.887062], [72.9271868, 19.885207], [72.9258797, 19.8843875], [72.9245121, 19.8839778], [72.922963, 19.8843079], [72.9217044, 19.8846948], [72.9206999, 19.885298], [72.9199737, 19.8858898], [72.91788, 19.8865727], [72.9168997, 19.886971], [72.9157782, 19.8871582], [72.9156047, 19.8871872], [72.9149391, 19.8870279], [72.9142735, 19.8866182], [72.9129785, 19.8858329], [72.9119135, 19.8845469], [72.9106306, 19.8821796], [72.9101465, 19.8806432], [72.9093478, 19.87831], [72.9087306, 19.8769329], [72.9078713, 19.8758061], [72.907012, 19.8750549], [72.9060801, 19.8745883], [72.9052329, 19.8742696], [72.9047488, 19.8742468], [72.9042163, 19.8744289], [72.9036717, 19.8744517], [72.9028972, 19.8741671], [72.9019411, 19.873507], [72.901578, 19.8729038], [72.901227, 19.8718225], [72.9003436, 19.8711168], [72.8986855, 19.8697852], [72.8971122, 19.8684079], [72.8955026, 19.8680096], [72.894256, 19.8671331], [72.8936993, 19.8664047], [72.8936025, 19.8659608], [72.8933725, 19.8652209], [72.8926827, 19.8635136], [72.8924842, 19.8632512], [72.8917871, 19.8623298], [72.8905043, 19.8604061], [72.8893787, 19.8583914], [72.888108, 19.8568889], [72.8872366, 19.855853], [72.8864015, 19.8545667], [72.8853607, 19.853474], [72.8847193, 19.8530528], [72.8836785, 19.8523926], [72.8826377, 19.8518803], [72.8809796, 19.8514819], [72.8800235, 19.850981], [72.8791522, 19.8502867], [72.8779057, 19.8495558], [72.8772401, 19.8492826], [72.8763203, 19.8491688], [72.8757757, 19.8486451], [72.8749648, 19.8478255], [72.8736578, 19.8466758], [72.8728953, 19.846414], [72.870971, 19.8461408], [72.8687926, 19.846266], [72.8670377, 19.8463798], [72.8657185, 19.8471425], [72.8639073, 19.8483117], [72.8626151, 19.8488671], [72.8618064, 19.8492494], [72.8613272, 19.8493702], [72.860557, 19.849342], [72.8600649, 19.8491528], [72.8592348, 19.8490603], [72.8583876, 19.84902], [72.8572922, 19.8489395], [72.8561498, 19.849012], [72.8554437, 19.8490563], [72.8548918, 19.849173], [72.8546907, 19.849664], [72.8549174, 19.8505132], [72.8549816, 19.8507547], [72.8548361, 19.8514268], [72.8546136, 19.8521029], [72.8545709, 19.8525094], [72.8544468, 19.8528756], [72.8541472, 19.8532781], [72.8533514, 19.8537006], [72.853069, 19.8538737], [72.852855, 19.8541514], [72.8526882, 19.8545377], [72.8522218, 19.8552742], [72.8517896, 19.8557733], [72.8515714, 19.8560671], [72.8513788, 19.8566426], [72.8510665, 19.8570571], [72.8505915, 19.8574595], [72.8497186, 19.8578298], [72.8493977, 19.8579545], [72.8491367, 19.8580028], [72.8487602, 19.8580833], [72.8484649, 19.8583368], [72.8483323, 19.8583046], [72.8478659, 19.8580109], [72.8474123, 19.8579304], [72.8471299, 19.8578177], [72.8469245, 19.857701], [72.8466336, 19.8574796], [72.8464881, 19.8571738], [72.8463854, 19.8569685], [72.8463597, 19.8567311], [72.8463426, 19.8565782], [72.84621, 19.8564936], [72.8460431, 19.8564977], [72.8456959, 19.8564448], [72.8455076, 19.8558894], [72.8450762, 19.8547298], [72.8447477, 19.8539413], [72.8445442, 19.8534527], [72.8442707, 19.8525952], [72.8436657, 19.8518781], [72.8427126, 19.8503112], [72.8414777, 19.8478323], [72.840707, 19.8465928], [72.8396627, 19.8455326], [72.8390743, 19.8449713], [72.8382869, 19.8440125], [72.8377399, 19.8420479], [72.8370521, 19.839756], [72.8369609, 19.8384931], [72.8368449, 19.8369806], [72.8367288, 19.8354838], [72.8360327, 19.8336049], [72.8356763, 19.8323186], [72.8352785, 19.8305878], [72.8347895, 19.8296912], [72.8339524, 19.8289194], [72.8332811, 19.8287946], [72.8328999, 19.8288024], [72.8323363, 19.8286699], [72.831607, 19.8282957], [72.8310434, 19.8280774], [72.8306871, 19.8276954], [72.8306456, 19.8273445], [72.8304716, 19.8267988], [72.8301318, 19.8260035], [72.8301898, 19.8256527], [72.8300986, 19.8252161], [72.8299992, 19.8247249], [72.8300075, 19.8240934], [72.8301318, 19.8226822], [72.830281, 19.819774], [72.8304633, 19.8188228], [72.8310269, 19.817622], [72.8313004, 19.81724], [72.831781, 19.8166942], [72.8322161, 19.816598], [72.8326615, 19.8167523], [72.8331889, 19.817039], [72.833482, 19.8172375], [72.8341032, 19.817458], [72.8346423, 19.8174911], [72.835451, 19.8172044], [72.8361543, 19.8165759], [72.8366817, 19.8157489], [72.837467, 19.8128489], [72.8380882, 19.8105553], [72.8381468, 19.8092982], [72.837971, 19.8082947], [72.8372795, 19.806784], [72.8368458, 19.8055489], [72.836377, 19.8040382], [72.836459, 19.8033104], [72.8365645, 19.8026928], [72.8363535, 19.8016011], [72.8365293, 19.7999028], [72.8365879, 19.7994727], [72.8364238, 19.7988221], [72.8364238, 19.7982817], [72.8367989, 19.797223], [72.8377248, 19.7958887], [72.8397056, 19.7930324], [72.8403854, 19.7915105], [72.8405378, 19.789779], [72.8403503, 19.7891173], [72.8400924, 19.788235], [72.839858, 19.7865146], [72.8399973, 19.7848654], [72.8401262, 19.7837184], [72.8401379, 19.7832993], [72.8406185, 19.7821302], [72.8412983, 19.7812479], [72.8430681, 19.7799023], [72.8448027, 19.7787663], [72.845588, 19.7777627], [72.8459279, 19.7773436], [72.8461389, 19.7760421], [72.8459982, 19.7749943], [72.8455763, 19.772656], [72.8453653, 19.7714759], [72.8451075, 19.7704391], [72.8449317, 19.7692368], [72.8449668, 19.7684427], [72.8454825, 19.7675492], [72.8459045, 19.76638], [72.8464202, 19.7650454], [72.8470179, 19.7635012], [72.8472289, 19.762729], [72.8471586, 19.7621444], [72.8467601, 19.7610304], [72.8458342, 19.758372], [72.845799, 19.7574785], [72.8460686, 19.7562541], [72.8465022, 19.7554158], [72.846807, 19.754787], [72.8478032, 19.754412], [72.8483307, 19.7545333], [72.8490925, 19.7545774], [72.8495496, 19.7544451], [72.8499598, 19.753717], [72.8503115, 19.7525477], [72.8504404, 19.7509262], [72.8502411, 19.748753], [72.8498426, 19.7453333], [72.8493855, 19.7433696], [72.8481783, 19.7410199], [72.8477329, 19.7403249], [72.8475688, 19.73899], [72.8479908, 19.7368498], [72.8487995, 19.7340256], [72.849198, 19.7307048], [72.8491394, 19.7288513], [72.8489167, 19.7259607], [72.8481666, 19.7237431], [72.8472406, 19.722375], [72.8459748, 19.7214593], [72.8449434, 19.7205545], [72.8442519, 19.7196388], [72.844205, 19.719043], [72.8444746, 19.7184692], [72.8450606, 19.7178293], [72.8456701, 19.717388], [72.8464905, 19.7168363], [72.8477095, 19.7159867], [72.8485416, 19.7149275], [72.8489636, 19.7135372], [72.8491863, 19.7122132], [72.8492214, 19.7095209], [72.8492918, 19.706652], [72.8486823, 19.7036728], [72.8484713, 19.7013997], [72.8490222, 19.6991265], [72.8493621, 19.6980782], [72.8499598, 19.6972617], [72.8502763, 19.6971623], [72.8505386, 19.6971543], [72.8513663, 19.6971292], [72.8525735, 19.6969306], [72.85398, 19.6965003], [72.8548122, 19.6958602], [72.8557498, 19.6945691], [72.856793, 19.6927594], [72.8585862, 19.6908503], [72.8592426, 19.6897136], [72.8595473, 19.6888419], [72.8591957, 19.6875728], [72.8587738, 19.6867892], [72.8577541, 19.685156], [72.8570508, 19.6834565], [72.8566289, 19.6821211], [72.8564062, 19.6807527], [72.8570157, 19.6781261], [72.8572501, 19.6765921], [72.8575079, 19.6758306], [72.8575197, 19.674142], [72.857086, 19.6731046], [72.8560188, 19.6719645], [72.8542286, 19.6708251], [72.8531678, 19.6697638], [72.851792, 19.668796], [72.8513279, 19.6679376], [72.8510461, 19.6670011], [72.8516097, 19.6651905], [72.8531346, 19.6625369], [72.8549248, 19.6607107], [72.8575272, 19.6581664], [72.8581902, 19.6572922], [72.8584222, 19.6565898], [72.8586211, 19.6553098], [72.8586709, 19.6543888], [72.8583228, 19.6534991], [72.8577261, 19.6521098], [72.857494, 19.6508766], [72.8573448, 19.6493936], [72.8573614, 19.6483789], [72.8574277, 19.6468491], [72.8576481, 19.6454875]]]}, "properties": {"river_id": "surya", "name": "Surya River", "name_mr": "सूर्या नदी", "waterway": "river", "length_km": 56.1, "osm_ids": [244366342]}}, {"type": "Feature", "geometry": {"type": "MultiLineString", "coordinates": [[[73.2594587, 19.5542883], [73.2576377, 19.5536752], [73.2568642, 19.5534608], [73.2564436, 19.5533976], [73.256042, 19.5533223], [73.2557282, 19.5531757], [73.2554841, 19.552971], [73.2552829, 19.5527511], [73.2549047, 19.5523315], [73.2547143, 19.5519625], [73.2545534, 19.5515733], [73.254202, 19.5512295], [73.253856, 19.5509565], [73.2536211, 19.5508304], [73.2523137, 19.5503474], [73.2517451, 19.5500618], [73.2512033, 19.5496801], [73.2507902, 19.5492883], [73.2503262, 19.5490179], [73.2498246, 19.5488384], [73.2494116, 19.54875], [73.2491299, 19.5487272], [73.24891, 19.5487323], [73.2486579, 19.5487601], [73.2483843, 19.5488182], [73.2480115, 19.5488915], [73.2477003, 19.5489117], [73.2473704, 19.5488814], [73.2467455, 19.5487828], [73.2463995, 19.5487121], [73.2460079, 19.5487019], [73.2456672, 19.5487424], [73.2452461, 19.5488334], [73.2448009, 19.5489623], [73.24453, 19.5490457], [73.2436314, 19.5495259], [73.2428455, 19.5499885], [73.2424352, 19.5501679], [73.2419926, 19.5502943], [73.2415339, 19.5503196], [73.2409948, 19.5503221], [73.2402304, 19.5502867], [73.2398361, 19.5502185], [73.2391843, 19.5500188], [73.2384628, 19.5498166], [73.2377735, 19.5496523], [73.2367408, 19.5493591], [73.2361105, 19.5491038], [73.2355151, 19.5488106], [73.2353193, 19.5487955], [73.2350457, 19.5488233], [73.234705, 19.5488865], [73.2343456, 19.5489421], [73.2341176, 19.5489547], [73.2339191, 19.548937], [73.2336161, 19.5488763], [73.2333344, 19.5488157], [73.2331628, 19.5488106], [73.2328704, 19.5488258], [73.2326236, 19.5488157], [73.231481, 19.5487677], [73.2308641, 19.5487525], [73.2304671, 19.5487955], [73.2301909, 19.5488915], [73.2300138, 19.5490128], [73.2299173, 19.5491342], [73.2298368, 19.5492555], [73.2297832, 19.5493844], [73.2296357, 19.5495689], [73.2294452, 19.5497509], [73.2292467, 19.5499935], [73.2290643, 19.5502008], [73.2288149, 19.5503954], [73.2286674, 19.5504713], [73.2284796, 19.5505597], [73.228249, 19.5506558], [73.2279915, 19.5508226], [73.2277232, 19.5510678], [73.2273316, 19.5515632], [73.227168, 19.5517098], [73.2269347, 19.5519019], [73.2268327, 19.5521015], [73.2265806, 19.5525262], [73.226468, 19.5526854], [73.2263553, 19.5527789], [73.2262239, 19.5528193], [73.2260549, 19.5528421], [73.2257813, 19.5528648], [73.2256687, 19.5528901], [73.2255185, 19.5529381], [73.2254165, 19.5529811], [73.2252717, 19.5530443], [73.2250276, 19.5531353], [73.2247433, 19.5531833], [73.2244188, 19.5532035], [73.2240674, 19.5531985], [73.2236409, 19.5531783], [73.2228684, 19.5530392], [73.2222596, 19.5529331], [73.2218921, 19.552832], [73.2216051, 19.552698], [73.2211411, 19.5524529], [73.2200763, 19.5519802], [73.2192367, 19.5517072], [73.2186118, 19.5514292], [73.2182121, 19.5511284], [73.2180753, 19.5508554], [73.2179841, 19.5506254], [73.218019, 19.5502893], [73.21807, 19.5498849], [73.2180727, 19.5497357], [73.2180405, 19.549483], [73.2179815, 19.5493642], [73.2179412, 19.5492858], [73.2178313, 19.5491923], [73.2176757, 19.5491569], [73.217563, 19.5491519], [73.2174557, 19.5491948], [73.2173243, 19.5492909], [73.2171902, 19.5494097], [73.2169193, 19.5495639], [73.216694, 19.5496624], [73.2162353, 19.5498267], [73.2158706, 19.5499455], [73.2137237, 19.5506939], [73.2122341, 19.5508586], [73.2102668, 19.5504837], [73.2090311, 19.5503084], [73.2087035, 19.5502191], [73.207176, 19.5516691], [73.2051232, 19.5539775], [73.2039073, 19.5546372], [73.2026453, 19.554596], [73.20066, 19.5543137], [73.1984289, 19.5533003], [73.1982885, 19.5532366], [73.197427, 19.552234], [73.1970015, 19.55072], [73.1962398, 19.5496547], [73.1954606, 19.5488766], [73.1941387, 19.5480281], [73.1920139, 19.5472261], [73.1909036, 19.5467867], [73.1902964, 19.5461712], [73.189397, 19.5448121], [73.188147, 19.5428098], [73.1868118, 19.5411175], [73.185675, 19.5398941], [73.1843942, 19.5390077], [73.1832643, 19.5387251], [73.1823446, 19.5386125], [73.180268, 19.5382405], [73.1792752, 19.5376253], [73.178802, 19.5369132], [73.1785135, 19.5358467], [73.1789553, 19.5353835], [73.1778134, 19.5344286], [73.1768245, 19.5323389], [73.1758277, 19.531067], [73.1743192, 19.5299073], [73.1736232, 19.5291321], [73.1734876, 19.528489], [73.1732533, 19.5274056], [73.1730165, 19.5266284], [73.172542, 19.5262331], [73.1710418, 19.5254531], [73.1694416, 19.5244207], [73.1685598, 19.5233736], [73.1678244, 19.5224574], [73.1663179, 19.522284], [73.1650854, 19.5218231], [73.164173, 19.5209859], [73.1638345, 19.5208795], [73.1629182, 19.5201138], [73.1617371, 19.5199686], [73.1601328, 19.5198201], [73.1579842, 19.5201915], [73.1566347, 19.520418], [73.1556403, 19.5201926], [73.1549511, 19.5200364], [73.1525966, 19.5200267], [73.1509417, 19.5198909], [73.1485241, 19.5196836], [73.1458589, 19.519357], [73.1425, 19.5191449], [73.14057, 19.5189753], [73.1396666, 19.5184124], [73.1386898, 19.5176164], [73.1367745, 19.5174866], [73.1346425, 19.5165756], [73.1331211, 19.5151113], [73.131104, 19.5131909], [73.1298938, 19.5113534], [73.1299646, 19.5100509], [73.1312265, 19.5084426], [73.1315225, 19.5067828], [73.1318801, 19.505442], [73.1328175, 19.5035883], [73.133339, 19.502282], [73.1333151, 19.5015273], [73.1330066, 19.5008493], [73.1321721, 19.5002466], [73.1305109, 19.4997911], [73.1285887, 19.4995712], [73.126501, 19.4995093], [73.1246949, 19.4991313], [73.1227522, 19.4984685], [73.1208813, 19.4975043], [73.1196797, 19.4968355], [73.118909, 19.4964218], [73.1180709, 19.4961031], [73.117483, 19.4958266], [73.1161869, 19.4960221], [73.1140409, 19.496359], [73.1126641, 19.4962953], [73.1107913, 19.4956791], [73.1095972, 19.4948376], [73.1083451, 19.4942148], [73.1076238, 19.4941786], [73.106679, 19.4946884], [73.1049483, 19.4959636], [73.1038928, 19.4964997], [73.1028434, 19.496443], [73.100807, 19.4960556], [73.0998915, 19.4957142], [73.0994522, 19.4950644], [73.0990929, 19.4939751], [73.0985659, 19.4929344], [73.0976164, 19.4922456], [73.0969878, 19.4912736], [73.0958784, 19.4906891], [73.0937933, 19.4901197], [73.0927083, 19.4897889], [73.090823, 19.4893239], [73.0890954, 19.4888727], [73.0879238, 19.4885712], [73.0866537, 19.4877659], [73.0858694, 19.4866623], [73.0853428, 19.4857641], [73.0847238, 19.4850209], [73.0834877, 19.4846723], [73.0822049, 19.4845752], [73.0811278, 19.4842901], [73.0808431, 19.4842148], [73.0801547, 19.4833821], [73.0796085, 19.4825094], [73.0792631, 19.4819507], [73.0790875, 19.4816171], [73.0787371, 19.4808929], [73.0781995, 19.4802711], [73.0777319, 19.4799871], [73.077134, 19.4798856], [73.0762187, 19.4802207], [73.0751694, 19.4808213], [73.0744692, 19.4808414], [73.0740605, 19.4805061], [73.0734368, 19.4798569], [73.0715238, 19.4793614], [73.068195, 19.4797001], [73.0651369, 19.4798669], [73.0627114, 19.4800858], [73.0614895, 19.4800856], [73.0597122, 19.4796303], [73.0577222, 19.4790219], [73.0567608, 19.4791995], [73.055784, 19.4796003], [73.0550089, 19.4801239], [73.0532923, 19.4819041], [73.0529868, 19.4825212], [73.0520907, 19.4843316], [73.0510607, 19.486759], [73.049741, 19.4890347], [73.0491081, 19.4915531], [73.0485526, 19.4929053], [73.047877, 19.493322], [73.0470914, 19.4932769], [73.046309, 19.4927957], [73.0451592, 19.4927015], [73.0443403, 19.4928299], [73.0423697, 19.4938092], [73.0409327, 19.4948502], [73.0399027, 19.4963066], [73.0389362, 19.4972072], [73.0378315, 19.4972997], [73.0366135, 19.4972087], [73.0359545, 19.4966303], [73.0359077, 19.4965773], [73.034582, 19.495861], [73.0338851, 19.4951156], [73.0327087, 19.4935142], [73.0319403, 19.4920119], [73.030284, 19.4910262], [73.0281959, 19.490719], [73.0273714, 19.4911283], [73.0265904, 19.4930657]], [[73.0265904, 19.4930657], [73.0263703, 19.4932998], [73.0259782, 19.493467], [73.0256671, 19.4935428], [73.0243689, 19.493912], [73.0233711, 19.4943975], [73.02306, 19.4946098], [73.0226523, 19.4951813], [73.0224055, 19.4959297], [73.0222124, 19.4968753], [73.0219388, 19.4977906], [73.0211073, 19.5002128], [73.0207559, 19.5011938], [73.0202919, 19.5024352], [73.019903, 19.5033858], [73.0196401, 19.5039218], [73.0193505, 19.5045792], [73.0189481, 19.5056588], [73.0187228, 19.5060936], [73.01835, 19.506756], [73.0178833, 19.5071277], [73.017422, 19.5073047], [73.0169204, 19.5074513], [73.0164161, 19.5074513], [73.0160567, 19.5074007], [73.015708, 19.5072566], [73.0155417, 19.5070898], [73.0154157, 19.5067813], [73.0153272, 19.5061948], [73.0152065, 19.5057144], [73.0149409, 19.5052138], [73.0145118, 19.5047739], [73.0140477, 19.5044856], [73.0135297, 19.5041521], [73.0129105, 19.5036816], [73.0118, 19.502822], [73.0111563, 19.5024478], [73.0104589, 19.5021394], [73.0101974, 19.5020844], [73.0097616, 19.5019927], [73.0094612, 19.5019472], [73.0088925, 19.5019169], [73.0084366, 19.5019927], [73.0079806, 19.5023012], [73.0075782, 19.5026653], [73.0070043, 19.5030293], [73.006162, 19.5033378], [73.0054808, 19.5034844], [73.0047136, 19.5035502], [73.0040431, 19.5033327], [73.0037105, 19.5032114], [73.0035013, 19.5030142], [73.0033404, 19.5027563], [73.0032116, 19.5022456], [73.0031043, 19.500592], [73.00304, 19.4999852], [73.0029005, 19.4993734], [73.002761, 19.498898], [73.0025089, 19.4983974], [73.0013502, 19.4969714], [73.0006367, 19.4962382], [73.0002505, 19.4958387], [72.9996067, 19.4952268], [72.9989952, 19.4947261], [72.9983514, 19.4942053], [72.9976058, 19.4936945], [72.9965973, 19.4932596], [72.995857, 19.4929411], [72.9926383, 19.4916262], [72.9909378, 19.490721], [72.9900795, 19.4904783], [72.9896825, 19.4904075], [72.9892158, 19.4904126], [72.9887491, 19.4905744], [72.9881215, 19.4906401], [72.9872252, 19.490632], [72.9862118, 19.4904834], [72.9856163, 19.4903519], [72.9848278, 19.4901496], [72.9842216, 19.4897653], [72.9836798, 19.4892646], [72.9830199, 19.4884656], [72.9827142, 19.4877677], [72.982403, 19.4868726], [72.9821724, 19.4861545], [72.9819256, 19.4857803], [72.9814647, 19.4853886], [72.9809902, 19.4850983], [72.9798244, 19.4845128], [72.9777008, 19.4845775], [72.9748143, 19.4851995], [72.9739428, 19.4849181], [72.9731494, 19.4840857], [72.9728809, 19.4807948], [72.9721415, 19.4792519], [72.9711624, 19.4785671], [72.9694915, 19.4776807], [72.969169, 19.4775672], [72.968654, 19.4776481], [72.9681498, 19.4775976], [72.9677957, 19.4775015], [72.9675436, 19.4773953], [72.967152, 19.4770564], [72.9670393, 19.476753], [72.9670125, 19.4763737], [72.9670608, 19.4753925], [72.9669481, 19.4746187], [72.9667926, 19.4736831], [72.9664814, 19.4729649], [72.9660684, 19.4721911], [72.9653549, 19.4712706], [72.9648024, 19.4708609], [72.9639387, 19.4703906], [72.9621953, 19.4696522], [72.9588103, 19.4683018], [72.9573834, 19.4677151], [72.956686, 19.4674369], [72.9562193, 19.4673155], [72.9558116, 19.4673256], [72.955023, 19.4673914], [72.954154, 19.4675279], [72.9520726, 19.4678921], [72.9513967, 19.4679224], [72.9496264, 19.4677707], [72.9488379, 19.4676594], [72.9479849, 19.4675583], [72.9474378, 19.4675684], [72.947073, 19.467624], [72.9465526, 19.467796], [72.9454207, 19.4678213], [72.9437792, 19.4678668], [72.9425615, 19.4678112], [72.9410648, 19.4678061], [72.9396379, 19.4678617], [72.9388332, 19.4679325], [72.938168, 19.4681096], [72.9378462, 19.4682765], [72.9376799, 19.4685091], [72.9375619, 19.4688884], [72.9375029, 19.4692475], [72.9375243, 19.4695308], [72.9376584, 19.4697837], [72.9378891, 19.4700467], [72.9381466, 19.4703653], [72.9389673, 19.4712453], [72.9395682, 19.4718371], [72.9398954, 19.4720748], [72.9401368, 19.4723833], [72.9404533, 19.4730357], [72.9405767, 19.4733189], [72.9406303, 19.4737539], [72.9405767, 19.4741686], [72.9404479, 19.4745429], [72.9403084, 19.4748463], [72.9401529, 19.4752307], [72.9400402, 19.4757162], [72.9399973, 19.4762472], [72.93989, 19.4768288], [72.939418, 19.4776785], [72.9390264, 19.4780325], [72.9387206, 19.4781994], [72.9383665, 19.4783511], [72.9380768, 19.4784017], [72.9378086, 19.4783865], [72.9376155, 19.4782753], [72.9374546, 19.4780881], [72.9373258, 19.4776785], [72.9371059, 19.4771171], [72.9367948, 19.476667], [72.9363549, 19.475873], [72.9360223, 19.475347], [72.9354697, 19.4748969], [72.9349923, 19.4747755], [72.9338872, 19.4747097], [72.932691, 19.474735], [72.9316878, 19.474998], [72.9310924, 19.475256], [72.9306525, 19.475615], [72.9291075, 19.4772385], [72.9280347, 19.4782348], [72.9274768, 19.4787658], [72.9262161, 19.4796964], [72.9253632, 19.4801465], [72.9247785, 19.4803336], [72.9241884, 19.4803943], [72.9234803, 19.4802881], [72.9221821, 19.480106], [72.919811, 19.4800049], [72.9182392, 19.4800706], [72.9173112, 19.4802527], [72.916823, 19.4804449], [72.9161096, 19.4809051], [72.9155624, 19.4813805], [72.91538, 19.4816789], [72.9151869, 19.4821441], [72.9150152, 19.4828774], [72.9149401, 19.4838686], [72.9147524, 19.4849559], [72.9145914, 19.4854617], [72.9142159, 19.4863214], [72.9138136, 19.4869788], [72.913422, 19.4875705], [72.913143, 19.4881419], [72.9123223, 19.4895883], [72.9115874, 19.4904379], [72.9113663, 19.4906816], [72.911303, 19.4907514], [72.9104823, 19.4914037], [72.9092056, 19.4921673], [72.9090029, 19.4922445], [72.9047146, 19.4938768], [72.9042596, 19.4941547], [72.9039162, 19.4944784], [72.9034871, 19.4950144], [72.9030687, 19.4956212], [72.9026985, 19.4962432], [72.9022211, 19.4970877], [72.9018617, 19.4978007], [72.9017544, 19.4983671], [72.901749, 19.4998082], [72.9017007, 19.5005364], [72.9015505, 19.5012241], [72.9013306, 19.5019826], [72.9011804, 19.5026046], [72.9011643, 19.5037474], [72.9011321, 19.5044047], [72.900939, 19.5048447], [72.900719, 19.5051329], [72.9004079, 19.5054161], [72.9000539, 19.5056082], [72.8996354, 19.5057346], [72.8984231, 19.5057902], [72.8969908, 19.5057548], [72.8959823, 19.5059065], [72.8948343, 19.5061695], [72.8935254, 19.5066954], [72.8921628, 19.5074336], [72.8911221, 19.5081213], [72.8903174, 19.5085258], [72.8895879, 19.508718], [72.8873777, 19.509436], [72.8864443, 19.5098101], [72.8851461, 19.5107911], [72.8842342, 19.5116608], [72.8832257, 19.5128035], [72.8824103, 19.5142294], [72.8819275, 19.5153013], [72.881434, 19.5171114], [72.8805005, 19.519589], [72.8796745, 19.5222586], [72.8780222, 19.523654], [72.8748464, 19.5241596], [72.8675937, 19.523472], [72.8573799, 19.5238765], [72.8556433, 19.5240704], [72.8483247, 19.5248877], [72.8394842, 19.5221777]]]}, "properties": {"river_id": "tansa", "name": "Tansa River", "name_mr": "तानसा नदी", "waterway": "river", "length_km": 60.1, "osm_ids": [204352214, 801753317]}}]}